<?xml version="1.0" encoding="UTF-8"?>
<gpx creator="StravaGPX" version="1.1" xmlns="http://www.topografix.com/GPX/1/1" xmlns:xsi="http://www.w3.org/2001/XMLSchema-instance" xsi:schemaLocation="http://www.topografix.com/GPX/1/1 http://www.topografix.com/GPX/1/1/gpx.xsd">
 <metadata>
  <name>Mogollon Monster 100 Mile</name>
  <author>
   <name>Bryce Brooks</name>
   <link href="https://www.strava.com/athletes/24436525"/>
  </author>
  <copyright author="OpenStreetMap contributors">
   <year>2020</year>
   <license>https://www.openstreetmap.org/copyright</license>
  </copyright>
  <link href="https://www.strava.com/routes/3390090514574976266"/>
 </metadata>
 <wpt lat="34.336143493652344" lon="-111.01403045654297">
  <name>See Canyon Aid</name>
  <desc></desc>
  <sym>Aid Station</sym>
  <type>Aid Station</type>
 </wpt>
 <wpt lat="34.37004" lon="-111.05998">
  <name>Horton Spring (Natural Water Source)</name>
  <desc></desc>
  <sym>Water Source</sym>
  <type>Water Source</type>
 </wpt>
 <wpt lat="34.38131" lon="-111.06096">
  <name>Horton Aid</name>
  <desc></desc>
  <sym>Aid Station</sym>
  <type>Aid Station</type>
 </wpt>
 <wpt lat="34.38032" lon="-111.06384">
  <name>Black Mesa Crew Zone</name>
  <desc></desc>
  <sym>Meeting Spot</sym>
  <type>Meeting Spot</type>
 </wpt>
 <wpt lat="34.37769" lon="-111.0997">
  <name>Fish hatchery Aid</name>
  <desc></desc>
  <sym>Aid Station</sym>
  <type>Aid Station</type>
 </wpt>
 <wpt lat="34.40663" lon="-111.17664">
  <name>Myrtle Aid</name>
  <desc></desc>
  <sym>Aid Station</sym>
  <type>Aid Station</type>
 </wpt>
 <wpt lat="34.443477630615234" lon="-111.15020751953125">
  <name>Buck Springs Aid</name>
  <desc></desc>
  <sym>Aid Station</sym>
  <type>Aid Station</type>
 </wpt>
 <wpt lat="34.50952" lon="-111.1965">
  <name>Pinchot Cabin</name>
  <desc></desc>
  <sym>Aid Station</sym>
  <type>Aid Station</type>
 </wpt>
 <wpt lat="34.45842" lon="-111.25156">
  <name>General Springs Crew Zone</name>
  <desc></desc>
  <sym>Meeting Spot</sym>
  <type>Meeting Spot</type>
 </wpt>
 <wpt lat="34.43015" lon="-111.26079">
  <name>Washington Park</name>
  <desc></desc>
  <sym>Aid Station</sym>
  <type>Aid Station</type>
 </wpt>
 <wpt lat="34.40077" lon="-111.36551">
  <name>Geronimo Aid</name>
  <desc></desc>
  <sym>Aid Station</sym>
  <type>Aid Station</type>
 </wpt>
 <wpt lat="34.39875" lon="-111.40862">
  <name>Donahue Aid</name>
  <desc></desc>
  <sym>Aid Station</sym>
  <type>Aid Station</type>
 </wpt>
 <wpt lat="34.417724609375" lon="-111.4073715209961">
  <name>Dickerson Flat Crew Zone</name>
  <desc></desc>
  <sym>Meeting Spot</sym>
  <type>Meeting Spot</type>
 </wpt>
 <wpt lat="34.44991" lon="-111.41778">
  <name>Pine Canyon Aid</name>
  <desc></desc>
  <sym>Aid Station</sym>
  <type>Aid Station</type>
 </wpt>
 <wpt lat="34.37437" lon="-111.44336">
  <name>Pine TH Water</name>
  <desc></desc>
  <sym>Water Source</sym>
  <type>Water Source</type>
 </wpt>
 <trk>
  <name>Mogollon Monster 100 Mile</name>
  <link href="https://www.strava.com/routes/3390090514574976266"/>
  <type>trail_running</type>
  <trkseg>
   <trkpt lat="34.30691" lon="-110.95165000000001">
    <ele>2027.3700000000003</ele>
   </trkpt>
   <trkpt lat="34.30689" lon="-110.95166">
    <ele>2027.4</ele>
   </trkpt>
   <trkpt lat="34.306810000000006" lon="-110.95187000000001">
    <ele>2027.32</ele>
   </trkpt>
   <trkpt lat="34.30684" lon="-110.95193">
    <ele>2027.42</ele>
   </trkpt>
   <trkpt lat="34.306920000000005" lon="-110.95194000000001">
    <ele>2027.79</ele>
   </trkpt>
   <trkpt lat="34.307030000000005" lon="-110.95189">
    <ele>2028.9300000000003</ele>
   </trkpt>
   <trkpt lat="34.30718" lon="-110.95188">
    <ele>2029.8800000000003</ele>
   </trkpt>
   <trkpt lat="34.3076" lon="-110.95216">
    <ele>2036.9399999999998</ele>
   </trkpt>
   <trkpt lat="34.30772" lon="-110.9522">
    <ele>2038.2600000000002</ele>
   </trkpt>
   <trkpt lat="34.30782" lon="-110.95215">
    <ele>2039.3799999999999</ele>
   </trkpt>
   <trkpt lat="34.30798" lon="-110.95193">
    <ele>2041.5700000000002</ele>
   </trkpt>
   <trkpt lat="34.30828" lon="-110.95171">
    <ele>2044.53</ele>
   </trkpt>
   <trkpt lat="34.308370000000004" lon="-110.95152">
    <ele>2045.2400000000002</ele>
   </trkpt>
   <trkpt lat="34.308370000000004" lon="-110.95144">
    <ele>2045.4099999999999</ele>
   </trkpt>
   <trkpt lat="34.308400000000006" lon="-110.95139">
    <ele>2045.4099999999999</ele>
   </trkpt>
   <trkpt lat="34.308440000000004" lon="-110.95135">
    <ele>2045.6700000000003</ele>
   </trkpt>
   <trkpt lat="34.30852" lon="-110.95134000000002">
    <ele>2045.7300000000002</ele>
   </trkpt>
   <trkpt lat="34.308710000000005" lon="-110.95108">
    <ele>2045.7900000000002</ele>
   </trkpt>
   <trkpt lat="34.30888" lon="-110.95094">
    <ele>2045.5300000000002</ele>
   </trkpt>
   <trkpt lat="34.30894" lon="-110.95094">
    <ele>2045.63</ele>
   </trkpt>
   <trkpt lat="34.30913" lon="-110.95081">
    <ele>2047.39</ele>
   </trkpt>
   <trkpt lat="34.3093" lon="-110.95076">
    <ele>2050.4500000000003</ele>
   </trkpt>
   <trkpt lat="34.30939" lon="-110.95076">
    <ele>2051.0200000000004</ele>
   </trkpt>
   <trkpt lat="34.309580000000004" lon="-110.95087000000001">
    <ele>2052.7999999999997</ele>
   </trkpt>
   <trkpt lat="34.309650000000005" lon="-110.9509">
    <ele>2053.08</ele>
   </trkpt>
   <trkpt lat="34.3097" lon="-110.95086">
    <ele>2053.86</ele>
   </trkpt>
   <trkpt lat="34.30975" lon="-110.95076">
    <ele>2054.9300000000003</ele>
   </trkpt>
   <trkpt lat="34.3098" lon="-110.95073000000001">
    <ele>2054.9300000000003</ele>
   </trkpt>
   <trkpt lat="34.309920000000005" lon="-110.95076">
    <ele>2057.2000000000003</ele>
   </trkpt>
   <trkpt lat="34.309990000000006" lon="-110.95076">
    <ele>2057.59</ele>
   </trkpt>
   <trkpt lat="34.31007" lon="-110.95069000000001">
    <ele>2058.4700000000003</ele>
   </trkpt>
   <trkpt lat="34.310100000000006" lon="-110.95063">
    <ele>2058.77</ele>
   </trkpt>
   <trkpt lat="34.3104" lon="-110.95055">
    <ele>2063.1400000000003</ele>
   </trkpt>
   <trkpt lat="34.310460000000006" lon="-110.95051000000001">
    <ele>2063.1400000000003</ele>
   </trkpt>
   <trkpt lat="34.310590000000005" lon="-110.95036">
    <ele>2065.63</ele>
   </trkpt>
   <trkpt lat="34.31069" lon="-110.95018">
    <ele>2067.65</ele>
   </trkpt>
   <trkpt lat="34.310860000000005" lon="-110.95005">
    <ele>2071.5099999999998</ele>
   </trkpt>
   <trkpt lat="34.31103" lon="-110.95">
    <ele>2073.57</ele>
   </trkpt>
   <trkpt lat="34.31123" lon="-110.94987">
    <ele>2077.35</ele>
   </trkpt>
   <trkpt lat="34.3113" lon="-110.94978">
    <ele>2077.9300000000003</ele>
   </trkpt>
   <trkpt lat="34.31141" lon="-110.94973">
    <ele>2080.03</ele>
   </trkpt>
   <trkpt lat="34.31145" lon="-110.94969">
    <ele>2080.7200000000003</ele>
   </trkpt>
   <trkpt lat="34.31154" lon="-110.94942">
    <ele>2083.5000000000005</ele>
   </trkpt>
   <trkpt lat="34.31167" lon="-110.94919000000002">
    <ele>2085.4700000000003</ele>
   </trkpt>
   <trkpt lat="34.312020000000004" lon="-110.94906">
    <ele>2090.17</ele>
   </trkpt>
   <trkpt lat="34.3125" lon="-110.94902">
    <ele>2098.42</ele>
   </trkpt>
   <trkpt lat="34.31275" lon="-110.94893">
    <ele>2099.0200000000004</ele>
   </trkpt>
   <trkpt lat="34.31275" lon="-110.94884">
    <ele>2099.2200000000003</ele>
   </trkpt>
   <trkpt lat="34.312650000000005" lon="-110.9487">
    <ele>2098.8700000000003</ele>
   </trkpt>
   <trkpt lat="34.312340000000006" lon="-110.94852">
    <ele>2097.89</ele>
   </trkpt>
   <trkpt lat="34.3123" lon="-110.94848">
    <ele>2098.02</ele>
   </trkpt>
   <trkpt lat="34.31228" lon="-110.94835">
    <ele>2098.52</ele>
   </trkpt>
   <trkpt lat="34.31226" lon="-110.94831">
    <ele>2098.64</ele>
   </trkpt>
   <trkpt lat="34.31212" lon="-110.9483">
    <ele>2098.22</ele>
   </trkpt>
   <trkpt lat="34.31204" lon="-110.94826">
    <ele>2097.5200000000004</ele>
   </trkpt>
   <trkpt lat="34.311800000000005" lon="-110.94826">
    <ele>2097.34</ele>
   </trkpt>
   <trkpt lat="34.31177" lon="-110.94822">
    <ele>2097.77</ele>
   </trkpt>
   <trkpt lat="34.31167" lon="-110.94821">
    <ele>2097.96</ele>
   </trkpt>
   <trkpt lat="34.31159" lon="-110.94808">
    <ele>2097.9900000000002</ele>
   </trkpt>
   <trkpt lat="34.31147" lon="-110.94799">
    <ele>2097.41</ele>
   </trkpt>
   <trkpt lat="34.31141" lon="-110.94803">
    <ele>2097.4700000000003</ele>
   </trkpt>
   <trkpt lat="34.311350000000004" lon="-110.94817">
    <ele>2099.2200000000003</ele>
   </trkpt>
   <trkpt lat="34.31125" lon="-110.94826">
    <ele>2100.63</ele>
   </trkpt>
   <trkpt lat="34.31118" lon="-110.94826">
    <ele>2100.78</ele>
   </trkpt>
   <trkpt lat="34.31107" lon="-110.94821">
    <ele>2100.8500000000004</ele>
   </trkpt>
   <trkpt lat="34.31087" lon="-110.94809000000001">
    <ele>2101.29</ele>
   </trkpt>
   <trkpt lat="34.31076" lon="-110.9479">
    <ele>2101.2400000000002</ele>
   </trkpt>
   <trkpt lat="34.31053" lon="-110.94785">
    <ele>2101.3300000000004</ele>
   </trkpt>
   <trkpt lat="34.310340000000004" lon="-110.94785">
    <ele>2101.68</ele>
   </trkpt>
   <trkpt lat="34.31025" lon="-110.94781">
    <ele>2101.8</ele>
   </trkpt>
   <trkpt lat="34.309990000000006" lon="-110.94763">
    <ele>2103.2900000000004</ele>
   </trkpt>
   <trkpt lat="34.309850000000004" lon="-110.94758">
    <ele>2104.5200000000004</ele>
   </trkpt>
   <trkpt lat="34.30971" lon="-110.94758">
    <ele>2106.26</ele>
   </trkpt>
   <trkpt lat="34.309630000000006" lon="-110.94763">
    <ele>2106.26</ele>
   </trkpt>
   <trkpt lat="34.30951" lon="-110.94767">
    <ele>2107.07</ele>
   </trkpt>
   <trkpt lat="34.30935" lon="-110.94768">
    <ele>2107.46</ele>
   </trkpt>
   <trkpt lat="34.309200000000004" lon="-110.94772">
    <ele>2107.46</ele>
   </trkpt>
   <trkpt lat="34.30894" lon="-110.94763">
    <ele>2107.2999999999997</ele>
   </trkpt>
   <trkpt lat="34.308690000000006" lon="-110.94696">
    <ele>2106.52</ele>
   </trkpt>
   <trkpt lat="34.30865" lon="-110.94652">
    <ele>2107.4</ele>
   </trkpt>
   <trkpt lat="34.308600000000006" lon="-110.94642">
    <ele>2107.4300000000003</ele>
   </trkpt>
   <trkpt lat="34.30859" lon="-110.94617000000001">
    <ele>2107.76</ele>
   </trkpt>
   <trkpt lat="34.308490000000006" lon="-110.94606">
    <ele>2107.81</ele>
   </trkpt>
   <trkpt lat="34.308460000000004" lon="-110.94598">
    <ele>2107.69</ele>
   </trkpt>
   <trkpt lat="34.30845" lon="-110.94584">
    <ele>2107.37</ele>
   </trkpt>
   <trkpt lat="34.30847" lon="-110.9457">
    <ele>2106.3500000000004</ele>
   </trkpt>
   <trkpt lat="34.30859" lon="-110.94566">
    <ele>2105.4000000000005</ele>
   </trkpt>
   <trkpt lat="34.308620000000005" lon="-110.94553">
    <ele>2103.84</ele>
   </trkpt>
   <trkpt lat="34.308550000000004" lon="-110.9454">
    <ele>2102.8700000000003</ele>
   </trkpt>
   <trkpt lat="34.30857" lon="-110.94535">
    <ele>2102.7400000000002</ele>
   </trkpt>
   <trkpt lat="34.30856" lon="-110.94526">
    <ele>2102.67</ele>
   </trkpt>
   <trkpt lat="34.308510000000005" lon="-110.94521">
    <ele>2102.61</ele>
   </trkpt>
   <trkpt lat="34.308420000000005" lon="-110.94495">
    <ele>2105.14</ele>
   </trkpt>
   <trkpt lat="34.30843" lon="-110.94486">
    <ele>2105.14</ele>
   </trkpt>
   <trkpt lat="34.308350000000004" lon="-110.94463">
    <ele>2106.9300000000003</ele>
   </trkpt>
   <trkpt lat="34.308370000000004" lon="-110.94445">
    <ele>2108.11</ele>
   </trkpt>
   <trkpt lat="34.30836" lon="-110.94442000000001">
    <ele>2108.28</ele>
   </trkpt>
   <trkpt lat="34.30832" lon="-110.94441">
    <ele>2108.25</ele>
   </trkpt>
   <trkpt lat="34.30827" lon="-110.94445">
    <ele>2108.0499999999997</ele>
   </trkpt>
   <trkpt lat="34.30805" lon="-110.94469000000001">
    <ele>2105.3100000000004</ele>
   </trkpt>
   <trkpt lat="34.308" lon="-110.94472">
    <ele>2104.9900000000002</ele>
   </trkpt>
   <trkpt lat="34.30794" lon="-110.94472">
    <ele>2104.7400000000002</ele>
   </trkpt>
   <trkpt lat="34.30781" lon="-110.94463">
    <ele>2104.3100000000004</ele>
   </trkpt>
   <trkpt lat="34.307500000000005" lon="-110.94454">
    <ele>2105.27</ele>
   </trkpt>
   <trkpt lat="34.30742" lon="-110.94449000000002">
    <ele>2105.27</ele>
   </trkpt>
   <trkpt lat="34.3072" lon="-110.94409">
    <ele>2105.2500000000005</ele>
   </trkpt>
   <trkpt lat="34.30718" lon="-110.94396">
    <ele>2105.35</ele>
   </trkpt>
   <trkpt lat="34.307210000000005" lon="-110.94387">
    <ele>2105.3900000000003</ele>
   </trkpt>
   <trkpt lat="34.30718" lon="-110.94375000000001">
    <ele>2105.1300000000006</ele>
   </trkpt>
   <trkpt lat="34.30711" lon="-110.94374">
    <ele>2105.1000000000004</ele>
   </trkpt>
   <trkpt lat="34.307010000000005" lon="-110.94369">
    <ele>2105.3700000000003</ele>
   </trkpt>
   <trkpt lat="34.30698" lon="-110.9436">
    <ele>2106.19</ele>
   </trkpt>
   <trkpt lat="34.30698" lon="-110.94347">
    <ele>2107.27</ele>
   </trkpt>
   <trkpt lat="34.30704" lon="-110.94329">
    <ele>2107.42</ele>
   </trkpt>
   <trkpt lat="34.30704" lon="-110.94325">
    <ele>2107.01</ele>
   </trkpt>
   <trkpt lat="34.307" lon="-110.9432">
    <ele>2106.57</ele>
   </trkpt>
   <trkpt lat="34.30688" lon="-110.94316">
    <ele>2105.65</ele>
   </trkpt>
   <trkpt lat="34.30673" lon="-110.9432">
    <ele>2103.81</ele>
   </trkpt>
   <trkpt lat="34.306630000000006" lon="-110.9432">
    <ele>2103.2200000000003</ele>
   </trkpt>
   <trkpt lat="34.306560000000005" lon="-110.94311">
    <ele>2103.01</ele>
   </trkpt>
   <trkpt lat="34.30642" lon="-110.94264000000001">
    <ele>2104.41</ele>
   </trkpt>
   <trkpt lat="34.30639" lon="-110.94221">
    <ele>2103.63</ele>
   </trkpt>
   <trkpt lat="34.306290000000004" lon="-110.94199">
    <ele>2103.5600000000004</ele>
   </trkpt>
   <trkpt lat="34.306140000000006" lon="-110.94137">
    <ele>2103.7000000000003</ele>
   </trkpt>
   <trkpt lat="34.30615" lon="-110.94114">
    <ele>2105.2500000000005</ele>
   </trkpt>
   <trkpt lat="34.3061" lon="-110.94091">
    <ele>2106.82</ele>
   </trkpt>
   <trkpt lat="34.3061" lon="-110.94065">
    <ele>2109.5200000000004</ele>
   </trkpt>
   <trkpt lat="34.306180000000005" lon="-110.94047">
    <ele>2112.4900000000002</ele>
   </trkpt>
   <trkpt lat="34.306400000000004" lon="-110.94008000000001">
    <ele>2117.77</ele>
   </trkpt>
   <trkpt lat="34.306650000000005" lon="-110.93976">
    <ele>2125.7300000000005</ele>
   </trkpt>
   <trkpt lat="34.30698" lon="-110.93944">
    <ele>2135.7000000000003</ele>
   </trkpt>
   <trkpt lat="34.30704" lon="-110.93926">
    <ele>2138.4100000000003</ele>
   </trkpt>
   <trkpt lat="34.30717" lon="-110.93899">
    <ele>2144.13</ele>
   </trkpt>
   <trkpt lat="34.30731" lon="-110.93876">
    <ele>2147.82</ele>
   </trkpt>
   <trkpt lat="34.30749" lon="-110.93814">
    <ele>2155.88</ele>
   </trkpt>
   <trkpt lat="34.30753" lon="-110.93809">
    <ele>2160.7400000000002</ele>
   </trkpt>
   <trkpt lat="34.30762" lon="-110.93783">
    <ele>2162.08</ele>
   </trkpt>
   <trkpt lat="34.30765" lon="-110.93782">
    <ele>2162.71</ele>
   </trkpt>
   <trkpt lat="34.30773" lon="-110.93734">
    <ele>2167.34</ele>
   </trkpt>
   <trkpt lat="34.307790000000004" lon="-110.93715">
    <ele>2170.23</ele>
   </trkpt>
   <trkpt lat="34.307860000000005" lon="-110.93699000000001">
    <ele>2171.8900000000003</ele>
   </trkpt>
   <trkpt lat="34.307880000000004" lon="-110.93690000000001">
    <ele>2175.2700000000004</ele>
   </trkpt>
   <trkpt lat="34.307990000000004" lon="-110.93666">
    <ele>2178.42</ele>
   </trkpt>
   <trkpt lat="34.308040000000005" lon="-110.93662">
    <ele>2179.8700000000003</ele>
   </trkpt>
   <trkpt lat="34.3081" lon="-110.93648">
    <ele>2181.88</ele>
   </trkpt>
   <trkpt lat="34.30825" lon="-110.93632000000001">
    <ele>2184.76</ele>
   </trkpt>
   <trkpt lat="34.308490000000006" lon="-110.93599">
    <ele>2189.81</ele>
   </trkpt>
   <trkpt lat="34.30856" lon="-110.93581">
    <ele>2192.69</ele>
   </trkpt>
   <trkpt lat="34.30877" lon="-110.93537">
    <ele>2195.53</ele>
   </trkpt>
   <trkpt lat="34.30886" lon="-110.93501">
    <ele>2201.73</ele>
   </trkpt>
   <trkpt lat="34.308960000000006" lon="-110.93473000000002">
    <ele>2203.52</ele>
   </trkpt>
   <trkpt lat="34.309020000000004" lon="-110.93443">
    <ele>2207.8</ele>
   </trkpt>
   <trkpt lat="34.30915" lon="-110.93407">
    <ele>2211.28</ele>
   </trkpt>
   <trkpt lat="34.30915" lon="-110.93393">
    <ele>2214.21</ele>
   </trkpt>
   <trkpt lat="34.30917" lon="-110.93384">
    <ele>2214.9100000000003</ele>
   </trkpt>
   <trkpt lat="34.30941" lon="-110.9333">
    <ele>2221.76</ele>
   </trkpt>
   <trkpt lat="34.30957" lon="-110.93312">
    <ele>2226.02</ele>
   </trkpt>
   <trkpt lat="34.30961" lon="-110.93296000000001">
    <ele>2227.52</ele>
   </trkpt>
   <trkpt lat="34.3096" lon="-110.93272">
    <ele>2230.1900000000005</ele>
   </trkpt>
   <trkpt lat="34.30962" lon="-110.93263">
    <ele>2231.9900000000002</ele>
   </trkpt>
   <trkpt lat="34.30957" lon="-110.93233000000001">
    <ele>2235.63</ele>
   </trkpt>
   <trkpt lat="34.309560000000005" lon="-110.93205">
    <ele>2237.87</ele>
   </trkpt>
   <trkpt lat="34.3096" lon="-110.93183">
    <ele>2239.19</ele>
   </trkpt>
   <trkpt lat="34.30957" lon="-110.93157000000001">
    <ele>2240.0299999999997</ele>
   </trkpt>
   <trkpt lat="34.309520000000006" lon="-110.93139000000001">
    <ele>2240.67</ele>
   </trkpt>
   <trkpt lat="34.309470000000005" lon="-110.93099000000001">
    <ele>2245.42</ele>
   </trkpt>
   <trkpt lat="34.309490000000004" lon="-110.93090000000001">
    <ele>2245.42</ele>
   </trkpt>
   <trkpt lat="34.3095" lon="-110.93071">
    <ele>2248.7400000000002</ele>
   </trkpt>
   <trkpt lat="34.30962" lon="-110.93026">
    <ele>2256.5099999999998</ele>
   </trkpt>
   <trkpt lat="34.30968" lon="-110.93012">
    <ele>2258.1900000000005</ele>
   </trkpt>
   <trkpt lat="34.30984" lon="-110.9299">
    <ele>2264.63</ele>
   </trkpt>
   <trkpt lat="34.309920000000005" lon="-110.92973">
    <ele>2266.2200000000003</ele>
   </trkpt>
   <trkpt lat="34.30989" lon="-110.92927">
    <ele>2275.0000000000005</ele>
   </trkpt>
   <trkpt lat="34.309900000000006" lon="-110.92905">
    <ele>2278.13</ele>
   </trkpt>
   <trkpt lat="34.309870000000004" lon="-110.92887">
    <ele>2281.0200000000004</ele>
   </trkpt>
   <trkpt lat="34.309870000000004" lon="-110.92866000000001">
    <ele>2282.6000000000004</ele>
   </trkpt>
   <trkpt lat="34.309920000000005" lon="-110.92833">
    <ele>2288.4300000000003</ele>
   </trkpt>
   <trkpt lat="34.309870000000004" lon="-110.92793">
    <ele>2296.53</ele>
   </trkpt>
   <trkpt lat="34.309760000000004" lon="-110.92762">
    <ele>2300.2200000000003</ele>
   </trkpt>
   <trkpt lat="34.309720000000006" lon="-110.92744">
    <ele>2303.51</ele>
   </trkpt>
   <trkpt lat="34.309720000000006" lon="-110.92726">
    <ele>2305.26</ele>
   </trkpt>
   <trkpt lat="34.309760000000004" lon="-110.9269">
    <ele>2309.1400000000003</ele>
   </trkpt>
   <trkpt lat="34.309760000000004" lon="-110.92688000000001">
    <ele>2309.31</ele>
   </trkpt>
   <trkpt lat="34.309830000000005" lon="-110.92703">
    <ele>2310.54</ele>
   </trkpt>
   <trkpt lat="34.309870000000004" lon="-110.92717">
    <ele>2312.36</ele>
   </trkpt>
   <trkpt lat="34.31007" lon="-110.92748">
    <ele>2314.84</ele>
   </trkpt>
   <trkpt lat="34.31016" lon="-110.92772000000001">
    <ele>2315.13</ele>
   </trkpt>
   <trkpt lat="34.31017" lon="-110.92802">
    <ele>2315.02</ele>
   </trkpt>
   <trkpt lat="34.31022" lon="-110.92821">
    <ele>2315.14</ele>
   </trkpt>
   <trkpt lat="34.31033" lon="-110.92847">
    <ele>2315.36</ele>
   </trkpt>
   <trkpt lat="34.31038" lon="-110.92896">
    <ele>2315.82</ele>
   </trkpt>
   <trkpt lat="34.310570000000006" lon="-110.92924000000001">
    <ele>2315.6800000000003</ele>
   </trkpt>
   <trkpt lat="34.31073" lon="-110.92994">
    <ele>2315.3300000000004</ele>
   </trkpt>
   <trkpt lat="34.31072" lon="-110.93012">
    <ele>2316.31</ele>
   </trkpt>
   <trkpt lat="34.31065" lon="-110.9303">
    <ele>2317.2200000000003</ele>
   </trkpt>
   <trkpt lat="34.310660000000006" lon="-110.93039">
    <ele>2317.2200000000003</ele>
   </trkpt>
   <trkpt lat="34.31072" lon="-110.93048">
    <ele>2317.78</ele>
   </trkpt>
   <trkpt lat="34.31078" lon="-110.93081000000001">
    <ele>2318.4500000000003</ele>
   </trkpt>
   <trkpt lat="34.310810000000004" lon="-110.93088000000002">
    <ele>2318.4500000000003</ele>
   </trkpt>
   <trkpt lat="34.310880000000004" lon="-110.93093">
    <ele>2319.02</ele>
   </trkpt>
   <trkpt lat="34.31091" lon="-110.93098">
    <ele>2319.15</ele>
   </trkpt>
   <trkpt lat="34.310970000000005" lon="-110.93142">
    <ele>2318.9900000000002</ele>
   </trkpt>
   <trkpt lat="34.311020000000006" lon="-110.93161">
    <ele>2318.6600000000003</ele>
   </trkpt>
   <trkpt lat="34.311060000000005" lon="-110.93191">
    <ele>2318.48</ele>
   </trkpt>
   <trkpt lat="34.311170000000004" lon="-110.93232">
    <ele>2317.9100000000003</ele>
   </trkpt>
   <trkpt lat="34.31127" lon="-110.93303">
    <ele>2317.1700000000005</ele>
   </trkpt>
   <trkpt lat="34.31123" lon="-110.93336000000001">
    <ele>2317.9100000000003</ele>
   </trkpt>
   <trkpt lat="34.3113" lon="-110.93366">
    <ele>2318.9700000000003</ele>
   </trkpt>
   <trkpt lat="34.31129" lon="-110.93384">
    <ele>2319.22</ele>
   </trkpt>
   <trkpt lat="34.311310000000006" lon="-110.93411">
    <ele>2319.46</ele>
   </trkpt>
   <trkpt lat="34.311240000000005" lon="-110.93434">
    <ele>2319.36</ele>
   </trkpt>
   <trkpt lat="34.31123" lon="-110.93447">
    <ele>2319.1200000000003</ele>
   </trkpt>
   <trkpt lat="34.31114" lon="-110.93474">
    <ele>2318.4</ele>
   </trkpt>
   <trkpt lat="34.311170000000004" lon="-110.93487">
    <ele>2318.57</ele>
   </trkpt>
   <trkpt lat="34.31123" lon="-110.935">
    <ele>2318.7300000000005</ele>
   </trkpt>
   <trkpt lat="34.311240000000005" lon="-110.93505">
    <ele>2319.6000000000004</ele>
   </trkpt>
   <trkpt lat="34.311220000000006" lon="-110.93532">
    <ele>2319.96</ele>
   </trkpt>
   <trkpt lat="34.31107" lon="-110.93555">
    <ele>2320.2900000000004</ele>
   </trkpt>
   <trkpt lat="34.31105" lon="-110.93563">
    <ele>2320.2900000000004</ele>
   </trkpt>
   <trkpt lat="34.311040000000006" lon="-110.93618000000001">
    <ele>2321.21</ele>
   </trkpt>
   <trkpt lat="34.31098" lon="-110.9363">
    <ele>2321.2300000000005</ele>
   </trkpt>
   <trkpt lat="34.310970000000005" lon="-110.93648">
    <ele>2321.09</ele>
   </trkpt>
   <trkpt lat="34.310970000000005" lon="-110.93657">
    <ele>2321.07</ele>
   </trkpt>
   <trkpt lat="34.311020000000006" lon="-110.93671">
    <ele>2321.13</ele>
   </trkpt>
   <trkpt lat="34.311020000000006" lon="-110.93697">
    <ele>2321.4100000000003</ele>
   </trkpt>
   <trkpt lat="34.31098" lon="-110.93715">
    <ele>2321.3700000000003</ele>
   </trkpt>
   <trkpt lat="34.31087" lon="-110.93733">
    <ele>2321.1600000000003</ele>
   </trkpt>
   <trkpt lat="34.31085" lon="-110.93742">
    <ele>2321.19</ele>
   </trkpt>
   <trkpt lat="34.3108" lon="-110.93774">
    <ele>2321.9100000000003</ele>
   </trkpt>
   <trkpt lat="34.31085" lon="-110.93787">
    <ele>2322.47</ele>
   </trkpt>
   <trkpt lat="34.31085" lon="-110.938">
    <ele>2322.7300000000005</ele>
   </trkpt>
   <trkpt lat="34.31072" lon="-110.93868">
    <ele>2322.57</ele>
   </trkpt>
   <trkpt lat="34.310750000000006" lon="-110.93894">
    <ele>2322.54</ele>
   </trkpt>
   <trkpt lat="34.31083" lon="-110.93905000000001">
    <ele>2322.71</ele>
   </trkpt>
   <trkpt lat="34.310860000000005" lon="-110.93921">
    <ele>2323.16</ele>
   </trkpt>
   <trkpt lat="34.310860000000005" lon="-110.93923000000001">
    <ele>2323.16</ele>
   </trkpt>
   <trkpt lat="34.31076" lon="-110.93939">
    <ele>2323.26</ele>
   </trkpt>
   <trkpt lat="34.31074" lon="-110.93944">
    <ele>2323.26</ele>
   </trkpt>
   <trkpt lat="34.31074" lon="-110.93975">
    <ele>2323.48</ele>
   </trkpt>
   <trkpt lat="34.31072" lon="-110.93981000000001">
    <ele>2323.48</ele>
   </trkpt>
   <trkpt lat="34.31074" lon="-110.94006">
    <ele>2323.6000000000004</ele>
   </trkpt>
   <trkpt lat="34.31073" lon="-110.94025">
    <ele>2323.75</ele>
   </trkpt>
   <trkpt lat="34.31078" lon="-110.94061">
    <ele>2324.0600000000004</ele>
   </trkpt>
   <trkpt lat="34.310860000000005" lon="-110.94078">
    <ele>2323.9300000000003</ele>
   </trkpt>
   <trkpt lat="34.31091" lon="-110.94079">
    <ele>2323.9300000000003</ele>
   </trkpt>
   <trkpt lat="34.310970000000005" lon="-110.94127">
    <ele>2322.2</ele>
   </trkpt>
   <trkpt lat="34.311020000000006" lon="-110.94141">
    <ele>2321.88</ele>
   </trkpt>
   <trkpt lat="34.311150000000005" lon="-110.94163">
    <ele>2321.3500000000004</ele>
   </trkpt>
   <trkpt lat="34.311240000000005" lon="-110.94167">
    <ele>2320.8</ele>
   </trkpt>
   <trkpt lat="34.31127" lon="-110.94181">
    <ele>2320.8</ele>
   </trkpt>
   <trkpt lat="34.31136" lon="-110.9419">
    <ele>2320.26</ele>
   </trkpt>
   <trkpt lat="34.31143" lon="-110.94203">
    <ele>2320.26</ele>
   </trkpt>
   <trkpt lat="34.31158" lon="-110.94212">
    <ele>2319.61</ele>
   </trkpt>
   <trkpt lat="34.31166" lon="-110.94226">
    <ele>2319.61</ele>
   </trkpt>
   <trkpt lat="34.311710000000005" lon="-110.9423">
    <ele>2319.49</ele>
   </trkpt>
   <trkpt lat="34.31206" lon="-110.94244">
    <ele>2319.52</ele>
   </trkpt>
   <trkpt lat="34.31224" lon="-110.94257">
    <ele>2319.23</ele>
   </trkpt>
   <trkpt lat="34.31233" lon="-110.94261000000002">
    <ele>2319.23</ele>
   </trkpt>
   <trkpt lat="34.31246" lon="-110.94261000000002">
    <ele>2319.17</ele>
   </trkpt>
   <trkpt lat="34.31251" lon="-110.94262">
    <ele>2319.09</ele>
   </trkpt>
   <trkpt lat="34.312580000000004" lon="-110.94275">
    <ele>2318.7900000000004</ele>
   </trkpt>
   <trkpt lat="34.31261" lon="-110.94289">
    <ele>2318.7900000000004</ele>
   </trkpt>
   <trkpt lat="34.31277" lon="-110.94306">
    <ele>2318.38</ele>
   </trkpt>
   <trkpt lat="34.31307" lon="-110.94315">
    <ele>2317.9500000000003</ele>
   </trkpt>
   <trkpt lat="34.31329" lon="-110.94316">
    <ele>2317.19</ele>
   </trkpt>
   <trkpt lat="34.31342" lon="-110.94329">
    <ele>2316.23</ele>
   </trkpt>
   <trkpt lat="34.313570000000006" lon="-110.94342">
    <ele>2315.9100000000003</ele>
   </trkpt>
   <trkpt lat="34.313880000000005" lon="-110.9436">
    <ele>2315.51</ele>
   </trkpt>
   <trkpt lat="34.31414" lon="-110.94406000000001">
    <ele>2315.8500000000004</ele>
   </trkpt>
   <trkpt lat="34.314310000000006" lon="-110.94428">
    <ele>2316.4500000000003</ele>
   </trkpt>
   <trkpt lat="34.31443" lon="-110.94436">
    <ele>2317.3</ele>
   </trkpt>
   <trkpt lat="34.314530000000005" lon="-110.94455">
    <ele>2318.02</ele>
   </trkpt>
   <trkpt lat="34.314620000000005" lon="-110.94463">
    <ele>2319.16</ele>
   </trkpt>
   <trkpt lat="34.314690000000006" lon="-110.94463">
    <ele>2319.42</ele>
   </trkpt>
   <trkpt lat="34.31492" lon="-110.94458">
    <ele>2320.1500000000005</ele>
   </trkpt>
   <trkpt lat="34.31499" lon="-110.94448000000001">
    <ele>2320.1</ele>
   </trkpt>
   <trkpt lat="34.315220000000004" lon="-110.94427">
    <ele>2321.06</ele>
   </trkpt>
   <trkpt lat="34.31541" lon="-110.94411000000001">
    <ele>2320.8300000000004</ele>
   </trkpt>
   <trkpt lat="34.315830000000005" lon="-110.94414">
    <ele>2320.44</ele>
   </trkpt>
   <trkpt lat="34.31606" lon="-110.9441">
    <ele>2320.3900000000003</ele>
   </trkpt>
   <trkpt lat="34.316300000000005" lon="-110.94420000000001">
    <ele>2320.46</ele>
   </trkpt>
   <trkpt lat="34.31665" lon="-110.94423">
    <ele>2320.71</ele>
   </trkpt>
   <trkpt lat="34.31689" lon="-110.94427">
    <ele>2321.42</ele>
   </trkpt>
   <trkpt lat="34.317080000000004" lon="-110.94419">
    <ele>2321.53</ele>
   </trkpt>
   <trkpt lat="34.31725" lon="-110.94402000000001">
    <ele>2321.51</ele>
   </trkpt>
   <trkpt lat="34.317400000000006" lon="-110.944">
    <ele>2321.3500000000004</ele>
   </trkpt>
   <trkpt lat="34.31756" lon="-110.944">
    <ele>2321.3500000000004</ele>
   </trkpt>
   <trkpt lat="34.31768" lon="-110.94396">
    <ele>2320.3500000000004</ele>
   </trkpt>
   <trkpt lat="34.3179" lon="-110.94382">
    <ele>2319.84</ele>
   </trkpt>
   <trkpt lat="34.318090000000005" lon="-110.94365">
    <ele>2319.49</ele>
   </trkpt>
   <trkpt lat="34.31821" lon="-110.94348000000001">
    <ele>2319.26</ele>
   </trkpt>
   <trkpt lat="34.31842" lon="-110.94343">
    <ele>2318.5299999999997</ele>
   </trkpt>
   <trkpt lat="34.3187" lon="-110.94327000000001">
    <ele>2318.1800000000003</ele>
   </trkpt>
   <trkpt lat="34.31879" lon="-110.9432">
    <ele>2318.21</ele>
   </trkpt>
   <trkpt lat="34.31937" lon="-110.94293">
    <ele>2318.32</ele>
   </trkpt>
   <trkpt lat="34.31974" lon="-110.94265000000001">
    <ele>2318.59</ele>
   </trkpt>
   <trkpt lat="34.31974" lon="-110.94288">
    <ele>2318.71</ele>
   </trkpt>
   <trkpt lat="34.319750000000006" lon="-110.94291000000001">
    <ele>2318.71</ele>
   </trkpt>
   <trkpt lat="34.319860000000006" lon="-110.94342">
    <ele>2319.48</ele>
   </trkpt>
   <trkpt lat="34.31994" lon="-110.94409">
    <ele>2319.9900000000002</ele>
   </trkpt>
   <trkpt lat="34.319860000000006" lon="-110.94499">
    <ele>2320.77</ele>
   </trkpt>
   <trkpt lat="34.31991000172464" lon="-110.94563999971373">
    <ele>2321.04</ele>
   </trkpt>
   <trkpt lat="34.31996" lon="-110.94629">
    <ele>2320.6600000000003</ele>
   </trkpt>
   <trkpt lat="34.319970000000005" lon="-110.94737">
    <ele>2320.94</ele>
   </trkpt>
   <trkpt lat="34.32014" lon="-110.94800000000001">
    <ele>2321.28</ele>
   </trkpt>
   <trkpt lat="34.3204050025798" lon="-110.94879999741084">
    <ele>2321.92</ele>
   </trkpt>
   <trkpt lat="34.32067" lon="-110.9496">
    <ele>2322.68</ele>
   </trkpt>
   <trkpt lat="34.32081" lon="-110.95018">
    <ele>2323.1</ele>
   </trkpt>
   <trkpt lat="34.32096" lon="-110.95118000000001">
    <ele>2323.3900000000003</ele>
   </trkpt>
   <trkpt lat="34.321180000000005" lon="-110.95184">
    <ele>2323.7200000000003</ele>
   </trkpt>
   <trkpt lat="34.321450000000006" lon="-110.95233">
    <ele>2324.1500000000005</ele>
   </trkpt>
   <trkpt lat="34.32184000124038" lon="-110.95288999734882">
    <ele>2325.24</ele>
   </trkpt>
   <trkpt lat="34.322230000000005" lon="-110.95345">
    <ele>2325.7000000000003</ele>
   </trkpt>
   <trkpt lat="34.322689999922645" lon="-110.95351499963036">
    <ele>2326.33</ele>
   </trkpt>
   <trkpt lat="34.323150000000005" lon="-110.95358">
    <ele>2327.7300000000005</ele>
   </trkpt>
   <trkpt lat="34.32345" lon="-110.95372">
    <ele>2328.4200000000005</ele>
   </trkpt>
   <trkpt lat="34.32365" lon="-110.95385">
    <ele>2329.2300000000005</ele>
   </trkpt>
   <trkpt lat="34.3241" lon="-110.9539">
    <ele>2330.0</ele>
   </trkpt>
   <trkpt lat="34.32462" lon="-110.95412">
    <ele>2330.15</ele>
   </trkpt>
   <trkpt lat="34.324980000000004" lon="-110.95421">
    <ele>2330.1800000000003</ele>
   </trkpt>
   <trkpt lat="34.325430000000004" lon="-110.95511">
    <ele>2330.4</ele>
   </trkpt>
   <trkpt lat="34.32544" lon="-110.95555">
    <ele>2330.38</ele>
   </trkpt>
   <trkpt lat="34.3256" lon="-110.95609">
    <ele>2330.7000000000003</ele>
   </trkpt>
   <trkpt lat="34.32616" lon="-110.95694">
    <ele>2330.95</ele>
   </trkpt>
   <trkpt lat="34.32652" lon="-110.9573">
    <ele>2331.2700000000004</ele>
   </trkpt>
   <trkpt lat="34.32701" lon="-110.95765000000002">
    <ele>2331.69</ele>
   </trkpt>
   <trkpt lat="34.3275" lon="-110.95802">
    <ele>2332.03</ele>
   </trkpt>
   <trkpt lat="34.327830000000006" lon="-110.95830000000001">
    <ele>2332.3</ele>
   </trkpt>
   <trkpt lat="34.32838" lon="-110.95882">
    <ele>2332.09</ele>
   </trkpt>
   <trkpt lat="34.32889500058201" lon="-110.95917999782893">
    <ele>2332.2400000000002</ele>
   </trkpt>
   <trkpt lat="34.32941" lon="-110.95954">
    <ele>2332.26</ele>
   </trkpt>
   <trkpt lat="34.329950000000004" lon="-110.95931">
    <ele>2333.42</ele>
   </trkpt>
   <trkpt lat="34.33023" lon="-110.95909">
    <ele>2333.76</ele>
   </trkpt>
   <trkpt lat="34.33067000041387" lon="-110.95935999865614">
    <ele>2333.65</ele>
   </trkpt>
   <trkpt lat="34.33111" lon="-110.95963">
    <ele>2332.38</ele>
   </trkpt>
   <trkpt lat="34.33129" lon="-110.95994">
    <ele>2331.62</ele>
   </trkpt>
   <trkpt lat="34.331450000000004" lon="-110.96003">
    <ele>2331.05</ele>
   </trkpt>
   <trkpt lat="34.33165" lon="-110.96012">
    <ele>2330.27</ele>
   </trkpt>
   <trkpt lat="34.331830000000004" lon="-110.96034">
    <ele>2328.85</ele>
   </trkpt>
   <trkpt lat="34.33205" lon="-110.96052">
    <ele>2328.52</ele>
   </trkpt>
   <trkpt lat="34.332390000000004" lon="-110.96089">
    <ele>2328.3300000000004</ele>
   </trkpt>
   <trkpt lat="34.332820000000005" lon="-110.96093">
    <ele>2328.37</ele>
   </trkpt>
   <trkpt lat="34.33346" lon="-110.96138">
    <ele>2328.77</ele>
   </trkpt>
   <trkpt lat="34.333740000000006" lon="-110.96182">
    <ele>2328.29</ele>
   </trkpt>
   <trkpt lat="34.333650000000006" lon="-110.96272">
    <ele>2326.28</ele>
   </trkpt>
   <trkpt lat="34.333420000000004" lon="-110.96303">
    <ele>2324.97</ele>
   </trkpt>
   <trkpt lat="34.333310000000004" lon="-110.9633">
    <ele>2324.4500000000003</ele>
   </trkpt>
   <trkpt lat="34.3333" lon="-110.96344">
    <ele>2323.6400000000003</ele>
   </trkpt>
   <trkpt lat="34.33341000277124" lon="-110.96426499895524">
    <ele>2321.34</ele>
   </trkpt>
   <trkpt lat="34.33352" lon="-110.96509">
    <ele>2320.5600000000004</ele>
   </trkpt>
   <trkpt lat="34.333690000000004" lon="-110.96554">
    <ele>2320.26</ele>
   </trkpt>
   <trkpt lat="34.33366" lon="-110.96572">
    <ele>2320.26</ele>
   </trkpt>
   <trkpt lat="34.333580000000005" lon="-110.96585">
    <ele>2320.34</ele>
   </trkpt>
   <trkpt lat="34.333560000000006" lon="-110.96594">
    <ele>2320.26</ele>
   </trkpt>
   <trkpt lat="34.333600000000004" lon="-110.96609000000001">
    <ele>2320.0000000000005</ele>
   </trkpt>
   <trkpt lat="34.333870000000005" lon="-110.96621">
    <ele>2318.4600000000005</ele>
   </trkpt>
   <trkpt lat="34.334140000000005" lon="-110.96621">
    <ele>2317.11</ele>
   </trkpt>
   <trkpt lat="34.33435" lon="-110.96625">
    <ele>2316.94</ele>
   </trkpt>
   <trkpt lat="34.33446" lon="-110.9663">
    <ele>2317.2000000000003</ele>
   </trkpt>
   <trkpt lat="34.33451" lon="-110.96643">
    <ele>2317.58</ele>
   </trkpt>
   <trkpt lat="34.334540000000004" lon="-110.96679">
    <ele>2319.32</ele>
   </trkpt>
   <trkpt lat="34.33465" lon="-110.96698">
    <ele>2319.61</ele>
   </trkpt>
   <trkpt lat="34.33478" lon="-110.9671">
    <ele>2320.3500000000004</ele>
   </trkpt>
   <trkpt lat="34.33493" lon="-110.96715">
    <ele>2320.84</ele>
   </trkpt>
   <trkpt lat="34.335210000000004" lon="-110.96746">
    <ele>2323.2000000000003</ele>
   </trkpt>
   <trkpt lat="34.335390000000004" lon="-110.96751">
    <ele>2323.9</ele>
   </trkpt>
   <trkpt lat="34.335530000000006" lon="-110.96751">
    <ele>2324.44</ele>
   </trkpt>
   <trkpt lat="34.336020000000005" lon="-110.96769">
    <ele>2325.11</ele>
   </trkpt>
   <trkpt lat="34.33607" lon="-110.96782">
    <ele>2324.8900000000003</ele>
   </trkpt>
   <trkpt lat="34.3361" lon="-110.96836">
    <ele>2325.06</ele>
   </trkpt>
   <trkpt lat="34.33617" lon="-110.96849">
    <ele>2325.07</ele>
   </trkpt>
   <trkpt lat="34.336330000000004" lon="-110.96872">
    <ele>2324.91</ele>
   </trkpt>
   <trkpt lat="34.336560000000006" lon="-110.96899">
    <ele>2324.25</ele>
   </trkpt>
   <trkpt lat="34.33663" lon="-110.96936000000001">
    <ele>2324.2400000000002</ele>
   </trkpt>
   <trkpt lat="34.336920000000006" lon="-110.97002">
    <ele>2324.53</ele>
   </trkpt>
   <trkpt lat="34.336980000000004" lon="-110.97049000000001">
    <ele>2323.76</ele>
   </trkpt>
   <trkpt lat="34.33709" lon="-110.97087">
    <ele>2321.84</ele>
   </trkpt>
   <trkpt lat="34.33731" lon="-110.97118">
    <ele>2320.3</ele>
   </trkpt>
   <trkpt lat="34.3374" lon="-110.97135000000002">
    <ele>2319.84</ele>
   </trkpt>
   <trkpt lat="34.33729" lon="-110.97156000000001">
    <ele>2320.11</ele>
   </trkpt>
   <trkpt lat="34.337830000000004" lon="-110.97234">
    <ele>2313.8500000000004</ele>
   </trkpt>
   <trkpt lat="34.33803" lon="-110.97231000000001">
    <ele>2313.39</ele>
   </trkpt>
   <trkpt lat="34.33812" lon="-110.97239">
    <ele>2313.12</ele>
   </trkpt>
   <trkpt lat="34.338460000000005" lon="-110.97258000000001">
    <ele>2312.2900000000004</ele>
   </trkpt>
   <trkpt lat="34.339045000394" lon="-110.97284499820078">
    <ele>2309.81</ele>
   </trkpt>
   <trkpt lat="34.33963" lon="-110.97311">
    <ele>2308.6000000000004</ele>
   </trkpt>
   <trkpt lat="34.340180000000004" lon="-110.97373">
    <ele>2308.8900000000003</ele>
   </trkpt>
   <trkpt lat="34.34038" lon="-110.97391">
    <ele>2308.61</ele>
   </trkpt>
   <trkpt lat="34.34067" lon="-110.97406000000001">
    <ele>2307.59</ele>
   </trkpt>
   <trkpt lat="34.34089" lon="-110.97428000000001">
    <ele>2308.2100000000005</ele>
   </trkpt>
   <trkpt lat="34.34111" lon="-110.97458">
    <ele>2310.42</ele>
   </trkpt>
   <trkpt lat="34.34142" lon="-110.97510000000001">
    <ele>2314.01</ele>
   </trkpt>
   <trkpt lat="34.341440000000006" lon="-110.97543">
    <ele>2315.38</ele>
   </trkpt>
   <trkpt lat="34.34142" lon="-110.97557">
    <ele>2315.89</ele>
   </trkpt>
   <trkpt lat="34.341260000000005" lon="-110.97606">
    <ele>2317.9500000000003</ele>
   </trkpt>
   <trkpt lat="34.34113" lon="-110.97628">
    <ele>2318.75</ele>
   </trkpt>
   <trkpt lat="34.341120000000004" lon="-110.97643000000001">
    <ele>2319.15</ele>
   </trkpt>
   <trkpt lat="34.341150000000006" lon="-110.97655">
    <ele>2319.2700000000004</ele>
   </trkpt>
   <trkpt lat="34.34132" lon="-110.97691">
    <ele>2320.04</ele>
   </trkpt>
   <trkpt lat="34.3414" lon="-110.97701">
    <ele>2320.1800000000003</ele>
   </trkpt>
   <trkpt lat="34.34152" lon="-110.97709">
    <ele>2320.2000000000003</ele>
   </trkpt>
   <trkpt lat="34.3417" lon="-110.97713">
    <ele>2319.9300000000003</ele>
   </trkpt>
   <trkpt lat="34.34181" lon="-110.97718">
    <ele>2319.9</ele>
   </trkpt>
   <trkpt lat="34.34205" lon="-110.97737000000001">
    <ele>2320.3300000000004</ele>
   </trkpt>
   <trkpt lat="34.342290000000006" lon="-110.97763">
    <ele>2322.15</ele>
   </trkpt>
   <trkpt lat="34.34259" lon="-110.97786">
    <ele>2323.55</ele>
   </trkpt>
   <trkpt lat="34.34235" lon="-110.97798">
    <ele>2324.5400000000004</ele>
   </trkpt>
   <trkpt lat="34.34219" lon="-110.97822000000001">
    <ele>2325.9800000000005</ele>
   </trkpt>
   <trkpt lat="34.34192" lon="-110.97848">
    <ele>2326.3</ele>
   </trkpt>
   <trkpt lat="34.341840000000005" lon="-110.97853">
    <ele>2326.3</ele>
   </trkpt>
   <trkpt lat="34.3416" lon="-110.97861">
    <ele>2326.3</ele>
   </trkpt>
   <trkpt lat="34.34136" lon="-110.97861">
    <ele>2326.06</ele>
   </trkpt>
   <trkpt lat="34.340990000000005" lon="-110.97858000000001">
    <ele>2325.27</ele>
   </trkpt>
   <trkpt lat="34.34075" lon="-110.97853">
    <ele>2324.2900000000004</ele>
   </trkpt>
   <trkpt lat="34.34053" lon="-110.9783">
    <ele>2323.6400000000003</ele>
   </trkpt>
   <trkpt lat="34.34037" lon="-110.97821">
    <ele>2323.25</ele>
   </trkpt>
   <trkpt lat="34.34022" lon="-110.97821">
    <ele>2322.1200000000003</ele>
   </trkpt>
   <trkpt lat="34.34004" lon="-110.97825">
    <ele>2319.67</ele>
   </trkpt>
   <trkpt lat="34.339960000000005" lon="-110.97821">
    <ele>2318.8500000000004</ele>
   </trkpt>
   <trkpt lat="34.339830000000006" lon="-110.97818000000001">
    <ele>2318.1600000000003</ele>
   </trkpt>
   <trkpt lat="34.339690000000004" lon="-110.97822000000001">
    <ele>2317.28</ele>
   </trkpt>
   <trkpt lat="34.33954" lon="-110.97836000000001">
    <ele>2316.79</ele>
   </trkpt>
   <trkpt lat="34.33945" lon="-110.97852">
    <ele>2316.6600000000003</ele>
   </trkpt>
   <trkpt lat="34.33943" lon="-110.97862">
    <ele>2316.59</ele>
   </trkpt>
   <trkpt lat="34.33946" lon="-110.97875">
    <ele>2316.5600000000004</ele>
   </trkpt>
   <trkpt lat="34.3397" lon="-110.97901">
    <ele>2316.9000000000005</ele>
   </trkpt>
   <trkpt lat="34.33975" lon="-110.97916000000001">
    <ele>2316.9000000000005</ele>
   </trkpt>
   <trkpt lat="34.33979" lon="-110.97955">
    <ele>2317.21</ele>
   </trkpt>
   <trkpt lat="34.3397" lon="-110.98004">
    <ele>2317.4</ele>
   </trkpt>
   <trkpt lat="34.339600000000004" lon="-110.98018">
    <ele>2317.4</ele>
   </trkpt>
   <trkpt lat="34.339380000000006" lon="-110.9804">
    <ele>2317.4</ele>
   </trkpt>
   <trkpt lat="34.33932" lon="-110.98049">
    <ele>2317.48</ele>
   </trkpt>
   <trkpt lat="34.33914" lon="-110.98071000000002">
    <ele>2317.2400000000002</ele>
   </trkpt>
   <trkpt lat="34.33876" lon="-110.98102000000002">
    <ele>2317.34</ele>
   </trkpt>
   <trkpt lat="34.33865" lon="-110.98107">
    <ele>2316.5600000000004</ele>
   </trkpt>
   <trkpt lat="34.33849" lon="-110.98107">
    <ele>2315.0000000000005</ele>
   </trkpt>
   <trkpt lat="34.33796" lon="-110.98076">
    <ele>2305.34</ele>
   </trkpt>
   <trkpt lat="34.3378" lon="-110.98063">
    <ele>2302.33</ele>
   </trkpt>
   <trkpt lat="34.33757" lon="-110.98036">
    <ele>2299.1200000000003</ele>
   </trkpt>
   <trkpt lat="34.33726" lon="-110.97982">
    <ele>2291.19</ele>
   </trkpt>
   <trkpt lat="34.33708" lon="-110.97956">
    <ele>2286.7200000000003</ele>
   </trkpt>
   <trkpt lat="34.336870000000005" lon="-110.97919">
    <ele>2282.33</ele>
   </trkpt>
   <trkpt lat="34.33677" lon="-110.97892">
    <ele>2280.16</ele>
   </trkpt>
   <trkpt lat="34.33672" lon="-110.97888">
    <ele>2279.5499999999997</ele>
   </trkpt>
   <trkpt lat="34.33666" lon="-110.97888">
    <ele>2277.84</ele>
   </trkpt>
   <trkpt lat="34.33661" lon="-110.97898">
    <ele>2275.52</ele>
   </trkpt>
   <trkpt lat="34.33662" lon="-110.97939000000001">
    <ele>2268.39</ele>
   </trkpt>
   <trkpt lat="34.336600000000004" lon="-110.97955">
    <ele>2263.2400000000002</ele>
   </trkpt>
   <trkpt lat="34.33659" lon="-110.98004">
    <ele>2255.6000000000004</ele>
   </trkpt>
   <trkpt lat="34.336470000000006" lon="-110.9808">
    <ele>2240.96</ele>
   </trkpt>
   <trkpt lat="34.336510000000004" lon="-110.98125">
    <ele>2231.05</ele>
   </trkpt>
   <trkpt lat="34.33657" lon="-110.98152">
    <ele>2226.7200000000003</ele>
   </trkpt>
   <trkpt lat="34.336830000000006" lon="-110.98203000000001">
    <ele>2216.32</ele>
   </trkpt>
   <trkpt lat="34.33688" lon="-110.98221000000001">
    <ele>2213.7000000000003</ele>
   </trkpt>
   <trkpt lat="34.336940000000006" lon="-110.98233">
    <ele>2211.2700000000004</ele>
   </trkpt>
   <trkpt lat="34.336960000000005" lon="-110.98241000000002">
    <ele>2209.2500000000005</ele>
   </trkpt>
   <trkpt lat="34.33693" lon="-110.98255">
    <ele>2204.06</ele>
   </trkpt>
   <trkpt lat="34.336940000000006" lon="-110.98273">
    <ele>2201.6</ele>
   </trkpt>
   <trkpt lat="34.337030000000006" lon="-110.98292000000001">
    <ele>2197.48</ele>
   </trkpt>
   <trkpt lat="34.33713" lon="-110.98304">
    <ele>2195.2400000000002</ele>
   </trkpt>
   <trkpt lat="34.337320000000005" lon="-110.9834">
    <ele>2194.16</ele>
   </trkpt>
   <trkpt lat="34.337320000000005" lon="-110.98349">
    <ele>2194.14</ele>
   </trkpt>
   <trkpt lat="34.3372" lon="-110.98371">
    <ele>2193.2200000000003</ele>
   </trkpt>
   <trkpt lat="34.337180000000004" lon="-110.98381">
    <ele>2191.57</ele>
   </trkpt>
   <trkpt lat="34.337120000000006" lon="-110.98394">
    <ele>2190.7000000000003</ele>
   </trkpt>
   <trkpt lat="34.33691" lon="-110.98417">
    <ele>2188.88</ele>
   </trkpt>
   <trkpt lat="34.336800000000004" lon="-110.98439">
    <ele>2186.77</ele>
   </trkpt>
   <trkpt lat="34.33668" lon="-110.98444">
    <ele>2186.34</ele>
   </trkpt>
   <trkpt lat="34.33653" lon="-110.98443">
    <ele>2185.55</ele>
   </trkpt>
   <trkpt lat="34.33639" lon="-110.98448">
    <ele>2183.73</ele>
   </trkpt>
   <trkpt lat="34.33623" lon="-110.98462">
    <ele>2182.63</ele>
   </trkpt>
   <trkpt lat="34.33612" lon="-110.98475">
    <ele>2181.09</ele>
   </trkpt>
   <trkpt lat="34.336000000000006" lon="-110.9848">
    <ele>2178.1</ele>
   </trkpt>
   <trkpt lat="34.33578" lon="-110.98479">
    <ele>2173.5</ele>
   </trkpt>
   <trkpt lat="34.33556" lon="-110.98489000000001">
    <ele>2171.5400000000004</ele>
   </trkpt>
   <trkpt lat="34.335390000000004" lon="-110.98506">
    <ele>2164.01</ele>
   </trkpt>
   <trkpt lat="34.33532" lon="-110.98524">
    <ele>2160.28</ele>
   </trkpt>
   <trkpt lat="34.33534" lon="-110.98550000000002">
    <ele>2153.27</ele>
   </trkpt>
   <trkpt lat="34.33532" lon="-110.98564">
    <ele>2152.19</ele>
   </trkpt>
   <trkpt lat="34.33523" lon="-110.98597000000001">
    <ele>2146.73</ele>
   </trkpt>
   <trkpt lat="34.33516" lon="-110.98609">
    <ele>2145.13</ele>
   </trkpt>
   <trkpt lat="34.33514" lon="-110.98622">
    <ele>2142.91</ele>
   </trkpt>
   <trkpt lat="34.335190000000004" lon="-110.98636">
    <ele>2141.28</ele>
   </trkpt>
   <trkpt lat="34.33511" lon="-110.98649">
    <ele>2138.05</ele>
   </trkpt>
   <trkpt lat="34.33498" lon="-110.98655000000001">
    <ele>2132.81</ele>
   </trkpt>
   <trkpt lat="34.33449" lon="-110.98712">
    <ele>2117.81</ele>
   </trkpt>
   <trkpt lat="34.33446" lon="-110.98739">
    <ele>2114.1400000000003</ele>
   </trkpt>
   <trkpt lat="34.33435" lon="-110.9877">
    <ele>2106.85</ele>
   </trkpt>
   <trkpt lat="34.334320000000005" lon="-110.98767000000001">
    <ele>2105.7000000000003</ele>
   </trkpt>
   <trkpt lat="34.33429" lon="-110.9877">
    <ele>2105.7000000000003</ele>
   </trkpt>
   <trkpt lat="34.334250000000004" lon="-110.98783">
    <ele>2102.4800000000005</ele>
   </trkpt>
   <trkpt lat="34.334230000000005" lon="-110.98794000000001">
    <ele>2099.07</ele>
   </trkpt>
   <trkpt lat="34.33424" lon="-110.98801">
    <ele>2098.0600000000004</ele>
   </trkpt>
   <trkpt lat="34.33422" lon="-110.98806">
    <ele>2097.1800000000003</ele>
   </trkpt>
   <trkpt lat="34.334" lon="-110.98797">
    <ele>2091.87</ele>
   </trkpt>
   <trkpt lat="34.33397" lon="-110.98801">
    <ele>2091.87</ele>
   </trkpt>
   <trkpt lat="34.33395" lon="-110.98819">
    <ele>2088.3199999999997</ele>
   </trkpt>
   <trkpt lat="34.33391" lon="-110.98824">
    <ele>2087.4900000000002</ele>
   </trkpt>
   <trkpt lat="34.33375" lon="-110.98833">
    <ele>2085.4700000000003</ele>
   </trkpt>
   <trkpt lat="34.33352" lon="-110.98834000000001">
    <ele>2082.7200000000003</ele>
   </trkpt>
   <trkpt lat="34.333420000000004" lon="-110.98837">
    <ele>2080.9</ele>
   </trkpt>
   <trkpt lat="34.33332" lon="-110.98846">
    <ele>2078.71</ele>
   </trkpt>
   <trkpt lat="34.33321" lon="-110.98851">
    <ele>2075.65</ele>
   </trkpt>
   <trkpt lat="34.33312" lon="-110.98868">
    <ele>2072.9</ele>
   </trkpt>
   <trkpt lat="34.33305" lon="-110.98877">
    <ele>2070.91</ele>
   </trkpt>
   <trkpt lat="34.33265" lon="-110.98898000000001">
    <ele>2066.8900000000003</ele>
   </trkpt>
   <trkpt lat="34.33258" lon="-110.98922">
    <ele>2065.76</ele>
   </trkpt>
   <trkpt lat="34.332480000000004" lon="-110.98932">
    <ele>2064.03</ele>
   </trkpt>
   <trkpt lat="34.332280000000004" lon="-110.98937000000001">
    <ele>2062.78</ele>
   </trkpt>
   <trkpt lat="34.33216" lon="-110.98958">
    <ele>2062.3900000000003</ele>
   </trkpt>
   <trkpt lat="34.33205" lon="-110.98967">
    <ele>2061.8100000000004</ele>
   </trkpt>
   <trkpt lat="34.331680000000006" lon="-110.99020000000002">
    <ele>2058.4</ele>
   </trkpt>
   <trkpt lat="34.33155" lon="-110.99022000000001">
    <ele>2057.42</ele>
   </trkpt>
   <trkpt lat="34.331410000000005" lon="-110.9903">
    <ele>2055.4400000000005</ele>
   </trkpt>
   <trkpt lat="34.33138" lon="-110.99034">
    <ele>2055.4400000000005</ele>
   </trkpt>
   <trkpt lat="34.33138" lon="-110.99040000000001">
    <ele>2055.0800000000004</ele>
   </trkpt>
   <trkpt lat="34.33155" lon="-110.99040000000001">
    <ele>2054.46</ele>
   </trkpt>
   <trkpt lat="34.33167" lon="-110.99047000000002">
    <ele>2053.3300000000004</ele>
   </trkpt>
   <trkpt lat="34.33196" lon="-110.99043">
    <ele>2049.7200000000003</ele>
   </trkpt>
   <trkpt lat="34.331990000000005" lon="-110.99052">
    <ele>2047.32</ele>
   </trkpt>
   <trkpt lat="34.33191" lon="-110.9907">
    <ele>2045.17</ele>
   </trkpt>
   <trkpt lat="34.33193" lon="-110.99080000000001">
    <ele>2044.61</ele>
   </trkpt>
   <trkpt lat="34.331990000000005" lon="-110.99083">
    <ele>2043.7600000000002</ele>
   </trkpt>
   <trkpt lat="34.332060000000006" lon="-110.99083">
    <ele>2043.4200000000003</ele>
   </trkpt>
   <trkpt lat="34.332280000000004" lon="-110.99056">
    <ele>2041.8500000000001</ele>
   </trkpt>
   <trkpt lat="34.332440000000005" lon="-110.99049000000001">
    <ele>2039.0900000000001</ele>
   </trkpt>
   <trkpt lat="34.332620000000006" lon="-110.99026">
    <ele>2038.09</ele>
   </trkpt>
   <trkpt lat="34.33269" lon="-110.99025">
    <ele>2037.7900000000002</ele>
   </trkpt>
   <trkpt lat="34.33283" lon="-110.99043">
    <ele>2036.6</ele>
   </trkpt>
   <trkpt lat="34.332890000000006" lon="-110.99061">
    <ele>2034.6000000000001</ele>
   </trkpt>
   <trkpt lat="34.332890000000006" lon="-110.99080000000001">
    <ele>2033.17</ele>
   </trkpt>
   <trkpt lat="34.33292" lon="-110.99106">
    <ele>2029.92</ele>
   </trkpt>
   <trkpt lat="34.332910000000005" lon="-110.99111">
    <ele>2029.2500000000002</ele>
   </trkpt>
   <trkpt lat="34.332930000000005" lon="-110.99119">
    <ele>2028.2400000000002</ele>
   </trkpt>
   <trkpt lat="34.332980000000006" lon="-110.99119">
    <ele>2027.9000000000003</ele>
   </trkpt>
   <trkpt lat="34.333040000000004" lon="-110.99115">
    <ele>2027.6300000000003</ele>
   </trkpt>
   <trkpt lat="34.33319" lon="-110.99114000000002">
    <ele>2025.96</ele>
   </trkpt>
   <trkpt lat="34.33325" lon="-110.99115">
    <ele>2025.2700000000002</ele>
   </trkpt>
   <trkpt lat="34.33326" lon="-110.99119">
    <ele>2025.2700000000002</ele>
   </trkpt>
   <trkpt lat="34.33314" lon="-110.99128">
    <ele>2021.6800000000003</ele>
   </trkpt>
   <trkpt lat="34.33301" lon="-110.99129">
    <ele>2020.5100000000002</ele>
   </trkpt>
   <trkpt lat="34.333040000000004" lon="-110.99134000000001">
    <ele>2020.0500000000004</ele>
   </trkpt>
   <trkpt lat="34.333090000000006" lon="-110.99137">
    <ele>2019.66</ele>
   </trkpt>
   <trkpt lat="34.333220000000004" lon="-110.99137">
    <ele>2018.6100000000001</ele>
   </trkpt>
   <trkpt lat="34.333290000000005" lon="-110.99133">
    <ele>2016.9800000000002</ele>
   </trkpt>
   <trkpt lat="34.33332" lon="-110.99137">
    <ele>2016.9800000000002</ele>
   </trkpt>
   <trkpt lat="34.33324" lon="-110.99142">
    <ele>2016.9800000000002</ele>
   </trkpt>
   <trkpt lat="34.333020000000005" lon="-110.99143000000001">
    <ele>2014.72</ele>
   </trkpt>
   <trkpt lat="34.33296" lon="-110.99147">
    <ele>2014.72</ele>
   </trkpt>
   <trkpt lat="34.33299" lon="-110.99155">
    <ele>2013.24</ele>
   </trkpt>
   <trkpt lat="34.3331" lon="-110.99164">
    <ele>2011.5100000000002</ele>
   </trkpt>
   <trkpt lat="34.33326" lon="-110.99165">
    <ele>2009.8800000000003</ele>
   </trkpt>
   <trkpt lat="34.333330000000004" lon="-110.99173">
    <ele>2009.1900000000003</ele>
   </trkpt>
   <trkpt lat="34.333380000000005" lon="-110.99183000000001">
    <ele>2006.9600000000003</ele>
   </trkpt>
   <trkpt lat="34.33339" lon="-110.99204">
    <ele>2004.7900000000002</ele>
   </trkpt>
   <trkpt lat="34.33366" lon="-110.99253">
    <ele>2002.4700000000003</ele>
   </trkpt>
   <trkpt lat="34.333890000000004" lon="-110.99303">
    <ele>2001.64</ele>
   </trkpt>
   <trkpt lat="34.334" lon="-110.99343">
    <ele>2001.0000000000002</ele>
   </trkpt>
   <trkpt lat="34.33404" lon="-110.99366">
    <ele>2000.28</ele>
   </trkpt>
   <trkpt lat="34.33408" lon="-110.99376000000001">
    <ele>1999.23</ele>
   </trkpt>
   <trkpt lat="34.33428" lon="-110.99388">
    <ele>1997.5300000000002</ele>
   </trkpt>
   <trkpt lat="34.33433" lon="-110.99397">
    <ele>1997.24</ele>
   </trkpt>
   <trkpt lat="34.33435" lon="-110.9941">
    <ele>1996.5600000000002</ele>
   </trkpt>
   <trkpt lat="34.33435" lon="-110.99429">
    <ele>1995.17</ele>
   </trkpt>
   <trkpt lat="34.33428" lon="-110.99465000000001">
    <ele>1994.91</ele>
   </trkpt>
   <trkpt lat="34.33392000144075" lon="-110.99525000261231">
    <ele>1995.81</ele>
   </trkpt>
   <trkpt lat="34.333560000000006" lon="-110.99585">
    <ele>1996.2100000000003</ele>
   </trkpt>
   <trkpt lat="34.333470000000005" lon="-110.9959">
    <ele>1996.01</ele>
   </trkpt>
   <trkpt lat="34.33337" lon="-110.99602000000002">
    <ele>1995.18</ele>
   </trkpt>
   <trkpt lat="34.333290000000005" lon="-110.99604000000001">
    <ele>1993.7600000000002</ele>
   </trkpt>
   <trkpt lat="34.333000000000006" lon="-110.99607">
    <ele>1992.7</ele>
   </trkpt>
   <trkpt lat="34.332620000000006" lon="-110.99603">
    <ele>1990.73</ele>
   </trkpt>
   <trkpt lat="34.3324" lon="-110.99621">
    <ele>1988.6200000000001</ele>
   </trkpt>
   <trkpt lat="34.33205" lon="-110.99634">
    <ele>1985.63</ele>
   </trkpt>
   <trkpt lat="34.33205" lon="-110.99643">
    <ele>1985.63</ele>
   </trkpt>
   <trkpt lat="34.332080000000005" lon="-110.99649000000001">
    <ele>1984.2800000000002</ele>
   </trkpt>
   <trkpt lat="34.33216" lon="-110.99656">
    <ele>1983.48</ele>
   </trkpt>
   <trkpt lat="34.33229" lon="-110.99676000000001">
    <ele>1982.3000000000002</ele>
   </trkpt>
   <trkpt lat="34.332570000000004" lon="-110.9971">
    <ele>1980.5500000000002</ele>
   </trkpt>
   <trkpt lat="34.332840000000004" lon="-110.99732">
    <ele>1977.5000000000002</ele>
   </trkpt>
   <trkpt lat="34.333000000000006" lon="-110.99755">
    <ele>1972.7500000000002</ele>
   </trkpt>
   <trkpt lat="34.33317" lon="-110.99791">
    <ele>1969.3100000000002</ele>
   </trkpt>
   <trkpt lat="34.333220000000004" lon="-110.99791">
    <ele>1968.9900000000002</ele>
   </trkpt>
   <trkpt lat="34.33324" lon="-110.99764">
    <ele>1967.9700000000003</ele>
   </trkpt>
   <trkpt lat="34.333220000000004" lon="-110.99752000000001">
    <ele>1967.8700000000001</ele>
   </trkpt>
   <trkpt lat="34.33315" lon="-110.99732">
    <ele>1967.8500000000001</ele>
   </trkpt>
   <trkpt lat="34.33316" lon="-110.99714000000002">
    <ele>1967.1100000000001</ele>
   </trkpt>
   <trkpt lat="34.333200000000005" lon="-110.9971">
    <ele>1966.71</ele>
   </trkpt>
   <trkpt lat="34.33328" lon="-110.99715">
    <ele>1965.8300000000002</ele>
   </trkpt>
   <trkpt lat="34.333290000000005" lon="-110.99724">
    <ele>1964.2800000000002</ele>
   </trkpt>
   <trkpt lat="34.33339" lon="-110.99741">
    <ele>1962.5200000000002</ele>
   </trkpt>
   <trkpt lat="34.33341" lon="-110.9975">
    <ele>1961.0800000000002</ele>
   </trkpt>
   <trkpt lat="34.333450000000006" lon="-110.99791">
    <ele>1955.4300000000003</ele>
   </trkpt>
   <trkpt lat="34.33368" lon="-110.99835">
    <ele>1949.13</ele>
   </trkpt>
   <trkpt lat="34.3337" lon="-110.99854">
    <ele>1945.22</ele>
   </trkpt>
   <trkpt lat="34.333650000000006" lon="-110.99907">
    <ele>1942.17</ele>
   </trkpt>
   <trkpt lat="34.333690000000004" lon="-111.00001">
    <ele>1928.2200000000003</ele>
   </trkpt>
   <trkpt lat="34.333760000000005" lon="-111.00037">
    <ele>1923.1200000000001</ele>
   </trkpt>
   <trkpt lat="34.333760000000005" lon="-111.00068">
    <ele>1920.1800000000003</ele>
   </trkpt>
   <trkpt lat="34.33373" lon="-111.00090000000002">
    <ele>1919.0900000000001</ele>
   </trkpt>
   <trkpt lat="34.33363" lon="-111.00126">
    <ele>1916.92</ele>
   </trkpt>
   <trkpt lat="34.33354" lon="-111.00153">
    <ele>1915.66</ele>
   </trkpt>
   <trkpt lat="34.333380000000005" lon="-111.00171">
    <ele>1913.5900000000001</ele>
   </trkpt>
   <trkpt lat="34.333330000000004" lon="-111.00185">
    <ele>1912.5400000000002</ele>
   </trkpt>
   <trkpt lat="34.33307" lon="-111.00229">
    <ele>1906.4800000000002</ele>
   </trkpt>
   <trkpt lat="34.333000000000006" lon="-111.00239">
    <ele>1905.9800000000002</ele>
   </trkpt>
   <trkpt lat="34.33294" lon="-111.00244">
    <ele>1905.4400000000003</ele>
   </trkpt>
   <trkpt lat="34.3329" lon="-111.00261">
    <ele>1903.1700000000003</ele>
   </trkpt>
   <trkpt lat="34.332840000000004" lon="-111.0027">
    <ele>1902.6600000000003</ele>
   </trkpt>
   <trkpt lat="34.33249" lon="-111.00297">
    <ele>1902.3500000000001</ele>
   </trkpt>
   <trkpt lat="34.33223" lon="-111.00328">
    <ele>1899.7700000000002</ele>
   </trkpt>
   <trkpt lat="34.33222" lon="-111.00341">
    <ele>1899.9500000000003</ele>
   </trkpt>
   <trkpt lat="34.33225" lon="-111.00355">
    <ele>1900.51</ele>
   </trkpt>
   <trkpt lat="34.33234" lon="-111.00374000000001">
    <ele>1900.5200000000002</ele>
   </trkpt>
   <trkpt lat="34.33259" lon="-111.00417">
    <ele>1898.15</ele>
   </trkpt>
   <trkpt lat="34.33272" lon="-111.00454">
    <ele>1897.7400000000002</ele>
   </trkpt>
   <trkpt lat="34.332730000000005" lon="-111.00467">
    <ele>1898.18</ele>
   </trkpt>
   <trkpt lat="34.332660000000004" lon="-111.00507">
    <ele>1901.1000000000001</ele>
   </trkpt>
   <trkpt lat="34.33268" lon="-111.00511000000002">
    <ele>1901.1000000000001</ele>
   </trkpt>
   <trkpt lat="34.332710000000006" lon="-111.00511000000002">
    <ele>1901.1000000000001</ele>
   </trkpt>
   <trkpt lat="34.332750000000004" lon="-111.00507">
    <ele>1901.45</ele>
   </trkpt>
   <trkpt lat="34.33281" lon="-111.00504000000001">
    <ele>1902.0100000000002</ele>
   </trkpt>
   <trkpt lat="34.332820000000005" lon="-111.00516">
    <ele>1902.23</ele>
   </trkpt>
   <trkpt lat="34.33281" lon="-111.00534">
    <ele>1903.0000000000002</ele>
   </trkpt>
   <trkpt lat="34.33278" lon="-111.00547">
    <ele>1903.28</ele>
   </trkpt>
   <trkpt lat="34.33279" lon="-111.00574">
    <ele>1903.1000000000001</ele>
   </trkpt>
   <trkpt lat="34.33278" lon="-111.00587000000002">
    <ele>1902.97</ele>
   </trkpt>
   <trkpt lat="34.33281" lon="-111.0061">
    <ele>1903.2700000000002</ele>
   </trkpt>
   <trkpt lat="34.332860000000004" lon="-111.00616000000001">
    <ele>1903.92</ele>
   </trkpt>
   <trkpt lat="34.33325" lon="-111.00646">
    <ele>1907.0800000000002</ele>
   </trkpt>
   <trkpt lat="34.33337" lon="-111.00652000000001">
    <ele>1907.0700000000002</ele>
   </trkpt>
   <trkpt lat="34.3335" lon="-111.00665000000001">
    <ele>1906.71</ele>
   </trkpt>
   <trkpt lat="34.33363" lon="-111.00673">
    <ele>1906.5900000000001</ele>
   </trkpt>
   <trkpt lat="34.33419" lon="-111.00682">
    <ele>1907.48</ele>
   </trkpt>
   <trkpt lat="34.33476" lon="-111.00696">
    <ele>1905.8500000000001</ele>
   </trkpt>
   <trkpt lat="34.33489" lon="-111.00699000000002">
    <ele>1906.65</ele>
   </trkpt>
   <trkpt lat="34.335060000000006" lon="-111.00696">
    <ele>1907.66</ele>
   </trkpt>
   <trkpt lat="34.33554" lon="-111.00664">
    <ele>1906.7900000000002</ele>
   </trkpt>
   <trkpt lat="34.33568" lon="-111.00659">
    <ele>1905.8400000000001</ele>
   </trkpt>
   <trkpt lat="34.335930000000005" lon="-111.00664">
    <ele>1903.04</ele>
   </trkpt>
   <trkpt lat="34.336040000000004" lon="-111.00673">
    <ele>1901.1100000000001</ele>
   </trkpt>
   <trkpt lat="34.33603" lon="-111.00677">
    <ele>1901.1100000000001</ele>
   </trkpt>
   <trkpt lat="34.33594" lon="-111.00673">
    <ele>1898.39</ele>
   </trkpt>
   <trkpt lat="34.33592" lon="-111.00677">
    <ele>1898.39</ele>
   </trkpt>
   <trkpt lat="34.336020000000005" lon="-111.00687">
    <ele>1896.0200000000002</ele>
   </trkpt>
   <trkpt lat="34.336130000000004" lon="-111.00695">
    <ele>1894.38</ele>
   </trkpt>
   <trkpt lat="34.336310000000005" lon="-111.00695">
    <ele>1894.26</ele>
   </trkpt>
   <trkpt lat="34.33626" lon="-111.00704">
    <ele>1894.7800000000002</ele>
   </trkpt>
   <trkpt lat="34.33614" lon="-111.00718">
    <ele>1895.89</ele>
   </trkpt>
   <trkpt lat="34.336040000000004" lon="-111.00735">
    <ele>1897.9800000000002</ele>
   </trkpt>
   <trkpt lat="34.33594" lon="-111.00762">
    <ele>1898.42</ele>
   </trkpt>
   <trkpt lat="34.33569" lon="-111.00793000000002">
    <ele>1900.5600000000002</ele>
   </trkpt>
   <trkpt lat="34.33561" lon="-111.00811">
    <ele>1901.4</ele>
   </trkpt>
   <trkpt lat="34.33559" lon="-111.00829">
    <ele>1901.6100000000001</ele>
   </trkpt>
   <trkpt lat="34.3354" lon="-111.00879">
    <ele>1898.18</ele>
   </trkpt>
   <trkpt lat="34.3354" lon="-111.00892">
    <ele>1896.4900000000002</ele>
   </trkpt>
   <trkpt lat="34.33543" lon="-111.00902">
    <ele>1896.0500000000002</ele>
   </trkpt>
   <trkpt lat="34.33551" lon="-111.0091">
    <ele>1895.01</ele>
   </trkpt>
   <trkpt lat="34.335750000000004" lon="-111.00914">
    <ele>1891.8100000000002</ele>
   </trkpt>
   <trkpt lat="34.33579" lon="-111.00919">
    <ele>1891.2300000000002</ele>
   </trkpt>
   <trkpt lat="34.33552" lon="-111.00941">
    <ele>1887.52</ele>
   </trkpt>
   <trkpt lat="34.33551" lon="-111.00947000000001">
    <ele>1887.2400000000002</ele>
   </trkpt>
   <trkpt lat="34.335550000000005" lon="-111.00951">
    <ele>1887.0200000000002</ele>
   </trkpt>
   <trkpt lat="34.335820000000005" lon="-111.0095">
    <ele>1885.93</ele>
   </trkpt>
   <trkpt lat="34.33588" lon="-111.01004">
    <ele>1882.38</ele>
   </trkpt>
   <trkpt lat="34.33598" lon="-111.01044">
    <ele>1881.01</ele>
   </trkpt>
   <trkpt lat="34.336240000000004" lon="-111.0108">
    <ele>1880.65</ele>
   </trkpt>
   <trkpt lat="34.336650000000006" lon="-111.01111">
    <ele>1881.0800000000002</ele>
   </trkpt>
   <trkpt lat="34.336800000000004" lon="-111.01125">
    <ele>1881.0500000000002</ele>
   </trkpt>
   <trkpt lat="34.336960000000005" lon="-111.0113">
    <ele>1880.72</ele>
   </trkpt>
   <trkpt lat="34.337050000000005" lon="-111.01143">
    <ele>1879.6800000000003</ele>
   </trkpt>
   <trkpt lat="34.33709" lon="-111.01169000000002">
    <ele>1878.2</ele>
   </trkpt>
   <trkpt lat="34.337" lon="-111.01201">
    <ele>1877.45</ele>
   </trkpt>
   <trkpt lat="34.337210000000006" lon="-111.01263000000002">
    <ele>1878.8500000000001</ele>
   </trkpt>
   <trkpt lat="34.337320000000005" lon="-111.01273">
    <ele>1878.8500000000001</ele>
   </trkpt>
   <trkpt lat="34.337610000000005" lon="-111.01295">
    <ele>1879.3300000000002</ele>
   </trkpt>
   <trkpt lat="34.33771" lon="-111.01308">
    <ele>1878.96</ele>
   </trkpt>
   <trkpt lat="34.337990000000005" lon="-111.01358">
    <ele>1876.65</ele>
   </trkpt>
   <trkpt lat="34.33802" lon="-111.01375000000002">
    <ele>1875.79</ele>
   </trkpt>
   <trkpt lat="34.338010000000004" lon="-111.01384000000002">
    <ele>1875.42</ele>
   </trkpt>
   <trkpt lat="34.33795" lon="-111.01398">
    <ele>1874.5600000000002</ele>
   </trkpt>
   <trkpt lat="34.33787" lon="-111.01408">
    <ele>1874.33</ele>
   </trkpt>
   <trkpt lat="34.337790000000005" lon="-111.01413000000001">
    <ele>1874.2800000000002</ele>
   </trkpt>
   <trkpt lat="34.3376" lon="-111.0142">
    <ele>1873.8500000000001</ele>
   </trkpt>
   <trkpt lat="34.33715" lon="-111.01417000000001">
    <ele>1873.79</ele>
   </trkpt>
   <trkpt lat="34.33704" lon="-111.01416">
    <ele>1874.4600000000003</ele>
   </trkpt>
   <trkpt lat="34.33677" lon="-111.01398">
    <ele>1876.2</ele>
   </trkpt>
   <trkpt lat="34.33659" lon="-111.01394">
    <ele>1876.5500000000002</ele>
   </trkpt>
   <trkpt lat="34.33614" lon="-111.01404000000001">
    <ele>1876.24</ele>
   </trkpt>
   <trkpt lat="34.33659" lon="-111.01394">
    <ele>1876.3200000000002</ele>
   </trkpt>
   <trkpt lat="34.33677" lon="-111.01398">
    <ele>1875.3400000000001</ele>
   </trkpt>
   <trkpt lat="34.33704" lon="-111.01416">
    <ele>1873.79</ele>
   </trkpt>
   <trkpt lat="34.33715" lon="-111.01417000000001">
    <ele>1873.52</ele>
   </trkpt>
   <trkpt lat="34.3376" lon="-111.0142">
    <ele>1874.23</ele>
   </trkpt>
   <trkpt lat="34.337790000000005" lon="-111.01413000000001">
    <ele>1874.4</ele>
   </trkpt>
   <trkpt lat="34.33787" lon="-111.01408">
    <ele>1874.78</ele>
   </trkpt>
   <trkpt lat="34.33795" lon="-111.01398">
    <ele>1875.42</ele>
   </trkpt>
   <trkpt lat="34.338010000000004" lon="-111.01384000000002">
    <ele>1876.6</ele>
   </trkpt>
   <trkpt lat="34.33814" lon="-111.01393">
    <ele>1878.16</ele>
   </trkpt>
   <trkpt lat="34.338440000000006" lon="-111.01398">
    <ele>1880.43</ele>
   </trkpt>
   <trkpt lat="34.33874" lon="-111.01398">
    <ele>1881.5300000000002</ele>
   </trkpt>
   <trkpt lat="34.338860000000004" lon="-111.01393">
    <ele>1881.89</ele>
   </trkpt>
   <trkpt lat="34.33901" lon="-111.01389">
    <ele>1882.78</ele>
   </trkpt>
   <trkpt lat="34.339580000000005" lon="-111.01385">
    <ele>1885.7</ele>
   </trkpt>
   <trkpt lat="34.33977" lon="-111.0138">
    <ele>1887.2900000000002</ele>
   </trkpt>
   <trkpt lat="34.33992" lon="-111.0138">
    <ele>1888.1900000000003</ele>
   </trkpt>
   <trkpt lat="34.340070000000004" lon="-111.01377000000001">
    <ele>1889.5800000000002</ele>
   </trkpt>
   <trkpt lat="34.3404" lon="-111.0138">
    <ele>1890.72</ele>
   </trkpt>
   <trkpt lat="34.34058" lon="-111.0138">
    <ele>1891.93</ele>
   </trkpt>
   <trkpt lat="34.34076" lon="-111.0138">
    <ele>1893.2900000000002</ele>
   </trkpt>
   <trkpt lat="34.341150000000006" lon="-111.01395000000001">
    <ele>1895.65</ele>
   </trkpt>
   <trkpt lat="34.341300000000004" lon="-111.01398">
    <ele>1896.18</ele>
   </trkpt>
   <trkpt lat="34.34141" lon="-111.01403">
    <ele>1897.39</ele>
   </trkpt>
   <trkpt lat="34.34188" lon="-111.01402">
    <ele>1901.49</ele>
   </trkpt>
   <trkpt lat="34.34266" lon="-111.0138">
    <ele>1909.4700000000003</ele>
   </trkpt>
   <trkpt lat="34.34286" lon="-111.01371">
    <ele>1912.0</ele>
   </trkpt>
   <trkpt lat="34.343" lon="-111.01366000000002">
    <ele>1912.91</ele>
   </trkpt>
   <trkpt lat="34.343180000000004" lon="-111.01362">
    <ele>1914.94</ele>
   </trkpt>
   <trkpt lat="34.34344" lon="-111.01362">
    <ele>1917.7800000000002</ele>
   </trkpt>
   <trkpt lat="34.34369" lon="-111.01371">
    <ele>1920.0800000000002</ele>
   </trkpt>
   <trkpt lat="34.34385" lon="-111.01371">
    <ele>1921.73</ele>
   </trkpt>
   <trkpt lat="34.34396" lon="-111.01377000000001">
    <ele>1921.73</ele>
   </trkpt>
   <trkpt lat="34.34405" lon="-111.01389">
    <ele>1922.6100000000001</ele>
   </trkpt>
   <trkpt lat="34.344210000000004" lon="-111.01398">
    <ele>1925.0200000000002</ele>
   </trkpt>
   <trkpt lat="34.344350000000006" lon="-111.01411">
    <ele>1927.28</ele>
   </trkpt>
   <trkpt lat="34.34452" lon="-111.0142">
    <ele>1928.7800000000002</ele>
   </trkpt>
   <trkpt lat="34.344950000000004" lon="-111.01431000000001">
    <ele>1933.7</ele>
   </trkpt>
   <trkpt lat="34.34526" lon="-111.01449000000001">
    <ele>1937.3500000000001</ele>
   </trkpt>
   <trkpt lat="34.34535" lon="-111.01461">
    <ele>1937.69</ele>
   </trkpt>
   <trkpt lat="34.3455" lon="-111.01492">
    <ele>1935.6200000000001</ele>
   </trkpt>
   <trkpt lat="34.34568" lon="-111.0151">
    <ele>1931.8600000000001</ele>
   </trkpt>
   <trkpt lat="34.345780000000005" lon="-111.01515">
    <ele>1931.43</ele>
   </trkpt>
   <trkpt lat="34.34592" lon="-111.01519">
    <ele>1930.17</ele>
   </trkpt>
   <trkpt lat="34.34601" lon="-111.01514">
    <ele>1930.92</ele>
   </trkpt>
   <trkpt lat="34.34613" lon="-111.01505">
    <ele>1932.46</ele>
   </trkpt>
   <trkpt lat="34.3462" lon="-111.01505">
    <ele>1932.8</ele>
   </trkpt>
   <trkpt lat="34.346360000000004" lon="-111.01514">
    <ele>1932.7800000000002</ele>
   </trkpt>
   <trkpt lat="34.34666" lon="-111.01523">
    <ele>1934.0000000000002</ele>
   </trkpt>
   <trkpt lat="34.346810000000005" lon="-111.01523">
    <ele>1935.22</ele>
   </trkpt>
   <trkpt lat="34.34704" lon="-111.01551">
    <ele>1935.7300000000002</ele>
   </trkpt>
   <trkpt lat="34.34741" lon="-111.01573">
    <ele>1938.95</ele>
   </trkpt>
   <trkpt lat="34.34771" lon="-111.01604">
    <ele>1942.16</ele>
   </trkpt>
   <trkpt lat="34.347910000000006" lon="-111.01631">
    <ele>1944.1200000000001</ele>
   </trkpt>
   <trkpt lat="34.348000000000006" lon="-111.01636">
    <ele>1945.14</ele>
   </trkpt>
   <trkpt lat="34.348040000000005" lon="-111.01662">
    <ele>1946.4500000000003</ele>
   </trkpt>
   <trkpt lat="34.34817" lon="-111.01693">
    <ele>1947.7900000000002</ele>
   </trkpt>
   <trkpt lat="34.348220000000005" lon="-111.0173">
    <ele>1950.44</ele>
   </trkpt>
   <trkpt lat="34.3483" lon="-111.01735000000001">
    <ele>1951.44</ele>
   </trkpt>
   <trkpt lat="34.34848" lon="-111.01738">
    <ele>1953.7900000000002</ele>
   </trkpt>
   <trkpt lat="34.348530000000004" lon="-111.01744000000001">
    <ele>1954.4800000000002</ele>
   </trkpt>
   <trkpt lat="34.34873" lon="-111.01789000000001">
    <ele>1956.23</ele>
   </trkpt>
   <trkpt lat="34.34874" lon="-111.01807000000001">
    <ele>1957.39</ele>
   </trkpt>
   <trkpt lat="34.34879" lon="-111.01816000000001">
    <ele>1957.7600000000002</ele>
   </trkpt>
   <trkpt lat="34.348960000000005" lon="-111.01819">
    <ele>1959.75</ele>
   </trkpt>
   <trkpt lat="34.34906" lon="-111.01829000000001">
    <ele>1961.5300000000002</ele>
   </trkpt>
   <trkpt lat="34.349120000000006" lon="-111.01846">
    <ele>1962.68</ele>
   </trkpt>
   <trkpt lat="34.34919" lon="-111.0186">
    <ele>1962.92</ele>
   </trkpt>
   <trkpt lat="34.349590000000006" lon="-111.01899">
    <ele>1965.69</ele>
   </trkpt>
   <trkpt lat="34.349740000000004" lon="-111.01904">
    <ele>1967.51</ele>
   </trkpt>
   <trkpt lat="34.349920000000004" lon="-111.019">
    <ele>1969.3200000000002</ele>
   </trkpt>
   <trkpt lat="34.350190000000005" lon="-111.01892000000001">
    <ele>1972.17</ele>
   </trkpt>
   <trkpt lat="34.35071" lon="-111.01901000000001">
    <ele>1979.7600000000002</ele>
   </trkpt>
   <trkpt lat="34.35081" lon="-111.01908">
    <ele>1982.76</ele>
   </trkpt>
   <trkpt lat="34.35103" lon="-111.01913">
    <ele>1985.6700000000003</ele>
   </trkpt>
   <trkpt lat="34.35117" lon="-111.01913">
    <ele>1986.5800000000002</ele>
   </trkpt>
   <trkpt lat="34.351620000000004" lon="-111.01926">
    <ele>1988.8000000000002</ele>
   </trkpt>
   <trkpt lat="34.351760000000006" lon="-111.01935">
    <ele>1991.4300000000003</ele>
   </trkpt>
   <trkpt lat="34.35179" lon="-111.0194">
    <ele>1991.4300000000003</ele>
   </trkpt>
   <trkpt lat="34.351980000000005" lon="-111.01950000000001">
    <ele>1995.54</ele>
   </trkpt>
   <trkpt lat="34.352160000000005" lon="-111.01963">
    <ele>1999.5300000000002</ele>
   </trkpt>
   <trkpt lat="34.35224" lon="-111.0198">
    <ele>2003.2800000000002</ele>
   </trkpt>
   <trkpt lat="34.35278" lon="-111.01986000000001">
    <ele>2007.13</ele>
   </trkpt>
   <trkpt lat="34.35287" lon="-111.01999">
    <ele>2008.1100000000004</ele>
   </trkpt>
   <trkpt lat="34.352920000000005" lon="-111.02016">
    <ele>2008.9800000000002</ele>
   </trkpt>
   <trkpt lat="34.352990000000005" lon="-111.0202">
    <ele>2008.9800000000002</ele>
   </trkpt>
   <trkpt lat="34.35331" lon="-111.02025">
    <ele>2014.3500000000004</ele>
   </trkpt>
   <trkpt lat="34.35351" lon="-111.02029">
    <ele>2015.68</ele>
   </trkpt>
   <trkpt lat="34.353730000000006" lon="-111.02029">
    <ele>2017.51</ele>
   </trkpt>
   <trkpt lat="34.35389" lon="-111.02038">
    <ele>2019.86</ele>
   </trkpt>
   <trkpt lat="34.35405" lon="-111.02039">
    <ele>2022.0000000000002</ele>
   </trkpt>
   <trkpt lat="34.354150000000004" lon="-111.02047">
    <ele>2024.8000000000004</ele>
   </trkpt>
   <trkpt lat="34.35421" lon="-111.02057">
    <ele>2024.8000000000004</ele>
   </trkpt>
   <trkpt lat="34.35425" lon="-111.02078">
    <ele>2031.59</ele>
   </trkpt>
   <trkpt lat="34.35432" lon="-111.02092">
    <ele>2033.3200000000002</ele>
   </trkpt>
   <trkpt lat="34.35439" lon="-111.02114">
    <ele>2036.3600000000001</ele>
   </trkpt>
   <trkpt lat="34.35455" lon="-111.02114">
    <ele>2038.2200000000003</ele>
   </trkpt>
   <trkpt lat="34.354670000000006" lon="-111.0211">
    <ele>2038.17</ele>
   </trkpt>
   <trkpt lat="34.354800000000004" lon="-111.02106">
    <ele>2037.0600000000002</ele>
   </trkpt>
   <trkpt lat="34.354890000000005" lon="-111.02107000000001">
    <ele>2035.7600000000002</ele>
   </trkpt>
   <trkpt lat="34.35512" lon="-111.02119">
    <ele>2035.19</ele>
   </trkpt>
   <trkpt lat="34.3553" lon="-111.02137">
    <ele>2038.0000000000002</ele>
   </trkpt>
   <trkpt lat="34.35546" lon="-111.02134000000001">
    <ele>2039.8200000000002</ele>
   </trkpt>
   <trkpt lat="34.355560000000004" lon="-111.02141">
    <ele>2041.42</ele>
   </trkpt>
   <trkpt lat="34.35569" lon="-111.02155">
    <ele>2045.7800000000002</ele>
   </trkpt>
   <trkpt lat="34.355880000000006" lon="-111.02155">
    <ele>2048.9300000000003</ele>
   </trkpt>
   <trkpt lat="34.35618" lon="-111.02159">
    <ele>2055.57</ele>
   </trkpt>
   <trkpt lat="34.35616" lon="-111.02173">
    <ele>2056.2599999999998</ele>
   </trkpt>
   <trkpt lat="34.35633" lon="-111.0219">
    <ele>2059.81</ele>
   </trkpt>
   <trkpt lat="34.35647" lon="-111.02196">
    <ele>2060.42</ele>
   </trkpt>
   <trkpt lat="34.3566" lon="-111.02214000000001">
    <ele>2057.71</ele>
   </trkpt>
   <trkpt lat="34.356640000000006" lon="-111.02213">
    <ele>2057.71</ele>
   </trkpt>
   <trkpt lat="34.356750000000005" lon="-111.02199">
    <ele>2054.01</ele>
   </trkpt>
   <trkpt lat="34.356820000000006" lon="-111.02195">
    <ele>2053.65</ele>
   </trkpt>
   <trkpt lat="34.356970000000004" lon="-111.02201000000001">
    <ele>2056.06</ele>
   </trkpt>
   <trkpt lat="34.357110000000006" lon="-111.02219000000001">
    <ele>2058.36</ele>
   </trkpt>
   <trkpt lat="34.35716" lon="-111.02222">
    <ele>2058.98</ele>
   </trkpt>
   <trkpt lat="34.357200000000006" lon="-111.02235">
    <ele>2061.9300000000003</ele>
   </trkpt>
   <trkpt lat="34.35728" lon="-111.0224">
    <ele>2062.61</ele>
   </trkpt>
   <trkpt lat="34.357420000000005" lon="-111.02275">
    <ele>2066.44</ele>
   </trkpt>
   <trkpt lat="34.35755" lon="-111.02298">
    <ele>2069.61</ele>
   </trkpt>
   <trkpt lat="34.35757" lon="-111.02311">
    <ele>2071.06</ele>
   </trkpt>
   <trkpt lat="34.35766" lon="-111.02316">
    <ele>2072.3700000000003</ele>
   </trkpt>
   <trkpt lat="34.35781" lon="-111.02317000000001">
    <ele>2074.3500000000004</ele>
   </trkpt>
   <trkpt lat="34.35799" lon="-111.02316">
    <ele>2080.2400000000002</ele>
   </trkpt>
   <trkpt lat="34.358180000000004" lon="-111.02331000000001">
    <ele>2083.94</ele>
   </trkpt>
   <trkpt lat="34.35826" lon="-111.02343">
    <ele>2084.46</ele>
   </trkpt>
   <trkpt lat="34.358320000000006" lon="-111.02360000000002">
    <ele>2084.01</ele>
   </trkpt>
   <trkpt lat="34.35846" lon="-111.02374">
    <ele>2084.42</ele>
   </trkpt>
   <trkpt lat="34.3586" lon="-111.02388">
    <ele>2087.6800000000003</ele>
   </trkpt>
   <trkpt lat="34.35871" lon="-111.02396">
    <ele>2088.9700000000003</ele>
   </trkpt>
   <trkpt lat="34.35882" lon="-111.02405">
    <ele>2090.19</ele>
   </trkpt>
   <trkpt lat="34.35896" lon="-111.02414">
    <ele>2091.79</ele>
   </trkpt>
   <trkpt lat="34.35934" lon="-111.02447000000001">
    <ele>2096.76</ele>
   </trkpt>
   <trkpt lat="34.35936" lon="-111.02459">
    <ele>2098.3</ele>
   </trkpt>
   <trkpt lat="34.359410000000004" lon="-111.02469">
    <ele>2100.51</ele>
   </trkpt>
   <trkpt lat="34.359410000000004" lon="-111.02481">
    <ele>2103.27</ele>
   </trkpt>
   <trkpt lat="34.35936" lon="-111.02492000000001">
    <ele>2105.62</ele>
   </trkpt>
   <trkpt lat="34.35938" lon="-111.02504">
    <ele>2107.2000000000003</ele>
   </trkpt>
   <trkpt lat="34.359680000000004" lon="-111.02518">
    <ele>2110.86</ele>
   </trkpt>
   <trkpt lat="34.35978" lon="-111.02518">
    <ele>2110.53</ele>
   </trkpt>
   <trkpt lat="34.360110000000006" lon="-111.02505000000001">
    <ele>2117.75</ele>
   </trkpt>
   <trkpt lat="34.360420000000005" lon="-111.02499">
    <ele>2125.27</ele>
   </trkpt>
   <trkpt lat="34.36056" lon="-111.02499">
    <ele>2127.31</ele>
   </trkpt>
   <trkpt lat="34.36083" lon="-111.02481">
    <ele>2129.7200000000003</ele>
   </trkpt>
   <trkpt lat="34.36135" lon="-111.02459">
    <ele>2140.33</ele>
   </trkpt>
   <trkpt lat="34.361740000000005" lon="-111.02432">
    <ele>2145.3700000000003</ele>
   </trkpt>
   <trkpt lat="34.362080000000006" lon="-111.02423">
    <ele>2153.3100000000004</ele>
   </trkpt>
   <trkpt lat="34.3624" lon="-111.02419">
    <ele>2161.17</ele>
   </trkpt>
   <trkpt lat="34.36256" lon="-111.0241">
    <ele>2165.07</ele>
   </trkpt>
   <trkpt lat="34.362730000000006" lon="-111.02405">
    <ele>2167.3300000000004</ele>
   </trkpt>
   <trkpt lat="34.36292" lon="-111.02392">
    <ele>2171.0800000000004</ele>
   </trkpt>
   <trkpt lat="34.3631" lon="-111.02374">
    <ele>2175.8900000000003</ele>
   </trkpt>
   <trkpt lat="34.36338" lon="-111.02374">
    <ele>2184.25</ele>
   </trkpt>
   <trkpt lat="34.36386" lon="-111.02369">
    <ele>2197.9700000000003</ele>
   </trkpt>
   <trkpt lat="34.36419" lon="-111.02352">
    <ele>2210.14</ele>
   </trkpt>
   <trkpt lat="34.36426" lon="-111.02353000000001">
    <ele>2212.8</ele>
   </trkpt>
   <trkpt lat="34.36431" lon="-111.02361">
    <ele>2213.76</ele>
   </trkpt>
   <trkpt lat="34.36439" lon="-111.02365">
    <ele>2215.1200000000003</ele>
   </trkpt>
   <trkpt lat="34.36455" lon="-111.02361">
    <ele>2219.13</ele>
   </trkpt>
   <trkpt lat="34.364700000000006" lon="-111.02361">
    <ele>2224.01</ele>
   </trkpt>
   <trkpt lat="34.364830000000005" lon="-111.02365">
    <ele>2227.7200000000003</ele>
   </trkpt>
   <trkpt lat="34.365030000000004" lon="-111.02374">
    <ele>2233.4300000000003</ele>
   </trkpt>
   <trkpt lat="34.365120000000005" lon="-111.02369">
    <ele>2235.59</ele>
   </trkpt>
   <trkpt lat="34.36524" lon="-111.02365">
    <ele>2238.07</ele>
   </trkpt>
   <trkpt lat="34.36535" lon="-111.02356">
    <ele>2241.7400000000002</ele>
   </trkpt>
   <trkpt lat="34.36545" lon="-111.02342000000002">
    <ele>2246.4300000000003</ele>
   </trkpt>
   <trkpt lat="34.365500000000004" lon="-111.02344000000001">
    <ele>2247.83</ele>
   </trkpt>
   <trkpt lat="34.36558" lon="-111.02374">
    <ele>2259.05</ele>
   </trkpt>
   <trkpt lat="34.365700000000004" lon="-111.02383">
    <ele>2263.6000000000004</ele>
   </trkpt>
   <trkpt lat="34.36625" lon="-111.02383">
    <ele>2274.29</ele>
   </trkpt>
   <trkpt lat="34.36647" lon="-111.02384">
    <ele>2275.6800000000003</ele>
   </trkpt>
   <trkpt lat="34.366820000000004" lon="-111.02383">
    <ele>2278.44</ele>
   </trkpt>
   <trkpt lat="34.36717" lon="-111.02392">
    <ele>2285.3700000000003</ele>
   </trkpt>
   <trkpt lat="34.367250000000006" lon="-111.02388">
    <ele>2286.7300000000005</ele>
   </trkpt>
   <trkpt lat="34.367490000000004" lon="-111.02366">
    <ele>2288.6800000000003</ele>
   </trkpt>
   <trkpt lat="34.367580000000004" lon="-111.02353000000001">
    <ele>2289.0400000000004</ele>
   </trkpt>
   <trkpt lat="34.36762" lon="-111.02311">
    <ele>2292.92</ele>
   </trkpt>
   <trkpt lat="34.367610000000006" lon="-111.02298">
    <ele>2294.9</ele>
   </trkpt>
   <trkpt lat="34.36778" lon="-111.02271">
    <ele>2297.5600000000004</ele>
   </trkpt>
   <trkpt lat="34.36798" lon="-111.02254">
    <ele>2298.03</ele>
   </trkpt>
   <trkpt lat="34.36851" lon="-111.02263">
    <ele>2303.9300000000003</ele>
   </trkpt>
   <trkpt lat="34.3688" lon="-111.02253">
    <ele>2306.38</ele>
   </trkpt>
   <trkpt lat="34.36896" lon="-111.02249">
    <ele>2308.2100000000005</ele>
   </trkpt>
   <trkpt lat="34.36919" lon="-111.02267">
    <ele>2310.62</ele>
   </trkpt>
   <trkpt lat="34.36925" lon="-111.02267">
    <ele>2310.62</ele>
   </trkpt>
   <trkpt lat="34.369600000000005" lon="-111.02257000000002">
    <ele>2313.38</ele>
   </trkpt>
   <trkpt lat="34.370180000000005" lon="-111.02253">
    <ele>2317.53</ele>
   </trkpt>
   <trkpt lat="34.37035" lon="-111.02244">
    <ele>2318.21</ele>
   </trkpt>
   <trkpt lat="34.37068" lon="-111.02235">
    <ele>2319.82</ele>
   </trkpt>
   <trkpt lat="34.370960000000004" lon="-111.02217">
    <ele>2321.1000000000004</ele>
   </trkpt>
   <trkpt lat="34.371030000000005" lon="-111.02199">
    <ele>2322.2599999999998</ele>
   </trkpt>
   <trkpt lat="34.37129" lon="-111.02173">
    <ele>2327.31</ele>
   </trkpt>
   <trkpt lat="34.37135" lon="-111.02155">
    <ele>2329.5600000000004</ele>
   </trkpt>
   <trkpt lat="34.37145" lon="-111.02142">
    <ele>2333.3500000000004</ele>
   </trkpt>
   <trkpt lat="34.37156" lon="-111.02145000000002">
    <ele>2338.51</ele>
   </trkpt>
   <trkpt lat="34.37162" lon="-111.02137">
    <ele>2338.51</ele>
   </trkpt>
   <trkpt lat="34.371570000000006" lon="-111.02114">
    <ele>2347.84</ele>
   </trkpt>
   <trkpt lat="34.371570000000006" lon="-111.02096">
    <ele>2351.9300000000003</ele>
   </trkpt>
   <trkpt lat="34.371590000000005" lon="-111.02083">
    <ele>2354.5200000000004</ele>
   </trkpt>
   <trkpt lat="34.371840000000006" lon="-111.02060000000002">
    <ele>2362.28</ele>
   </trkpt>
   <trkpt lat="34.37187" lon="-111.02034">
    <ele>2366.11</ele>
   </trkpt>
   <trkpt lat="34.37214" lon="-111.01984">
    <ele>2374.81</ele>
   </trkpt>
   <trkpt lat="34.372240000000005" lon="-111.01977000000001">
    <ele>2378.25</ele>
   </trkpt>
   <trkpt lat="34.37229" lon="-111.01971">
    <ele>2380.4</ele>
   </trkpt>
   <trkpt lat="34.37223" lon="-111.01935">
    <ele>2384.05</ele>
   </trkpt>
   <trkpt lat="34.37207" lon="-111.01895">
    <ele>2390.07</ele>
   </trkpt>
   <trkpt lat="34.372060000000005" lon="-111.01877">
    <ele>2391.5</ele>
   </trkpt>
   <trkpt lat="34.37212" lon="-111.0185">
    <ele>2394.9700000000003</ele>
   </trkpt>
   <trkpt lat="34.37209" lon="-111.01835000000001">
    <ele>2395.47</ele>
   </trkpt>
   <trkpt lat="34.37216" lon="-111.01812000000001">
    <ele>2395.74</ele>
   </trkpt>
   <trkpt lat="34.37238" lon="-111.01781000000001">
    <ele>2395.15</ele>
   </trkpt>
   <trkpt lat="34.37239" lon="-111.01779">
    <ele>2397.48</ele>
   </trkpt>
   <trkpt lat="34.37247" lon="-111.01748">
    <ele>2398.69</ele>
   </trkpt>
   <trkpt lat="34.3733" lon="-111.01774">
    <ele>2394.9800000000005</ele>
   </trkpt>
   <trkpt lat="34.37355" lon="-111.01788">
    <ele>2393.2000000000003</ele>
   </trkpt>
   <trkpt lat="34.374145000799636" lon="-111.01832499683465">
    <ele>2387.98</ele>
   </trkpt>
   <trkpt lat="34.37474" lon="-111.01877">
    <ele>2387.2500000000005</ele>
   </trkpt>
   <trkpt lat="34.375330000000005" lon="-111.01926">
    <ele>2389.13</ele>
   </trkpt>
   <trkpt lat="34.37547" lon="-111.01944">
    <ele>2389.2900000000004</ele>
   </trkpt>
   <trkpt lat="34.375600000000006" lon="-111.01979000000001">
    <ele>2389.52</ele>
   </trkpt>
   <trkpt lat="34.37561" lon="-111.0198">
    <ele>2389.52</ele>
   </trkpt>
   <trkpt lat="34.375640000000004" lon="-111.02008000000001">
    <ele>2389.72</ele>
   </trkpt>
   <trkpt lat="34.375620001465116" lon="-111.02068000011018">
    <ele>2390.82</ele>
   </trkpt>
   <trkpt lat="34.375600000000006" lon="-111.02128">
    <ele>2392.58</ele>
   </trkpt>
   <trkpt lat="34.37548" lon="-111.02159">
    <ele>2393.06</ele>
   </trkpt>
   <trkpt lat="34.375330000000005" lon="-111.02181">
    <ele>2392.96</ele>
   </trkpt>
   <trkpt lat="34.37509" lon="-111.02231">
    <ele>2392.94</ele>
   </trkpt>
   <trkpt lat="34.37483" lon="-111.02295000000001">
    <ele>2392.04</ele>
   </trkpt>
   <trkpt lat="34.37454000074272" lon="-111.02340000168338">
    <ele>2391.9100000000003</ele>
   </trkpt>
   <trkpt lat="34.37425" lon="-111.02385000000001">
    <ele>2391.3300000000004</ele>
   </trkpt>
   <trkpt lat="34.37417" lon="-111.02432">
    <ele>2390.63</ele>
   </trkpt>
   <trkpt lat="34.37411" lon="-111.02487">
    <ele>2390.9200000000005</ele>
   </trkpt>
   <trkpt lat="34.373870001983335" lon="-111.02556000184131">
    <ele>2392.15</ele>
   </trkpt>
   <trkpt lat="34.373630000000006" lon="-111.02625">
    <ele>2393.2999999999997</ele>
   </trkpt>
   <trkpt lat="34.373310000000004" lon="-111.02692">
    <ele>2391.0400000000004</ele>
   </trkpt>
   <trkpt lat="34.37283" lon="-111.02755">
    <ele>2388.8700000000003</ele>
   </trkpt>
   <trkpt lat="34.37267" lon="-111.02792000000001">
    <ele>2386.9800000000005</ele>
   </trkpt>
   <trkpt lat="34.372600000000006" lon="-111.02841000000001">
    <ele>2386.1600000000003</ele>
   </trkpt>
   <trkpt lat="34.372350000000004" lon="-111.02871">
    <ele>2384.8700000000003</ele>
   </trkpt>
   <trkpt lat="34.372020000000006" lon="-111.02884">
    <ele>2383.7300000000005</ele>
   </trkpt>
   <trkpt lat="34.37162" lon="-111.0288">
    <ele>2381.7400000000002</ele>
   </trkpt>
   <trkpt lat="34.37127" lon="-111.02863">
    <ele>2381.05</ele>
   </trkpt>
   <trkpt lat="34.37051" lon="-111.02857">
    <ele>2378.3700000000003</ele>
   </trkpt>
   <trkpt lat="34.37021" lon="-111.02857">
    <ele>2378.6400000000003</ele>
   </trkpt>
   <trkpt lat="34.37004" lon="-111.02875">
    <ele>2379.7200000000003</ele>
   </trkpt>
   <trkpt lat="34.36986" lon="-111.02913000000001">
    <ele>2379.59</ele>
   </trkpt>
   <trkpt lat="34.369690000000006" lon="-111.0296">
    <ele>2379.62</ele>
   </trkpt>
   <trkpt lat="34.369410001349564" lon="-111.03018500204313">
    <ele>2380.44</ele>
   </trkpt>
   <trkpt lat="34.369130000000006" lon="-111.03077">
    <ele>2380.67</ele>
   </trkpt>
   <trkpt lat="34.36893000305804" lon="-111.03164000216294">
    <ele>2380.9</ele>
   </trkpt>
   <trkpt lat="34.36873" lon="-111.03251">
    <ele>2379.57</ele>
   </trkpt>
   <trkpt lat="34.36867" lon="-111.03293000000001">
    <ele>2379.15</ele>
   </trkpt>
   <trkpt lat="34.36872" lon="-111.03345">
    <ele>2379.9100000000003</ele>
   </trkpt>
   <trkpt lat="34.3690400053513" lon="-111.0342599938512">
    <ele>2377.6</ele>
   </trkpt>
   <trkpt lat="34.36936000536682" lon="-111.03506999389037">
    <ele>2375.29</ele>
   </trkpt>
   <trkpt lat="34.36968" lon="-111.03588">
    <ele>2373.9100000000003</ele>
   </trkpt>
   <trkpt lat="34.36967" lon="-111.03614">
    <ele>2373.31</ele>
   </trkpt>
   <trkpt lat="34.369580000000006" lon="-111.03641">
    <ele>2372.11</ele>
   </trkpt>
   <trkpt lat="34.369240000000005" lon="-111.03692000000001">
    <ele>2369.72</ele>
   </trkpt>
   <trkpt lat="34.368590000000005" lon="-111.03762">
    <ele>2367.7400000000002</ele>
   </trkpt>
   <trkpt lat="34.36827" lon="-111.03834">
    <ele>2367.5800000000004</ele>
   </trkpt>
   <trkpt lat="34.367850000000004" lon="-111.03905">
    <ele>2368.7400000000002</ele>
   </trkpt>
   <trkpt lat="34.367650000000005" lon="-111.03924">
    <ele>2368.7400000000002</ele>
   </trkpt>
   <trkpt lat="34.367340000000006" lon="-111.03944000000001">
    <ele>2369.0</ele>
   </trkpt>
   <trkpt lat="34.36713" lon="-111.03954">
    <ele>2369.75</ele>
   </trkpt>
   <trkpt lat="34.36645000004765" lon="-111.03962000129911">
    <ele>2372.1200000000003</ele>
   </trkpt>
   <trkpt lat="34.36577000004323" lon="-111.0397000012996">
    <ele>2374.2500000000005</ele>
   </trkpt>
   <trkpt lat="34.36509" lon="-111.03978000000001">
    <ele>2374.94</ele>
   </trkpt>
   <trkpt lat="34.36449" lon="-111.03969000000001">
    <ele>2375.11</ele>
   </trkpt>
   <trkpt lat="34.36421" lon="-111.03968">
    <ele>2375.1200000000003</ele>
   </trkpt>
   <trkpt lat="34.36381" lon="-111.03972">
    <ele>2375.42</ele>
   </trkpt>
   <trkpt lat="34.36306500039007" lon="-111.03990000480223">
    <ele>2376.23</ele>
   </trkpt>
   <trkpt lat="34.36232000051666" lon="-111.0400800064037">
    <ele>2377.0</ele>
   </trkpt>
   <trkpt lat="34.36157500037977" lon="-111.04026000480457">
    <ele>2379.2500000000005</ele>
   </trkpt>
   <trkpt lat="34.36083" lon="-111.04044">
    <ele>2381.17</ele>
   </trkpt>
   <trkpt lat="34.360200000000006" lon="-111.04053">
    <ele>2382.59</ele>
   </trkpt>
   <trkpt lat="34.35971" lon="-111.04062">
    <ele>2383.98</ele>
   </trkpt>
   <trkpt lat="34.35925" lon="-111.04075">
    <ele>2385.81</ele>
   </trkpt>
   <trkpt lat="34.358790000000006" lon="-111.04094">
    <ele>2387.47</ele>
   </trkpt>
   <trkpt lat="34.35871" lon="-111.04111">
    <ele>2388.31</ele>
   </trkpt>
   <trkpt lat="34.358700000000006" lon="-111.04143">
    <ele>2388.91</ele>
   </trkpt>
   <trkpt lat="34.35864" lon="-111.04156">
    <ele>2389.46</ele>
   </trkpt>
   <trkpt lat="34.35853" lon="-111.04162000000001">
    <ele>2389.9700000000003</ele>
   </trkpt>
   <trkpt lat="34.35833" lon="-111.04161">
    <ele>2391.36</ele>
   </trkpt>
   <trkpt lat="34.357910000000004" lon="-111.04171000000001">
    <ele>2393.65</ele>
   </trkpt>
   <trkpt lat="34.35781" lon="-111.04178">
    <ele>2394.07</ele>
   </trkpt>
   <trkpt lat="34.35759" lon="-111.04202000000001">
    <ele>2394.19</ele>
   </trkpt>
   <trkpt lat="34.35745" lon="-111.04246">
    <ele>2393.4900000000002</ele>
   </trkpt>
   <trkpt lat="34.35743" lon="-111.04272">
    <ele>2393.38</ele>
   </trkpt>
   <trkpt lat="34.35739" lon="-111.0429">
    <ele>2393.2999999999997</ele>
   </trkpt>
   <trkpt lat="34.357240000000004" lon="-111.04308">
    <ele>2393.4300000000003</ele>
   </trkpt>
   <trkpt lat="34.35703" lon="-111.04327">
    <ele>2393.9500000000003</ele>
   </trkpt>
   <trkpt lat="34.356790000000004" lon="-111.04344">
    <ele>2394.8300000000004</ele>
   </trkpt>
   <trkpt lat="34.356350000000006" lon="-111.04433">
    <ele>2396.86</ele>
   </trkpt>
   <trkpt lat="34.35595" lon="-111.04492">
    <ele>2398.36</ele>
   </trkpt>
   <trkpt lat="34.35595" lon="-111.0451">
    <ele>2398.94</ele>
   </trkpt>
   <trkpt lat="34.35602" lon="-111.04529000000001">
    <ele>2399.38</ele>
   </trkpt>
   <trkpt lat="34.35606" lon="-111.0459">
    <ele>2399.78</ele>
   </trkpt>
   <trkpt lat="34.355990000000006" lon="-111.04684">
    <ele>2399.8</ele>
   </trkpt>
   <trkpt lat="34.35593" lon="-111.04702">
    <ele>2399.9100000000003</ele>
   </trkpt>
   <trkpt lat="34.35596" lon="-111.04747">
    <ele>2398.8300000000004</ele>
   </trkpt>
   <trkpt lat="34.35595" lon="-111.04765">
    <ele>2398.5600000000004</ele>
   </trkpt>
   <trkpt lat="34.35582" lon="-111.04782000000002">
    <ele>2398.5800000000004</ele>
   </trkpt>
   <trkpt lat="34.35551" lon="-111.04805">
    <ele>2399.0</ele>
   </trkpt>
   <trkpt lat="34.35539" lon="-111.04823">
    <ele>2398.7200000000003</ele>
   </trkpt>
   <trkpt lat="34.355320000000006" lon="-111.04845">
    <ele>2398.51</ele>
   </trkpt>
   <trkpt lat="34.355290000000004" lon="-111.04864">
    <ele>2397.92</ele>
   </trkpt>
   <trkpt lat="34.35528" lon="-111.04917">
    <ele>2397.36</ele>
   </trkpt>
   <trkpt lat="34.355320000000006" lon="-111.0493">
    <ele>2397.36</ele>
   </trkpt>
   <trkpt lat="34.35569" lon="-111.04993">
    <ele>2396.6000000000004</ele>
   </trkpt>
   <trkpt lat="34.355850000000004" lon="-111.05026000000001">
    <ele>2395.89</ele>
   </trkpt>
   <trkpt lat="34.355880000000006" lon="-111.05044000000001">
    <ele>2395.2400000000002</ele>
   </trkpt>
   <trkpt lat="34.35587" lon="-111.05062000000001">
    <ele>2394.03</ele>
   </trkpt>
   <trkpt lat="34.355810000000005" lon="-111.05074">
    <ele>2393.84</ele>
   </trkpt>
   <trkpt lat="34.355430000000005" lon="-111.05096">
    <ele>2393.91</ele>
   </trkpt>
   <trkpt lat="34.35503" lon="-111.05115">
    <ele>2394.9200000000005</ele>
   </trkpt>
   <trkpt lat="34.35479" lon="-111.05136">
    <ele>2394.7700000000004</ele>
   </trkpt>
   <trkpt lat="34.35465" lon="-111.05142000000001">
    <ele>2394.34</ele>
   </trkpt>
   <trkpt lat="34.35439" lon="-111.05147000000001">
    <ele>2392.86</ele>
   </trkpt>
   <trkpt lat="34.354310000000005" lon="-111.05151000000001">
    <ele>2392.5400000000004</ele>
   </trkpt>
   <trkpt lat="34.35423" lon="-111.05177">
    <ele>2392.91</ele>
   </trkpt>
   <trkpt lat="34.35408" lon="-111.0519">
    <ele>2394.4300000000003</ele>
   </trkpt>
   <trkpt lat="34.35396" lon="-111.05208">
    <ele>2395.53</ele>
   </trkpt>
   <trkpt lat="34.353840000000005" lon="-111.05239">
    <ele>2397.11</ele>
   </trkpt>
   <trkpt lat="34.353770000000004" lon="-111.05271">
    <ele>2397.9</ele>
   </trkpt>
   <trkpt lat="34.35376" lon="-111.05299000000001">
    <ele>2398.1400000000003</ele>
   </trkpt>
   <trkpt lat="34.35369" lon="-111.05342">
    <ele>2398.48</ele>
   </trkpt>
   <trkpt lat="34.3537" lon="-111.05361">
    <ele>2398.48</ele>
   </trkpt>
   <trkpt lat="34.353770000000004" lon="-111.05393000000001">
    <ele>2398.8</ele>
   </trkpt>
   <trkpt lat="34.35374" lon="-111.05418">
    <ele>2398.8</ele>
   </trkpt>
   <trkpt lat="34.35376" lon="-111.05455">
    <ele>2398.6800000000003</ele>
   </trkpt>
   <trkpt lat="34.35385" lon="-111.05503">
    <ele>2397.52</ele>
   </trkpt>
   <trkpt lat="34.353840000000005" lon="-111.05517">
    <ele>2397.18</ele>
   </trkpt>
   <trkpt lat="34.35367" lon="-111.05566">
    <ele>2394.28</ele>
   </trkpt>
   <trkpt lat="34.353590000000004" lon="-111.05575">
    <ele>2393.9</ele>
   </trkpt>
   <trkpt lat="34.35352" lon="-111.05575">
    <ele>2393.28</ele>
   </trkpt>
   <trkpt lat="34.35325" lon="-111.05550000000001">
    <ele>2374.59</ele>
   </trkpt>
   <trkpt lat="34.35296" lon="-111.05562">
    <ele>2360.91</ele>
   </trkpt>
   <trkpt lat="34.35269" lon="-111.05576">
    <ele>2345.58</ele>
   </trkpt>
   <trkpt lat="34.352700000000006" lon="-111.05553">
    <ele>2338.46</ele>
   </trkpt>
   <trkpt lat="34.3526" lon="-111.05539">
    <ele>2328.3500000000004</ele>
   </trkpt>
   <trkpt lat="34.352500000000006" lon="-111.05549">
    <ele>2323.96</ele>
   </trkpt>
   <trkpt lat="34.352430000000005" lon="-111.05535">
    <ele>2316.04</ele>
   </trkpt>
   <trkpt lat="34.352320000000006" lon="-111.05548">
    <ele>2309.87</ele>
   </trkpt>
   <trkpt lat="34.35222" lon="-111.05539">
    <ele>2303.1</ele>
   </trkpt>
   <trkpt lat="34.35219" lon="-111.05549">
    <ele>2303.1</ele>
   </trkpt>
   <trkpt lat="34.352000000000004" lon="-111.05553">
    <ele>2289.2000000000003</ele>
   </trkpt>
   <trkpt lat="34.351760000000006" lon="-111.05615">
    <ele>2267.0099999999998</ele>
   </trkpt>
   <trkpt lat="34.35155" lon="-111.05661">
    <ele>2258.81</ele>
   </trkpt>
   <trkpt lat="34.35148" lon="-111.05733000000001">
    <ele>2247.13</ele>
   </trkpt>
   <trkpt lat="34.35119" lon="-111.05805000000001">
    <ele>2228.25</ele>
   </trkpt>
   <trkpt lat="34.35117" lon="-111.05862">
    <ele>2208.57</ele>
   </trkpt>
   <trkpt lat="34.35118" lon="-111.05911">
    <ele>2200.24</ele>
   </trkpt>
   <trkpt lat="34.35116" lon="-111.05939000000001">
    <ele>2193.68</ele>
   </trkpt>
   <trkpt lat="34.351110000000006" lon="-111.05947">
    <ele>2192.6200000000003</ele>
   </trkpt>
   <trkpt lat="34.35094" lon="-111.0596">
    <ele>2186.25</ele>
   </trkpt>
   <trkpt lat="34.35103" lon="-111.05996">
    <ele>2180.42</ele>
   </trkpt>
   <trkpt lat="34.350860000000004" lon="-111.06009">
    <ele>2169.36</ele>
   </trkpt>
   <trkpt lat="34.35063" lon="-111.06036">
    <ele>2159.8300000000004</ele>
   </trkpt>
   <trkpt lat="34.35062" lon="-111.06073">
    <ele>2146.19</ele>
   </trkpt>
   <trkpt lat="34.350590000000004" lon="-111.06108">
    <ele>2137.8500000000004</ele>
   </trkpt>
   <trkpt lat="34.350750000000005" lon="-111.06127000000001">
    <ele>2133.67</ele>
   </trkpt>
   <trkpt lat="34.350730000000006" lon="-111.06154000000001">
    <ele>2125.28</ele>
   </trkpt>
   <trkpt lat="34.35051" lon="-111.06162">
    <ele>2120.19</ele>
   </trkpt>
   <trkpt lat="34.35034" lon="-111.06162">
    <ele>2115.76</ele>
   </trkpt>
   <trkpt lat="34.350060000000006" lon="-111.06171">
    <ele>2107.2300000000005</ele>
   </trkpt>
   <trkpt lat="34.35002" lon="-111.06206">
    <ele>2098.28</ele>
   </trkpt>
   <trkpt lat="34.350030000000004" lon="-111.06247">
    <ele>2090.09</ele>
   </trkpt>
   <trkpt lat="34.35014" lon="-111.06291">
    <ele>2076.95</ele>
   </trkpt>
   <trkpt lat="34.35013" lon="-111.06291">
    <ele>2076.95</ele>
   </trkpt>
   <trkpt lat="34.350480000000005" lon="-111.06302000000001">
    <ele>2064.55</ele>
   </trkpt>
   <trkpt lat="34.350880000000004" lon="-111.063">
    <ele>2055.8</ele>
   </trkpt>
   <trkpt lat="34.350950000000005" lon="-111.06328">
    <ele>2049.96</ele>
   </trkpt>
   <trkpt lat="34.351200000000006" lon="-111.06323">
    <ele>2050.8</ele>
   </trkpt>
   <trkpt lat="34.35126" lon="-111.06318">
    <ele>2050.4500000000003</ele>
   </trkpt>
   <trkpt lat="34.35125" lon="-111.06309">
    <ele>2050.16</ele>
   </trkpt>
   <trkpt lat="34.351470000000006" lon="-111.063">
    <ele>2047.7000000000003</ele>
   </trkpt>
   <trkpt lat="34.3517" lon="-111.06305">
    <ele>2045.1200000000001</ele>
   </trkpt>
   <trkpt lat="34.35193" lon="-111.06305">
    <ele>2040.43</ele>
   </trkpt>
   <trkpt lat="34.3523" lon="-111.06296">
    <ele>2040.3200000000004</ele>
   </trkpt>
   <trkpt lat="34.352360000000004" lon="-111.06297">
    <ele>2040.69</ele>
   </trkpt>
   <trkpt lat="34.352430000000005" lon="-111.06311000000001">
    <ele>2043.3700000000003</ele>
   </trkpt>
   <trkpt lat="34.352450000000005" lon="-111.06336">
    <ele>2045.6600000000003</ele>
   </trkpt>
   <trkpt lat="34.352520000000005" lon="-111.06351000000001">
    <ele>2046.31</ele>
   </trkpt>
   <trkpt lat="34.35257" lon="-111.06376">
    <ele>2041.83</ele>
   </trkpt>
   <trkpt lat="34.353010000000005" lon="-111.0643">
    <ele>2035.1799999999998</ele>
   </trkpt>
   <trkpt lat="34.353190000000005" lon="-111.06448">
    <ele>2033.24</ele>
   </trkpt>
   <trkpt lat="34.3532" lon="-111.06462">
    <ele>2033.08</ele>
   </trkpt>
   <trkpt lat="34.35327" lon="-111.06471">
    <ele>2033.0700000000004</ele>
   </trkpt>
   <trkpt lat="34.353590000000004" lon="-111.06490000000001">
    <ele>2034.3300000000002</ele>
   </trkpt>
   <trkpt lat="34.353970000000004" lon="-111.0652">
    <ele>2034.1599999999999</ele>
   </trkpt>
   <trkpt lat="34.35414" lon="-111.06546000000002">
    <ele>2031.9800000000002</ele>
   </trkpt>
   <trkpt lat="34.3547" lon="-111.06584000000001">
    <ele>2025.51</ele>
   </trkpt>
   <trkpt lat="34.354960000000005" lon="-111.06593000000001">
    <ele>2025.69</ele>
   </trkpt>
   <trkpt lat="34.35517" lon="-111.06596">
    <ele>2025.62</ele>
   </trkpt>
   <trkpt lat="34.355270000000004" lon="-111.06593000000001">
    <ele>2025.3100000000002</ele>
   </trkpt>
   <trkpt lat="34.3556" lon="-111.06574">
    <ele>2023.2300000000002</ele>
   </trkpt>
   <trkpt lat="34.355920000000005" lon="-111.06547">
    <ele>2020.3600000000001</ele>
   </trkpt>
   <trkpt lat="34.35614" lon="-111.06539000000001">
    <ele>2016.0</ele>
   </trkpt>
   <trkpt lat="34.356350000000006" lon="-111.06525">
    <ele>2011.9</ele>
   </trkpt>
   <trkpt lat="34.35649" lon="-111.06521000000001">
    <ele>2010.4</ele>
   </trkpt>
   <trkpt lat="34.356660000000005" lon="-111.0652">
    <ele>2010.73</ele>
   </trkpt>
   <trkpt lat="34.356770000000004" lon="-111.06551">
    <ele>2012.4400000000003</ele>
   </trkpt>
   <trkpt lat="34.356840000000005" lon="-111.06556">
    <ele>2012.1100000000004</ele>
   </trkpt>
   <trkpt lat="34.35701" lon="-111.06556">
    <ele>2011.32</ele>
   </trkpt>
   <trkpt lat="34.357130000000005" lon="-111.06547">
    <ele>2011.6599999999999</ele>
   </trkpt>
   <trkpt lat="34.35725" lon="-111.06533">
    <ele>2012.6699999999998</ele>
   </trkpt>
   <trkpt lat="34.357310000000005" lon="-111.06515">
    <ele>2014.77</ele>
   </trkpt>
   <trkpt lat="34.35739" lon="-111.06506">
    <ele>2016.07</ele>
   </trkpt>
   <trkpt lat="34.35772" lon="-111.06479">
    <ele>2019.7000000000003</ele>
   </trkpt>
   <trkpt lat="34.357890000000005" lon="-111.06472000000001">
    <ele>2021.8500000000001</ele>
   </trkpt>
   <trkpt lat="34.35794" lon="-111.06483000000001">
    <ele>2009.5</ele>
   </trkpt>
   <trkpt lat="34.35804" lon="-111.06485">
    <ele>2006.0000000000002</ele>
   </trkpt>
   <trkpt lat="34.35813" lon="-111.06481000000001">
    <ele>2006.58</ele>
   </trkpt>
   <trkpt lat="34.35824" lon="-111.06489">
    <ele>2002.9600000000003</ele>
   </trkpt>
   <trkpt lat="34.358340000000005" lon="-111.06486000000001">
    <ele>2003.9700000000003</ele>
   </trkpt>
   <trkpt lat="34.35842" lon="-111.0648">
    <ele>2003.9700000000003</ele>
   </trkpt>
   <trkpt lat="34.35848" lon="-111.06470000000002">
    <ele>2006.73</ele>
   </trkpt>
   <trkpt lat="34.35853" lon="-111.06479">
    <ele>2003.46</ele>
   </trkpt>
   <trkpt lat="34.35864" lon="-111.06478000000001">
    <ele>2003.42</ele>
   </trkpt>
   <trkpt lat="34.358940000000004" lon="-111.06478000000001">
    <ele>1998.16</ele>
   </trkpt>
   <trkpt lat="34.35904" lon="-111.06483000000001">
    <ele>1994.43</ele>
   </trkpt>
   <trkpt lat="34.3592" lon="-111.06454000000001">
    <ele>1998.14</ele>
   </trkpt>
   <trkpt lat="34.35927" lon="-111.06447000000001">
    <ele>1998.43</ele>
   </trkpt>
   <trkpt lat="34.359350000000006" lon="-111.06454000000001">
    <ele>1997.1200000000001</ele>
   </trkpt>
   <trkpt lat="34.359350000000006" lon="-111.06467">
    <ele>1994.0300000000002</ele>
   </trkpt>
   <trkpt lat="34.3594" lon="-111.06482000000001">
    <ele>1990.32</ele>
   </trkpt>
   <trkpt lat="34.35956" lon="-111.06513000000001">
    <ele>1991.8500000000001</ele>
   </trkpt>
   <trkpt lat="34.35967" lon="-111.0652">
    <ele>1992.9200000000003</ele>
   </trkpt>
   <trkpt lat="34.35974" lon="-111.06530000000001">
    <ele>1991.96</ele>
   </trkpt>
   <trkpt lat="34.35981" lon="-111.06538">
    <ele>1992.43</ele>
   </trkpt>
   <trkpt lat="34.35991" lon="-111.06538">
    <ele>1993.5300000000002</ele>
   </trkpt>
   <trkpt lat="34.36" lon="-111.06534">
    <ele>1995.2600000000002</ele>
   </trkpt>
   <trkpt lat="34.360040000000005" lon="-111.06545000000001">
    <ele>1991.8300000000002</ele>
   </trkpt>
   <trkpt lat="34.360130000000005" lon="-111.06552">
    <ele>1991.14</ele>
   </trkpt>
   <trkpt lat="34.360220000000005" lon="-111.06553000000001">
    <ele>1990.94</ele>
   </trkpt>
   <trkpt lat="34.36043" lon="-111.06549000000001">
    <ele>1994.4700000000003</ele>
   </trkpt>
   <trkpt lat="34.36052" lon="-111.06552">
    <ele>1993.1900000000003</ele>
   </trkpt>
   <trkpt lat="34.36063" lon="-111.06549000000001">
    <ele>1994.3100000000002</ele>
   </trkpt>
   <trkpt lat="34.360690000000005" lon="-111.06539000000001">
    <ele>1998.18</ele>
   </trkpt>
   <trkpt lat="34.36086" lon="-111.06553000000001">
    <ele>1991.6200000000001</ele>
   </trkpt>
   <trkpt lat="34.36095" lon="-111.06551">
    <ele>1996.4800000000002</ele>
   </trkpt>
   <trkpt lat="34.361140000000006" lon="-111.06537000000002">
    <ele>2007.12</ele>
   </trkpt>
   <trkpt lat="34.361360000000005" lon="-111.06541000000001">
    <ele>2008.2500000000002</ele>
   </trkpt>
   <trkpt lat="34.36137" lon="-111.06552">
    <ele>2004.27</ele>
   </trkpt>
   <trkpt lat="34.361450000000005" lon="-111.06574">
    <ele>2013.62</ele>
   </trkpt>
   <trkpt lat="34.361380000000004" lon="-111.06582">
    <ele>2010.1200000000001</ele>
   </trkpt>
   <trkpt lat="34.361320000000006" lon="-111.06591">
    <ele>2004.9800000000002</ele>
   </trkpt>
   <trkpt lat="34.361270000000005" lon="-111.06604000000002">
    <ele>2003.1600000000003</ele>
   </trkpt>
   <trkpt lat="34.36131" lon="-111.06615000000001">
    <ele>2003.14</ele>
   </trkpt>
   <trkpt lat="34.361430000000006" lon="-111.06616000000001">
    <ele>2005.09</ele>
   </trkpt>
   <trkpt lat="34.361650000000004" lon="-111.06621000000001">
    <ele>2001.51</ele>
   </trkpt>
   <trkpt lat="34.361740000000005" lon="-111.06616000000001">
    <ele>2002.9500000000003</ele>
   </trkpt>
   <trkpt lat="34.361830000000005" lon="-111.06614">
    <ele>1999.67</ele>
   </trkpt>
   <trkpt lat="34.36193" lon="-111.06606000000001">
    <ele>2003.15</ele>
   </trkpt>
   <trkpt lat="34.362030000000004" lon="-111.06611000000001">
    <ele>2003.0</ele>
   </trkpt>
   <trkpt lat="34.36204" lon="-111.06636">
    <ele>2004.3100000000002</ele>
   </trkpt>
   <trkpt lat="34.362030000000004" lon="-111.06647000000001">
    <ele>2005.8600000000001</ele>
   </trkpt>
   <trkpt lat="34.36195" lon="-111.06669000000001">
    <ele>1999.91</ele>
   </trkpt>
   <trkpt lat="34.361920000000005" lon="-111.06682">
    <ele>1997.64</ele>
   </trkpt>
   <trkpt lat="34.361920000000005" lon="-111.06713">
    <ele>1995.3300000000002</ele>
   </trkpt>
   <trkpt lat="34.361940000000004" lon="-111.06729000000001">
    <ele>1994.08</ele>
   </trkpt>
   <trkpt lat="34.361990000000006" lon="-111.06743000000002">
    <ele>1995.0700000000002</ele>
   </trkpt>
   <trkpt lat="34.36206" lon="-111.06751000000001">
    <ele>1998.76</ele>
   </trkpt>
   <trkpt lat="34.36207" lon="-111.06764000000001">
    <ele>1998.39</ele>
   </trkpt>
   <trkpt lat="34.36213" lon="-111.06776">
    <ele>1999.0500000000002</ele>
   </trkpt>
   <trkpt lat="34.36222" lon="-111.06787000000001">
    <ele>2000.1200000000003</ele>
   </trkpt>
   <trkpt lat="34.36253" lon="-111.06799000000001">
    <ele>1997.4900000000002</ele>
   </trkpt>
   <trkpt lat="34.36262" lon="-111.06798">
    <ele>1996.3100000000002</ele>
   </trkpt>
   <trkpt lat="34.36285" lon="-111.06802">
    <ele>1993.2600000000002</ele>
   </trkpt>
   <trkpt lat="34.36294" lon="-111.06795000000001">
    <ele>1996.5000000000002</ele>
   </trkpt>
   <trkpt lat="34.363170000000004" lon="-111.06789">
    <ele>1997.57</ele>
   </trkpt>
   <trkpt lat="34.36328" lon="-111.06787000000001">
    <ele>1997.8000000000002</ele>
   </trkpt>
   <trkpt lat="34.36337" lon="-111.06782000000001">
    <ele>1998.23</ele>
   </trkpt>
   <trkpt lat="34.36345" lon="-111.06772000000001">
    <ele>1998.2400000000002</ele>
   </trkpt>
   <trkpt lat="34.363580000000006" lon="-111.06751000000001">
    <ele>2000.0</ele>
   </trkpt>
   <trkpt lat="34.36365" lon="-111.06725000000002">
    <ele>2002.31</ele>
   </trkpt>
   <trkpt lat="34.36372" lon="-111.06713">
    <ele>2001.43</ele>
   </trkpt>
   <trkpt lat="34.36377" lon="-111.06695">
    <ele>2001.3700000000001</ele>
   </trkpt>
   <trkpt lat="34.363870000000006" lon="-111.0669">
    <ele>1997.69</ele>
   </trkpt>
   <trkpt lat="34.364180000000005" lon="-111.06627">
    <ele>1996.1000000000001</ele>
   </trkpt>
   <trkpt lat="34.364270000000005" lon="-111.06617000000001">
    <ele>1994.94</ele>
   </trkpt>
   <trkpt lat="34.36441" lon="-111.06594000000001">
    <ele>1995.13</ele>
   </trkpt>
   <trkpt lat="34.3645" lon="-111.06582">
    <ele>1995.13</ele>
   </trkpt>
   <trkpt lat="34.364610000000006" lon="-111.06556">
    <ele>1994.16</ele>
   </trkpt>
   <trkpt lat="34.364610000000006" lon="-111.06544000000001">
    <ele>1995.47</ele>
   </trkpt>
   <trkpt lat="34.36468" lon="-111.06533">
    <ele>1994.6200000000001</ele>
   </trkpt>
   <trkpt lat="34.364850000000004" lon="-111.06500000000001">
    <ele>1992.3400000000001</ele>
   </trkpt>
   <trkpt lat="34.36488" lon="-111.06487000000001">
    <ele>1992.8300000000002</ele>
   </trkpt>
   <trkpt lat="34.36497" lon="-111.06477000000001">
    <ele>1992.19</ele>
   </trkpt>
   <trkpt lat="34.36502" lon="-111.06465000000001">
    <ele>1991.4300000000003</ele>
   </trkpt>
   <trkpt lat="34.365100000000005" lon="-111.06456000000001">
    <ele>1989.8500000000001</ele>
   </trkpt>
   <trkpt lat="34.36516" lon="-111.06443000000002">
    <ele>1987.7700000000002</ele>
   </trkpt>
   <trkpt lat="34.36518" lon="-111.06431">
    <ele>1987.78</ele>
   </trkpt>
   <trkpt lat="34.36515" lon="-111.06415000000001">
    <ele>1989.0500000000002</ele>
   </trkpt>
   <trkpt lat="34.365030000000004" lon="-111.06411000000001">
    <ele>1992.46</ele>
   </trkpt>
   <trkpt lat="34.36493" lon="-111.06410000000001">
    <ele>1996.7200000000003</ele>
   </trkpt>
   <trkpt lat="34.36493" lon="-111.06398000000002">
    <ele>1997.3700000000001</ele>
   </trkpt>
   <trkpt lat="34.365210000000005" lon="-111.06374000000001">
    <ele>1988.66</ele>
   </trkpt>
   <trkpt lat="34.36524" lon="-111.06349000000002">
    <ele>1990.5600000000002</ele>
   </trkpt>
   <trkpt lat="34.36533" lon="-111.06342000000001">
    <ele>1987.5900000000001</ele>
   </trkpt>
   <trkpt lat="34.36543" lon="-111.06312000000001">
    <ele>1990.0300000000002</ele>
   </trkpt>
   <trkpt lat="34.36563" lon="-111.06294000000001">
    <ele>1987.0100000000002</ele>
   </trkpt>
   <trkpt lat="34.36569" lon="-111.06281000000001">
    <ele>1986.14</ele>
   </trkpt>
   <trkpt lat="34.365750000000006" lon="-111.06268000000001">
    <ele>1985.8400000000001</ele>
   </trkpt>
   <trkpt lat="34.36576" lon="-111.06256">
    <ele>1984.7800000000002</ele>
   </trkpt>
   <trkpt lat="34.365750000000006" lon="-111.06243">
    <ele>1987.1000000000001</ele>
   </trkpt>
   <trkpt lat="34.365840000000006" lon="-111.06206">
    <ele>1984.05</ele>
   </trkpt>
   <trkpt lat="34.365860000000005" lon="-111.06193">
    <ele>1983.88</ele>
   </trkpt>
   <trkpt lat="34.365930000000006" lon="-111.06187000000001">
    <ele>1978.13</ele>
   </trkpt>
   <trkpt lat="34.366" lon="-111.06175">
    <ele>1974.77</ele>
   </trkpt>
   <trkpt lat="34.366020000000006" lon="-111.06164000000001">
    <ele>1974.9500000000003</ele>
   </trkpt>
   <trkpt lat="34.36614" lon="-111.06137000000001">
    <ele>1969.5700000000002</ele>
   </trkpt>
   <trkpt lat="34.36618" lon="-111.06096000000001">
    <ele>1977.1200000000001</ele>
   </trkpt>
   <trkpt lat="34.36614" lon="-111.06082">
    <ele>1979.41</ele>
   </trkpt>
   <trkpt lat="34.366150000000005" lon="-111.06071000000001">
    <ele>1981.0</ele>
   </trkpt>
   <trkpt lat="34.36619" lon="-111.06060000000001">
    <ele>1979.5800000000002</ele>
   </trkpt>
   <trkpt lat="34.36619" lon="-111.06045">
    <ele>1978.8700000000001</ele>
   </trkpt>
   <trkpt lat="34.366040000000005" lon="-111.06008000000001">
    <ele>1985.8700000000001</ele>
   </trkpt>
   <trkpt lat="34.36598" lon="-111.05998000000001">
    <ele>1988.8300000000002</ele>
   </trkpt>
   <trkpt lat="34.3659" lon="-111.05990000000001">
    <ele>1992.2700000000002</ele>
   </trkpt>
   <trkpt lat="34.365860000000005" lon="-111.05978">
    <ele>1997.42</ele>
   </trkpt>
   <trkpt lat="34.365860000000005" lon="-111.05967000000001">
    <ele>1997.0500000000002</ele>
   </trkpt>
   <trkpt lat="34.36581" lon="-111.05954000000001">
    <ele>2000.1299999999999</ele>
   </trkpt>
   <trkpt lat="34.36589" lon="-111.05933">
    <ele>1994.13</ele>
   </trkpt>
   <trkpt lat="34.36589" lon="-111.0592">
    <ele>1993.72</ele>
   </trkpt>
   <trkpt lat="34.365970000000004" lon="-111.05925">
    <ele>1986.4500000000003</ele>
   </trkpt>
   <trkpt lat="34.36603" lon="-111.05934">
    <ele>1984.2800000000002</ele>
   </trkpt>
   <trkpt lat="34.36612" lon="-111.05931000000001">
    <ele>1978.7200000000003</ele>
   </trkpt>
   <trkpt lat="34.366240000000005" lon="-111.05938">
    <ele>1974.0100000000002</ele>
   </trkpt>
   <trkpt lat="34.36627" lon="-111.05926000000001">
    <ele>1974.0600000000002</ele>
   </trkpt>
   <trkpt lat="34.36636" lon="-111.05928000000002">
    <ele>1972.13</ele>
   </trkpt>
   <trkpt lat="34.36643" lon="-111.05935000000001">
    <ele>1971.17</ele>
   </trkpt>
   <trkpt lat="34.366530000000004" lon="-111.05932000000001">
    <ele>1972.3400000000001</ele>
   </trkpt>
   <trkpt lat="34.36674" lon="-111.05937000000002">
    <ele>1974.8000000000002</ele>
   </trkpt>
   <trkpt lat="34.366890000000005" lon="-111.05955000000002">
    <ele>1976.5700000000002</ele>
   </trkpt>
   <trkpt lat="34.367070000000005" lon="-111.05964000000002">
    <ele>1979.1100000000001</ele>
   </trkpt>
   <trkpt lat="34.36735" lon="-111.05998000000001">
    <ele>1980.8100000000002</ele>
   </trkpt>
   <trkpt lat="34.367430000000006" lon="-111.06005">
    <ele>1983.7300000000002</ele>
   </trkpt>
   <trkpt lat="34.367490000000004" lon="-111.06015000000001">
    <ele>1984.5</ele>
   </trkpt>
   <trkpt lat="34.36755" lon="-111.06024000000001">
    <ele>1984.0300000000002</ele>
   </trkpt>
   <trkpt lat="34.36759" lon="-111.06036">
    <ele>1984.1100000000001</ele>
   </trkpt>
   <trkpt lat="34.367720000000006" lon="-111.06060000000001">
    <ele>1985.5800000000002</ele>
   </trkpt>
   <trkpt lat="34.36779" lon="-111.06067000000002">
    <ele>1986.8600000000001</ele>
   </trkpt>
   <trkpt lat="34.36797" lon="-111.06098000000001">
    <ele>1989.4</ele>
   </trkpt>
   <trkpt lat="34.36802" lon="-111.06109000000001">
    <ele>1991.7700000000002</ele>
   </trkpt>
   <trkpt lat="34.368230000000004" lon="-111.06117">
    <ele>1997.69</ele>
   </trkpt>
   <trkpt lat="34.368300000000005" lon="-111.06124000000001">
    <ele>2000.8000000000004</ele>
   </trkpt>
   <trkpt lat="34.368370000000006" lon="-111.06134000000002">
    <ele>2002.44</ele>
   </trkpt>
   <trkpt lat="34.36827" lon="-111.06158">
    <ele>2000.75</ele>
   </trkpt>
   <trkpt lat="34.36838" lon="-111.06162">
    <ele>2002.71</ele>
   </trkpt>
   <trkpt lat="34.368590000000005" lon="-111.06144">
    <ele>2003.41</ele>
   </trkpt>
   <trkpt lat="34.368640000000006" lon="-111.06133000000001">
    <ele>2003.41</ele>
   </trkpt>
   <trkpt lat="34.368790000000004" lon="-111.06117">
    <ele>2004.0500000000002</ele>
   </trkpt>
   <trkpt lat="34.36896" lon="-111.06080000000001">
    <ele>2012.7100000000003</ele>
   </trkpt>
   <trkpt lat="34.36914" lon="-111.06065000000001">
    <ele>2014.38</ele>
   </trkpt>
   <trkpt lat="34.36927" lon="-111.0605">
    <ele>2015.3400000000001</ele>
   </trkpt>
   <trkpt lat="34.36925" lon="-111.06034000000001">
    <ele>2022.2700000000002</ele>
   </trkpt>
   <trkpt lat="34.36919" lon="-111.06033000000001">
    <ele>2023.5500000000002</ele>
   </trkpt>
   <trkpt lat="34.36945" lon="-111.06033000000001">
    <ele>2017.6000000000001</ele>
   </trkpt>
   <trkpt lat="34.369530000000005" lon="-111.06023">
    <ele>2016.0200000000002</ele>
   </trkpt>
   <trkpt lat="34.369620000000005" lon="-111.06018">
    <ele>2015.9200000000003</ele>
   </trkpt>
   <trkpt lat="34.36963" lon="-111.06002000000001">
    <ele>2016.2900000000002</ele>
   </trkpt>
   <trkpt lat="34.36968" lon="-111.06009">
    <ele>2016.2900000000002</ele>
   </trkpt>
   <trkpt lat="34.369710000000005" lon="-111.06001">
    <ele>2021.69</ele>
   </trkpt>
   <trkpt lat="34.369800000000005" lon="-111.05992">
    <ele>2021.69</ele>
   </trkpt>
   <trkpt lat="34.36988" lon="-111.05988">
    <ele>2025.9</ele>
   </trkpt>
   <trkpt lat="34.370000000000005" lon="-111.05987">
    <ele>2019.99</ele>
   </trkpt>
   <trkpt lat="34.370050000000006" lon="-111.05997">
    <ele>2019.99</ele>
   </trkpt>
   <trkpt lat="34.37004" lon="-111.05998000000001">
    <ele>2031.45</ele>
   </trkpt>
   <trkpt lat="34.37006" lon="-111.06">
    <ele>2031.45</ele>
   </trkpt>
   <trkpt lat="34.370110000000004" lon="-111.06001">
    <ele>2031.45</ele>
   </trkpt>
   <trkpt lat="34.37037" lon="-111.05978">
    <ele>2037.5200000000002</ele>
   </trkpt>
   <trkpt lat="34.3706" lon="-111.05978">
    <ele>2064.57</ele>
   </trkpt>
   <trkpt lat="34.37086" lon="-111.0596">
    <ele>2064.57</ele>
   </trkpt>
   <trkpt lat="34.37106" lon="-111.05942">
    <ele>2064.57</ele>
   </trkpt>
   <trkpt lat="34.371100000000006" lon="-111.05933">
    <ele>2064.57</ele>
   </trkpt>
   <trkpt lat="34.37109" lon="-111.05924">
    <ele>2082.09</ele>
   </trkpt>
   <trkpt lat="34.370960000000004" lon="-111.05906">
    <ele>2082.09</ele>
   </trkpt>
   <trkpt lat="34.37097" lon="-111.05902">
    <ele>2082.09</ele>
   </trkpt>
   <trkpt lat="34.37106" lon="-111.05893">
    <ele>2082.09</ele>
   </trkpt>
   <trkpt lat="34.37127" lon="-111.05876">
    <ele>2093.55</ele>
   </trkpt>
   <trkpt lat="34.371390000000005" lon="-111.05875">
    <ele>2100.76</ele>
   </trkpt>
   <trkpt lat="34.371430000000004" lon="-111.05871">
    <ele>2100.76</ele>
   </trkpt>
   <trkpt lat="34.371460000000006" lon="-111.05857">
    <ele>2100.76</ele>
   </trkpt>
   <trkpt lat="34.371570000000006" lon="-111.05836000000001">
    <ele>2107.7799999999997</ele>
   </trkpt>
   <trkpt lat="34.371790000000004" lon="-111.0583">
    <ele>2116.17</ele>
   </trkpt>
   <trkpt lat="34.371880000000004" lon="-111.0583">
    <ele>2119.12</ele>
   </trkpt>
   <trkpt lat="34.371950000000005" lon="-111.05839">
    <ele>2119.12</ele>
   </trkpt>
   <trkpt lat="34.37209" lon="-111.05839">
    <ele>2128.17</ele>
   </trkpt>
   <trkpt lat="34.37216" lon="-111.05836000000001">
    <ele>2131.11</ele>
   </trkpt>
   <trkpt lat="34.37223" lon="-111.0583">
    <ele>2131.11</ele>
   </trkpt>
   <trkpt lat="34.372350000000004" lon="-111.05823000000001">
    <ele>2131.11</ele>
   </trkpt>
   <trkpt lat="34.372780000000006" lon="-111.05781">
    <ele>2152.7400000000002</ele>
   </trkpt>
   <trkpt lat="34.372910000000005" lon="-111.05777">
    <ele>2158.7</ele>
   </trkpt>
   <trkpt lat="34.37295" lon="-111.05781">
    <ele>2158.7</ele>
   </trkpt>
   <trkpt lat="34.37295" lon="-111.05812">
    <ele>2172.25</ele>
   </trkpt>
   <trkpt lat="34.372980000000005" lon="-111.05817">
    <ele>2172.25</ele>
   </trkpt>
   <trkpt lat="34.37306" lon="-111.05821">
    <ele>2176.67</ele>
   </trkpt>
   <trkpt lat="34.373110000000004" lon="-111.05821">
    <ele>2176.67</ele>
   </trkpt>
   <trkpt lat="34.373340000000006" lon="-111.05808">
    <ele>2182.4</ele>
   </trkpt>
   <trkpt lat="34.3736" lon="-111.05808">
    <ele>2189.2</ele>
   </trkpt>
   <trkpt lat="34.37369" lon="-111.058">
    <ele>2196.15</ele>
   </trkpt>
   <trkpt lat="34.37375" lon="-111.05799">
    <ele>2199.0000000000005</ele>
   </trkpt>
   <trkpt lat="34.37388" lon="-111.0579">
    <ele>2202.15</ele>
   </trkpt>
   <trkpt lat="34.37397" lon="-111.05791">
    <ele>2203.9</ele>
   </trkpt>
   <trkpt lat="34.3742" lon="-111.05781">
    <ele>2216.55</ele>
   </trkpt>
   <trkpt lat="34.37447" lon="-111.05781">
    <ele>2230.2200000000003</ele>
   </trkpt>
   <trkpt lat="34.37454" lon="-111.05787000000001">
    <ele>2232.05</ele>
   </trkpt>
   <trkpt lat="34.37496" lon="-111.05796000000001">
    <ele>2245.4</ele>
   </trkpt>
   <trkpt lat="34.37505" lon="-111.05803">
    <ele>2250.27</ele>
   </trkpt>
   <trkpt lat="34.37514" lon="-111.05817">
    <ele>2255.59</ele>
   </trkpt>
   <trkpt lat="34.37523" lon="-111.05817">
    <ele>2255.59</ele>
   </trkpt>
   <trkpt lat="34.37529" lon="-111.05814000000001">
    <ele>2262.4600000000005</ele>
   </trkpt>
   <trkpt lat="34.375420000000005" lon="-111.05813">
    <ele>2266.14</ele>
   </trkpt>
   <trkpt lat="34.375600000000006" lon="-111.05817">
    <ele>2274.06</ele>
   </trkpt>
   <trkpt lat="34.37572" lon="-111.05822">
    <ele>2282.29</ele>
   </trkpt>
   <trkpt lat="34.37574" lon="-111.05835">
    <ele>2285.8500000000004</ele>
   </trkpt>
   <trkpt lat="34.37579" lon="-111.05845000000001">
    <ele>2288.6600000000003</ele>
   </trkpt>
   <trkpt lat="34.376070000000006" lon="-111.05861000000002">
    <ele>2296.77</ele>
   </trkpt>
   <trkpt lat="34.37622" lon="-111.05876">
    <ele>2300.64</ele>
   </trkpt>
   <trkpt lat="34.37628" lon="-111.0588">
    <ele>2304.03</ele>
   </trkpt>
   <trkpt lat="34.376430000000006" lon="-111.05862">
    <ele>2312.3300000000004</ele>
   </trkpt>
   <trkpt lat="34.37648" lon="-111.05863000000001">
    <ele>2312.3300000000004</ele>
   </trkpt>
   <trkpt lat="34.37653" lon="-111.05876">
    <ele>2318.6</ele>
   </trkpt>
   <trkpt lat="34.37659" lon="-111.05884">
    <ele>2325.12</ele>
   </trkpt>
   <trkpt lat="34.37693" lon="-111.0588">
    <ele>2340.6000000000004</ele>
   </trkpt>
   <trkpt lat="34.37699" lon="-111.05884">
    <ele>2342.2599999999998</ele>
   </trkpt>
   <trkpt lat="34.37708" lon="-111.05885">
    <ele>2345.3</ele>
   </trkpt>
   <trkpt lat="34.377120000000005" lon="-111.05888">
    <ele>2346.67</ele>
   </trkpt>
   <trkpt lat="34.37742" lon="-111.05889">
    <ele>2352.98</ele>
   </trkpt>
   <trkpt lat="34.377610000000004" lon="-111.05911">
    <ele>2359.7300000000005</ele>
   </trkpt>
   <trkpt lat="34.37774" lon="-111.05942">
    <ele>2364.5</ele>
   </trkpt>
   <trkpt lat="34.377810000000004" lon="-111.05947">
    <ele>2364.5</ele>
   </trkpt>
   <trkpt lat="34.37791" lon="-111.05947">
    <ele>2366.9800000000005</ele>
   </trkpt>
   <trkpt lat="34.37802" lon="-111.05951">
    <ele>2369.0200000000004</ele>
   </trkpt>
   <trkpt lat="34.37816" lon="-111.05947">
    <ele>2371.5200000000004</ele>
   </trkpt>
   <trkpt lat="34.37843" lon="-111.05974">
    <ele>2381.25</ele>
   </trkpt>
   <trkpt lat="34.37852" lon="-111.05982">
    <ele>2382.3100000000004</ele>
   </trkpt>
   <trkpt lat="34.378620000000005" lon="-111.05984000000001">
    <ele>2384.15</ele>
   </trkpt>
   <trkpt lat="34.37876" lon="-111.06009">
    <ele>2387.6600000000003</ele>
   </trkpt>
   <trkpt lat="34.37885" lon="-111.06018">
    <ele>2388.8</ele>
   </trkpt>
   <trkpt lat="34.378910000000005" lon="-111.06023">
    <ele>2389.09</ele>
   </trkpt>
   <trkpt lat="34.37913" lon="-111.06020000000001">
    <ele>2389.75</ele>
   </trkpt>
   <trkpt lat="34.37961" lon="-111.06058000000002">
    <ele>2390.67</ele>
   </trkpt>
   <trkpt lat="34.37971" lon="-111.06073">
    <ele>2390.48</ele>
   </trkpt>
   <trkpt lat="34.379780000000004" lon="-111.06077">
    <ele>2390.34</ele>
   </trkpt>
   <trkpt lat="34.37997" lon="-111.06069000000001">
    <ele>2389.45</ele>
   </trkpt>
   <trkpt lat="34.38007" lon="-111.06069000000001">
    <ele>2389.53</ele>
   </trkpt>
   <trkpt lat="34.380140000000004" lon="-111.06072">
    <ele>2390.1400000000003</ele>
   </trkpt>
   <trkpt lat="34.380250000000004" lon="-111.06059">
    <ele>2392.53</ele>
   </trkpt>
   <trkpt lat="34.38045" lon="-111.06054">
    <ele>2394.2300000000005</ele>
   </trkpt>
   <trkpt lat="34.38065" lon="-111.06059">
    <ele>2398.6500000000005</ele>
   </trkpt>
   <trkpt lat="34.38073" lon="-111.06063">
    <ele>2399.51</ele>
   </trkpt>
   <trkpt lat="34.380790000000005" lon="-111.06072">
    <ele>2400.32</ele>
   </trkpt>
   <trkpt lat="34.380860000000006" lon="-111.06077">
    <ele>2402.52</ele>
   </trkpt>
   <trkpt lat="34.380950000000006" lon="-111.06073">
    <ele>2403.82</ele>
   </trkpt>
   <trkpt lat="34.38105" lon="-111.06077">
    <ele>2404.9</ele>
   </trkpt>
   <trkpt lat="34.381310000000006" lon="-111.06096000000001">
    <ele>2406.51</ele>
   </trkpt>
   <trkpt lat="34.381310000000006" lon="-111.06097000000001">
    <ele>2406.53</ele>
   </trkpt>
   <trkpt lat="34.381000003112035" lon="-111.06185500348565">
    <ele>2408.2100000000005</ele>
   </trkpt>
   <trkpt lat="34.38069" lon="-111.06274">
    <ele>2404.2000000000003</ele>
   </trkpt>
   <trkpt lat="34.3805050012528" lon="-111.0632950012259">
    <ele>2400.43</ele>
   </trkpt>
   <trkpt lat="34.380320000000005" lon="-111.06385">
    <ele>2398.1400000000003</ele>
   </trkpt>
   <trkpt lat="34.380320000000005" lon="-111.06384000000001">
    <ele>2398.1400000000003</ele>
   </trkpt>
   <trkpt lat="34.380070002380705" lon="-111.06461500250589">
    <ele>2397.1400000000003</ele>
   </trkpt>
   <trkpt lat="34.37982" lon="-111.06539000000001">
    <ele>2397.26</ele>
   </trkpt>
   <trkpt lat="34.3798" lon="-111.06565">
    <ele>2397.06</ele>
   </trkpt>
   <trkpt lat="34.37984" lon="-111.06605">
    <ele>2396.4100000000003</ele>
   </trkpt>
   <trkpt lat="34.379920000000006" lon="-111.06623">
    <ele>2396.4100000000003</ele>
   </trkpt>
   <trkpt lat="34.380100000000006" lon="-111.0665">
    <ele>2395.6400000000003</ele>
   </trkpt>
   <trkpt lat="34.380720000000004" lon="-111.06694">
    <ele>2393.73</ele>
   </trkpt>
   <trkpt lat="34.38112" lon="-111.06718000000001">
    <ele>2392.8</ele>
   </trkpt>
   <trkpt lat="34.381550000000004" lon="-111.06761000000002">
    <ele>2392.9</ele>
   </trkpt>
   <trkpt lat="34.382000000000005" lon="-111.06815">
    <ele>2393.64</ele>
   </trkpt>
   <trkpt lat="34.38221" lon="-111.06847">
    <ele>2393.21</ele>
   </trkpt>
   <trkpt lat="34.38228" lon="-111.06861">
    <ele>2392.98</ele>
   </trkpt>
   <trkpt lat="34.38252" lon="-111.06943000000001">
    <ele>2391.2200000000003</ele>
   </trkpt>
   <trkpt lat="34.38275" lon="-111.0703">
    <ele>2389.98</ele>
   </trkpt>
   <trkpt lat="34.38295" lon="-111.07088">
    <ele>2387.42</ele>
   </trkpt>
   <trkpt lat="34.38322" lon="-111.07133">
    <ele>2386.8500000000004</ele>
   </trkpt>
   <trkpt lat="34.38367000155056" lon="-111.07195999652495">
    <ele>2386.9500000000003</ele>
   </trkpt>
   <trkpt lat="34.38412" lon="-111.07259">
    <ele>2387.82</ele>
   </trkpt>
   <trkpt lat="34.38445" lon="-111.07285">
    <ele>2389.0</ele>
   </trkpt>
   <trkpt lat="34.3850950005294" lon="-111.07318999741194">
    <ele>2391.3</ele>
   </trkpt>
   <trkpt lat="34.385740000000006" lon="-111.07353">
    <ele>2390.01</ele>
   </trkpt>
   <trkpt lat="34.3858" lon="-111.07357">
    <ele>2390.01</ele>
   </trkpt>
   <trkpt lat="34.386390000000006" lon="-111.07429">
    <ele>2388.52</ele>
   </trkpt>
   <trkpt lat="34.38676500162676" lon="-111.07493499699852">
    <ele>2388.5400000000004</ele>
   </trkpt>
   <trkpt lat="34.38714" lon="-111.07558">
    <ele>2389.21</ele>
   </trkpt>
   <trkpt lat="34.38729" lon="-111.07597000000001">
    <ele>2389.94</ele>
   </trkpt>
   <trkpt lat="34.387420000000006" lon="-111.07667000000001">
    <ele>2390.4100000000003</ele>
   </trkpt>
   <trkpt lat="34.38752" lon="-111.07743">
    <ele>2390.9700000000003</ele>
   </trkpt>
   <trkpt lat="34.38761" lon="-111.07791">
    <ele>2390.9900000000002</ele>
   </trkpt>
   <trkpt lat="34.38776" lon="-111.07827">
    <ele>2390.86</ele>
   </trkpt>
   <trkpt lat="34.38801" lon="-111.07864000000001">
    <ele>2390.3500000000004</ele>
   </trkpt>
   <trkpt lat="34.3883" lon="-111.07885">
    <ele>2389.19</ele>
   </trkpt>
   <trkpt lat="34.388560000000005" lon="-111.07894">
    <ele>2388.58</ele>
   </trkpt>
   <trkpt lat="34.38928666670459" lon="-111.07891000051957">
    <ele>2386.42</ele>
   </trkpt>
   <trkpt lat="34.39001333340187" lon="-111.07888000051831">
    <ele>2384.46</ele>
   </trkpt>
   <trkpt lat="34.39074" lon="-111.07885">
    <ele>2381.31</ele>
   </trkpt>
   <trkpt lat="34.39157" lon="-111.07876">
    <ele>2377.64</ele>
   </trkpt>
   <trkpt lat="34.391960000000005" lon="-111.07885">
    <ele>2375.9900000000002</ele>
   </trkpt>
   <trkpt lat="34.392790000000005" lon="-111.07908">
    <ele>2373.5000000000005</ele>
   </trkpt>
   <trkpt lat="34.393420000000006" lon="-111.07936000000001">
    <ele>2371.5200000000004</ele>
   </trkpt>
   <trkpt lat="34.39369" lon="-111.07961">
    <ele>2371.5200000000004</ele>
   </trkpt>
   <trkpt lat="34.394020000000005" lon="-111.08015">
    <ele>2369.0200000000004</ele>
   </trkpt>
   <trkpt lat="34.39414" lon="-111.08047">
    <ele>2367.41</ele>
   </trkpt>
   <trkpt lat="34.39419" lon="-111.08082">
    <ele>2366.6200000000003</ele>
   </trkpt>
   <trkpt lat="34.39417" lon="-111.08137">
    <ele>2364.23</ele>
   </trkpt>
   <trkpt lat="34.3940400011761" lon="-111.08190000068672">
    <ele>2361.6800000000003</ele>
   </trkpt>
   <trkpt lat="34.393910000000005" lon="-111.08243">
    <ele>2359.4700000000003</ele>
   </trkpt>
   <trkpt lat="34.393820000000005" lon="-111.08315">
    <ele>2355.51</ele>
   </trkpt>
   <trkpt lat="34.39385" lon="-111.08387">
    <ele>2352.79</ele>
   </trkpt>
   <trkpt lat="34.39396" lon="-111.08436">
    <ele>2350.7900000000004</ele>
   </trkpt>
   <trkpt lat="34.3941" lon="-111.08476">
    <ele>2348.23</ele>
   </trkpt>
   <trkpt lat="34.394450000000006" lon="-111.08534">
    <ele>2344.8100000000004</ele>
   </trkpt>
   <trkpt lat="34.395030002374455" lon="-111.0861049946905">
    <ele>2339.2000000000003</ele>
   </trkpt>
   <trkpt lat="34.395610000000005" lon="-111.08687">
    <ele>2335.4900000000002</ele>
   </trkpt>
   <trkpt lat="34.396260000000005" lon="-111.08746000000001">
    <ele>2331.82</ele>
   </trkpt>
   <trkpt lat="34.39668" lon="-111.08782000000001">
    <ele>2330.29</ele>
   </trkpt>
   <trkpt lat="34.397400000000005" lon="-111.08834">
    <ele>2327.78</ele>
   </trkpt>
   <trkpt lat="34.39788" lon="-111.08863000000001">
    <ele>2326.32</ele>
   </trkpt>
   <trkpt lat="34.39848000080482" lon="-111.08895332867213">
    <ele>2324.11</ele>
   </trkpt>
   <trkpt lat="34.39908000075908" lon="-111.08927666198075">
    <ele>2321.79</ele>
   </trkpt>
   <trkpt lat="34.399680000000004" lon="-111.0896">
    <ele>2320.02</ele>
   </trkpt>
   <trkpt lat="34.400420000000004" lon="-111.09005">
    <ele>2315.9</ele>
   </trkpt>
   <trkpt lat="34.40075" lon="-111.09027">
    <ele>2315.16</ele>
   </trkpt>
   <trkpt lat="34.401250000000005" lon="-111.09067">
    <ele>2311.03</ele>
   </trkpt>
   <trkpt lat="34.40146" lon="-111.0909">
    <ele>2308.43</ele>
   </trkpt>
   <trkpt lat="34.401720000000005" lon="-111.0913">
    <ele>2306.27</ele>
   </trkpt>
   <trkpt lat="34.40221000278798" lon="-111.09213499502748">
    <ele>2302.23</ele>
   </trkpt>
   <trkpt lat="34.4027" lon="-111.09297000000001">
    <ele>2299.88</ele>
   </trkpt>
   <trkpt lat="34.402930000000005" lon="-111.09365000000001">
    <ele>2303.02</ele>
   </trkpt>
   <trkpt lat="34.40298" lon="-111.09407">
    <ele>2306.5</ele>
   </trkpt>
   <trkpt lat="34.40297" lon="-111.09458000000001">
    <ele>2308.3300000000004</ele>
   </trkpt>
   <trkpt lat="34.40289500142888" lon="-111.09518000082323">
    <ele>2311.02</ele>
   </trkpt>
   <trkpt lat="34.402820000000006" lon="-111.09578">
    <ele>2312.7200000000003</ele>
   </trkpt>
   <trkpt lat="34.402730000000005" lon="-111.09624000000001">
    <ele>2313.25</ele>
   </trkpt>
   <trkpt lat="34.40258" lon="-111.09675000000001">
    <ele>2313.9700000000003</ele>
   </trkpt>
   <trkpt lat="34.40241" lon="-111.09673000000001">
    <ele>2313.69</ele>
   </trkpt>
   <trkpt lat="34.402240000000006" lon="-111.09667">
    <ele>2312.8100000000004</ele>
   </trkpt>
   <trkpt lat="34.40189" lon="-111.09658">
    <ele>2310.7000000000003</ele>
   </trkpt>
   <trkpt lat="34.40176" lon="-111.09662000000002">
    <ele>2310.27</ele>
   </trkpt>
   <trkpt lat="34.40158" lon="-111.09681">
    <ele>2311.1800000000003</ele>
   </trkpt>
   <trkpt lat="34.401210000000006" lon="-111.09707">
    <ele>2312.32</ele>
   </trkpt>
   <trkpt lat="34.40111" lon="-111.09722000000001">
    <ele>2312.6300000000006</ele>
   </trkpt>
   <trkpt lat="34.400800000000004" lon="-111.09761">
    <ele>2313.9700000000003</ele>
   </trkpt>
   <trkpt lat="34.40063" lon="-111.09798">
    <ele>2314.63</ele>
   </trkpt>
   <trkpt lat="34.40037" lon="-111.09833">
    <ele>2313.79</ele>
   </trkpt>
   <trkpt lat="34.400240000000004" lon="-111.09842">
    <ele>2313.34</ele>
   </trkpt>
   <trkpt lat="34.40012" lon="-111.09861000000001">
    <ele>2311.9300000000003</ele>
   </trkpt>
   <trkpt lat="34.40001" lon="-111.09874">
    <ele>2311.9300000000003</ele>
   </trkpt>
   <trkpt lat="34.39931" lon="-111.09909">
    <ele>2306.15</ele>
   </trkpt>
   <trkpt lat="34.398900000000005" lon="-111.09945">
    <ele>2301.4100000000003</ele>
   </trkpt>
   <trkpt lat="34.398630000000004" lon="-111.0995">
    <ele>2300.7200000000003</ele>
   </trkpt>
   <trkpt lat="34.39833" lon="-111.09962000000002">
    <ele>2299.9300000000003</ele>
   </trkpt>
   <trkpt lat="34.397850000000005" lon="-111.09989">
    <ele>2299.2799999999997</ele>
   </trkpt>
   <trkpt lat="34.39762" lon="-111.10009000000001">
    <ele>2299.79</ele>
   </trkpt>
   <trkpt lat="34.397510000000004" lon="-111.10013000000001">
    <ele>2299.79</ele>
   </trkpt>
   <trkpt lat="34.397240000000004" lon="-111.10043">
    <ele>2299.11</ele>
   </trkpt>
   <trkpt lat="34.39712" lon="-111.10048">
    <ele>2299.04</ele>
   </trkpt>
   <trkpt lat="34.39701" lon="-111.10058000000001">
    <ele>2298.65</ele>
   </trkpt>
   <trkpt lat="34.39638" lon="-111.10085000000001">
    <ele>2295.09</ele>
   </trkpt>
   <trkpt lat="34.39622" lon="-111.10101">
    <ele>2291.57</ele>
   </trkpt>
   <trkpt lat="34.39613" lon="-111.10106">
    <ele>2289.7100000000005</ele>
   </trkpt>
   <trkpt lat="34.39593" lon="-111.10106">
    <ele>2281.2300000000005</ele>
   </trkpt>
   <trkpt lat="34.39584" lon="-111.1011">
    <ele>2281.2300000000005</ele>
   </trkpt>
   <trkpt lat="34.395700000000005" lon="-111.10119">
    <ele>2277.9100000000003</ele>
   </trkpt>
   <trkpt lat="34.39564" lon="-111.10119">
    <ele>2276.8900000000003</ele>
   </trkpt>
   <trkpt lat="34.39546" lon="-111.10102">
    <ele>2274.08</ele>
   </trkpt>
   <trkpt lat="34.395410000000005" lon="-111.10101">
    <ele>2274.1800000000003</ele>
   </trkpt>
   <trkpt lat="34.39518" lon="-111.10103000000001">
    <ele>2276.05</ele>
   </trkpt>
   <trkpt lat="34.394850000000005" lon="-111.1011">
    <ele>2277.03</ele>
   </trkpt>
   <trkpt lat="34.39463" lon="-111.1011">
    <ele>2276.1400000000003</ele>
   </trkpt>
   <trkpt lat="34.394450000000006" lon="-111.10112000000001">
    <ele>2272.94</ele>
   </trkpt>
   <trkpt lat="34.39435" lon="-111.10121000000001">
    <ele>2272.04</ele>
   </trkpt>
   <trkpt lat="34.39399" lon="-111.1012">
    <ele>2275.1800000000003</ele>
   </trkpt>
   <trkpt lat="34.39352" lon="-111.10146">
    <ele>2280.4700000000003</ele>
   </trkpt>
   <trkpt lat="34.39303" lon="-111.10182">
    <ele>2281.48</ele>
   </trkpt>
   <trkpt lat="34.39291" lon="-111.10187">
    <ele>2281.9800000000005</ele>
   </trkpt>
   <trkpt lat="34.39265" lon="-111.10213">
    <ele>2282.89</ele>
   </trkpt>
   <trkpt lat="34.39253" lon="-111.10237000000001">
    <ele>2280.8900000000003</ele>
   </trkpt>
   <trkpt lat="34.39244" lon="-111.1024">
    <ele>2280.46</ele>
   </trkpt>
   <trkpt lat="34.39211" lon="-111.10245">
    <ele>2281.07</ele>
   </trkpt>
   <trkpt lat="34.39186" lon="-111.10258">
    <ele>2281.4300000000003</ele>
   </trkpt>
   <trkpt lat="34.391690000000004" lon="-111.10258">
    <ele>2280.39</ele>
   </trkpt>
   <trkpt lat="34.391600000000004" lon="-111.10254">
    <ele>2278.77</ele>
   </trkpt>
   <trkpt lat="34.39143" lon="-111.10253000000002">
    <ele>2277.59</ele>
   </trkpt>
   <trkpt lat="34.39117" lon="-111.10254">
    <ele>2273.26</ele>
   </trkpt>
   <trkpt lat="34.39103" lon="-111.10254">
    <ele>2272.15</ele>
   </trkpt>
   <trkpt lat="34.39034" lon="-111.10218">
    <ele>2271.4</ele>
   </trkpt>
   <trkpt lat="34.38994" lon="-111.10201">
    <ele>2268.1600000000003</ele>
   </trkpt>
   <trkpt lat="34.389610000000005" lon="-111.10195">
    <ele>2265.4300000000003</ele>
   </trkpt>
   <trkpt lat="34.389300000000006" lon="-111.10183">
    <ele>2257.12</ele>
   </trkpt>
   <trkpt lat="34.389050000000005" lon="-111.10188000000001">
    <ele>2253.2200000000003</ele>
   </trkpt>
   <trkpt lat="34.388940000000005" lon="-111.10188000000001">
    <ele>2250.69</ele>
   </trkpt>
   <trkpt lat="34.38861" lon="-111.10204">
    <ele>2241.2200000000003</ele>
   </trkpt>
   <trkpt lat="34.388510000000004" lon="-111.10204">
    <ele>2239.56</ele>
   </trkpt>
   <trkpt lat="34.388270000000006" lon="-111.10193000000001">
    <ele>2230.14</ele>
   </trkpt>
   <trkpt lat="34.38805" lon="-111.102">
    <ele>2221.21</ele>
   </trkpt>
   <trkpt lat="34.38806" lon="-111.10195">
    <ele>2221.21</ele>
   </trkpt>
   <trkpt lat="34.38812" lon="-111.10182">
    <ele>2216.8</ele>
   </trkpt>
   <trkpt lat="34.38763" lon="-111.10168000000002">
    <ele>2200.88</ele>
   </trkpt>
   <trkpt lat="34.38729" lon="-111.10142">
    <ele>2187.5400000000004</ele>
   </trkpt>
   <trkpt lat="34.387130000000006" lon="-111.10128">
    <ele>2183.1400000000003</ele>
   </trkpt>
   <trkpt lat="34.38702" lon="-111.10115">
    <ele>2176.8900000000003</ele>
   </trkpt>
   <trkpt lat="34.38694" lon="-111.10092">
    <ele>2168.42</ele>
   </trkpt>
   <trkpt lat="34.38687" lon="-111.10079">
    <ele>2165.8</ele>
   </trkpt>
   <trkpt lat="34.386970000000005" lon="-111.10079">
    <ele>2163.4</ele>
   </trkpt>
   <trkpt lat="34.38729" lon="-111.10101">
    <ele>2157.3100000000004</ele>
   </trkpt>
   <trkpt lat="34.387620000000005" lon="-111.10106">
    <ele>2152.05</ele>
   </trkpt>
   <trkpt lat="34.387690000000006" lon="-111.10101">
    <ele>2149.86</ele>
   </trkpt>
   <trkpt lat="34.38758" lon="-111.10097">
    <ele>2147.2000000000003</ele>
   </trkpt>
   <trkpt lat="34.38739" lon="-111.10079">
    <ele>2138.69</ele>
   </trkpt>
   <trkpt lat="34.38712" lon="-111.10034">
    <ele>2128.34</ele>
   </trkpt>
   <trkpt lat="34.38705" lon="-111.10025">
    <ele>2120.4</ele>
   </trkpt>
   <trkpt lat="34.386900000000004" lon="-111.10016">
    <ele>2118.9900000000002</ele>
   </trkpt>
   <trkpt lat="34.386520000000004" lon="-111.09972">
    <ele>2095.9</ele>
   </trkpt>
   <trkpt lat="34.386410000000005" lon="-111.09954">
    <ele>2092.9700000000003</ele>
   </trkpt>
   <trkpt lat="34.3862" lon="-111.0994">
    <ele>2085.48</ele>
   </trkpt>
   <trkpt lat="34.38631" lon="-111.09927">
    <ele>2082.9600000000005</ele>
   </trkpt>
   <trkpt lat="34.38633" lon="-111.09919000000001">
    <ele>2080.71</ele>
   </trkpt>
   <trkpt lat="34.386030000000005" lon="-111.09905">
    <ele>2071.66</ele>
   </trkpt>
   <trkpt lat="34.38602" lon="-111.09904">
    <ele>2071.66</ele>
   </trkpt>
   <trkpt lat="34.386030000000005" lon="-111.09895">
    <ele>2069.02</ele>
   </trkpt>
   <trkpt lat="34.386100000000006" lon="-111.09883">
    <ele>2066.19</ele>
   </trkpt>
   <trkpt lat="34.386100000000006" lon="-111.09879000000001">
    <ele>2066.19</ele>
   </trkpt>
   <trkpt lat="34.385960000000004" lon="-111.09873">
    <ele>2060.1000000000004</ele>
   </trkpt>
   <trkpt lat="34.385960000000004" lon="-111.09864">
    <ele>2057.4</ele>
   </trkpt>
   <trkpt lat="34.38599" lon="-111.0986">
    <ele>2055.09</ele>
   </trkpt>
   <trkpt lat="34.38646" lon="-111.09833">
    <ele>2046.3200000000002</ele>
   </trkpt>
   <trkpt lat="34.38637" lon="-111.09819">
    <ele>2044.1899999999998</ele>
   </trkpt>
   <trkpt lat="34.38615" lon="-111.09806">
    <ele>2037.3000000000002</ele>
   </trkpt>
   <trkpt lat="34.38624" lon="-111.09797">
    <ele>2032.87</ele>
   </trkpt>
   <trkpt lat="34.38627" lon="-111.09792">
    <ele>2032.87</ele>
   </trkpt>
   <trkpt lat="34.38624" lon="-111.09788">
    <ele>2031.8300000000002</ele>
   </trkpt>
   <trkpt lat="34.385670000000005" lon="-111.09792">
    <ele>2026.67</ele>
   </trkpt>
   <trkpt lat="34.385540000000006" lon="-111.09797">
    <ele>2024.2500000000002</ele>
   </trkpt>
   <trkpt lat="34.385380000000005" lon="-111.09801">
    <ele>2020.48</ele>
   </trkpt>
   <trkpt lat="34.38533" lon="-111.09803000000001">
    <ele>2019.6</ele>
   </trkpt>
   <trkpt lat="34.385290000000005" lon="-111.09837">
    <ele>2015.86</ele>
   </trkpt>
   <trkpt lat="34.385250000000006" lon="-111.09848000000001">
    <ele>2015.4300000000003</ele>
   </trkpt>
   <trkpt lat="34.384930000000004" lon="-111.09875000000001">
    <ele>2013.2700000000002</ele>
   </trkpt>
   <trkpt lat="34.38465" lon="-111.09869">
    <ele>2013.9900000000002</ele>
   </trkpt>
   <trkpt lat="34.38421" lon="-111.09891">
    <ele>2010.6300000000003</ele>
   </trkpt>
   <trkpt lat="34.384060000000005" lon="-111.099">
    <ele>2008.06</ele>
   </trkpt>
   <trkpt lat="34.38393" lon="-111.09922">
    <ele>2004.3100000000002</ele>
   </trkpt>
   <trkpt lat="34.383900000000004" lon="-111.09936">
    <ele>2000.7700000000002</ele>
   </trkpt>
   <trkpt lat="34.38378" lon="-111.09946000000001">
    <ele>1997.1200000000001</ele>
   </trkpt>
   <trkpt lat="34.38355" lon="-111.09951000000001">
    <ele>1993.7000000000003</ele>
   </trkpt>
   <trkpt lat="34.38342" lon="-111.09967">
    <ele>1989.1600000000003</ele>
   </trkpt>
   <trkpt lat="34.383280000000006" lon="-111.09976">
    <ele>1987.2600000000002</ele>
   </trkpt>
   <trkpt lat="34.38309" lon="-111.09981">
    <ele>1985.51</ele>
   </trkpt>
   <trkpt lat="34.38298" lon="-111.0999">
    <ele>1983.9</ele>
   </trkpt>
   <trkpt lat="34.3829" lon="-111.09994">
    <ele>1983.47</ele>
   </trkpt>
   <trkpt lat="34.382760000000005" lon="-111.09995">
    <ele>1981.6200000000001</ele>
   </trkpt>
   <trkpt lat="34.382490000000004" lon="-111.09991000000001">
    <ele>1976.41</ele>
   </trkpt>
   <trkpt lat="34.382450000000006" lon="-111.09989">
    <ele>1976.41</ele>
   </trkpt>
   <trkpt lat="34.382380000000005" lon="-111.09976">
    <ele>1974.3600000000001</ele>
   </trkpt>
   <trkpt lat="34.38235" lon="-111.09972">
    <ele>1973.8200000000002</ele>
   </trkpt>
   <trkpt lat="34.38224" lon="-111.09981">
    <ele>1971.9</ele>
   </trkpt>
   <trkpt lat="34.38219" lon="-111.09995">
    <ele>1971.4000000000003</ele>
   </trkpt>
   <trkpt lat="34.382180000000005" lon="-111.10007">
    <ele>1969.5900000000001</ele>
   </trkpt>
   <trkpt lat="34.382160000000006" lon="-111.10008">
    <ele>1969.5900000000001</ele>
   </trkpt>
   <trkpt lat="34.381890000000006" lon="-111.10007">
    <ele>1965.72</ele>
   </trkpt>
   <trkpt lat="34.38174" lon="-111.10003">
    <ele>1962.56</ele>
   </trkpt>
   <trkpt lat="34.38149" lon="-111.09989">
    <ele>1955.7000000000003</ele>
   </trkpt>
   <trkpt lat="34.38143" lon="-111.09989">
    <ele>1955.7000000000003</ele>
   </trkpt>
   <trkpt lat="34.38132" lon="-111.09994">
    <ele>1953.13</ele>
   </trkpt>
   <trkpt lat="34.381280000000004" lon="-111.09998">
    <ele>1952.32</ele>
   </trkpt>
   <trkpt lat="34.38123" lon="-111.10017">
    <ele>1950.05</ele>
   </trkpt>
   <trkpt lat="34.38116" lon="-111.10022000000001">
    <ele>1946.8600000000001</ele>
   </trkpt>
   <trkpt lat="34.38091" lon="-111.10003">
    <ele>1943.63</ele>
   </trkpt>
   <trkpt lat="34.38082" lon="-111.10000000000001">
    <ele>1942.2100000000003</ele>
   </trkpt>
   <trkpt lat="34.38067" lon="-111.10013000000001">
    <ele>1935.75</ele>
   </trkpt>
   <trkpt lat="34.380700000000004" lon="-111.10039">
    <ele>1931.13</ele>
   </trkpt>
   <trkpt lat="34.38067" lon="-111.10057">
    <ele>1929.2300000000002</ele>
   </trkpt>
   <trkpt lat="34.380750000000006" lon="-111.10089">
    <ele>1922.7800000000002</ele>
   </trkpt>
   <trkpt lat="34.38076" lon="-111.10106">
    <ele>1918.6200000000001</ele>
   </trkpt>
   <trkpt lat="34.380750000000006" lon="-111.10111">
    <ele>1917.69</ele>
   </trkpt>
   <trkpt lat="34.38071" lon="-111.10112000000001">
    <ele>1916.8500000000001</ele>
   </trkpt>
   <trkpt lat="34.38067" lon="-111.1011">
    <ele>1916.8500000000001</ele>
   </trkpt>
   <trkpt lat="34.3804" lon="-111.1008">
    <ele>1912.2700000000002</ele>
   </trkpt>
   <trkpt lat="34.380320000000005" lon="-111.10083000000002">
    <ele>1911.41</ele>
   </trkpt>
   <trkpt lat="34.380280000000006" lon="-111.1008">
    <ele>1910.94</ele>
   </trkpt>
   <trkpt lat="34.38002" lon="-111.10057">
    <ele>1906.9900000000002</ele>
   </trkpt>
   <trkpt lat="34.379780000000004" lon="-111.10043">
    <ele>1900.5200000000002</ele>
   </trkpt>
   <trkpt lat="34.379580000000004" lon="-111.10025">
    <ele>1896.7600000000002</ele>
   </trkpt>
   <trkpt lat="34.379310000000004" lon="-111.10007">
    <ele>1890.2200000000003</ele>
   </trkpt>
   <trkpt lat="34.379200000000004" lon="-111.09991000000001">
    <ele>1890.2200000000003</ele>
   </trkpt>
   <trkpt lat="34.379090000000005" lon="-111.09981">
    <ele>1888.7</ele>
   </trkpt>
   <trkpt lat="34.37888" lon="-111.09972">
    <ele>1886.4600000000003</ele>
   </trkpt>
   <trkpt lat="34.378530000000005" lon="-111.09949">
    <ele>1882.2</ele>
   </trkpt>
   <trkpt lat="34.37839" lon="-111.09945">
    <ele>1880.96</ele>
   </trkpt>
   <trkpt lat="34.37825" lon="-111.09944000000002">
    <ele>1880.15</ele>
   </trkpt>
   <trkpt lat="34.377880000000005" lon="-111.09964000000001">
    <ele>1877.9500000000003</ele>
   </trkpt>
   <trkpt lat="34.377700000000004" lon="-111.09970000000001">
    <ele>1880.0800000000002</ele>
   </trkpt>
   <trkpt lat="34.37769" lon="-111.09970000000001">
    <ele>1876.48</ele>
   </trkpt>
   <trkpt lat="34.37776" lon="-111.09985">
    <ele>1878.4600000000003</ele>
   </trkpt>
   <trkpt lat="34.377750000000006" lon="-111.09989">
    <ele>1879.28</ele>
   </trkpt>
   <trkpt lat="34.37765" lon="-111.09994">
    <ele>1881.9</ele>
   </trkpt>
   <trkpt lat="34.377500000000005" lon="-111.10000000000001">
    <ele>1883.9500000000003</ele>
   </trkpt>
   <trkpt lat="34.37727" lon="-111.10003">
    <ele>1883.99</ele>
   </trkpt>
   <trkpt lat="34.376940000000005" lon="-111.10021">
    <ele>1881.6200000000001</ele>
   </trkpt>
   <trkpt lat="34.37691" lon="-111.10025">
    <ele>1881.3700000000001</ele>
   </trkpt>
   <trkpt lat="34.37695" lon="-111.10039">
    <ele>1881.13</ele>
   </trkpt>
   <trkpt lat="34.37691" lon="-111.10045000000001">
    <ele>1881.28</ele>
   </trkpt>
   <trkpt lat="34.376830000000005" lon="-111.10052">
    <ele>1882.24</ele>
   </trkpt>
   <trkpt lat="34.376650000000005" lon="-111.10075">
    <ele>1884.5600000000002</ele>
   </trkpt>
   <trkpt lat="34.3766" lon="-111.10107">
    <ele>1889.4100000000003</ele>
   </trkpt>
   <trkpt lat="34.376540000000006" lon="-111.10119">
    <ele>1891.3700000000001</ele>
   </trkpt>
   <trkpt lat="34.37646" lon="-111.10119">
    <ele>1891.93</ele>
   </trkpt>
   <trkpt lat="34.37641" lon="-111.10116000000001">
    <ele>1892.57</ele>
   </trkpt>
   <trkpt lat="34.37628" lon="-111.10133">
    <ele>1895.4100000000003</ele>
   </trkpt>
   <trkpt lat="34.376270000000005" lon="-111.10138">
    <ele>1896.0700000000002</ele>
   </trkpt>
   <trkpt lat="34.37632" lon="-111.10147">
    <ele>1897.2700000000002</ele>
   </trkpt>
   <trkpt lat="34.376310000000004" lon="-111.10155">
    <ele>1898.27</ele>
   </trkpt>
   <trkpt lat="34.37628" lon="-111.1016">
    <ele>1898.68</ele>
   </trkpt>
   <trkpt lat="34.376180000000005" lon="-111.10164">
    <ele>1899.2000000000003</ele>
   </trkpt>
   <trkpt lat="34.3761" lon="-111.10169">
    <ele>1899.3500000000001</ele>
   </trkpt>
   <trkpt lat="34.376090000000005" lon="-111.10177000000002">
    <ele>1899.2900000000002</ele>
   </trkpt>
   <trkpt lat="34.375910000000005" lon="-111.10205">
    <ele>1898.64</ele>
   </trkpt>
   <trkpt lat="34.37581" lon="-111.10215000000001">
    <ele>1899.18</ele>
   </trkpt>
   <trkpt lat="34.37579" lon="-111.10222">
    <ele>1899.6000000000001</ele>
   </trkpt>
   <trkpt lat="34.37588" lon="-111.10231">
    <ele>1900.1000000000001</ele>
   </trkpt>
   <trkpt lat="34.375910000000005" lon="-111.10237000000001">
    <ele>1902.74</ele>
   </trkpt>
   <trkpt lat="34.375960000000006" lon="-111.10294">
    <ele>1908.8</ele>
   </trkpt>
   <trkpt lat="34.376020000000004" lon="-111.10307">
    <ele>1910.38</ele>
   </trkpt>
   <trkpt lat="34.37603" lon="-111.10317">
    <ele>1910.9600000000003</ele>
   </trkpt>
   <trkpt lat="34.375980000000006" lon="-111.10336000000001">
    <ele>1911.48</ele>
   </trkpt>
   <trkpt lat="34.37597" lon="-111.10388">
    <ele>1911.6100000000001</ele>
   </trkpt>
   <trkpt lat="34.37599" lon="-111.10403000000001">
    <ele>1911.5400000000002</ele>
   </trkpt>
   <trkpt lat="34.375980000000006" lon="-111.10446">
    <ele>1911.7700000000002</ele>
   </trkpt>
   <trkpt lat="34.37601" lon="-111.10455">
    <ele>1911.7400000000002</ele>
   </trkpt>
   <trkpt lat="34.37612" lon="-111.10464">
    <ele>1911.5000000000002</ele>
   </trkpt>
   <trkpt lat="34.37615" lon="-111.10473">
    <ele>1911.5400000000002</ele>
   </trkpt>
   <trkpt lat="34.37614" lon="-111.10477">
    <ele>1911.64</ele>
   </trkpt>
   <trkpt lat="34.375930000000004" lon="-111.10509">
    <ele>1912.98</ele>
   </trkpt>
   <trkpt lat="34.37581" lon="-111.10513">
    <ele>1913.22</ele>
   </trkpt>
   <trkpt lat="34.37561" lon="-111.10533000000001">
    <ele>1913.4700000000003</ele>
   </trkpt>
   <trkpt lat="34.375550000000004" lon="-111.10545">
    <ele>1913.4</ele>
   </trkpt>
   <trkpt lat="34.37547" lon="-111.10553000000002">
    <ele>1913.0800000000002</ele>
   </trkpt>
   <trkpt lat="34.375280000000004" lon="-111.10554">
    <ele>1912.02</ele>
   </trkpt>
   <trkpt lat="34.37516" lon="-111.10558">
    <ele>1911.21</ele>
   </trkpt>
   <trkpt lat="34.375040000000006" lon="-111.10563">
    <ele>1910.3500000000001</ele>
   </trkpt>
   <trkpt lat="34.37494" lon="-111.10572">
    <ele>1909.94</ele>
   </trkpt>
   <trkpt lat="34.37472" lon="-111.10625">
    <ele>1910.5100000000002</ele>
   </trkpt>
   <trkpt lat="34.37433" lon="-111.10621">
    <ele>1910.19</ele>
   </trkpt>
   <trkpt lat="34.37427" lon="-111.10625">
    <ele>1910.19</ele>
   </trkpt>
   <trkpt lat="34.374190000000006" lon="-111.10636000000001">
    <ele>1909.66</ele>
   </trkpt>
   <trkpt lat="34.37418" lon="-111.10649000000001">
    <ele>1909.3500000000001</ele>
   </trkpt>
   <trkpt lat="34.37426" lon="-111.10688">
    <ele>1909.8100000000002</ele>
   </trkpt>
   <trkpt lat="34.37427" lon="-111.1072">
    <ele>1909.91</ele>
   </trkpt>
   <trkpt lat="34.37422" lon="-111.10725000000001">
    <ele>1909.91</ele>
   </trkpt>
   <trkpt lat="34.37411" lon="-111.10730000000001">
    <ele>1909.55</ele>
   </trkpt>
   <trkpt lat="34.374050000000004" lon="-111.10752000000001">
    <ele>1909.5100000000002</ele>
   </trkpt>
   <trkpt lat="34.374" lon="-111.10764">
    <ele>1909.5600000000002</ele>
   </trkpt>
   <trkpt lat="34.373920000000005" lon="-111.10774">
    <ele>1909.5100000000002</ele>
   </trkpt>
   <trkpt lat="34.37391" lon="-111.10795">
    <ele>1909.2600000000002</ele>
   </trkpt>
   <trkpt lat="34.373960000000004" lon="-111.10810000000001">
    <ele>1909.19</ele>
   </trkpt>
   <trkpt lat="34.37395" lon="-111.10822">
    <ele>1909.19</ele>
   </trkpt>
   <trkpt lat="34.3737" lon="-111.10836">
    <ele>1909.0800000000002</ele>
   </trkpt>
   <trkpt lat="34.37357" lon="-111.1084">
    <ele>1908.7</ele>
   </trkpt>
   <trkpt lat="34.373270000000005" lon="-111.1084">
    <ele>1908.91</ele>
   </trkpt>
   <trkpt lat="34.373180000000005" lon="-111.10836">
    <ele>1909.01</ele>
   </trkpt>
   <trkpt lat="34.373070000000006" lon="-111.10823">
    <ele>1908.97</ele>
   </trkpt>
   <trkpt lat="34.372890000000005" lon="-111.10814">
    <ele>1908.9300000000003</ele>
   </trkpt>
   <trkpt lat="34.372780000000006" lon="-111.108">
    <ele>1908.3400000000001</ele>
   </trkpt>
   <trkpt lat="34.37272" lon="-111.10795">
    <ele>1908.3400000000001</ele>
   </trkpt>
   <trkpt lat="34.3725" lon="-111.10791">
    <ele>1907.5100000000002</ele>
   </trkpt>
   <trkpt lat="34.372420000000005" lon="-111.10791">
    <ele>1906.88</ele>
   </trkpt>
   <trkpt lat="34.372350000000004" lon="-111.10795">
    <ele>1905.82</ele>
   </trkpt>
   <trkpt lat="34.3723" lon="-111.108">
    <ele>1905.82</ele>
   </trkpt>
   <trkpt lat="34.37214" lon="-111.10802000000001">
    <ele>1904.45</ele>
   </trkpt>
   <trkpt lat="34.37201" lon="-111.10813">
    <ele>1903.04</ele>
   </trkpt>
   <trkpt lat="34.372" lon="-111.10814">
    <ele>1903.0600000000002</ele>
   </trkpt>
   <trkpt lat="34.371900000000004" lon="-111.10854">
    <ele>1901.99</ele>
   </trkpt>
   <trkpt lat="34.37191" lon="-111.10863">
    <ele>1901.5100000000002</ele>
   </trkpt>
   <trkpt lat="34.37203" lon="-111.1088">
    <ele>1900.53</ele>
   </trkpt>
   <trkpt lat="34.372130000000006" lon="-111.10907">
    <ele>1898.0100000000002</ele>
   </trkpt>
   <trkpt lat="34.37214" lon="-111.10916">
    <ele>1897.79</ele>
   </trkpt>
   <trkpt lat="34.37221" lon="-111.10934">
    <ele>1897.1200000000001</ele>
   </trkpt>
   <trkpt lat="34.372240000000005" lon="-111.10952">
    <ele>1896.17</ele>
   </trkpt>
   <trkpt lat="34.37223" lon="-111.10979">
    <ele>1893.88</ele>
   </trkpt>
   <trkpt lat="34.37228" lon="-111.10988">
    <ele>1893.2400000000002</ele>
   </trkpt>
   <trkpt lat="34.37239" lon="-111.10997">
    <ele>1892.72</ele>
   </trkpt>
   <trkpt lat="34.372530000000005" lon="-111.11003000000001">
    <ele>1892.6200000000001</ele>
   </trkpt>
   <trkpt lat="34.3729" lon="-111.11011">
    <ele>1894.45</ele>
   </trkpt>
   <trkpt lat="34.37321" lon="-111.11012000000001">
    <ele>1896.97</ele>
   </trkpt>
   <trkpt lat="34.373430000000006" lon="-111.11021000000001">
    <ele>1897.79</ele>
   </trkpt>
   <trkpt lat="34.373490000000004" lon="-111.11025000000001">
    <ele>1898.0400000000002</ele>
   </trkpt>
   <trkpt lat="34.373650000000005" lon="-111.11042">
    <ele>1898.51</ele>
   </trkpt>
   <trkpt lat="34.373720000000006" lon="-111.11061000000001">
    <ele>1898.24</ele>
   </trkpt>
   <trkpt lat="34.37398" lon="-111.11088000000001">
    <ele>1897.04</ele>
   </trkpt>
   <trkpt lat="34.374030000000005" lon="-111.111">
    <ele>1897.4100000000003</ele>
   </trkpt>
   <trkpt lat="34.373990000000006" lon="-111.11104">
    <ele>1897.7</ele>
   </trkpt>
   <trkpt lat="34.37393" lon="-111.11104">
    <ele>1898.33</ele>
   </trkpt>
   <trkpt lat="34.37369" lon="-111.11110000000001">
    <ele>1899.0700000000002</ele>
   </trkpt>
   <trkpt lat="34.373630000000006" lon="-111.11118">
    <ele>1900.0100000000002</ele>
   </trkpt>
   <trkpt lat="34.37359" lon="-111.11137000000001">
    <ele>1900.64</ele>
   </trkpt>
   <trkpt lat="34.373490000000004" lon="-111.11158">
    <ele>1901.7400000000002</ele>
   </trkpt>
   <trkpt lat="34.37337" lon="-111.11167">
    <ele>1902.2</ele>
   </trkpt>
   <trkpt lat="34.37332" lon="-111.11173000000001">
    <ele>1902.2</ele>
   </trkpt>
   <trkpt lat="34.373250000000006" lon="-111.11195000000001">
    <ele>1902.6300000000003</ele>
   </trkpt>
   <trkpt lat="34.373200000000004" lon="-111.11204000000001">
    <ele>1903.01</ele>
   </trkpt>
   <trkpt lat="34.37315" lon="-111.11208">
    <ele>1903.1200000000001</ele>
   </trkpt>
   <trkpt lat="34.37301" lon="-111.11234">
    <ele>1903.4700000000003</ele>
   </trkpt>
   <trkpt lat="34.37263" lon="-111.11319">
    <ele>1905.9500000000003</ele>
   </trkpt>
   <trkpt lat="34.372530000000005" lon="-111.11333">
    <ele>1906.41</ele>
   </trkpt>
   <trkpt lat="34.372400000000006" lon="-111.11341000000002">
    <ele>1906.5900000000001</ele>
   </trkpt>
   <trkpt lat="34.37212" lon="-111.11374">
    <ele>1908.5900000000001</ele>
   </trkpt>
   <trkpt lat="34.37196" lon="-111.11386">
    <ele>1909.64</ele>
   </trkpt>
   <trkpt lat="34.371860000000005" lon="-111.11401000000001">
    <ele>1910.6900000000003</ele>
   </trkpt>
   <trkpt lat="34.371840000000006" lon="-111.11410000000001">
    <ele>1911.94</ele>
   </trkpt>
   <trkpt lat="34.371880000000004" lon="-111.11415000000001">
    <ele>1912.3000000000002</ele>
   </trkpt>
   <trkpt lat="34.37189" lon="-111.11427">
    <ele>1912.7600000000002</ele>
   </trkpt>
   <trkpt lat="34.37187" lon="-111.11445">
    <ele>1913.2700000000002</ele>
   </trkpt>
   <trkpt lat="34.371840000000006" lon="-111.11449">
    <ele>1913.46</ele>
   </trkpt>
   <trkpt lat="34.3718" lon="-111.11449">
    <ele>1913.46</ele>
   </trkpt>
   <trkpt lat="34.37176" lon="-111.11453">
    <ele>1914.15</ele>
   </trkpt>
   <trkpt lat="34.37172" lon="-111.11462">
    <ele>1914.3400000000001</ele>
   </trkpt>
   <trkpt lat="34.37171" lon="-111.11489">
    <ele>1915.3700000000001</ele>
   </trkpt>
   <trkpt lat="34.37153" lon="-111.11504000000001">
    <ele>1915.7</ele>
   </trkpt>
   <trkpt lat="34.37136" lon="-111.1153">
    <ele>1916.8700000000001</ele>
   </trkpt>
   <trkpt lat="34.37131" lon="-111.11534">
    <ele>1916.8700000000001</ele>
   </trkpt>
   <trkpt lat="34.37116" lon="-111.11534">
    <ele>1917.4</ele>
   </trkpt>
   <trkpt lat="34.37111" lon="-111.11539">
    <ele>1917.52</ele>
   </trkpt>
   <trkpt lat="34.370990000000006" lon="-111.11553">
    <ele>1918.03</ele>
   </trkpt>
   <trkpt lat="34.37079" lon="-111.11592">
    <ele>1919.0300000000002</ele>
   </trkpt>
   <trkpt lat="34.370760000000004" lon="-111.11614000000002">
    <ele>1919.2700000000002</ele>
   </trkpt>
   <trkpt lat="34.370670000000004" lon="-111.11638">
    <ele>1920.02</ele>
   </trkpt>
   <trkpt lat="34.3707" lon="-111.11646">
    <ele>1920.5500000000002</ele>
   </trkpt>
   <trkpt lat="34.37075" lon="-111.11646">
    <ele>1920.5500000000002</ele>
   </trkpt>
   <trkpt lat="34.37127" lon="-111.11597">
    <ele>1923.2000000000003</ele>
   </trkpt>
   <trkpt lat="34.371340000000004" lon="-111.11592">
    <ele>1923.2000000000003</ele>
   </trkpt>
   <trkpt lat="34.37142" lon="-111.11588">
    <ele>1923.93</ele>
   </trkpt>
   <trkpt lat="34.37183" lon="-111.11588">
    <ele>1926.3500000000001</ele>
   </trkpt>
   <trkpt lat="34.371840000000006" lon="-111.11592">
    <ele>1926.3500000000001</ele>
   </trkpt>
   <trkpt lat="34.37162" lon="-111.11646">
    <ele>1928.7800000000002</ele>
   </trkpt>
   <trkpt lat="34.37156" lon="-111.11668">
    <ele>1929.0800000000002</ele>
   </trkpt>
   <trkpt lat="34.37156" lon="-111.11701000000001">
    <ele>1930.1000000000001</ele>
   </trkpt>
   <trkpt lat="34.37165" lon="-111.11728000000001">
    <ele>1930.67</ele>
   </trkpt>
   <trkpt lat="34.37165" lon="-111.11736">
    <ele>1930.67</ele>
   </trkpt>
   <trkpt lat="34.37163" lon="-111.1174">
    <ele>1930.7800000000002</ele>
   </trkpt>
   <trkpt lat="34.37154" lon="-111.11741">
    <ele>1931.1200000000001</ele>
   </trkpt>
   <trkpt lat="34.371460000000006" lon="-111.11758">
    <ele>1932.16</ele>
   </trkpt>
   <trkpt lat="34.371430000000004" lon="-111.11767">
    <ele>1932.64</ele>
   </trkpt>
   <trkpt lat="34.371410000000004" lon="-111.11789">
    <ele>1933.45</ele>
   </trkpt>
   <trkpt lat="34.371430000000004" lon="-111.11798">
    <ele>1933.8800000000003</ele>
   </trkpt>
   <trkpt lat="34.371480000000005" lon="-111.11807">
    <ele>1934.3700000000001</ele>
   </trkpt>
   <trkpt lat="34.37149" lon="-111.11816">
    <ele>1934.3700000000001</ele>
   </trkpt>
   <trkpt lat="34.371430000000004" lon="-111.11829000000002">
    <ele>1935.43</ele>
   </trkpt>
   <trkpt lat="34.371430000000004" lon="-111.11839">
    <ele>1935.64</ele>
   </trkpt>
   <trkpt lat="34.371520000000004" lon="-111.11861">
    <ele>1935.93</ele>
   </trkpt>
   <trkpt lat="34.371500000000005" lon="-111.11871000000001">
    <ele>1935.96</ele>
   </trkpt>
   <trkpt lat="34.371520000000004" lon="-111.11879">
    <ele>1936.0000000000002</ele>
   </trkpt>
   <trkpt lat="34.37164" lon="-111.11906">
    <ele>1936.5500000000002</ele>
   </trkpt>
   <trkpt lat="34.371700000000004" lon="-111.11928">
    <ele>1936.65</ele>
   </trkpt>
   <trkpt lat="34.371840000000006" lon="-111.1195">
    <ele>1936.65</ele>
   </trkpt>
   <trkpt lat="34.37183" lon="-111.11959">
    <ele>1936.65</ele>
   </trkpt>
   <trkpt lat="34.37151" lon="-111.12010000000001">
    <ele>1938.2700000000002</ele>
   </trkpt>
   <trkpt lat="34.371320000000004" lon="-111.12032">
    <ele>1938.7</ele>
   </trkpt>
   <trkpt lat="34.371300000000005" lon="-111.12041">
    <ele>1938.9</ele>
   </trkpt>
   <trkpt lat="34.371300000000005" lon="-111.12053">
    <ele>1938.9</ele>
   </trkpt>
   <trkpt lat="34.37136" lon="-111.12085">
    <ele>1939.5000000000002</ele>
   </trkpt>
   <trkpt lat="34.371520000000004" lon="-111.12116">
    <ele>1940.2100000000003</ele>
   </trkpt>
   <trkpt lat="34.37162" lon="-111.12129000000002">
    <ele>1939.8400000000001</ele>
   </trkpt>
   <trkpt lat="34.37182" lon="-111.12139">
    <ele>1938.9600000000003</ele>
   </trkpt>
   <trkpt lat="34.372040000000005" lon="-111.12156">
    <ele>1938.1800000000003</ele>
   </trkpt>
   <trkpt lat="34.37214" lon="-111.12167000000001">
    <ele>1938.0900000000001</ele>
   </trkpt>
   <trkpt lat="34.372330000000005" lon="-111.12183">
    <ele>1938.19</ele>
   </trkpt>
   <trkpt lat="34.37241" lon="-111.12193">
    <ele>1938.2</ele>
   </trkpt>
   <trkpt lat="34.372460000000004" lon="-111.12206">
    <ele>1938.02</ele>
   </trkpt>
   <trkpt lat="34.372640000000004" lon="-111.12224">
    <ele>1937.31</ele>
   </trkpt>
   <trkpt lat="34.37274" lon="-111.12241">
    <ele>1936.44</ele>
   </trkpt>
   <trkpt lat="34.37283" lon="-111.12246">
    <ele>1936.16</ele>
   </trkpt>
   <trkpt lat="34.373020000000004" lon="-111.1226">
    <ele>1936.2</ele>
   </trkpt>
   <trkpt lat="34.37312" lon="-111.12265000000001">
    <ele>1936.2</ele>
   </trkpt>
   <trkpt lat="34.37315" lon="-111.12269">
    <ele>1936.0000000000002</ele>
   </trkpt>
   <trkpt lat="34.37314" lon="-111.12279000000001">
    <ele>1936.0000000000002</ele>
   </trkpt>
   <trkpt lat="34.373110000000004" lon="-111.12287">
    <ele>1935.8300000000002</ele>
   </trkpt>
   <trkpt lat="34.37301" lon="-111.12295">
    <ele>1935.42</ele>
   </trkpt>
   <trkpt lat="34.372870000000006" lon="-111.12318">
    <ele>1934.5800000000002</ele>
   </trkpt>
   <trkpt lat="34.37281" lon="-111.12335">
    <ele>1933.39</ele>
   </trkpt>
   <trkpt lat="34.3727" lon="-111.12381">
    <ele>1933.64</ele>
   </trkpt>
   <trkpt lat="34.372640000000004" lon="-111.12398">
    <ele>1933.92</ele>
   </trkpt>
   <trkpt lat="34.372490000000006" lon="-111.12416">
    <ele>1935.04</ele>
   </trkpt>
   <trkpt lat="34.37239" lon="-111.12435">
    <ele>1936.5900000000001</ele>
   </trkpt>
   <trkpt lat="34.37234" lon="-111.12452">
    <ele>1937.72</ele>
   </trkpt>
   <trkpt lat="34.372370000000004" lon="-111.12456">
    <ele>1937.72</ele>
   </trkpt>
   <trkpt lat="34.372690000000006" lon="-111.12461">
    <ele>1937.93</ele>
   </trkpt>
   <trkpt lat="34.37283" lon="-111.12465">
    <ele>1937.69</ele>
   </trkpt>
   <trkpt lat="34.372930000000004" lon="-111.1247">
    <ele>1937.0</ele>
   </trkpt>
   <trkpt lat="34.37314" lon="-111.12485000000001">
    <ele>1936.4900000000002</ele>
   </trkpt>
   <trkpt lat="34.373270000000005" lon="-111.12498000000001">
    <ele>1936.0700000000002</ele>
   </trkpt>
   <trkpt lat="34.37333" lon="-111.1251">
    <ele>1936.0700000000002</ele>
   </trkpt>
   <trkpt lat="34.37333" lon="-111.12524">
    <ele>1935.72</ele>
   </trkpt>
   <trkpt lat="34.373360000000005" lon="-111.12528">
    <ele>1935.51</ele>
   </trkpt>
   <trkpt lat="34.37344" lon="-111.12533">
    <ele>1935.24</ele>
   </trkpt>
   <trkpt lat="34.373430000000006" lon="-111.12537">
    <ele>1935.24</ele>
   </trkpt>
   <trkpt lat="34.3733" lon="-111.12538">
    <ele>1934.3100000000002</ele>
   </trkpt>
   <trkpt lat="34.37324" lon="-111.12533">
    <ele>1933.46</ele>
   </trkpt>
   <trkpt lat="34.37312" lon="-111.12519">
    <ele>1932.1800000000003</ele>
   </trkpt>
   <trkpt lat="34.3729" lon="-111.12501">
    <ele>1930.43</ele>
   </trkpt>
   <trkpt lat="34.37267" lon="-111.12492">
    <ele>1929.14</ele>
   </trkpt>
   <trkpt lat="34.37257" lon="-111.12492">
    <ele>1928.38</ele>
   </trkpt>
   <trkpt lat="34.372460000000004" lon="-111.12497">
    <ele>1926.98</ele>
   </trkpt>
   <trkpt lat="34.372460000000004" lon="-111.12501">
    <ele>1926.5900000000001</ele>
   </trkpt>
   <trkpt lat="34.37268" lon="-111.1251">
    <ele>1925.5700000000002</ele>
   </trkpt>
   <trkpt lat="34.37276" lon="-111.12523000000002">
    <ele>1925.16</ele>
   </trkpt>
   <trkpt lat="34.37279" lon="-111.12537">
    <ele>1924.8100000000002</ele>
   </trkpt>
   <trkpt lat="34.37277" lon="-111.1255">
    <ele>1924.23</ele>
   </trkpt>
   <trkpt lat="34.37272" lon="-111.12559">
    <ele>1923.8400000000001</ele>
   </trkpt>
   <trkpt lat="34.372690000000006" lon="-111.1256">
    <ele>1922.5200000000002</ele>
   </trkpt>
   <trkpt lat="34.372620000000005" lon="-111.12541">
    <ele>1921.7800000000002</ele>
   </trkpt>
   <trkpt lat="34.372580000000006" lon="-111.12537">
    <ele>1921.4700000000003</ele>
   </trkpt>
   <trkpt lat="34.3723" lon="-111.12533">
    <ele>1919.5700000000002</ele>
   </trkpt>
   <trkpt lat="34.372170000000004" lon="-111.12538">
    <ele>1919.0200000000002</ele>
   </trkpt>
   <trkpt lat="34.371990000000004" lon="-111.12542">
    <ele>1917.3700000000001</ele>
   </trkpt>
   <trkpt lat="34.37212" lon="-111.12551">
    <ele>1916.5700000000002</ele>
   </trkpt>
   <trkpt lat="34.372130000000006" lon="-111.12556000000001">
    <ele>1916.41</ele>
   </trkpt>
   <trkpt lat="34.372060000000005" lon="-111.12579000000001">
    <ele>1916.0800000000002</ele>
   </trkpt>
   <trkpt lat="34.37191" lon="-111.12604">
    <ele>1915.6000000000001</ele>
   </trkpt>
   <trkpt lat="34.371790000000004" lon="-111.12605">
    <ele>1915.5400000000002</ele>
   </trkpt>
   <trkpt lat="34.371750000000006" lon="-111.12609">
    <ele>1915.4700000000003</ele>
   </trkpt>
   <trkpt lat="34.37174" lon="-111.12613">
    <ele>1915.4700000000003</ele>
   </trkpt>
   <trkpt lat="34.37191" lon="-111.12626">
    <ele>1914.14</ele>
   </trkpt>
   <trkpt lat="34.37189" lon="-111.12635">
    <ele>1914.14</ele>
   </trkpt>
   <trkpt lat="34.37183" lon="-111.12636">
    <ele>1912.7200000000003</ele>
   </trkpt>
   <trkpt lat="34.371790000000004" lon="-111.12635">
    <ele>1912.3400000000001</ele>
   </trkpt>
   <trkpt lat="34.37178" lon="-111.1264">
    <ele>1912.0700000000002</ele>
   </trkpt>
   <trkpt lat="34.371680000000005" lon="-111.12649">
    <ele>1911.92</ele>
   </trkpt>
   <trkpt lat="34.37162" lon="-111.12662">
    <ele>1912.2</ele>
   </trkpt>
   <trkpt lat="34.371340000000004" lon="-111.12676">
    <ele>1911.6100000000001</ele>
   </trkpt>
   <trkpt lat="34.37126" lon="-111.12686000000001">
    <ele>1910.97</ele>
   </trkpt>
   <trkpt lat="34.371210000000005" lon="-111.12689">
    <ele>1910.6000000000001</ele>
   </trkpt>
   <trkpt lat="34.371" lon="-111.12695000000001">
    <ele>1908.5200000000002</ele>
   </trkpt>
   <trkpt lat="34.370920000000005" lon="-111.12702000000002">
    <ele>1908.14</ele>
   </trkpt>
   <trkpt lat="34.37069" lon="-111.12698">
    <ele>1907.85</ele>
   </trkpt>
   <trkpt lat="34.37053" lon="-111.12687000000001">
    <ele>1907.7800000000002</ele>
   </trkpt>
   <trkpt lat="34.37046" lon="-111.12685">
    <ele>1907.9</ele>
   </trkpt>
   <trkpt lat="34.370290000000004" lon="-111.12686000000001">
    <ele>1908.41</ele>
   </trkpt>
   <trkpt lat="34.370160000000006" lon="-111.12698">
    <ele>1909.2700000000002</ele>
   </trkpt>
   <trkpt lat="34.370140000000006" lon="-111.12716">
    <ele>1909.67</ele>
   </trkpt>
   <trkpt lat="34.37012" lon="-111.12721">
    <ele>1909.85</ele>
   </trkpt>
   <trkpt lat="34.37008" lon="-111.12726">
    <ele>1909.89</ele>
   </trkpt>
   <trkpt lat="34.370020000000004" lon="-111.12729">
    <ele>1909.92</ele>
   </trkpt>
   <trkpt lat="34.36988" lon="-111.12744">
    <ele>1909.9500000000003</ele>
   </trkpt>
   <trkpt lat="34.36977" lon="-111.12774">
    <ele>1909.8300000000002</ele>
   </trkpt>
   <trkpt lat="34.36966" lon="-111.12774">
    <ele>1909.42</ele>
   </trkpt>
   <trkpt lat="34.36952" lon="-111.12766">
    <ele>1909.3200000000002</ele>
   </trkpt>
   <trkpt lat="34.369510000000005" lon="-111.12756">
    <ele>1909.45</ele>
   </trkpt>
   <trkpt lat="34.369460000000004" lon="-111.12747">
    <ele>1909.8400000000001</ele>
   </trkpt>
   <trkpt lat="34.36939" lon="-111.12743">
    <ele>1910.1200000000001</ele>
   </trkpt>
   <trkpt lat="34.369310000000006" lon="-111.12747">
    <ele>1911.04</ele>
   </trkpt>
   <trkpt lat="34.369240000000005" lon="-111.12743">
    <ele>1911.5000000000002</ele>
   </trkpt>
   <trkpt lat="34.36921" lon="-111.12735">
    <ele>1911.66</ele>
   </trkpt>
   <trkpt lat="34.36918" lon="-111.12740000000001">
    <ele>1911.7800000000002</ele>
   </trkpt>
   <trkpt lat="34.368840000000006" lon="-111.12747">
    <ele>1911.7700000000002</ele>
   </trkpt>
   <trkpt lat="34.36872" lon="-111.12747">
    <ele>1911.79</ele>
   </trkpt>
   <trkpt lat="34.36854" lon="-111.12743">
    <ele>1912.14</ele>
   </trkpt>
   <trkpt lat="34.3684" lon="-111.12744">
    <ele>1912.5600000000002</ele>
   </trkpt>
   <trkpt lat="34.36831" lon="-111.12748">
    <ele>1912.8700000000001</ele>
   </trkpt>
   <trkpt lat="34.36818" lon="-111.12761">
    <ele>1913.39</ele>
   </trkpt>
   <trkpt lat="34.368140000000004" lon="-111.1277">
    <ele>1913.89</ele>
   </trkpt>
   <trkpt lat="34.36811" lon="-111.12792">
    <ele>1914.77</ele>
   </trkpt>
   <trkpt lat="34.36798" lon="-111.12815">
    <ele>1917.18</ele>
   </trkpt>
   <trkpt lat="34.36779" lon="-111.12855">
    <ele>1919.0600000000002</ele>
   </trkpt>
   <trkpt lat="34.36777" lon="-111.12886">
    <ele>1919.9800000000002</ele>
   </trkpt>
   <trkpt lat="34.36764" lon="-111.12935">
    <ele>1920.88</ele>
   </trkpt>
   <trkpt lat="34.367610000000006" lon="-111.12959000000001">
    <ele>1921.25</ele>
   </trkpt>
   <trkpt lat="34.36768" lon="-111.12999">
    <ele>1922.71</ele>
   </trkpt>
   <trkpt lat="34.36769" lon="-111.13029">
    <ele>1925.16</ele>
   </trkpt>
   <trkpt lat="34.367670000000004" lon="-111.13052">
    <ele>1926.2100000000003</ele>
   </trkpt>
   <trkpt lat="34.367610000000006" lon="-111.13066">
    <ele>1927.24</ele>
   </trkpt>
   <trkpt lat="34.36775" lon="-111.13079">
    <ele>1929.24</ele>
   </trkpt>
   <trkpt lat="34.36777" lon="-111.13091000000001">
    <ele>1930.4800000000002</ele>
   </trkpt>
   <trkpt lat="34.367700000000006" lon="-111.13097">
    <ele>1930.4800000000002</ele>
   </trkpt>
   <trkpt lat="34.36759" lon="-111.13098000000001">
    <ele>1929.9</ele>
   </trkpt>
   <trkpt lat="34.36753" lon="-111.1312">
    <ele>1932.41</ele>
   </trkpt>
   <trkpt lat="34.36744" lon="-111.13123">
    <ele>1932.02</ele>
   </trkpt>
   <trkpt lat="34.367250000000006" lon="-111.13118000000001">
    <ele>1930.5500000000002</ele>
   </trkpt>
   <trkpt lat="34.367140000000006" lon="-111.13118000000001">
    <ele>1929.8700000000001</ele>
   </trkpt>
   <trkpt lat="34.36679" lon="-111.13124">
    <ele>1928.74</ele>
   </trkpt>
   <trkpt lat="34.36675" lon="-111.13135000000001">
    <ele>1929.46</ele>
   </trkpt>
   <trkpt lat="34.36665" lon="-111.13159">
    <ele>1929.72</ele>
   </trkpt>
   <trkpt lat="34.366440000000004" lon="-111.13172000000002">
    <ele>1928.6200000000001</ele>
   </trkpt>
   <trkpt lat="34.366200000000006" lon="-111.13198000000001">
    <ele>1927.41</ele>
   </trkpt>
   <trkpt lat="34.366170000000004" lon="-111.13226">
    <ele>1928.8200000000002</ele>
   </trkpt>
   <trkpt lat="34.36628" lon="-111.13248000000002">
    <ele>1932.0800000000002</ele>
   </trkpt>
   <trkpt lat="34.366330000000005" lon="-111.13295000000001">
    <ele>1936.67</ele>
   </trkpt>
   <trkpt lat="34.36641" lon="-111.13323000000001">
    <ele>1937.65</ele>
   </trkpt>
   <trkpt lat="34.3665" lon="-111.13322000000001">
    <ele>1938.44</ele>
   </trkpt>
   <trkpt lat="34.366510000000005" lon="-111.13311">
    <ele>1938.2800000000002</ele>
   </trkpt>
   <trkpt lat="34.36654" lon="-111.13299">
    <ele>1938.19</ele>
   </trkpt>
   <trkpt lat="34.366690000000006" lon="-111.13266000000002">
    <ele>1938.1200000000001</ele>
   </trkpt>
   <trkpt lat="34.366780000000006" lon="-111.13256000000001">
    <ele>1938.71</ele>
   </trkpt>
   <trkpt lat="34.366870000000006" lon="-111.13250000000001">
    <ele>1940.1500000000003</ele>
   </trkpt>
   <trkpt lat="34.367050000000006" lon="-111.13241000000001">
    <ele>1942.4800000000002</ele>
   </trkpt>
   <trkpt lat="34.36751" lon="-111.13202000000001">
    <ele>1945.0600000000002</ele>
   </trkpt>
   <trkpt lat="34.36771" lon="-111.13195">
    <ele>1945.99</ele>
   </trkpt>
   <trkpt lat="34.367810000000006" lon="-111.13194000000001">
    <ele>1947.0500000000002</ele>
   </trkpt>
   <trkpt lat="34.368" lon="-111.13198000000001">
    <ele>1949.5000000000002</ele>
   </trkpt>
   <trkpt lat="34.368100000000005" lon="-111.13199000000002">
    <ele>1949.8700000000001</ele>
   </trkpt>
   <trkpt lat="34.36829" lon="-111.13207000000001">
    <ele>1951.2900000000002</ele>
   </trkpt>
   <trkpt lat="34.368190000000006" lon="-111.13213">
    <ele>1953.3200000000002</ele>
   </trkpt>
   <trkpt lat="34.36807" lon="-111.13217">
    <ele>1953.5500000000002</ele>
   </trkpt>
   <trkpt lat="34.36798" lon="-111.13218">
    <ele>1952.8600000000001</ele>
   </trkpt>
   <trkpt lat="34.3678" lon="-111.13225000000001">
    <ele>1951.3500000000001</ele>
   </trkpt>
   <trkpt lat="34.367720000000006" lon="-111.13232">
    <ele>1951.21</ele>
   </trkpt>
   <trkpt lat="34.367650000000005" lon="-111.13253">
    <ele>1952.5400000000002</ele>
   </trkpt>
   <trkpt lat="34.36753" lon="-111.13273000000001">
    <ele>1952.66</ele>
   </trkpt>
   <trkpt lat="34.36723" lon="-111.13279000000001">
    <ele>1948.2500000000002</ele>
   </trkpt>
   <trkpt lat="34.367250000000006" lon="-111.13293000000002">
    <ele>1945.93</ele>
   </trkpt>
   <trkpt lat="34.367250000000006" lon="-111.13365">
    <ele>1952.71</ele>
   </trkpt>
   <trkpt lat="34.367290000000004" lon="-111.13375">
    <ele>1955.2800000000002</ele>
   </trkpt>
   <trkpt lat="34.3673" lon="-111.13389000000001">
    <ele>1955.2800000000002</ele>
   </trkpt>
   <trkpt lat="34.367290000000004" lon="-111.13424">
    <ele>1958.0400000000002</ele>
   </trkpt>
   <trkpt lat="34.36726" lon="-111.13441">
    <ele>1958.38</ele>
   </trkpt>
   <trkpt lat="34.367050000000006" lon="-111.13464">
    <ele>1959.5700000000002</ele>
   </trkpt>
   <trkpt lat="34.366890000000005" lon="-111.13496">
    <ele>1960.92</ele>
   </trkpt>
   <trkpt lat="34.36685" lon="-111.13535">
    <ele>1961.5000000000002</ele>
   </trkpt>
   <trkpt lat="34.366870000000006" lon="-111.13550000000001">
    <ele>1961.98</ele>
   </trkpt>
   <trkpt lat="34.366820000000004" lon="-111.13568000000001">
    <ele>1962.3100000000002</ele>
   </trkpt>
   <trkpt lat="34.366820000000004" lon="-111.13598">
    <ele>1962.5700000000002</ele>
   </trkpt>
   <trkpt lat="34.36672" lon="-111.13656">
    <ele>1963.95</ele>
   </trkpt>
   <trkpt lat="34.36668" lon="-111.13661">
    <ele>1963.95</ele>
   </trkpt>
   <trkpt lat="34.366580000000006" lon="-111.13692">
    <ele>1964.64</ele>
   </trkpt>
   <trkpt lat="34.366530000000004" lon="-111.13697">
    <ele>1964.64</ele>
   </trkpt>
   <trkpt lat="34.36647" lon="-111.13729000000001">
    <ele>1966.4500000000003</ele>
   </trkpt>
   <trkpt lat="34.366400000000006" lon="-111.13743000000001">
    <ele>1966.91</ele>
   </trkpt>
   <trkpt lat="34.36634" lon="-111.13768">
    <ele>1967.2</ele>
   </trkpt>
   <trkpt lat="34.366240000000005" lon="-111.13784000000001">
    <ele>1967.6700000000003</ele>
   </trkpt>
   <trkpt lat="34.36619" lon="-111.13775000000001">
    <ele>1971.88</ele>
   </trkpt>
   <trkpt lat="34.366020000000006" lon="-111.13757000000001">
    <ele>1969.2800000000002</ele>
   </trkpt>
   <trkpt lat="34.365930000000006" lon="-111.13756000000001">
    <ele>1970.0100000000002</ele>
   </trkpt>
   <trkpt lat="34.36583" lon="-111.13753000000001">
    <ele>1970.3300000000002</ele>
   </trkpt>
   <trkpt lat="34.36574" lon="-111.13756000000001">
    <ele>1971.91</ele>
   </trkpt>
   <trkpt lat="34.365640000000006" lon="-111.13751">
    <ele>1972.7800000000002</ele>
   </trkpt>
   <trkpt lat="34.365520000000004" lon="-111.13753000000001">
    <ele>1973.89</ele>
   </trkpt>
   <trkpt lat="34.36543" lon="-111.13756000000001">
    <ele>1974.46</ele>
   </trkpt>
   <trkpt lat="34.36533" lon="-111.13764">
    <ele>1975.2800000000002</ele>
   </trkpt>
   <trkpt lat="34.365230000000004" lon="-111.13767000000001">
    <ele>1975.66</ele>
   </trkpt>
   <trkpt lat="34.365230000000004" lon="-111.13778">
    <ele>1976.14</ele>
   </trkpt>
   <trkpt lat="34.365370000000006" lon="-111.13795">
    <ele>1976.23</ele>
   </trkpt>
   <trkpt lat="34.36543" lon="-111.13805">
    <ele>1976.8300000000002</ele>
   </trkpt>
   <trkpt lat="34.36544" lon="-111.13829000000001">
    <ele>1977.2500000000002</ele>
   </trkpt>
   <trkpt lat="34.36549" lon="-111.13838000000001">
    <ele>1977.71</ele>
   </trkpt>
   <trkpt lat="34.36543" lon="-111.13848000000002">
    <ele>1978.7700000000002</ele>
   </trkpt>
   <trkpt lat="34.36534" lon="-111.13854">
    <ele>1979.13</ele>
   </trkpt>
   <trkpt lat="34.365170000000006" lon="-111.13838000000001">
    <ele>1977.5900000000001</ele>
   </trkpt>
   <trkpt lat="34.36507" lon="-111.13837000000001">
    <ele>1977.27</ele>
   </trkpt>
   <trkpt lat="34.36502" lon="-111.13847000000001">
    <ele>1977.6200000000001</ele>
   </trkpt>
   <trkpt lat="34.36491" lon="-111.13853">
    <ele>1977.74</ele>
   </trkpt>
   <trkpt lat="34.36482" lon="-111.13856000000001">
    <ele>1977.5600000000002</ele>
   </trkpt>
   <trkpt lat="34.36475" lon="-111.13862">
    <ele>1978.4500000000003</ele>
   </trkpt>
   <trkpt lat="34.364650000000005" lon="-111.13865000000001">
    <ele>1978.56</ele>
   </trkpt>
   <trkpt lat="34.364560000000004" lon="-111.13857000000002">
    <ele>1977.3200000000002</ele>
   </trkpt>
   <trkpt lat="34.36451" lon="-111.13867">
    <ele>1978.2400000000002</ele>
   </trkpt>
   <trkpt lat="34.364360000000005" lon="-111.13886000000001">
    <ele>1980.4500000000003</ele>
   </trkpt>
   <trkpt lat="34.36433" lon="-111.13897000000001">
    <ele>1981.2500000000002</ele>
   </trkpt>
   <trkpt lat="34.36424" lon="-111.13892000000001">
    <ele>1980.5100000000002</ele>
   </trkpt>
   <trkpt lat="34.36421" lon="-111.13903">
    <ele>1981.64</ele>
   </trkpt>
   <trkpt lat="34.36426" lon="-111.13916">
    <ele>1983.1600000000003</ele>
   </trkpt>
   <trkpt lat="34.364380000000004" lon="-111.13917000000001">
    <ele>1983.5200000000002</ele>
   </trkpt>
   <trkpt lat="34.36448" lon="-111.13913000000001">
    <ele>1983.7600000000002</ele>
   </trkpt>
   <trkpt lat="34.364580000000004" lon="-111.13914000000001">
    <ele>1983.91</ele>
   </trkpt>
   <trkpt lat="34.364670000000004" lon="-111.13919000000001">
    <ele>1984.4500000000003</ele>
   </trkpt>
   <trkpt lat="34.364900000000006" lon="-111.13945000000001">
    <ele>1986.3700000000001</ele>
   </trkpt>
   <trkpt lat="34.36497" lon="-111.13934">
    <ele>1985.74</ele>
   </trkpt>
   <trkpt lat="34.36507" lon="-111.13924000000002">
    <ele>1984.91</ele>
   </trkpt>
   <trkpt lat="34.36513" lon="-111.13913000000001">
    <ele>1984.23</ele>
   </trkpt>
   <trkpt lat="34.36525" lon="-111.13910000000001">
    <ele>1983.92</ele>
   </trkpt>
   <trkpt lat="34.36529" lon="-111.13924000000002">
    <ele>1985.1600000000003</ele>
   </trkpt>
   <trkpt lat="34.365390000000005" lon="-111.13929">
    <ele>1985.75</ele>
   </trkpt>
   <trkpt lat="34.36547" lon="-111.13922000000001">
    <ele>1985.2600000000002</ele>
   </trkpt>
   <trkpt lat="34.36551" lon="-111.13910000000001">
    <ele>1984.2700000000002</ele>
   </trkpt>
   <trkpt lat="34.36558" lon="-111.13904000000001">
    <ele>1984.19</ele>
   </trkpt>
   <trkpt lat="34.36567" lon="-111.13909000000001">
    <ele>1984.8300000000002</ele>
   </trkpt>
   <trkpt lat="34.3659" lon="-111.13916">
    <ele>1986.23</ele>
   </trkpt>
   <trkpt lat="34.36598" lon="-111.13922000000001">
    <ele>1986.66</ele>
   </trkpt>
   <trkpt lat="34.3661" lon="-111.13946000000001">
    <ele>1987.3200000000002</ele>
   </trkpt>
   <trkpt lat="34.36619" lon="-111.13936000000001">
    <ele>1987.4600000000003</ele>
   </trkpt>
   <trkpt lat="34.366220000000006" lon="-111.13924000000002">
    <ele>1987.5300000000002</ele>
   </trkpt>
   <trkpt lat="34.3663" lon="-111.13913000000001">
    <ele>1987.81</ele>
   </trkpt>
   <trkpt lat="34.36639" lon="-111.13915000000001">
    <ele>1987.9700000000003</ele>
   </trkpt>
   <trkpt lat="34.36643" lon="-111.13926000000001">
    <ele>1988.0400000000002</ele>
   </trkpt>
   <trkpt lat="34.36636" lon="-111.13934">
    <ele>1987.98</ele>
   </trkpt>
   <trkpt lat="34.3663" lon="-111.13946000000001">
    <ele>1987.98</ele>
   </trkpt>
   <trkpt lat="34.366460000000004" lon="-111.13959000000001">
    <ele>1988.8400000000001</ele>
   </trkpt>
   <trkpt lat="34.36643" lon="-111.13972000000001">
    <ele>1989.3700000000001</ele>
   </trkpt>
   <trkpt lat="34.366510000000005" lon="-111.13978000000002">
    <ele>1990.5100000000002</ele>
   </trkpt>
   <trkpt lat="34.36661" lon="-111.13977000000001">
    <ele>1991.1600000000003</ele>
   </trkpt>
   <trkpt lat="34.36665" lon="-111.13988">
    <ele>1992.6200000000001</ele>
   </trkpt>
   <trkpt lat="34.36656" lon="-111.14012000000001">
    <ele>1994.52</ele>
   </trkpt>
   <trkpt lat="34.36654" lon="-111.14026000000001">
    <ele>1995.96</ele>
   </trkpt>
   <trkpt lat="34.366580000000006" lon="-111.14053000000001">
    <ele>1998.5000000000002</ele>
   </trkpt>
   <trkpt lat="34.36648" lon="-111.14055">
    <ele>1997.89</ele>
   </trkpt>
   <trkpt lat="34.36632" lon="-111.14074000000001">
    <ele>1997.74</ele>
   </trkpt>
   <trkpt lat="34.36609" lon="-111.14076000000001">
    <ele>1995.2800000000002</ele>
   </trkpt>
   <trkpt lat="34.366170000000004" lon="-111.14131">
    <ele>1995.0</ele>
   </trkpt>
   <trkpt lat="34.36609" lon="-111.14175000000002">
    <ele>1995.91</ele>
   </trkpt>
   <trkpt lat="34.36609" lon="-111.14225">
    <ele>1998.4400000000003</ele>
   </trkpt>
   <trkpt lat="34.366110000000006" lon="-111.14238">
    <ele>1999.27</ele>
   </trkpt>
   <trkpt lat="34.366305002048875" lon="-111.14309499822645">
    <ele>2002.6000000000001</ele>
   </trkpt>
   <trkpt lat="34.3665" lon="-111.14381">
    <ele>2004.0</ele>
   </trkpt>
   <trkpt lat="34.36652" lon="-111.14409">
    <ele>2003.54</ele>
   </trkpt>
   <trkpt lat="34.366690000000006" lon="-111.14411000000001">
    <ele>2004.4400000000003</ele>
   </trkpt>
   <trkpt lat="34.36679" lon="-111.14414000000001">
    <ele>2005.43</ele>
   </trkpt>
   <trkpt lat="34.366980000000005" lon="-111.14407000000001">
    <ele>2007.6200000000001</ele>
   </trkpt>
   <trkpt lat="34.367090000000005" lon="-111.14413">
    <ele>2008.48</ele>
   </trkpt>
   <trkpt lat="34.367200000000004" lon="-111.14413">
    <ele>2009.4800000000002</ele>
   </trkpt>
   <trkpt lat="34.36721" lon="-111.14441000000001">
    <ele>2010.1500000000003</ele>
   </trkpt>
   <trkpt lat="34.36719" lon="-111.14454">
    <ele>2010.0700000000002</ele>
   </trkpt>
   <trkpt lat="34.36723" lon="-111.1448">
    <ele>2011.11</ele>
   </trkpt>
   <trkpt lat="34.36721" lon="-111.14505000000001">
    <ele>2010.25</ele>
   </trkpt>
   <trkpt lat="34.367250000000006" lon="-111.14515000000002">
    <ele>2009.6899999999998</ele>
   </trkpt>
   <trkpt lat="34.36732" lon="-111.14523000000001">
    <ele>2009.3</ele>
   </trkpt>
   <trkpt lat="34.36742" lon="-111.14526000000001">
    <ele>2010.04</ele>
   </trkpt>
   <trkpt lat="34.36751" lon="-111.14522000000001">
    <ele>2012.8600000000004</ele>
   </trkpt>
   <trkpt lat="34.367630000000005" lon="-111.14522000000001">
    <ele>2014.4100000000003</ele>
   </trkpt>
   <trkpt lat="34.36773" lon="-111.14526000000001">
    <ele>2014.39</ele>
   </trkpt>
   <trkpt lat="34.367940000000004" lon="-111.1453">
    <ele>2017.45</ele>
   </trkpt>
   <trkpt lat="34.368010000000005" lon="-111.14539">
    <ele>2017.8600000000001</ele>
   </trkpt>
   <trkpt lat="34.36806" lon="-111.14551000000002">
    <ele>2017.7</ele>
   </trkpt>
   <trkpt lat="34.36833" lon="-111.14565">
    <ele>2021.6800000000003</ele>
   </trkpt>
   <trkpt lat="34.36826" lon="-111.14573000000001">
    <ele>2021.55</ele>
   </trkpt>
   <trkpt lat="34.36816" lon="-111.14579">
    <ele>2020.3000000000002</ele>
   </trkpt>
   <trkpt lat="34.36811" lon="-111.14589000000001">
    <ele>2021.3700000000001</ele>
   </trkpt>
   <trkpt lat="34.368" lon="-111.14593">
    <ele>2019.0900000000001</ele>
   </trkpt>
   <trkpt lat="34.367830000000005" lon="-111.14607000000001">
    <ele>2016.0200000000002</ele>
   </trkpt>
   <trkpt lat="34.36773" lon="-111.14612000000001">
    <ele>2014.1599999999999</ele>
   </trkpt>
   <trkpt lat="34.36748" lon="-111.14618000000002">
    <ele>2014.03</ele>
   </trkpt>
   <trkpt lat="34.36739" lon="-111.14622000000001">
    <ele>2013.55</ele>
   </trkpt>
   <trkpt lat="34.3673" lon="-111.14632">
    <ele>2011.5700000000002</ele>
   </trkpt>
   <trkpt lat="34.367360000000005" lon="-111.14642">
    <ele>2011.7800000000002</ele>
   </trkpt>
   <trkpt lat="34.3674" lon="-111.14666000000001">
    <ele>2011.67</ele>
   </trkpt>
   <trkpt lat="34.367490000000004" lon="-111.14674000000001">
    <ele>2013.5800000000002</ele>
   </trkpt>
   <trkpt lat="34.36742" lon="-111.14685000000001">
    <ele>2012.1000000000001</ele>
   </trkpt>
   <trkpt lat="34.367430000000006" lon="-111.14698000000001">
    <ele>2013.1100000000001</ele>
   </trkpt>
   <trkpt lat="34.36742" lon="-111.14711000000001">
    <ele>2014.4100000000003</ele>
   </trkpt>
   <trkpt lat="34.36726" lon="-111.14731">
    <ele>2009.5200000000002</ele>
   </trkpt>
   <trkpt lat="34.367250000000006" lon="-111.14744">
    <ele>2010.6200000000003</ele>
   </trkpt>
   <trkpt lat="34.36722" lon="-111.14757000000002">
    <ele>2011.26</ele>
   </trkpt>
   <trkpt lat="34.36715" lon="-111.14771">
    <ele>2011.1600000000003</ele>
   </trkpt>
   <trkpt lat="34.36708" lon="-111.14794">
    <ele>2013.9900000000002</ele>
   </trkpt>
   <trkpt lat="34.3669" lon="-111.14809000000001">
    <ele>2015.67</ele>
   </trkpt>
   <trkpt lat="34.36684" lon="-111.14819000000001">
    <ele>2018.4700000000003</ele>
   </trkpt>
   <trkpt lat="34.366620000000005" lon="-111.14810000000001">
    <ele>2015.48</ele>
   </trkpt>
   <trkpt lat="34.366420000000005" lon="-111.14808000000001">
    <ele>2014.0900000000004</ele>
   </trkpt>
   <trkpt lat="34.366200000000006" lon="-111.14813000000001">
    <ele>2015.2200000000003</ele>
   </trkpt>
   <trkpt lat="34.36603" lon="-111.14823000000001">
    <ele>2014.2600000000002</ele>
   </trkpt>
   <trkpt lat="34.36562" lon="-111.14868000000001">
    <ele>2012.7100000000003</ele>
   </trkpt>
   <trkpt lat="34.36544" lon="-111.14883">
    <ele>2013.1000000000001</ele>
   </trkpt>
   <trkpt lat="34.36529" lon="-111.14898000000001">
    <ele>2012.2500000000002</ele>
   </trkpt>
   <trkpt lat="34.36534" lon="-111.14921000000001">
    <ele>2012.0300000000002</ele>
   </trkpt>
   <trkpt lat="34.3654" lon="-111.14933">
    <ele>2011.6500000000003</ele>
   </trkpt>
   <trkpt lat="34.36549" lon="-111.14939000000001">
    <ele>2011.5500000000002</ele>
   </trkpt>
   <trkpt lat="34.365590000000005" lon="-111.14940000000001">
    <ele>2011.8400000000001</ele>
   </trkpt>
   <trkpt lat="34.365790000000004" lon="-111.14934000000001">
    <ele>2013.2500000000002</ele>
   </trkpt>
   <trkpt lat="34.3659" lon="-111.14934000000001">
    <ele>2013.92</ele>
   </trkpt>
   <trkpt lat="34.36612" lon="-111.14936000000002">
    <ele>2014.0800000000004</ele>
   </trkpt>
   <trkpt lat="34.36623" lon="-111.14934000000001">
    <ele>2013.8000000000002</ele>
   </trkpt>
   <trkpt lat="34.36634" lon="-111.14930000000001">
    <ele>2014.37</ele>
   </trkpt>
   <trkpt lat="34.36645" lon="-111.14927000000002">
    <ele>2015.41</ele>
   </trkpt>
   <trkpt lat="34.36654" lon="-111.14922000000001">
    <ele>2016.48</ele>
   </trkpt>
   <trkpt lat="34.36672" lon="-111.14951">
    <ele>2014.1500000000003</ele>
   </trkpt>
   <trkpt lat="34.36672" lon="-111.14964">
    <ele>2013.1000000000001</ele>
   </trkpt>
   <trkpt lat="34.36675" lon="-111.14979000000001">
    <ele>2012.8300000000002</ele>
   </trkpt>
   <trkpt lat="34.36697" lon="-111.14992000000001">
    <ele>2014.3500000000004</ele>
   </trkpt>
   <trkpt lat="34.36701" lon="-111.15004">
    <ele>2013.77</ele>
   </trkpt>
   <trkpt lat="34.36701" lon="-111.15018">
    <ele>2012.6600000000003</ele>
   </trkpt>
   <trkpt lat="34.3671" lon="-111.15026">
    <ele>2012.5600000000002</ele>
   </trkpt>
   <trkpt lat="34.36719" lon="-111.15037000000001">
    <ele>2011.81</ele>
   </trkpt>
   <trkpt lat="34.3673" lon="-111.15043000000001">
    <ele>2011.73</ele>
   </trkpt>
   <trkpt lat="34.36739" lon="-111.15041000000001">
    <ele>2011.9600000000003</ele>
   </trkpt>
   <trkpt lat="34.367580000000004" lon="-111.15042000000001">
    <ele>2012.07</ele>
   </trkpt>
   <trkpt lat="34.367630000000005" lon="-111.15055000000001">
    <ele>2012.1700000000003</ele>
   </trkpt>
   <trkpt lat="34.367630000000005" lon="-111.15069000000001">
    <ele>2011.7100000000003</ele>
   </trkpt>
   <trkpt lat="34.36775" lon="-111.15074000000001">
    <ele>2011.33</ele>
   </trkpt>
   <trkpt lat="34.36798" lon="-111.15072">
    <ele>2011.7600000000002</ele>
   </trkpt>
   <trkpt lat="34.36807" lon="-111.15082000000001">
    <ele>2010.1599999999999</ele>
   </trkpt>
   <trkpt lat="34.36809" lon="-111.15095000000001">
    <ele>2006.3500000000004</ele>
   </trkpt>
   <trkpt lat="34.36818" lon="-111.15090000000001">
    <ele>2007.25</ele>
   </trkpt>
   <trkpt lat="34.36824" lon="-111.15081">
    <ele>2009.35</ele>
   </trkpt>
   <trkpt lat="34.368320000000004" lon="-111.15074000000001">
    <ele>2010.84</ele>
   </trkpt>
   <trkpt lat="34.368370000000006" lon="-111.15065000000001">
    <ele>2011.74</ele>
   </trkpt>
   <trkpt lat="34.368390000000005" lon="-111.15053">
    <ele>2012.0900000000001</ele>
   </trkpt>
   <trkpt lat="34.368500000000004" lon="-111.15062">
    <ele>2009.5</ele>
   </trkpt>
   <trkpt lat="34.3686" lon="-111.15065000000001">
    <ele>2009.03</ele>
   </trkpt>
   <trkpt lat="34.36871" lon="-111.15064000000001">
    <ele>2009.5300000000002</ele>
   </trkpt>
   <trkpt lat="34.36882" lon="-111.15066">
    <ele>2010.0500000000002</ele>
   </trkpt>
   <trkpt lat="34.36891" lon="-111.15065000000001">
    <ele>2010.0500000000002</ele>
   </trkpt>
   <trkpt lat="34.36907" lon="-111.15045">
    <ele>2010.6399999999999</ele>
   </trkpt>
   <trkpt lat="34.36914" lon="-111.15052000000001">
    <ele>2010.78</ele>
   </trkpt>
   <trkpt lat="34.369240000000005" lon="-111.15058">
    <ele>2010.58</ele>
   </trkpt>
   <trkpt lat="34.36934" lon="-111.15053">
    <ele>2011.6500000000003</ele>
   </trkpt>
   <trkpt lat="34.36938" lon="-111.1504">
    <ele>2013.1100000000001</ele>
   </trkpt>
   <trkpt lat="34.36948" lon="-111.15046000000001">
    <ele>2013.62</ele>
   </trkpt>
   <trkpt lat="34.369460000000004" lon="-111.15057000000002">
    <ele>2012.3700000000001</ele>
   </trkpt>
   <trkpt lat="34.36954" lon="-111.15065000000001">
    <ele>2014.4200000000003</ele>
   </trkpt>
   <trkpt lat="34.36959" lon="-111.15077000000001">
    <ele>2017.22</ele>
   </trkpt>
   <trkpt lat="34.36966" lon="-111.15088000000002">
    <ele>2021.9400000000003</ele>
   </trkpt>
   <trkpt lat="34.369640000000004" lon="-111.15099000000001">
    <ele>2024.2900000000002</ele>
   </trkpt>
   <trkpt lat="34.36954" lon="-111.15097000000002">
    <ele>2024.1200000000003</ele>
   </trkpt>
   <trkpt lat="34.36943" lon="-111.15091000000001">
    <ele>2017.2700000000002</ele>
   </trkpt>
   <trkpt lat="34.369330000000005" lon="-111.15091000000001">
    <ele>2014.6000000000001</ele>
   </trkpt>
   <trkpt lat="34.36914" lon="-111.15104000000001">
    <ele>2015.1700000000003</ele>
   </trkpt>
   <trkpt lat="34.36905" lon="-111.15108000000001">
    <ele>2014.45</ele>
   </trkpt>
   <trkpt lat="34.36898" lon="-111.1512">
    <ele>2013.82</ele>
   </trkpt>
   <trkpt lat="34.368990000000004" lon="-111.15136000000001">
    <ele>2013.78</ele>
   </trkpt>
   <trkpt lat="34.369080000000004" lon="-111.15144000000001">
    <ele>2018.8200000000002</ele>
   </trkpt>
   <trkpt lat="34.369060000000005" lon="-111.15158000000001">
    <ele>2021.97</ele>
   </trkpt>
   <trkpt lat="34.36871" lon="-111.15196">
    <ele>2014.2800000000002</ele>
   </trkpt>
   <trkpt lat="34.368640000000006" lon="-111.15234000000001">
    <ele>2013.28</ele>
   </trkpt>
   <trkpt lat="34.36862" lon="-111.15248000000001">
    <ele>2013.3200000000002</ele>
   </trkpt>
   <trkpt lat="34.36871" lon="-111.1526">
    <ele>2013.01</ele>
   </trkpt>
   <trkpt lat="34.36891" lon="-111.15253000000001">
    <ele>2014.8300000000004</ele>
   </trkpt>
   <trkpt lat="34.3691" lon="-111.1526">
    <ele>2015.2200000000003</ele>
   </trkpt>
   <trkpt lat="34.36923" lon="-111.15262000000001">
    <ele>2016.2300000000002</ele>
   </trkpt>
   <trkpt lat="34.36925" lon="-111.15275000000001">
    <ele>2014.5500000000002</ele>
   </trkpt>
   <trkpt lat="34.3692" lon="-111.15288000000001">
    <ele>2013.09</ele>
   </trkpt>
   <trkpt lat="34.36928" lon="-111.15296000000001">
    <ele>2012.8300000000002</ele>
   </trkpt>
   <trkpt lat="34.36937" lon="-111.15295">
    <ele>2014.3600000000004</ele>
   </trkpt>
   <trkpt lat="34.369460000000004" lon="-111.15305000000001">
    <ele>2015.8200000000002</ele>
   </trkpt>
   <trkpt lat="34.36947" lon="-111.15331">
    <ele>2019.3799999999999</ele>
   </trkpt>
   <trkpt lat="34.36945" lon="-111.15344">
    <ele>2020.61</ele>
   </trkpt>
   <trkpt lat="34.369400000000006" lon="-111.15354">
    <ele>2019.9600000000003</ele>
   </trkpt>
   <trkpt lat="34.36929" lon="-111.15363">
    <ele>2016.82</ele>
   </trkpt>
   <trkpt lat="34.369040000000005" lon="-111.15392000000001">
    <ele>2013.6299999999999</ele>
   </trkpt>
   <trkpt lat="34.36909" lon="-111.15406000000002">
    <ele>2013.98</ele>
   </trkpt>
   <trkpt lat="34.36918" lon="-111.15410000000001">
    <ele>2013.96</ele>
   </trkpt>
   <trkpt lat="34.3693" lon="-111.15409000000001">
    <ele>2014.6000000000001</ele>
   </trkpt>
   <trkpt lat="34.36952" lon="-111.15399000000001">
    <ele>2018.5600000000004</ele>
   </trkpt>
   <trkpt lat="34.369620000000005" lon="-111.15400000000001">
    <ele>2019.7500000000002</ele>
   </trkpt>
   <trkpt lat="34.3697" lon="-111.15404000000001">
    <ele>2019.48</ele>
   </trkpt>
   <trkpt lat="34.36981" lon="-111.15406000000002">
    <ele>2020.3200000000004</ele>
   </trkpt>
   <trkpt lat="34.36986" lon="-111.15416">
    <ele>2020.2500000000002</ele>
   </trkpt>
   <trkpt lat="34.36984" lon="-111.15427000000001">
    <ele>2019.9100000000003</ele>
   </trkpt>
   <trkpt lat="34.36983" lon="-111.15450000000001">
    <ele>2020.0400000000002</ele>
   </trkpt>
   <trkpt lat="34.369730000000004" lon="-111.15493000000001">
    <ele>2020.1900000000003</ele>
   </trkpt>
   <trkpt lat="34.369690000000006" lon="-111.15506">
    <ele>2020.1900000000003</ele>
   </trkpt>
   <trkpt lat="34.369580000000006" lon="-111.15525000000001">
    <ele>2017.57</ele>
   </trkpt>
   <trkpt lat="34.36954" lon="-111.15538000000001">
    <ele>2018.1500000000003</ele>
   </trkpt>
   <trkpt lat="34.36948" lon="-111.15546">
    <ele>2018.1599999999999</ele>
   </trkpt>
   <trkpt lat="34.36952" lon="-111.15559">
    <ele>2019.5600000000002</ele>
   </trkpt>
   <trkpt lat="34.36961" lon="-111.15566000000001">
    <ele>2020.5800000000002</ele>
   </trkpt>
   <trkpt lat="34.3697" lon="-111.1559">
    <ele>2019.8300000000002</ele>
   </trkpt>
   <trkpt lat="34.36979" lon="-111.15599">
    <ele>2018.78</ele>
   </trkpt>
   <trkpt lat="34.36992" lon="-111.156">
    <ele>2018.6300000000003</ele>
   </trkpt>
   <trkpt lat="34.37004" lon="-111.15603000000002">
    <ele>2016.8600000000004</ele>
   </trkpt>
   <trkpt lat="34.37012" lon="-111.15599">
    <ele>2016.4400000000003</ele>
   </trkpt>
   <trkpt lat="34.370270000000005" lon="-111.15585000000002">
    <ele>2018.79</ele>
   </trkpt>
   <trkpt lat="34.37044" lon="-111.15571000000001">
    <ele>2020.5000000000002</ele>
   </trkpt>
   <trkpt lat="34.370580000000004" lon="-111.15555">
    <ele>2023.3799999999999</ele>
   </trkpt>
   <trkpt lat="34.37078" lon="-111.15544000000001">
    <ele>2022.3</ele>
   </trkpt>
   <trkpt lat="34.370940000000004" lon="-111.15527000000002">
    <ele>2023.0</ele>
   </trkpt>
   <trkpt lat="34.37133" lon="-111.15506">
    <ele>2019.59</ele>
   </trkpt>
   <trkpt lat="34.37145" lon="-111.15502000000001">
    <ele>2019.6400000000003</ele>
   </trkpt>
   <trkpt lat="34.371570000000006" lon="-111.15502000000001">
    <ele>2018.13</ele>
   </trkpt>
   <trkpt lat="34.37165" lon="-111.15493000000001">
    <ele>2019.33</ele>
   </trkpt>
   <trkpt lat="34.37187" lon="-111.15490000000001">
    <ele>2018.93</ele>
   </trkpt>
   <trkpt lat="34.371950000000005" lon="-111.15485000000001">
    <ele>2019.6100000000001</ele>
   </trkpt>
   <trkpt lat="34.37205" lon="-111.15463000000001">
    <ele>2023.21</ele>
   </trkpt>
   <trkpt lat="34.37221" lon="-111.15474">
    <ele>2020.6600000000003</ele>
   </trkpt>
   <trkpt lat="34.3723" lon="-111.1547">
    <ele>2021.76</ele>
   </trkpt>
   <trkpt lat="34.372350000000004" lon="-111.15481000000001">
    <ele>2020.87</ele>
   </trkpt>
   <trkpt lat="34.37228" lon="-111.15492">
    <ele>2018.17</ele>
   </trkpt>
   <trkpt lat="34.37232" lon="-111.15504000000001">
    <ele>2016.7700000000002</ele>
   </trkpt>
   <trkpt lat="34.372330000000005" lon="-111.15515">
    <ele>2015.86</ele>
   </trkpt>
   <trkpt lat="34.3723" lon="-111.15530000000001">
    <ele>2014.0800000000004</ele>
   </trkpt>
   <trkpt lat="34.37245" lon="-111.15548000000001">
    <ele>2014.77</ele>
   </trkpt>
   <trkpt lat="34.372530000000005" lon="-111.15544000000001">
    <ele>2015.63</ele>
   </trkpt>
   <trkpt lat="34.372550000000004" lon="-111.15557000000001">
    <ele>2014.93</ele>
   </trkpt>
   <trkpt lat="34.37252" lon="-111.15567000000001">
    <ele>2014.5500000000002</ele>
   </trkpt>
   <trkpt lat="34.37263" lon="-111.15576000000001">
    <ele>2014.2700000000002</ele>
   </trkpt>
   <trkpt lat="34.37285" lon="-111.15566000000001">
    <ele>2016.2500000000002</ele>
   </trkpt>
   <trkpt lat="34.37292" lon="-111.15573">
    <ele>2015.94</ele>
   </trkpt>
   <trkpt lat="34.37304" lon="-111.15576000000001">
    <ele>2017.1100000000001</ele>
   </trkpt>
   <trkpt lat="34.373020000000004" lon="-111.15588000000001">
    <ele>2015.2800000000002</ele>
   </trkpt>
   <trkpt lat="34.37308" lon="-111.15603000000002">
    <ele>2012.5100000000002</ele>
   </trkpt>
   <trkpt lat="34.373180000000005" lon="-111.15607000000001">
    <ele>2013.3700000000001</ele>
   </trkpt>
   <trkpt lat="34.37342" lon="-111.15625000000001">
    <ele>2017.1400000000003</ele>
   </trkpt>
   <trkpt lat="34.3735" lon="-111.15635">
    <ele>2018.6300000000003</ele>
   </trkpt>
   <trkpt lat="34.37359" lon="-111.15644">
    <ele>2021.2099999999998</ele>
   </trkpt>
   <trkpt lat="34.37353" lon="-111.15657">
    <ele>2020.6200000000001</ele>
   </trkpt>
   <trkpt lat="34.37357" lon="-111.15669000000001">
    <ele>2022.5500000000002</ele>
   </trkpt>
   <trkpt lat="34.373560000000005" lon="-111.1568">
    <ele>2023.9200000000003</ele>
   </trkpt>
   <trkpt lat="34.37348" lon="-111.15685">
    <ele>2022.8900000000003</ele>
   </trkpt>
   <trkpt lat="34.37337" lon="-111.15686000000001">
    <ele>2020.75</ele>
   </trkpt>
   <trkpt lat="34.37328" lon="-111.15691000000001">
    <ele>2018.37</ele>
   </trkpt>
   <trkpt lat="34.37321" lon="-111.15701000000001">
    <ele>2018.03</ele>
   </trkpt>
   <trkpt lat="34.37314" lon="-111.15729">
    <ele>2017.82</ele>
   </trkpt>
   <trkpt lat="34.373070000000006" lon="-111.15740000000001">
    <ele>2016.47</ele>
   </trkpt>
   <trkpt lat="34.37303" lon="-111.15754000000001">
    <ele>2015.0700000000002</ele>
   </trkpt>
   <trkpt lat="34.373200000000004" lon="-111.1577">
    <ele>2020.9900000000002</ele>
   </trkpt>
   <trkpt lat="34.37313" lon="-111.15778">
    <ele>2020.6699999999998</ele>
   </trkpt>
   <trkpt lat="34.37304" lon="-111.15784000000001">
    <ele>2018.6399999999999</ele>
   </trkpt>
   <trkpt lat="34.37295" lon="-111.15786000000001">
    <ele>2017.1200000000001</ele>
   </trkpt>
   <trkpt lat="34.37288" lon="-111.15794000000001">
    <ele>2018.0700000000002</ele>
   </trkpt>
   <trkpt lat="34.37254" lon="-111.15818000000002">
    <ele>2014.77</ele>
   </trkpt>
   <trkpt lat="34.37243" lon="-111.15821000000001">
    <ele>2011.3899999999999</ele>
   </trkpt>
   <trkpt lat="34.372220000000006" lon="-111.15853000000001">
    <ele>2012.7</ele>
   </trkpt>
   <trkpt lat="34.37214" lon="-111.15861000000001">
    <ele>2012.68</ele>
   </trkpt>
   <trkpt lat="34.372080000000004" lon="-111.15872">
    <ele>2012.7100000000003</ele>
   </trkpt>
   <trkpt lat="34.37198" lon="-111.15882">
    <ele>2012.07</ele>
   </trkpt>
   <trkpt lat="34.371970000000005" lon="-111.15911000000001">
    <ele>2011.7600000000002</ele>
   </trkpt>
   <trkpt lat="34.371990000000004" lon="-111.15921000000002">
    <ele>2011.8200000000002</ele>
   </trkpt>
   <trkpt lat="34.372170000000004" lon="-111.15954">
    <ele>2012.41</ele>
   </trkpt>
   <trkpt lat="34.372260000000004" lon="-111.15961000000001">
    <ele>2012.9</ele>
   </trkpt>
   <trkpt lat="34.372310000000006" lon="-111.15970000000002">
    <ele>2012.9</ele>
   </trkpt>
   <trkpt lat="34.37239" lon="-111.15978000000001">
    <ele>2012.9200000000003</ele>
   </trkpt>
   <trkpt lat="34.37245" lon="-111.15989">
    <ele>2012.43</ele>
   </trkpt>
   <trkpt lat="34.372530000000005" lon="-111.15999000000001">
    <ele>2011.89</ele>
   </trkpt>
   <trkpt lat="34.37263" lon="-111.16003">
    <ele>2012.2900000000002</ele>
   </trkpt>
   <trkpt lat="34.37275" lon="-111.16005000000001">
    <ele>2013.09</ele>
   </trkpt>
   <trkpt lat="34.37295" lon="-111.16001000000001">
    <ele>2014.38</ele>
   </trkpt>
   <trkpt lat="34.373070000000006" lon="-111.15997000000002">
    <ele>2014.3300000000002</ele>
   </trkpt>
   <trkpt lat="34.373160000000006" lon="-111.15988000000002">
    <ele>2014.6900000000003</ele>
   </trkpt>
   <trkpt lat="34.37355" lon="-111.15966">
    <ele>2017.1200000000001</ele>
   </trkpt>
   <trkpt lat="34.373630000000006" lon="-111.15958">
    <ele>2017.1200000000001</ele>
   </trkpt>
   <trkpt lat="34.37384" lon="-111.15946000000001">
    <ele>2016.41</ele>
   </trkpt>
   <trkpt lat="34.37395" lon="-111.15939000000002">
    <ele>2016.6699999999998</ele>
   </trkpt>
   <trkpt lat="34.374050000000004" lon="-111.15937000000001">
    <ele>2018.7000000000003</ele>
   </trkpt>
   <trkpt lat="34.37408" lon="-111.15948">
    <ele>2015.12</ele>
   </trkpt>
   <trkpt lat="34.37409" lon="-111.15973000000001">
    <ele>2013.5300000000002</ele>
   </trkpt>
   <trkpt lat="34.37413" lon="-111.15985">
    <ele>2013.3200000000002</ele>
   </trkpt>
   <trkpt lat="34.374210000000005" lon="-111.15990000000001">
    <ele>2014.31</ele>
   </trkpt>
   <trkpt lat="34.37431" lon="-111.15986000000001">
    <ele>2016.81</ele>
   </trkpt>
   <trkpt lat="34.374370000000006" lon="-111.15996000000001">
    <ele>2017.08</ele>
   </trkpt>
   <trkpt lat="34.37438" lon="-111.16021">
    <ele>2014.2100000000003</ele>
   </trkpt>
   <trkpt lat="34.37433" lon="-111.16046000000001">
    <ele>2013.4100000000003</ele>
   </trkpt>
   <trkpt lat="34.3744" lon="-111.16083">
    <ele>2013.8000000000002</ele>
   </trkpt>
   <trkpt lat="34.374500000000005" lon="-111.16104000000001">
    <ele>2012.14</ele>
   </trkpt>
   <trkpt lat="34.37464" lon="-111.16143000000001">
    <ele>2006.0000000000002</ele>
   </trkpt>
   <trkpt lat="34.37473" lon="-111.16151">
    <ele>2006.24</ele>
   </trkpt>
   <trkpt lat="34.37483" lon="-111.16151">
    <ele>2008.0900000000001</ele>
   </trkpt>
   <trkpt lat="34.375" lon="-111.16139000000001">
    <ele>2008.22</ele>
   </trkpt>
   <trkpt lat="34.37509" lon="-111.16138000000001">
    <ele>2008.22</ele>
   </trkpt>
   <trkpt lat="34.37518" lon="-111.16133">
    <ele>2008.3600000000001</ele>
   </trkpt>
   <trkpt lat="34.375240000000005" lon="-111.16108000000001">
    <ele>2011.9200000000003</ele>
   </trkpt>
   <trkpt lat="34.37518" lon="-111.16086000000001">
    <ele>2017.0000000000002</ele>
   </trkpt>
   <trkpt lat="34.375170000000004" lon="-111.16075000000001">
    <ele>2017.0000000000002</ele>
   </trkpt>
   <trkpt lat="34.37519" lon="-111.16064000000001">
    <ele>2018.1500000000003</ele>
   </trkpt>
   <trkpt lat="34.375240000000005" lon="-111.16054000000001">
    <ele>2018.51</ele>
   </trkpt>
   <trkpt lat="34.37534" lon="-111.16043">
    <ele>2018.3400000000001</ele>
   </trkpt>
   <trkpt lat="34.37539" lon="-111.1603">
    <ele>2019.53</ele>
   </trkpt>
   <trkpt lat="34.37541" lon="-111.16018000000001">
    <ele>2021.7900000000002</ele>
   </trkpt>
   <trkpt lat="34.37538" lon="-111.16004000000001">
    <ele>2024.1800000000003</ele>
   </trkpt>
   <trkpt lat="34.375530000000005" lon="-111.15987000000001">
    <ele>2025.8500000000001</ele>
   </trkpt>
   <trkpt lat="34.375620000000005" lon="-111.15982000000001">
    <ele>2026.0000000000002</ele>
   </trkpt>
   <trkpt lat="34.37572" lon="-111.15983000000001">
    <ele>2024.8300000000002</ele>
   </trkpt>
   <trkpt lat="34.375800000000005" lon="-111.15960000000001">
    <ele>2028.22</ele>
   </trkpt>
   <trkpt lat="34.3759" lon="-111.15956000000001">
    <ele>2027.8300000000002</ele>
   </trkpt>
   <trkpt lat="34.376000000000005" lon="-111.15949">
    <ele>2029.2600000000002</ele>
   </trkpt>
   <trkpt lat="34.376090000000005" lon="-111.15946000000001">
    <ele>2028.61</ele>
   </trkpt>
   <trkpt lat="34.37626" lon="-111.15936">
    <ele>2031.1000000000004</ele>
   </trkpt>
   <trkpt lat="34.37635" lon="-111.15934000000001">
    <ele>2031.67</ele>
   </trkpt>
   <trkpt lat="34.376450000000006" lon="-111.15938000000001">
    <ele>2033.3400000000004</ele>
   </trkpt>
   <trkpt lat="34.376470000000005" lon="-111.15951000000001">
    <ele>2030.8000000000002</ele>
   </trkpt>
   <trkpt lat="34.37646" lon="-111.15964000000001">
    <ele>2028.16</ele>
   </trkpt>
   <trkpt lat="34.376540000000006" lon="-111.15974000000001">
    <ele>2028.2900000000002</ele>
   </trkpt>
   <trkpt lat="34.376650000000005" lon="-111.15970000000002">
    <ele>2032.91</ele>
   </trkpt>
   <trkpt lat="34.376740000000005" lon="-111.15969000000001">
    <ele>2034.46</ele>
   </trkpt>
   <trkpt lat="34.37707" lon="-111.15979000000002">
    <ele>2027.99</ele>
   </trkpt>
   <trkpt lat="34.37699" lon="-111.15988000000002">
    <ele>2024.7800000000002</ele>
   </trkpt>
   <trkpt lat="34.376870000000004" lon="-111.16009000000001">
    <ele>2024.8000000000004</ele>
   </trkpt>
   <trkpt lat="34.37679" lon="-111.16016">
    <ele>2025.35</ele>
   </trkpt>
   <trkpt lat="34.37662" lon="-111.16033000000002">
    <ele>2023.0300000000002</ele>
   </trkpt>
   <trkpt lat="34.37655" lon="-111.16045000000001">
    <ele>2022.6000000000001</ele>
   </trkpt>
   <trkpt lat="34.376560000000005" lon="-111.16058000000001">
    <ele>2025.2700000000002</ele>
   </trkpt>
   <trkpt lat="34.37652" lon="-111.16073000000002">
    <ele>2026.2900000000004</ele>
   </trkpt>
   <trkpt lat="34.37652" lon="-111.16084000000001">
    <ele>2024.87</ele>
   </trkpt>
   <trkpt lat="34.37657" lon="-111.16111000000001">
    <ele>2024.6600000000003</ele>
   </trkpt>
   <trkpt lat="34.37668" lon="-111.16120000000001">
    <ele>2026.1400000000003</ele>
   </trkpt>
   <trkpt lat="34.376870000000004" lon="-111.16147000000001">
    <ele>2024.3200000000004</ele>
   </trkpt>
   <trkpt lat="34.37697" lon="-111.16155">
    <ele>2024.2300000000002</ele>
   </trkpt>
   <trkpt lat="34.37731" lon="-111.16170000000001">
    <ele>2026.44</ele>
   </trkpt>
   <trkpt lat="34.37745" lon="-111.16171000000001">
    <ele>2028.3600000000001</ele>
   </trkpt>
   <trkpt lat="34.37756" lon="-111.16177">
    <ele>2028.1299999999999</ele>
   </trkpt>
   <trkpt lat="34.37763" lon="-111.16184000000001">
    <ele>2025.4600000000003</ele>
   </trkpt>
   <trkpt lat="34.37769" lon="-111.16195">
    <ele>2021.71</ele>
   </trkpt>
   <trkpt lat="34.377950000000006" lon="-111.16192000000001">
    <ele>2021.3300000000002</ele>
   </trkpt>
   <trkpt lat="34.37805" lon="-111.16183000000001">
    <ele>2022.77</ele>
   </trkpt>
   <trkpt lat="34.378150000000005" lon="-111.16179000000001">
    <ele>2023.42</ele>
   </trkpt>
   <trkpt lat="34.37823" lon="-111.16171000000001">
    <ele>2025.7500000000005</ele>
   </trkpt>
   <trkpt lat="34.37829" lon="-111.16185000000002">
    <ele>2021.5</ele>
   </trkpt>
   <trkpt lat="34.37838" lon="-111.16196000000001">
    <ele>2016.8300000000002</ele>
   </trkpt>
   <trkpt lat="34.37858" lon="-111.16188000000001">
    <ele>2016.15</ele>
   </trkpt>
   <trkpt lat="34.378640000000004" lon="-111.16175000000001">
    <ele>2021.1900000000003</ele>
   </trkpt>
   <trkpt lat="34.378730000000004" lon="-111.16169000000001">
    <ele>2023.21</ele>
   </trkpt>
   <trkpt lat="34.378750000000004" lon="-111.16157000000001">
    <ele>2025.6700000000003</ele>
   </trkpt>
   <trkpt lat="34.37886" lon="-111.16158000000001">
    <ele>2027.52</ele>
   </trkpt>
   <trkpt lat="34.378930000000004" lon="-111.16170000000001">
    <ele>2025.01</ele>
   </trkpt>
   <trkpt lat="34.37901" lon="-111.16177">
    <ele>2024.5700000000002</ele>
   </trkpt>
   <trkpt lat="34.37904" lon="-111.16191">
    <ele>2021.76</ele>
   </trkpt>
   <trkpt lat="34.379020000000004" lon="-111.16202000000001">
    <ele>2018.94</ele>
   </trkpt>
   <trkpt lat="34.37913" lon="-111.16211000000001">
    <ele>2019.1799999999998</ele>
   </trkpt>
   <trkpt lat="34.37923" lon="-111.16210000000001">
    <ele>2021.3300000000002</ele>
   </trkpt>
   <trkpt lat="34.379400000000004" lon="-111.16229000000001">
    <ele>2018.4800000000002</ele>
   </trkpt>
   <trkpt lat="34.379490000000004" lon="-111.16233000000001">
    <ele>2019.4300000000003</ele>
   </trkpt>
   <trkpt lat="34.37955" lon="-111.16243000000001">
    <ele>2015.52</ele>
   </trkpt>
   <trkpt lat="34.37966" lon="-111.16245">
    <ele>2015.93</ele>
   </trkpt>
   <trkpt lat="34.37977" lon="-111.1624">
    <ele>2017.7500000000002</ele>
   </trkpt>
   <trkpt lat="34.37984" lon="-111.16248">
    <ele>2015.5100000000002</ele>
   </trkpt>
   <trkpt lat="34.37995" lon="-111.16248">
    <ele>2016.89</ele>
   </trkpt>
   <trkpt lat="34.38006" lon="-111.16256000000001">
    <ele>2015.1600000000003</ele>
   </trkpt>
   <trkpt lat="34.380250000000004" lon="-111.16260000000001">
    <ele>2016.96</ele>
   </trkpt>
   <trkpt lat="34.380230000000005" lon="-111.16274000000001">
    <ele>2012.7700000000002</ele>
   </trkpt>
   <trkpt lat="34.380280000000006" lon="-111.16283000000001">
    <ele>2013.3400000000004</ele>
   </trkpt>
   <trkpt lat="34.38051" lon="-111.16286000000001">
    <ele>2018.2000000000003</ele>
   </trkpt>
   <trkpt lat="34.3806" lon="-111.16296000000001">
    <ele>2017.7300000000002</ele>
   </trkpt>
   <trkpt lat="34.380680000000005" lon="-111.16302">
    <ele>2017.6000000000001</ele>
   </trkpt>
   <trkpt lat="34.38076" lon="-111.16313000000001">
    <ele>2014.6200000000003</ele>
   </trkpt>
   <trkpt lat="34.380880000000005" lon="-111.16317000000001">
    <ele>2014.71</ele>
   </trkpt>
   <trkpt lat="34.3813" lon="-111.16319000000001">
    <ele>2015.47</ele>
   </trkpt>
   <trkpt lat="34.38139" lon="-111.16315000000002">
    <ele>2016.1000000000001</ele>
   </trkpt>
   <trkpt lat="34.38147" lon="-111.16306000000002">
    <ele>2016.75</ele>
   </trkpt>
   <trkpt lat="34.38158" lon="-111.16305000000001">
    <ele>2017.0500000000002</ele>
   </trkpt>
   <trkpt lat="34.381690000000006" lon="-111.16309000000001">
    <ele>2014.6000000000001</ele>
   </trkpt>
   <trkpt lat="34.38192" lon="-111.16303">
    <ele>2012.07</ele>
   </trkpt>
   <trkpt lat="34.38201" lon="-111.16298">
    <ele>2011.6</ele>
   </trkpt>
   <trkpt lat="34.382180000000005" lon="-111.16281000000001">
    <ele>2014.1</ele>
   </trkpt>
   <trkpt lat="34.38223" lon="-111.16271">
    <ele>2015.95</ele>
   </trkpt>
   <trkpt lat="34.38235" lon="-111.16267">
    <ele>2014.66</ele>
   </trkpt>
   <trkpt lat="34.38242" lon="-111.16259000000001">
    <ele>2014.0800000000004</ele>
   </trkpt>
   <trkpt lat="34.382470000000005" lon="-111.16249">
    <ele>2016.5900000000004</ele>
   </trkpt>
   <trkpt lat="34.38248" lon="-111.16238000000001">
    <ele>2018.13</ele>
   </trkpt>
   <trkpt lat="34.382560000000005" lon="-111.16228000000001">
    <ele>2019.8300000000002</ele>
   </trkpt>
   <trkpt lat="34.38261" lon="-111.16218">
    <ele>2020.07</ele>
   </trkpt>
   <trkpt lat="34.382690000000004" lon="-111.16212000000002">
    <ele>2019.9800000000002</ele>
   </trkpt>
   <trkpt lat="34.38284" lon="-111.16194000000002">
    <ele>2019.8500000000004</ele>
   </trkpt>
   <trkpt lat="34.382940000000005" lon="-111.16171000000001">
    <ele>2022.5</ele>
   </trkpt>
   <trkpt lat="34.38306" lon="-111.16176000000002">
    <ele>2019.8200000000002</ele>
   </trkpt>
   <trkpt lat="34.38315" lon="-111.16174000000001">
    <ele>2018.67</ele>
   </trkpt>
   <trkpt lat="34.383250000000004" lon="-111.16166000000001">
    <ele>2019.6200000000001</ele>
   </trkpt>
   <trkpt lat="34.383340000000004" lon="-111.16167000000002">
    <ele>2018.9000000000003</ele>
   </trkpt>
   <trkpt lat="34.383430000000004" lon="-111.16166000000001">
    <ele>2017.9900000000002</ele>
   </trkpt>
   <trkpt lat="34.383720000000004" lon="-111.16146">
    <ele>2018.85</ele>
   </trkpt>
   <trkpt lat="34.38405" lon="-111.16129000000001">
    <ele>2017.8500000000001</ele>
   </trkpt>
   <trkpt lat="34.384150000000005" lon="-111.16125000000001">
    <ele>2016.89</ele>
   </trkpt>
   <trkpt lat="34.384370000000004" lon="-111.16128">
    <ele>2013.6100000000004</ele>
   </trkpt>
   <trkpt lat="34.384460000000004" lon="-111.16121000000001">
    <ele>2012.8700000000003</ele>
   </trkpt>
   <trkpt lat="34.38447" lon="-111.16107000000001">
    <ele>2013.76</ele>
   </trkpt>
   <trkpt lat="34.38452" lon="-111.16095000000001">
    <ele>2015.05</ele>
   </trkpt>
   <trkpt lat="34.38472" lon="-111.16084000000001">
    <ele>2016.9200000000003</ele>
   </trkpt>
   <trkpt lat="34.384780000000006" lon="-111.16075000000001">
    <ele>2020.15</ele>
   </trkpt>
   <trkpt lat="34.38488" lon="-111.16095000000001">
    <ele>2018.3</ele>
   </trkpt>
   <trkpt lat="34.38495" lon="-111.16101">
    <ele>2021.16</ele>
   </trkpt>
   <trkpt lat="34.385110000000005" lon="-111.16132">
    <ele>2024.5200000000002</ele>
   </trkpt>
   <trkpt lat="34.38506" lon="-111.16143000000001">
    <ele>2021.9400000000003</ele>
   </trkpt>
   <trkpt lat="34.38506" lon="-111.16168">
    <ele>2021.98</ele>
   </trkpt>
   <trkpt lat="34.384910000000005" lon="-111.16202000000001">
    <ele>2019.2300000000002</ele>
   </trkpt>
   <trkpt lat="34.38485" lon="-111.1624">
    <ele>2019.9600000000003</ele>
   </trkpt>
   <trkpt lat="34.38481" lon="-111.16254">
    <ele>2019.7100000000003</ele>
   </trkpt>
   <trkpt lat="34.38479" lon="-111.16282000000001">
    <ele>2021.8000000000002</ele>
   </trkpt>
   <trkpt lat="34.384730000000005" lon="-111.16304000000001">
    <ele>2022.5</ele>
   </trkpt>
   <trkpt lat="34.38468" lon="-111.16314000000001">
    <ele>2022.6300000000003</ele>
   </trkpt>
   <trkpt lat="34.3844" lon="-111.1636">
    <ele>2020.7300000000002</ele>
   </trkpt>
   <trkpt lat="34.384260000000005" lon="-111.16389000000001">
    <ele>2020.43</ele>
   </trkpt>
   <trkpt lat="34.384130000000006" lon="-111.16411000000001">
    <ele>2017.64</ele>
   </trkpt>
   <trkpt lat="34.384040000000006" lon="-111.16433">
    <ele>2017.28</ele>
   </trkpt>
   <trkpt lat="34.38398" lon="-111.16458000000002">
    <ele>2015.8500000000004</ele>
   </trkpt>
   <trkpt lat="34.383970000000005" lon="-111.16484000000001">
    <ele>2015.0400000000004</ele>
   </trkpt>
   <trkpt lat="34.38403" lon="-111.16493000000001">
    <ele>2015.75</ele>
   </trkpt>
   <trkpt lat="34.384060000000005" lon="-111.16508">
    <ele>2015.53</ele>
   </trkpt>
   <trkpt lat="34.38411" lon="-111.16522">
    <ele>2016.3600000000001</ele>
   </trkpt>
   <trkpt lat="34.384170000000005" lon="-111.16552000000001">
    <ele>2014.4</ele>
   </trkpt>
   <trkpt lat="34.384150000000005" lon="-111.16591000000001">
    <ele>2012.6200000000001</ele>
   </trkpt>
   <trkpt lat="34.38401" lon="-111.16643">
    <ele>2007.8500000000004</ele>
   </trkpt>
   <trkpt lat="34.384" lon="-111.16658000000001">
    <ele>2007.79</ele>
   </trkpt>
   <trkpt lat="34.384040000000006" lon="-111.16673000000002">
    <ele>2008.61</ele>
   </trkpt>
   <trkpt lat="34.38405" lon="-111.16688">
    <ele>2008.5800000000002</ele>
   </trkpt>
   <trkpt lat="34.384100000000004" lon="-111.16697">
    <ele>2009.28</ele>
   </trkpt>
   <trkpt lat="34.38427" lon="-111.16708000000001">
    <ele>2010.1200000000001</ele>
   </trkpt>
   <trkpt lat="34.38439" lon="-111.16708000000001">
    <ele>2010.6200000000003</ele>
   </trkpt>
   <trkpt lat="34.3845" lon="-111.16704000000001">
    <ele>2011.2</ele>
   </trkpt>
   <trkpt lat="34.384620000000005" lon="-111.16701">
    <ele>2011.3799999999999</ele>
   </trkpt>
   <trkpt lat="34.384710000000005" lon="-111.16701">
    <ele>2011.48</ele>
   </trkpt>
   <trkpt lat="34.38481" lon="-111.16702000000001">
    <ele>2011.0700000000002</ele>
   </trkpt>
   <trkpt lat="34.38503" lon="-111.16698000000001">
    <ele>2010.0900000000004</ele>
   </trkpt>
   <trkpt lat="34.38512" lon="-111.16692">
    <ele>2009.7900000000002</ele>
   </trkpt>
   <trkpt lat="34.38523" lon="-111.16688">
    <ele>2008.1700000000003</ele>
   </trkpt>
   <trkpt lat="34.38532" lon="-111.16690000000001">
    <ele>2005.8800000000003</ele>
   </trkpt>
   <trkpt lat="34.385400000000004" lon="-111.16680000000001">
    <ele>2004.3600000000001</ele>
   </trkpt>
   <trkpt lat="34.38542" lon="-111.16668000000001">
    <ele>2003.8500000000004</ele>
   </trkpt>
   <trkpt lat="34.38539" lon="-111.16639">
    <ele>2005.9400000000003</ele>
   </trkpt>
   <trkpt lat="34.38539" lon="-111.16610000000001">
    <ele>2006.84</ele>
   </trkpt>
   <trkpt lat="34.38542" lon="-111.16598">
    <ele>2005.8700000000001</ele>
   </trkpt>
   <trkpt lat="34.385490000000004" lon="-111.16582000000001">
    <ele>2004.2</ele>
   </trkpt>
   <trkpt lat="34.385510000000004" lon="-111.16567">
    <ele>2005.8200000000004</ele>
   </trkpt>
   <trkpt lat="34.385650000000005" lon="-111.16535">
    <ele>2006.2700000000002</ele>
   </trkpt>
   <trkpt lat="34.38575" lon="-111.16524000000001">
    <ele>2006.1</ele>
   </trkpt>
   <trkpt lat="34.38579" lon="-111.16513">
    <ele>2006.8200000000002</ele>
   </trkpt>
   <trkpt lat="34.385920000000006" lon="-111.16494000000002">
    <ele>2006.9600000000003</ele>
   </trkpt>
   <trkpt lat="34.385960000000004" lon="-111.16484000000001">
    <ele>2007.9</ele>
   </trkpt>
   <trkpt lat="34.38604" lon="-111.16476000000002">
    <ele>2007.7600000000002</ele>
   </trkpt>
   <trkpt lat="34.38613" lon="-111.16471000000001">
    <ele>2005.4000000000003</ele>
   </trkpt>
   <trkpt lat="34.38622" lon="-111.16468">
    <ele>2004.2500000000002</ele>
   </trkpt>
   <trkpt lat="34.38633" lon="-111.16462000000001">
    <ele>2001.9500000000003</ele>
   </trkpt>
   <trkpt lat="34.38644" lon="-111.16443000000001">
    <ele>2001.6299999999999</ele>
   </trkpt>
   <trkpt lat="34.38649" lon="-111.16432">
    <ele>2001.8700000000001</ele>
   </trkpt>
   <trkpt lat="34.386520000000004" lon="-111.16422000000001">
    <ele>2003.0</ele>
   </trkpt>
   <trkpt lat="34.38655" lon="-111.16407000000001">
    <ele>2004.2300000000002</ele>
   </trkpt>
   <trkpt lat="34.386590000000005" lon="-111.16397">
    <ele>2004.7300000000002</ele>
   </trkpt>
   <trkpt lat="34.38674" lon="-111.16374">
    <ele>2004.41</ele>
   </trkpt>
   <trkpt lat="34.38678" lon="-111.16363000000001">
    <ele>2004.5100000000002</ele>
   </trkpt>
   <trkpt lat="34.38684" lon="-111.16353000000001">
    <ele>2003.9700000000003</ele>
   </trkpt>
   <trkpt lat="34.38691" lon="-111.16345000000001">
    <ele>2003.1000000000004</ele>
   </trkpt>
   <trkpt lat="34.38696" lon="-111.16331000000001">
    <ele>2004.3900000000003</ele>
   </trkpt>
   <trkpt lat="34.38705" lon="-111.16326000000001">
    <ele>2003.46</ele>
   </trkpt>
   <trkpt lat="34.387100000000004" lon="-111.16337000000001">
    <ele>2000.9400000000003</ele>
   </trkpt>
   <trkpt lat="34.387190000000004" lon="-111.16341000000001">
    <ele>2000.96</ele>
   </trkpt>
   <trkpt lat="34.38727" lon="-111.16347">
    <ele>2001.6899999999998</ele>
   </trkpt>
   <trkpt lat="34.38732" lon="-111.16372000000001">
    <ele>2002.2100000000003</ele>
   </trkpt>
   <trkpt lat="34.38754" lon="-111.16366000000001">
    <ele>2006.2100000000003</ele>
   </trkpt>
   <trkpt lat="34.38765" lon="-111.16367000000001">
    <ele>2007.73</ele>
   </trkpt>
   <trkpt lat="34.38783" lon="-111.16378">
    <ele>2009.43</ele>
   </trkpt>
   <trkpt lat="34.38792" lon="-111.16387">
    <ele>2008.55</ele>
   </trkpt>
   <trkpt lat="34.387980000000006" lon="-111.16398000000001">
    <ele>2005.55</ele>
   </trkpt>
   <trkpt lat="34.38805" lon="-111.16406">
    <ele>2003.3400000000001</ele>
   </trkpt>
   <trkpt lat="34.38821" lon="-111.16391000000002">
    <ele>2007.59</ele>
   </trkpt>
   <trkpt lat="34.38866" lon="-111.16355000000001">
    <ele>2010.8700000000001</ele>
   </trkpt>
   <trkpt lat="34.38873" lon="-111.16345000000001">
    <ele>2011.0100000000002</ele>
   </trkpt>
   <trkpt lat="34.388850000000005" lon="-111.16347">
    <ele>2013.6000000000001</ele>
   </trkpt>
   <trkpt lat="34.388760000000005" lon="-111.16367000000001">
    <ele>2012.2500000000002</ele>
   </trkpt>
   <trkpt lat="34.38873" lon="-111.16380000000001">
    <ele>2012.6699999999998</ele>
   </trkpt>
   <trkpt lat="34.38868" lon="-111.16393000000001">
    <ele>2011.86</ele>
   </trkpt>
   <trkpt lat="34.38864" lon="-111.16422000000001">
    <ele>2011.94</ele>
   </trkpt>
   <trkpt lat="34.38853" lon="-111.16463">
    <ele>2010.0100000000002</ele>
   </trkpt>
   <trkpt lat="34.38852" lon="-111.16476000000002">
    <ele>2011.3400000000001</ele>
   </trkpt>
   <trkpt lat="34.38844" lon="-111.16505000000001">
    <ele>2011.69</ele>
   </trkpt>
   <trkpt lat="34.38825" lon="-111.16537000000001">
    <ele>2010.93</ele>
   </trkpt>
   <trkpt lat="34.388070000000006" lon="-111.16557">
    <ele>2009.6700000000003</ele>
   </trkpt>
   <trkpt lat="34.38805" lon="-111.16568000000001">
    <ele>2011.1700000000003</ele>
   </trkpt>
   <trkpt lat="34.38801" lon="-111.16579000000002">
    <ele>2011.48</ele>
   </trkpt>
   <trkpt lat="34.38799" lon="-111.16590000000001">
    <ele>2011.6200000000001</ele>
   </trkpt>
   <trkpt lat="34.388040000000004" lon="-111.16599000000001">
    <ele>2014.0500000000002</ele>
   </trkpt>
   <trkpt lat="34.388040000000004" lon="-111.16625">
    <ele>2014.4900000000002</ele>
   </trkpt>
   <trkpt lat="34.388070000000006" lon="-111.16640000000001">
    <ele>2014.4100000000003</ele>
   </trkpt>
   <trkpt lat="34.38815" lon="-111.16646000000001">
    <ele>2013.01</ele>
   </trkpt>
   <trkpt lat="34.388220000000004" lon="-111.16640000000001">
    <ele>2014.73</ele>
   </trkpt>
   <trkpt lat="34.388540000000006" lon="-111.16627000000001">
    <ele>2018.19</ele>
   </trkpt>
   <trkpt lat="34.388780000000004" lon="-111.16624000000002">
    <ele>2015.3100000000004</ele>
   </trkpt>
   <trkpt lat="34.38906" lon="-111.16618000000001">
    <ele>2013.1499999999999</ele>
   </trkpt>
   <trkpt lat="34.38933" lon="-111.16618000000001">
    <ele>2007.8500000000004</ele>
   </trkpt>
   <trkpt lat="34.38946" lon="-111.16614000000001">
    <ele>2007.48</ele>
   </trkpt>
   <trkpt lat="34.389660000000006" lon="-111.16603">
    <ele>2008.8500000000001</ele>
   </trkpt>
   <trkpt lat="34.389860000000006" lon="-111.16603">
    <ele>2007.5100000000002</ele>
   </trkpt>
   <trkpt lat="34.39007" lon="-111.16598">
    <ele>2008.5700000000002</ele>
   </trkpt>
   <trkpt lat="34.39027" lon="-111.16597000000002">
    <ele>2009.38</ele>
   </trkpt>
   <trkpt lat="34.39045" lon="-111.16614000000001">
    <ele>2002.6399999999999</ele>
   </trkpt>
   <trkpt lat="34.39038" lon="-111.16627000000001">
    <ele>2002.6399999999999</ele>
   </trkpt>
   <trkpt lat="34.39038" lon="-111.16639">
    <ele>2001.76</ele>
   </trkpt>
   <trkpt lat="34.39032" lon="-111.16666000000001">
    <ele>2001.35</ele>
   </trkpt>
   <trkpt lat="34.39045" lon="-111.16667000000001">
    <ele>2000.5700000000002</ele>
   </trkpt>
   <trkpt lat="34.39079" lon="-111.16647">
    <ele>2000.3500000000001</ele>
   </trkpt>
   <trkpt lat="34.39086" lon="-111.16640000000001">
    <ele>2000.3500000000001</ele>
   </trkpt>
   <trkpt lat="34.39092" lon="-111.16648">
    <ele>2000.4600000000003</ele>
   </trkpt>
   <trkpt lat="34.39078" lon="-111.16672000000001">
    <ele>2000.3900000000003</ele>
   </trkpt>
   <trkpt lat="34.390550000000005" lon="-111.16700000000002">
    <ele>2000.0400000000002</ele>
   </trkpt>
   <trkpt lat="34.39049" lon="-111.16712000000001">
    <ele>1999.89</ele>
   </trkpt>
   <trkpt lat="34.39047" lon="-111.16725000000001">
    <ele>1999.9</ele>
   </trkpt>
   <trkpt lat="34.3905" lon="-111.16738000000001">
    <ele>1999.68</ele>
   </trkpt>
   <trkpt lat="34.390600000000006" lon="-111.16740000000001">
    <ele>2000.2600000000002</ele>
   </trkpt>
   <trkpt lat="34.390800000000006" lon="-111.16738000000001">
    <ele>2000.0400000000002</ele>
   </trkpt>
   <trkpt lat="34.3909" lon="-111.16728">
    <ele>2000.1900000000003</ele>
   </trkpt>
   <trkpt lat="34.39088" lon="-111.16755">
    <ele>2000.82</ele>
   </trkpt>
   <trkpt lat="34.390820000000005" lon="-111.16767000000002">
    <ele>2000.82</ele>
   </trkpt>
   <trkpt lat="34.390800000000006" lon="-111.16777">
    <ele>2002.0700000000002</ele>
   </trkpt>
   <trkpt lat="34.390800000000006" lon="-111.16789000000001">
    <ele>2003.89</ele>
   </trkpt>
   <trkpt lat="34.39087" lon="-111.168">
    <ele>2006.5400000000002</ele>
   </trkpt>
   <trkpt lat="34.39078" lon="-111.16806000000001">
    <ele>2005.2600000000002</ele>
   </trkpt>
   <trkpt lat="34.390730000000005" lon="-111.16817">
    <ele>2006.9099999999999</ele>
   </trkpt>
   <trkpt lat="34.39065" lon="-111.16826">
    <ele>2006.9000000000003</ele>
   </trkpt>
   <trkpt lat="34.390600000000006" lon="-111.16836">
    <ele>2006.6000000000001</ele>
   </trkpt>
   <trkpt lat="34.390570000000004" lon="-111.16848">
    <ele>2007.2400000000002</ele>
   </trkpt>
   <trkpt lat="34.390570000000004" lon="-111.16859000000001">
    <ele>2008.0400000000002</ele>
   </trkpt>
   <trkpt lat="34.39069" lon="-111.16878000000001">
    <ele>2013.01</ele>
   </trkpt>
   <trkpt lat="34.390730000000005" lon="-111.16891000000001">
    <ele>2012.7800000000002</ele>
   </trkpt>
   <trkpt lat="34.39063" lon="-111.16896000000001">
    <ele>2009.98</ele>
   </trkpt>
   <trkpt lat="34.390600000000006" lon="-111.16908000000001">
    <ele>2008.6500000000003</ele>
   </trkpt>
   <trkpt lat="34.39065" lon="-111.1692">
    <ele>2008.5100000000002</ele>
   </trkpt>
   <trkpt lat="34.39074" lon="-111.16925">
    <ele>2008.63</ele>
   </trkpt>
   <trkpt lat="34.39083" lon="-111.16927000000001">
    <ele>2009.6899999999998</ele>
   </trkpt>
   <trkpt lat="34.390890000000006" lon="-111.16919000000001">
    <ele>2011.6599999999999</ele>
   </trkpt>
   <trkpt lat="34.39096" lon="-111.16929">
    <ele>2009.3400000000004</ele>
   </trkpt>
   <trkpt lat="34.391070000000006" lon="-111.16928000000001">
    <ele>2010.65</ele>
   </trkpt>
   <trkpt lat="34.39117" lon="-111.16928000000001">
    <ele>2010.98</ele>
   </trkpt>
   <trkpt lat="34.39128" lon="-111.16935000000001">
    <ele>2011.7100000000003</ele>
   </trkpt>
   <trkpt lat="34.39132" lon="-111.16946000000002">
    <ele>2011.9700000000003</ele>
   </trkpt>
   <trkpt lat="34.39139" lon="-111.16954000000001">
    <ele>2014.58</ele>
   </trkpt>
   <trkpt lat="34.39152" lon="-111.16974">
    <ele>2013.4600000000003</ele>
   </trkpt>
   <trkpt lat="34.39173" lon="-111.16983">
    <ele>2012.6600000000003</ele>
   </trkpt>
   <trkpt lat="34.392140000000005" lon="-111.16990000000001">
    <ele>2007.79</ele>
   </trkpt>
   <trkpt lat="34.3924" lon="-111.16974">
    <ele>2011.1600000000003</ele>
   </trkpt>
   <trkpt lat="34.39244" lon="-111.16985000000001">
    <ele>2010.0900000000004</ele>
   </trkpt>
   <trkpt lat="34.3924" lon="-111.17011000000001">
    <ele>2010.0200000000002</ele>
   </trkpt>
   <trkpt lat="34.392320000000005" lon="-111.17036">
    <ele>2011.75</ele>
   </trkpt>
   <trkpt lat="34.39227" lon="-111.17059">
    <ele>2014.37</ele>
   </trkpt>
   <trkpt lat="34.392210000000006" lon="-111.17067000000002">
    <ele>2013.8400000000001</ele>
   </trkpt>
   <trkpt lat="34.392160000000004" lon="-111.17076000000002">
    <ele>2013.9</ele>
   </trkpt>
   <trkpt lat="34.39227" lon="-111.17081">
    <ele>2016.3900000000003</ele>
   </trkpt>
   <trkpt lat="34.39235" lon="-111.17089000000001">
    <ele>2016.41</ele>
   </trkpt>
   <trkpt lat="34.39246" lon="-111.17110000000001">
    <ele>2011.32</ele>
   </trkpt>
   <trkpt lat="34.392590000000006" lon="-111.17115000000001">
    <ele>2012.0500000000004</ele>
   </trkpt>
   <trkpt lat="34.392540000000004" lon="-111.17125000000001">
    <ele>2011.3700000000003</ele>
   </trkpt>
   <trkpt lat="34.39233" lon="-111.17136">
    <ele>2011.3600000000001</ele>
   </trkpt>
   <trkpt lat="34.39253" lon="-111.17163000000001">
    <ele>2015.9200000000003</ele>
   </trkpt>
   <trkpt lat="34.392480000000006" lon="-111.17174000000001">
    <ele>2015.9000000000003</ele>
   </trkpt>
   <trkpt lat="34.39253" lon="-111.17186000000001">
    <ele>2017.08</ele>
   </trkpt>
   <trkpt lat="34.39276" lon="-111.17210000000001">
    <ele>2018.0800000000004</ele>
   </trkpt>
   <trkpt lat="34.39287" lon="-111.17212">
    <ele>2021.2500000000002</ele>
   </trkpt>
   <trkpt lat="34.392970000000005" lon="-111.1722">
    <ele>2021.9300000000003</ele>
   </trkpt>
   <trkpt lat="34.39323" lon="-111.17235000000001">
    <ele>2024.3000000000002</ele>
   </trkpt>
   <trkpt lat="34.3935" lon="-111.17253000000001">
    <ele>2023.93</ele>
   </trkpt>
   <trkpt lat="34.393530000000005" lon="-111.17265">
    <ele>2023.1600000000003</ele>
   </trkpt>
   <trkpt lat="34.39361" lon="-111.17287">
    <ele>2025.92</ele>
   </trkpt>
   <trkpt lat="34.39368" lon="-111.17298000000001">
    <ele>2025.92</ele>
   </trkpt>
   <trkpt lat="34.3939" lon="-111.17330000000001">
    <ele>2029.5800000000002</ele>
   </trkpt>
   <trkpt lat="34.393950000000004" lon="-111.17341">
    <ele>2028.9900000000002</ele>
   </trkpt>
   <trkpt lat="34.394040000000004" lon="-111.17378000000001">
    <ele>2026.51</ele>
   </trkpt>
   <trkpt lat="34.394040000000004" lon="-111.17389000000001">
    <ele>2026.51</ele>
   </trkpt>
   <trkpt lat="34.39423" lon="-111.17410000000001">
    <ele>2028.1299999999999</ele>
   </trkpt>
   <trkpt lat="34.39417" lon="-111.17422">
    <ele>2024.1900000000003</ele>
   </trkpt>
   <trkpt lat="34.394090000000006" lon="-111.17417">
    <ele>2024.01</ele>
   </trkpt>
   <trkpt lat="34.39383" lon="-111.17408">
    <ele>2023.7500000000002</ele>
   </trkpt>
   <trkpt lat="34.393750000000004" lon="-111.17401000000001">
    <ele>2023.93</ele>
   </trkpt>
   <trkpt lat="34.39365" lon="-111.17401000000001">
    <ele>2023.93</ele>
   </trkpt>
   <trkpt lat="34.39334" lon="-111.17434000000002">
    <ele>2024.76</ele>
   </trkpt>
   <trkpt lat="34.393350000000005" lon="-111.17448">
    <ele>2025.43</ele>
   </trkpt>
   <trkpt lat="34.393260000000005" lon="-111.17457">
    <ele>2024.27</ele>
   </trkpt>
   <trkpt lat="34.393170000000005" lon="-111.17450000000001">
    <ele>2024.27</ele>
   </trkpt>
   <trkpt lat="34.393060000000006" lon="-111.17455000000001">
    <ele>2023.4900000000002</ele>
   </trkpt>
   <trkpt lat="34.393190000000004" lon="-111.17490000000001">
    <ele>2025.9500000000003</ele>
   </trkpt>
   <trkpt lat="34.39311" lon="-111.17499000000001">
    <ele>2025.76</ele>
   </trkpt>
   <trkpt lat="34.39302" lon="-111.17494">
    <ele>2025.1499999999999</ele>
   </trkpt>
   <trkpt lat="34.39294" lon="-111.17499000000001">
    <ele>2025.1499999999999</ele>
   </trkpt>
   <trkpt lat="34.39289" lon="-111.17510000000001">
    <ele>2025.62</ele>
   </trkpt>
   <trkpt lat="34.392790000000005" lon="-111.17514000000001">
    <ele>2025.36</ele>
   </trkpt>
   <trkpt lat="34.392570000000006" lon="-111.17535000000001">
    <ele>2025.4100000000003</ele>
   </trkpt>
   <trkpt lat="34.39247" lon="-111.17541000000001">
    <ele>2025.64</ele>
   </trkpt>
   <trkpt lat="34.39242" lon="-111.17550000000001">
    <ele>2025.64</ele>
   </trkpt>
   <trkpt lat="34.392480000000006" lon="-111.1756">
    <ele>2025.4100000000003</ele>
   </trkpt>
   <trkpt lat="34.392570000000006" lon="-111.1757">
    <ele>2025.7300000000002</ele>
   </trkpt>
   <trkpt lat="34.39267" lon="-111.17572000000001">
    <ele>2026.9500000000003</ele>
   </trkpt>
   <trkpt lat="34.39284" lon="-111.17583">
    <ele>2027.4900000000002</ele>
   </trkpt>
   <trkpt lat="34.392900000000004" lon="-111.17594000000001">
    <ele>2029.1400000000003</ele>
   </trkpt>
   <trkpt lat="34.392970000000005" lon="-111.17616000000001">
    <ele>2030.1400000000003</ele>
   </trkpt>
   <trkpt lat="34.393040000000006" lon="-111.17625000000001">
    <ele>2031.32</ele>
   </trkpt>
   <trkpt lat="34.39303" lon="-111.17640000000002">
    <ele>2032.14</ele>
   </trkpt>
   <trkpt lat="34.39298" lon="-111.17649000000002">
    <ele>2031.11</ele>
   </trkpt>
   <trkpt lat="34.392900000000004" lon="-111.17655">
    <ele>2031.93</ele>
   </trkpt>
   <trkpt lat="34.39293" lon="-111.17666000000001">
    <ele>2032.6200000000001</ele>
   </trkpt>
   <trkpt lat="34.39298" lon="-111.17675000000001">
    <ele>2032.6200000000001</ele>
   </trkpt>
   <trkpt lat="34.39309" lon="-111.17674000000001">
    <ele>2035.59</ele>
   </trkpt>
   <trkpt lat="34.393260000000005" lon="-111.17664">
    <ele>2037.18</ele>
   </trkpt>
   <trkpt lat="34.39329" lon="-111.17676000000002">
    <ele>2037.4500000000003</ele>
   </trkpt>
   <trkpt lat="34.393280000000004" lon="-111.17687000000001">
    <ele>2038.6000000000001</ele>
   </trkpt>
   <trkpt lat="34.393350000000005" lon="-111.17695">
    <ele>2039.0700000000002</ele>
   </trkpt>
   <trkpt lat="34.39341" lon="-111.17706000000001">
    <ele>2039.0700000000002</ele>
   </trkpt>
   <trkpt lat="34.3935" lon="-111.17715000000001">
    <ele>2040.55</ele>
   </trkpt>
   <trkpt lat="34.39354" lon="-111.17726">
    <ele>2040.55</ele>
   </trkpt>
   <trkpt lat="34.39368" lon="-111.17745000000001">
    <ele>2040.3700000000001</ele>
   </trkpt>
   <trkpt lat="34.39378" lon="-111.17746000000001">
    <ele>2040.0800000000002</ele>
   </trkpt>
   <trkpt lat="34.39405" lon="-111.17754000000001">
    <ele>2043.1600000000003</ele>
   </trkpt>
   <trkpt lat="34.39414" lon="-111.17759000000001">
    <ele>2043.1600000000003</ele>
   </trkpt>
   <trkpt lat="34.39426" lon="-111.17758">
    <ele>2044.9200000000003</ele>
   </trkpt>
   <trkpt lat="34.39424" lon="-111.17770000000002">
    <ele>2044.9200000000003</ele>
   </trkpt>
   <trkpt lat="34.39405" lon="-111.17783000000001">
    <ele>2041.03</ele>
   </trkpt>
   <trkpt lat="34.39394" lon="-111.17787000000001">
    <ele>2039.8</ele>
   </trkpt>
   <trkpt lat="34.39387" lon="-111.17794">
    <ele>2039.8</ele>
   </trkpt>
   <trkpt lat="34.39376" lon="-111.17798">
    <ele>2041.75</ele>
   </trkpt>
   <trkpt lat="34.393620000000006" lon="-111.17817000000001">
    <ele>2044.8500000000001</ele>
   </trkpt>
   <trkpt lat="34.39316" lon="-111.17841000000001">
    <ele>2045.8800000000003</ele>
   </trkpt>
   <trkpt lat="34.393060000000006" lon="-111.17844000000001">
    <ele>2045.2500000000002</ele>
   </trkpt>
   <trkpt lat="34.39296" lon="-111.17850000000001">
    <ele>2045.98</ele>
   </trkpt>
   <trkpt lat="34.39282" lon="-111.17865">
    <ele>2046.46</ele>
   </trkpt>
   <trkpt lat="34.3928" lon="-111.17876000000001">
    <ele>2046.46</ele>
   </trkpt>
   <trkpt lat="34.392720000000004" lon="-111.17887">
    <ele>2046.3300000000002</ele>
   </trkpt>
   <trkpt lat="34.392700000000005" lon="-111.17899000000001">
    <ele>2046.4200000000003</ele>
   </trkpt>
   <trkpt lat="34.392720000000004" lon="-111.17911000000001">
    <ele>2046.4200000000003</ele>
   </trkpt>
   <trkpt lat="34.3928" lon="-111.17921000000001">
    <ele>2045.98</ele>
   </trkpt>
   <trkpt lat="34.39303" lon="-111.17925000000001">
    <ele>2047.7700000000002</ele>
   </trkpt>
   <trkpt lat="34.39316" lon="-111.17929000000001">
    <ele>2048.2500000000005</ele>
   </trkpt>
   <trkpt lat="34.393280000000004" lon="-111.17927">
    <ele>2048.4500000000003</ele>
   </trkpt>
   <trkpt lat="34.393370000000004" lon="-111.17931000000002">
    <ele>2048.08</ele>
   </trkpt>
   <trkpt lat="34.39347" lon="-111.17931000000002">
    <ele>2048.08</ele>
   </trkpt>
   <trkpt lat="34.39347" lon="-111.17917000000001">
    <ele>2050.1</ele>
   </trkpt>
   <trkpt lat="34.393620000000006" lon="-111.17909">
    <ele>2051.96</ele>
   </trkpt>
   <trkpt lat="34.39372" lon="-111.17906">
    <ele>2053.51</ele>
   </trkpt>
   <trkpt lat="34.393730000000005" lon="-111.17894000000001">
    <ele>2053.98</ele>
   </trkpt>
   <trkpt lat="34.393840000000004" lon="-111.17888">
    <ele>2053.98</ele>
   </trkpt>
   <trkpt lat="34.39392" lon="-111.17880000000001">
    <ele>2056.3900000000003</ele>
   </trkpt>
   <trkpt lat="34.39392" lon="-111.17867000000001">
    <ele>2056.3900000000003</ele>
   </trkpt>
   <trkpt lat="34.39405" lon="-111.17856">
    <ele>2058.86</ele>
   </trkpt>
   <trkpt lat="34.39405" lon="-111.17855000000002">
    <ele>2056.33</ele>
   </trkpt>
   <trkpt lat="34.394330000000004" lon="-111.17838">
    <ele>2059.11</ele>
   </trkpt>
   <trkpt lat="34.39464" lon="-111.17829">
    <ele>2062.86</ele>
   </trkpt>
   <trkpt lat="34.39491" lon="-111.17824">
    <ele>2069.0</ele>
   </trkpt>
   <trkpt lat="34.395140000000005" lon="-111.17811">
    <ele>2074.37</ele>
   </trkpt>
   <trkpt lat="34.395810000000004" lon="-111.17815">
    <ele>2082.3500000000004</ele>
   </trkpt>
   <trkpt lat="34.39611" lon="-111.17826000000001">
    <ele>2086.85</ele>
   </trkpt>
   <trkpt lat="34.396170000000005" lon="-111.17830000000001">
    <ele>2087.67</ele>
   </trkpt>
   <trkpt lat="34.396190000000004" lon="-111.17838">
    <ele>2087.67</ele>
   </trkpt>
   <trkpt lat="34.39627" lon="-111.17848000000001">
    <ele>2088.89</ele>
   </trkpt>
   <trkpt lat="34.396510000000006" lon="-111.17869">
    <ele>2091.36</ele>
   </trkpt>
   <trkpt lat="34.39656" lon="-111.17875000000001">
    <ele>2092.3100000000004</ele>
   </trkpt>
   <trkpt lat="34.39674" lon="-111.17892">
    <ele>2094.22</ele>
   </trkpt>
   <trkpt lat="34.39685" lon="-111.17905">
    <ele>2095.7799999999997</ele>
   </trkpt>
   <trkpt lat="34.39699" lon="-111.17918">
    <ele>2098.7599999999998</ele>
   </trkpt>
   <trkpt lat="34.39706" lon="-111.17914">
    <ele>2099.75</ele>
   </trkpt>
   <trkpt lat="34.39717" lon="-111.17906">
    <ele>2102.97</ele>
   </trkpt>
   <trkpt lat="34.397270000000006" lon="-111.17906">
    <ele>2106.29</ele>
   </trkpt>
   <trkpt lat="34.397360000000006" lon="-111.17914">
    <ele>2109.11</ele>
   </trkpt>
   <trkpt lat="34.39735" lon="-111.17919">
    <ele>2109.11</ele>
   </trkpt>
   <trkpt lat="34.39741" lon="-111.17927">
    <ele>2111.53</ele>
   </trkpt>
   <trkpt lat="34.397690000000004" lon="-111.17942000000001">
    <ele>2117.8700000000003</ele>
   </trkpt>
   <trkpt lat="34.398" lon="-111.17942000000001">
    <ele>2130.16</ele>
   </trkpt>
   <trkpt lat="34.398030000000006" lon="-111.17945">
    <ele>2130.16</ele>
   </trkpt>
   <trkpt lat="34.39804" lon="-111.17956000000001">
    <ele>2131.6</ele>
   </trkpt>
   <trkpt lat="34.39808" lon="-111.17959">
    <ele>2131.6</ele>
   </trkpt>
   <trkpt lat="34.39813" lon="-111.17960000000001">
    <ele>2137.8500000000004</ele>
   </trkpt>
   <trkpt lat="34.39818" lon="-111.17968">
    <ele>2137.8500000000004</ele>
   </trkpt>
   <trkpt lat="34.398270000000004" lon="-111.17968">
    <ele>2140.57</ele>
   </trkpt>
   <trkpt lat="34.39842" lon="-111.17960000000001">
    <ele>2145.38</ele>
   </trkpt>
   <trkpt lat="34.39853" lon="-111.17959">
    <ele>2145.38</ele>
   </trkpt>
   <trkpt lat="34.39864" lon="-111.17960000000001">
    <ele>2148.6500000000005</ele>
   </trkpt>
   <trkpt lat="34.39873" lon="-111.17968">
    <ele>2151.24</ele>
   </trkpt>
   <trkpt lat="34.398720000000004" lon="-111.17976000000002">
    <ele>2151.24</ele>
   </trkpt>
   <trkpt lat="34.398340000000005" lon="-111.18012">
    <ele>2163.84</ele>
   </trkpt>
   <trkpt lat="34.39822" lon="-111.18044">
    <ele>2167.21</ele>
   </trkpt>
   <trkpt lat="34.398270000000004" lon="-111.18053">
    <ele>2169.34</ele>
   </trkpt>
   <trkpt lat="34.39846" lon="-111.18041000000001">
    <ele>2176.4700000000003</ele>
   </trkpt>
   <trkpt lat="34.39865" lon="-111.18044">
    <ele>2179.5</ele>
   </trkpt>
   <trkpt lat="34.39878" lon="-111.18039">
    <ele>2182.29</ele>
   </trkpt>
   <trkpt lat="34.39902" lon="-111.18044">
    <ele>2189.47</ele>
   </trkpt>
   <trkpt lat="34.39918" lon="-111.18044">
    <ele>2192.8</ele>
   </trkpt>
   <trkpt lat="34.39931" lon="-111.18039">
    <ele>2199.6200000000003</ele>
   </trkpt>
   <trkpt lat="34.39996" lon="-111.18026">
    <ele>2213.1800000000003</ele>
   </trkpt>
   <trkpt lat="34.400200000000005" lon="-111.18023000000001">
    <ele>2221.09</ele>
   </trkpt>
   <trkpt lat="34.40039" lon="-111.18014000000001">
    <ele>2224.27</ele>
   </trkpt>
   <trkpt lat="34.40059" lon="-111.18007000000001">
    <ele>2228.88</ele>
   </trkpt>
   <trkpt lat="34.4009" lon="-111.18008">
    <ele>2239.16</ele>
   </trkpt>
   <trkpt lat="34.401270000000004" lon="-111.1799">
    <ele>2249.66</ele>
   </trkpt>
   <trkpt lat="34.40148" lon="-111.17986">
    <ele>2252.92</ele>
   </trkpt>
   <trkpt lat="34.401500000000006" lon="-111.1799">
    <ele>2253.87</ele>
   </trkpt>
   <trkpt lat="34.401430000000005" lon="-111.18012">
    <ele>2257.9100000000003</ele>
   </trkpt>
   <trkpt lat="34.40142" lon="-111.18022">
    <ele>2257.9100000000003</ele>
   </trkpt>
   <trkpt lat="34.401450000000004" lon="-111.18027000000001">
    <ele>2259.34</ele>
   </trkpt>
   <trkpt lat="34.401650000000004" lon="-111.18044">
    <ele>2264.12</ele>
   </trkpt>
   <trkpt lat="34.401650000000004" lon="-111.18032000000001">
    <ele>2266.54</ele>
   </trkpt>
   <trkpt lat="34.401680000000006" lon="-111.18027000000001">
    <ele>2266.54</ele>
   </trkpt>
   <trkpt lat="34.40194" lon="-111.18003">
    <ele>2278.7200000000003</ele>
   </trkpt>
   <trkpt lat="34.40243" lon="-111.17978000000001">
    <ele>2288.6800000000003</ele>
   </trkpt>
   <trkpt lat="34.40254" lon="-111.17954">
    <ele>2294.55</ele>
   </trkpt>
   <trkpt lat="34.402620000000006" lon="-111.17945">
    <ele>2295.62</ele>
   </trkpt>
   <trkpt lat="34.402820000000006" lon="-111.17929000000001">
    <ele>2306.28</ele>
   </trkpt>
   <trkpt lat="34.403200000000005" lon="-111.17896">
    <ele>2314.23</ele>
   </trkpt>
   <trkpt lat="34.40332" lon="-111.17882000000002">
    <ele>2319.1</ele>
   </trkpt>
   <trkpt lat="34.403490000000005" lon="-111.17847">
    <ele>2328.8900000000003</ele>
   </trkpt>
   <trkpt lat="34.40348" lon="-111.17830000000001">
    <ele>2335.5</ele>
   </trkpt>
   <trkpt lat="34.403510000000004" lon="-111.17829">
    <ele>2335.5</ele>
   </trkpt>
   <trkpt lat="34.403600000000004" lon="-111.17838">
    <ele>2335.5</ele>
   </trkpt>
   <trkpt lat="34.40361" lon="-111.17833">
    <ele>2335.5</ele>
   </trkpt>
   <trkpt lat="34.40353" lon="-111.17803">
    <ele>2341.93</ele>
   </trkpt>
   <trkpt lat="34.403400000000005" lon="-111.17771">
    <ele>2350.5</ele>
   </trkpt>
   <trkpt lat="34.40332" lon="-111.17735">
    <ele>2359.6400000000003</ele>
   </trkpt>
   <trkpt lat="34.403310000000005" lon="-111.17723000000001">
    <ele>2360.7</ele>
   </trkpt>
   <trkpt lat="34.403330000000004" lon="-111.17721">
    <ele>2360.7</ele>
   </trkpt>
   <trkpt lat="34.403420000000004" lon="-111.17722">
    <ele>2362.5</ele>
   </trkpt>
   <trkpt lat="34.40382" lon="-111.17713">
    <ele>2367.02</ele>
   </trkpt>
   <trkpt lat="34.40388" lon="-111.17717">
    <ele>2367.9700000000003</ele>
   </trkpt>
   <trkpt lat="34.40404" lon="-111.17731">
    <ele>2368.5</ele>
   </trkpt>
   <trkpt lat="34.404160000000005" lon="-111.17739">
    <ele>2369.2000000000003</ele>
   </trkpt>
   <trkpt lat="34.404630000000004" lon="-111.17735">
    <ele>2373.48</ele>
   </trkpt>
   <trkpt lat="34.404830000000004" lon="-111.17722">
    <ele>2374.7400000000002</ele>
   </trkpt>
   <trkpt lat="34.40511" lon="-111.17703">
    <ele>2376.4</ele>
   </trkpt>
   <trkpt lat="34.405210000000004" lon="-111.17685000000002">
    <ele>2376.8100000000004</ele>
   </trkpt>
   <trkpt lat="34.40529" lon="-111.17681">
    <ele>2376.98</ele>
   </trkpt>
   <trkpt lat="34.405840000000005" lon="-111.17681">
    <ele>2377.7000000000003</ele>
   </trkpt>
   <trkpt lat="34.40616" lon="-111.17672">
    <ele>2378.8500000000004</ele>
   </trkpt>
   <trkpt lat="34.40626" lon="-111.17663">
    <ele>2379.01</ele>
   </trkpt>
   <trkpt lat="34.40645" lon="-111.17663">
    <ele>2397.8</ele>
   </trkpt>
   <trkpt lat="34.406510000000004" lon="-111.17656000000001">
    <ele>2396.08</ele>
   </trkpt>
   <trkpt lat="34.40663" lon="-111.17664">
    <ele>2396.08</ele>
   </trkpt>
   <trkpt lat="34.40708" lon="-111.17699">
    <ele>2380.8700000000003</ele>
   </trkpt>
   <trkpt lat="34.407700000000006" lon="-111.17732000000001">
    <ele>2381.12</ele>
   </trkpt>
   <trkpt lat="34.408260000000006" lon="-111.17770000000002">
    <ele>2380.2700000000004</ele>
   </trkpt>
   <trkpt lat="34.408530000000006" lon="-111.17793">
    <ele>2380.16</ele>
   </trkpt>
   <trkpt lat="34.4089" lon="-111.17838">
    <ele>2381.82</ele>
   </trkpt>
   <trkpt lat="34.40926" lon="-111.17887">
    <ele>2387.82</ele>
   </trkpt>
   <trkpt lat="34.40945" lon="-111.17933000000001">
    <ele>2391.11</ele>
   </trkpt>
   <trkpt lat="34.40954" lon="-111.17968">
    <ele>2392.69</ele>
   </trkpt>
   <trkpt lat="34.40964" lon="-111.1803">
    <ele>2395.47</ele>
   </trkpt>
   <trkpt lat="34.409690000000005" lon="-111.18071">
    <ele>2396.61</ele>
   </trkpt>
   <trkpt lat="34.40979" lon="-111.18115">
    <ele>2397.8300000000004</ele>
   </trkpt>
   <trkpt lat="34.410000000000004" lon="-111.1817">
    <ele>2397.63</ele>
   </trkpt>
   <trkpt lat="34.4102" lon="-111.18209">
    <ele>2396.4</ele>
   </trkpt>
   <trkpt lat="34.410520000000005" lon="-111.18193000000001">
    <ele>2397.0</ele>
   </trkpt>
   <trkpt lat="34.41075" lon="-111.18165">
    <ele>2398.7000000000003</ele>
   </trkpt>
   <trkpt lat="34.410990000000005" lon="-111.18129">
    <ele>2399.07</ele>
   </trkpt>
   <trkpt lat="34.41134" lon="-111.18063000000001">
    <ele>2397.3500000000004</ele>
   </trkpt>
   <trkpt lat="34.4118733354035" lon="-111.1801233398127">
    <ele>2392.3</ele>
   </trkpt>
   <trkpt lat="34.41240666871807" lon="-111.17961667316393">
    <ele>2390.33</ele>
   </trkpt>
   <trkpt lat="34.412940000000006" lon="-111.17911000000001">
    <ele>2387.3700000000003</ele>
   </trkpt>
   <trkpt lat="34.41336500031174" lon="-111.17881000156291">
    <ele>2385.84</ele>
   </trkpt>
   <trkpt lat="34.413790000000006" lon="-111.17851">
    <ele>2385.55</ele>
   </trkpt>
   <trkpt lat="34.414430001050654" lon="-111.17799500396396">
    <ele>2384.42</ele>
   </trkpt>
   <trkpt lat="34.41507" lon="-111.17748">
    <ele>2382.6500000000005</ele>
   </trkpt>
   <trkpt lat="34.415620000000004" lon="-111.17712">
    <ele>2383.01</ele>
   </trkpt>
   <trkpt lat="34.416070000000005" lon="-111.17668">
    <ele>2382.26</ele>
   </trkpt>
   <trkpt lat="34.416540000000005" lon="-111.17614">
    <ele>2380.91</ele>
   </trkpt>
   <trkpt lat="34.41693" lon="-111.17583">
    <ele>2380.57</ele>
   </trkpt>
   <trkpt lat="34.417140001112685" lon="-111.17534000091383">
    <ele>2379.0400000000004</ele>
   </trkpt>
   <trkpt lat="34.417350000000006" lon="-111.17485">
    <ele>2376.2400000000002</ele>
   </trkpt>
   <trkpt lat="34.41734500263582" lon="-111.17404499979183">
    <ele>2372.9300000000003</ele>
   </trkpt>
   <trkpt lat="34.41734" lon="-111.17324">
    <ele>2371.6700000000005</ele>
   </trkpt>
   <trkpt lat="34.41761" lon="-111.17282000000002">
    <ele>2371.63</ele>
   </trkpt>
   <trkpt lat="34.417860000000005" lon="-111.17256">
    <ele>2371.8500000000004</ele>
   </trkpt>
   <trkpt lat="34.41814" lon="-111.17244000000001">
    <ele>2371.82</ele>
   </trkpt>
   <trkpt lat="34.41891999990622" lon="-111.17238500052053">
    <ele>2370.15</ele>
   </trkpt>
   <trkpt lat="34.419700000000006" lon="-111.17233">
    <ele>2366.87</ele>
   </trkpt>
   <trkpt lat="34.42004" lon="-111.17207">
    <ele>2367.2200000000003</ele>
   </trkpt>
   <trkpt lat="34.42018" lon="-111.17158">
    <ele>2366.96</ele>
   </trkpt>
   <trkpt lat="34.4202700023839" lon="-111.17081500080195">
    <ele>2364.8100000000004</ele>
   </trkpt>
   <trkpt lat="34.42036" lon="-111.17005">
    <ele>2361.2900000000004</ele>
   </trkpt>
   <trkpt lat="34.420590000000004" lon="-111.16956">
    <ele>2356.9300000000003</ele>
   </trkpt>
   <trkpt lat="34.421210001146015" lon="-111.1690100041537">
    <ele>2354.4300000000003</ele>
   </trkpt>
   <trkpt lat="34.42183" lon="-111.16846000000001">
    <ele>2355.68</ele>
   </trkpt>
   <trkpt lat="34.42241000069686" lon="-111.16802500307253">
    <ele>2356.55</ele>
   </trkpt>
   <trkpt lat="34.422990000000006" lon="-111.16759">
    <ele>2354.2400000000002</ele>
   </trkpt>
   <trkpt lat="34.4234" lon="-111.16701">
    <ele>2352.61</ele>
   </trkpt>
   <trkpt lat="34.42363" lon="-111.16624000000002">
    <ele>2354.69</ele>
   </trkpt>
   <trkpt lat="34.42374" lon="-111.16527">
    <ele>2355.75</ele>
   </trkpt>
   <trkpt lat="34.42391" lon="-111.16495">
    <ele>2354.3700000000003</ele>
   </trkpt>
   <trkpt lat="34.424290000000006" lon="-111.16441">
    <ele>2354.36</ele>
   </trkpt>
   <trkpt lat="34.4245" lon="-111.16419">
    <ele>2354.23</ele>
   </trkpt>
   <trkpt lat="34.42523666815317" lon="-111.163760007589">
    <ele>2349.96</ele>
   </trkpt>
   <trkpt lat="34.425973334801476" lon="-111.16333000759982">
    <ele>2346.94</ele>
   </trkpt>
   <trkpt lat="34.42671" lon="-111.16290000000001">
    <ele>2343.71</ele>
   </trkpt>
   <trkpt lat="34.42733000002451" lon="-111.16283500048135">
    <ele>2340.5400000000004</ele>
   </trkpt>
   <trkpt lat="34.42795" lon="-111.16277000000001">
    <ele>2337.9800000000005</ele>
   </trkpt>
   <trkpt lat="34.428490000000004" lon="-111.16257">
    <ele>2336.03</ele>
   </trkpt>
   <trkpt lat="34.42915000071537" lon="-111.16217000311946">
    <ele>2334.3</ele>
   </trkpt>
   <trkpt lat="34.42981" lon="-111.16177">
    <ele>2332.1</ele>
   </trkpt>
   <trkpt lat="34.43043" lon="-111.16119">
    <ele>2332.8900000000003</ele>
   </trkpt>
   <trkpt lat="34.43084500645099" lon="-111.16046251085557">
    <ele>2332.0800000000004</ele>
   </trkpt>
   <trkpt lat="34.431260008594194" lon="-111.15973501448677">
    <ele>2331.02</ele>
   </trkpt>
   <trkpt lat="34.431675006429536" lon="-111.15900751089347">
    <ele>2331.46</ele>
   </trkpt>
   <trkpt lat="34.43209" lon="-111.15828">
    <ele>2330.06</ele>
   </trkpt>
   <trkpt lat="34.432610000000004" lon="-111.1576">
    <ele>2327.29</ele>
   </trkpt>
   <trkpt lat="34.43314" lon="-111.15707">
    <ele>2327.09</ele>
   </trkpt>
   <trkpt lat="34.43368000046534" lon="-111.15669500249736">
    <ele>2326.07</ele>
   </trkpt>
   <trkpt lat="34.43422" lon="-111.15632000000001">
    <ele>2325.96</ele>
   </trkpt>
   <trkpt lat="34.434670000000004" lon="-111.15586">
    <ele>2326.21</ele>
   </trkpt>
   <trkpt lat="34.435075000261" lon="-111.15561500117724">
    <ele>2326.76</ele>
   </trkpt>
   <trkpt lat="34.435480000000005" lon="-111.15537">
    <ele>2326.17</ele>
   </trkpt>
   <trkpt lat="34.43596000008148" lon="-111.15516500121576">
    <ele>2325.4300000000003</ele>
   </trkpt>
   <trkpt lat="34.436440000000005" lon="-111.15496">
    <ele>2324.2200000000003</ele>
   </trkpt>
   <trkpt lat="34.437256667024926" lon="-111.15475667063573">
    <ele>2322.56</ele>
   </trkpt>
   <trkpt lat="34.43807333371332" lon="-111.15455333729707">
    <ele>2320.59</ele>
   </trkpt>
   <trkpt lat="34.43889" lon="-111.15435000000001">
    <ele>2317.4400000000005</ele>
   </trkpt>
   <trkpt lat="34.43958" lon="-111.15386000000001">
    <ele>2314.7900000000004</ele>
   </trkpt>
   <trkpt lat="34.4399" lon="-111.15350000000001">
    <ele>2316.58</ele>
   </trkpt>
   <trkpt lat="34.4403500041177" lon="-111.15279334086294">
    <ele>2319.9</ele>
   </trkpt>
   <trkpt lat="34.44080000417026" lon="-111.15208667411382">
    <ele>2319.52</ele>
   </trkpt>
   <trkpt lat="34.441250000000004" lon="-111.15138">
    <ele>2318.75</ele>
   </trkpt>
   <trkpt lat="34.441590000000005" lon="-111.15102">
    <ele>2318.15</ele>
   </trkpt>
   <trkpt lat="34.44207" lon="-111.15068000000001">
    <ele>2317.38</ele>
   </trkpt>
   <trkpt lat="34.44277000021705" lon="-111.15044500197163">
    <ele>2316.94</ele>
   </trkpt>
   <trkpt lat="34.443470000000005" lon="-111.15021000000002">
    <ele>2316.6900000000005</ele>
   </trkpt>
   <trkpt lat="34.443450000000006" lon="-111.15039000000002">
    <ele>2316.5600000000004</ele>
   </trkpt>
   <trkpt lat="34.4435" lon="-111.15072">
    <ele>2315.42</ele>
   </trkpt>
   <trkpt lat="34.443470000000005" lon="-111.15174">
    <ele>2302.65</ele>
   </trkpt>
   <trkpt lat="34.44342" lon="-111.15188">
    <ele>2301.55</ele>
   </trkpt>
   <trkpt lat="34.44335" lon="-111.15198000000001">
    <ele>2301.55</ele>
   </trkpt>
   <trkpt lat="34.443310000000004" lon="-111.1521">
    <ele>2300.67</ele>
   </trkpt>
   <trkpt lat="34.44326" lon="-111.15268">
    <ele>2297.2200000000003</ele>
   </trkpt>
   <trkpt lat="34.443200000000004" lon="-111.15282">
    <ele>2297.2200000000003</ele>
   </trkpt>
   <trkpt lat="34.443200000000004" lon="-111.15291">
    <ele>2296.71</ele>
   </trkpt>
   <trkpt lat="34.44333" lon="-111.15317">
    <ele>2295.58</ele>
   </trkpt>
   <trkpt lat="34.443400000000004" lon="-111.15326">
    <ele>2295.37</ele>
   </trkpt>
   <trkpt lat="34.443470000000005" lon="-111.15330000000002">
    <ele>2294.68</ele>
   </trkpt>
   <trkpt lat="34.44359" lon="-111.1538">
    <ele>2292.37</ele>
   </trkpt>
   <trkpt lat="34.4437" lon="-111.15402">
    <ele>2291.03</ele>
   </trkpt>
   <trkpt lat="34.443760000000005" lon="-111.15404000000001">
    <ele>2291.03</ele>
   </trkpt>
   <trkpt lat="34.44407" lon="-111.15469">
    <ele>2287.56</ele>
   </trkpt>
   <trkpt lat="34.44413" lon="-111.15488">
    <ele>2287.0099999999998</ele>
   </trkpt>
   <trkpt lat="34.44417" lon="-111.15514">
    <ele>2285.86</ele>
   </trkpt>
   <trkpt lat="34.4442" lon="-111.15519">
    <ele>2285.6500000000005</ele>
   </trkpt>
   <trkpt lat="34.44426" lon="-111.15537">
    <ele>2284.94</ele>
   </trkpt>
   <trkpt lat="34.44445" lon="-111.15564">
    <ele>2283.94</ele>
   </trkpt>
   <trkpt lat="34.444500000000005" lon="-111.15577">
    <ele>2283.05</ele>
   </trkpt>
   <trkpt lat="34.44453" lon="-111.15592000000001">
    <ele>2282.63</ele>
   </trkpt>
   <trkpt lat="34.44464" lon="-111.15609">
    <ele>2282.48</ele>
   </trkpt>
   <trkpt lat="34.44469" lon="-111.15657">
    <ele>2281.84</ele>
   </trkpt>
   <trkpt lat="34.44467" lon="-111.15686000000001">
    <ele>2280.78</ele>
   </trkpt>
   <trkpt lat="34.444630000000004" lon="-111.15699000000001">
    <ele>2278.5800000000004</ele>
   </trkpt>
   <trkpt lat="34.444590000000005" lon="-111.1576">
    <ele>2276.28</ele>
   </trkpt>
   <trkpt lat="34.4446" lon="-111.15783">
    <ele>2275.9</ele>
   </trkpt>
   <trkpt lat="34.44462" lon="-111.15784000000001">
    <ele>2275.69</ele>
   </trkpt>
   <trkpt lat="34.44464" lon="-111.15797">
    <ele>2275.4500000000003</ele>
   </trkpt>
   <trkpt lat="34.444680000000005" lon="-111.15868">
    <ele>2270.84</ele>
   </trkpt>
   <trkpt lat="34.444660000000006" lon="-111.15877">
    <ele>2268.5699999999997</ele>
   </trkpt>
   <trkpt lat="34.44455" lon="-111.15887000000001">
    <ele>2262.83</ele>
   </trkpt>
   <trkpt lat="34.44447" lon="-111.15901000000001">
    <ele>2260.3500000000004</ele>
   </trkpt>
   <trkpt lat="34.44442" lon="-111.15917">
    <ele>2258.14</ele>
   </trkpt>
   <trkpt lat="34.44436" lon="-111.15922">
    <ele>2258.1800000000003</ele>
   </trkpt>
   <trkpt lat="34.44429" lon="-111.15939000000002">
    <ele>2260.1</ele>
   </trkpt>
   <trkpt lat="34.444300000000005" lon="-111.15945">
    <ele>2260.1</ele>
   </trkpt>
   <trkpt lat="34.44422000239896" lon="-111.16022000087611">
    <ele>2267.4700000000003</ele>
   </trkpt>
   <trkpt lat="34.444140000000004" lon="-111.16099000000001">
    <ele>2271.8</ele>
   </trkpt>
   <trkpt lat="34.44391" lon="-111.16147000000001">
    <ele>2277.8</ele>
   </trkpt>
   <trkpt lat="34.44407" lon="-111.16210000000001">
    <ele>2279.4</ele>
   </trkpt>
   <trkpt lat="34.444" lon="-111.16231">
    <ele>2279.26</ele>
   </trkpt>
   <trkpt lat="34.44388" lon="-111.16248">
    <ele>2278.75</ele>
   </trkpt>
   <trkpt lat="34.44364" lon="-111.16250000000001">
    <ele>2277.96</ele>
   </trkpt>
   <trkpt lat="34.44351" lon="-111.16293">
    <ele>2281.32</ele>
   </trkpt>
   <trkpt lat="34.44339" lon="-111.16305000000001">
    <ele>2281.32</ele>
   </trkpt>
   <trkpt lat="34.443220000000004" lon="-111.16311">
    <ele>2281.32</ele>
   </trkpt>
   <trkpt lat="34.44306" lon="-111.16312">
    <ele>2281.32</ele>
   </trkpt>
   <trkpt lat="34.44299" lon="-111.1632">
    <ele>2281.32</ele>
   </trkpt>
   <trkpt lat="34.442840000000004" lon="-111.16321">
    <ele>2291.71</ele>
   </trkpt>
   <trkpt lat="34.44263" lon="-111.16333000000002">
    <ele>2291.71</ele>
   </trkpt>
   <trkpt lat="34.442530000000005" lon="-111.16342">
    <ele>2291.71</ele>
   </trkpt>
   <trkpt lat="34.442420000000006" lon="-111.16345000000001">
    <ele>2291.71</ele>
   </trkpt>
   <trkpt lat="34.442240000000005" lon="-111.16365">
    <ele>2291.71</ele>
   </trkpt>
   <trkpt lat="34.44214" lon="-111.16365">
    <ele>2291.71</ele>
   </trkpt>
   <trkpt lat="34.44201" lon="-111.16371000000001">
    <ele>2291.71</ele>
   </trkpt>
   <trkpt lat="34.44162" lon="-111.16384000000001">
    <ele>2291.71</ele>
   </trkpt>
   <trkpt lat="34.44151" lon="-111.16392">
    <ele>2291.71</ele>
   </trkpt>
   <trkpt lat="34.441340000000004" lon="-111.16396">
    <ele>2291.71</ele>
   </trkpt>
   <trkpt lat="34.44115" lon="-111.1641">
    <ele>2291.71</ele>
   </trkpt>
   <trkpt lat="34.44104" lon="-111.16419">
    <ele>2291.71</ele>
   </trkpt>
   <trkpt lat="34.44098" lon="-111.16436">
    <ele>2291.71</ele>
   </trkpt>
   <trkpt lat="34.44084" lon="-111.16438000000001">
    <ele>2291.71</ele>
   </trkpt>
   <trkpt lat="34.440690000000004" lon="-111.16472">
    <ele>2294.38</ele>
   </trkpt>
   <trkpt lat="34.440540000000006" lon="-111.16482">
    <ele>2294.38</ele>
   </trkpt>
   <trkpt lat="34.440400000000004" lon="-111.16486">
    <ele>2294.38</ele>
   </trkpt>
   <trkpt lat="34.440270000000005" lon="-111.16499">
    <ele>2294.38</ele>
   </trkpt>
   <trkpt lat="34.44001" lon="-111.16539">
    <ele>2294.38</ele>
   </trkpt>
   <trkpt lat="34.44019" lon="-111.16456000000001">
    <ele>2294.38</ele>
   </trkpt>
   <trkpt lat="34.44008" lon="-111.16454">
    <ele>2295.58</ele>
   </trkpt>
   <trkpt lat="34.43985" lon="-111.16487000000001">
    <ele>2300.2700000000004</ele>
   </trkpt>
   <trkpt lat="34.439600000000006" lon="-111.16535">
    <ele>2310.3</ele>
   </trkpt>
   <trkpt lat="34.439510000000006" lon="-111.16548">
    <ele>2312.6300000000006</ele>
   </trkpt>
   <trkpt lat="34.43943" lon="-111.16557">
    <ele>2313.88</ele>
   </trkpt>
   <trkpt lat="34.439330000000005" lon="-111.16562">
    <ele>2315.2799999999997</ele>
   </trkpt>
   <trkpt lat="34.43919" lon="-111.16566">
    <ele>2315.9400000000005</ele>
   </trkpt>
   <trkpt lat="34.438880000000005" lon="-111.16577000000001">
    <ele>2317.1400000000003</ele>
   </trkpt>
   <trkpt lat="34.43863" lon="-111.16581000000001">
    <ele>2318.3100000000004</ele>
   </trkpt>
   <trkpt lat="34.43838" lon="-111.16598">
    <ele>2320.01</ele>
   </trkpt>
   <trkpt lat="34.43817" lon="-111.16624000000002">
    <ele>2320.71</ele>
   </trkpt>
   <trkpt lat="34.438010000000006" lon="-111.16666000000001">
    <ele>2319.77</ele>
   </trkpt>
   <trkpt lat="34.43768" lon="-111.16719">
    <ele>2317.06</ele>
   </trkpt>
   <trkpt lat="34.437650000000005" lon="-111.16719">
    <ele>2316.6600000000003</ele>
   </trkpt>
   <trkpt lat="34.437630000000006" lon="-111.16741">
    <ele>2314.38</ele>
   </trkpt>
   <trkpt lat="34.43764" lon="-111.16759">
    <ele>2312.09</ele>
   </trkpt>
   <trkpt lat="34.4376" lon="-111.16781">
    <ele>2308.13</ele>
   </trkpt>
   <trkpt lat="34.4375" lon="-111.16804">
    <ele>2302.56</ele>
   </trkpt>
   <trkpt lat="34.437450000000005" lon="-111.16808">
    <ele>2299.3300000000004</ele>
   </trkpt>
   <trkpt lat="34.43741" lon="-111.16822">
    <ele>2297.28</ele>
   </trkpt>
   <trkpt lat="34.43742" lon="-111.16848">
    <ele>2292.8700000000003</ele>
   </trkpt>
   <trkpt lat="34.43746" lon="-111.16868000000001">
    <ele>2290.75</ele>
   </trkpt>
   <trkpt lat="34.437450000000005" lon="-111.16896000000001">
    <ele>2288.6200000000003</ele>
   </trkpt>
   <trkpt lat="34.43723" lon="-111.16898">
    <ele>2288.6000000000004</ele>
   </trkpt>
   <trkpt lat="34.436620000000005" lon="-111.16934">
    <ele>2290.1800000000003</ele>
   </trkpt>
   <trkpt lat="34.43623" lon="-111.16947">
    <ele>2291.26</ele>
   </trkpt>
   <trkpt lat="34.43612" lon="-111.16942">
    <ele>2291.37</ele>
   </trkpt>
   <trkpt lat="34.43572" lon="-111.16953000000001">
    <ele>2293.1000000000004</ele>
   </trkpt>
   <trkpt lat="34.43506500011324" lon="-111.1696050005775">
    <ele>2295.08</ele>
   </trkpt>
   <trkpt lat="34.43441" lon="-111.16968000000001">
    <ele>2294.32</ele>
   </trkpt>
   <trkpt lat="34.434340000000006" lon="-111.1701">
    <ele>2295.62</ele>
   </trkpt>
   <trkpt lat="34.43432" lon="-111.17014">
    <ele>2296.2400000000002</ele>
   </trkpt>
   <trkpt lat="34.43428" lon="-111.17033">
    <ele>2297.3500000000004</ele>
   </trkpt>
   <trkpt lat="34.43422" lon="-111.1705">
    <ele>2298.4900000000002</ele>
   </trkpt>
   <trkpt lat="34.43414" lon="-111.17064">
    <ele>2298.4900000000002</ele>
   </trkpt>
   <trkpt lat="34.43395" lon="-111.17121">
    <ele>2301.18</ele>
   </trkpt>
   <trkpt lat="34.433890000000005" lon="-111.17131">
    <ele>2301.66</ele>
   </trkpt>
   <trkpt lat="34.43363" lon="-111.17157">
    <ele>2303.6800000000003</ele>
   </trkpt>
   <trkpt lat="34.433330000000005" lon="-111.17193">
    <ele>2306.74</ele>
   </trkpt>
   <trkpt lat="34.43305" lon="-111.17252">
    <ele>2306.96</ele>
   </trkpt>
   <trkpt lat="34.43301" lon="-111.17269">
    <ele>2307.14</ele>
   </trkpt>
   <trkpt lat="34.4328" lon="-111.17324">
    <ele>2308.3300000000004</ele>
   </trkpt>
   <trkpt lat="34.43251" lon="-111.17363">
    <ele>2309.4400000000005</ele>
   </trkpt>
   <trkpt lat="34.432430000000004" lon="-111.17382">
    <ele>2310.32</ele>
   </trkpt>
   <trkpt lat="34.43242" lon="-111.17395">
    <ele>2311.1800000000003</ele>
   </trkpt>
   <trkpt lat="34.43233" lon="-111.17432000000001">
    <ele>2314.6600000000003</ele>
   </trkpt>
   <trkpt lat="34.43234" lon="-111.17458">
    <ele>2317.86</ele>
   </trkpt>
   <trkpt lat="34.432370000000006" lon="-111.17476">
    <ele>2320.03</ele>
   </trkpt>
   <trkpt lat="34.43249" lon="-111.17502">
    <ele>2324.11</ele>
   </trkpt>
   <trkpt lat="34.43258" lon="-111.17516">
    <ele>2325.9700000000003</ele>
   </trkpt>
   <trkpt lat="34.43265" lon="-111.1752">
    <ele>2331.1800000000003</ele>
   </trkpt>
   <trkpt lat="34.432750000000006" lon="-111.17542">
    <ele>2334.03</ele>
   </trkpt>
   <trkpt lat="34.432790000000004" lon="-111.17544000000001">
    <ele>2334.03</ele>
   </trkpt>
   <trkpt lat="34.43283" lon="-111.17556">
    <ele>2336.52</ele>
   </trkpt>
   <trkpt lat="34.433020000000006" lon="-111.17587">
    <ele>2340.91</ele>
   </trkpt>
   <trkpt lat="34.43343" lon="-111.17641">
    <ele>2343.09</ele>
   </trkpt>
   <trkpt lat="34.433490000000006" lon="-111.17646">
    <ele>2342.9</ele>
   </trkpt>
   <trkpt lat="34.433530000000005" lon="-111.17659">
    <ele>2342.55</ele>
   </trkpt>
   <trkpt lat="34.43361" lon="-111.17672">
    <ele>2342.2500000000005</ele>
   </trkpt>
   <trkpt lat="34.433690000000006" lon="-111.17682">
    <ele>2341.8</ele>
   </trkpt>
   <trkpt lat="34.433910000000004" lon="-111.17699">
    <ele>2339.7300000000005</ele>
   </trkpt>
   <trkpt lat="34.43397" lon="-111.17708">
    <ele>2339.0600000000004</ele>
   </trkpt>
   <trkpt lat="34.43406" lon="-111.17714000000001">
    <ele>2338.33</ele>
   </trkpt>
   <trkpt lat="34.434110000000004" lon="-111.17721">
    <ele>2338.33</ele>
   </trkpt>
   <trkpt lat="34.43426" lon="-111.17757">
    <ele>2334.4900000000002</ele>
   </trkpt>
   <trkpt lat="34.43432" lon="-111.17762">
    <ele>2333.88</ele>
   </trkpt>
   <trkpt lat="34.434430000000006" lon="-111.17784">
    <ele>2330.6400000000003</ele>
   </trkpt>
   <trkpt lat="34.43446" lon="-111.17785">
    <ele>2329.94</ele>
   </trkpt>
   <trkpt lat="34.434580000000004" lon="-111.17802">
    <ele>2328.37</ele>
   </trkpt>
   <trkpt lat="34.434810000000006" lon="-111.17839000000001">
    <ele>2318.2400000000002</ele>
   </trkpt>
   <trkpt lat="34.434900000000006" lon="-111.17847">
    <ele>2318.2400000000002</ele>
   </trkpt>
   <trkpt lat="34.43504" lon="-111.17887">
    <ele>2309.27</ele>
   </trkpt>
   <trkpt lat="34.435120000000005" lon="-111.17933000000001">
    <ele>2306.98</ele>
   </trkpt>
   <trkpt lat="34.435120000000005" lon="-111.17964">
    <ele>2306.6400000000003</ele>
   </trkpt>
   <trkpt lat="34.435230000000004" lon="-111.18">
    <ele>2305.21</ele>
   </trkpt>
   <trkpt lat="34.435210000000005" lon="-111.18013">
    <ele>2305.25</ele>
   </trkpt>
   <trkpt lat="34.43518" lon="-111.18021">
    <ele>2305.51</ele>
   </trkpt>
   <trkpt lat="34.43509" lon="-111.18027000000001">
    <ele>2305.6800000000003</ele>
   </trkpt>
   <trkpt lat="34.43478" lon="-111.18057">
    <ele>2308.52</ele>
   </trkpt>
   <trkpt lat="34.4346" lon="-111.18061000000002">
    <ele>2309.04</ele>
   </trkpt>
   <trkpt lat="34.43451" lon="-111.18066">
    <ele>2309.7100000000005</ele>
   </trkpt>
   <trkpt lat="34.43426" lon="-111.18071">
    <ele>2309.51</ele>
   </trkpt>
   <trkpt lat="34.43404" lon="-111.18088000000002">
    <ele>2306.07</ele>
   </trkpt>
   <trkpt lat="34.433910000000004" lon="-111.18093">
    <ele>2301.79</ele>
   </trkpt>
   <trkpt lat="34.433800000000005" lon="-111.18094">
    <ele>2301.79</ele>
   </trkpt>
   <trkpt lat="34.433710000000005" lon="-111.18108000000001">
    <ele>2297.48</ele>
   </trkpt>
   <trkpt lat="34.43361" lon="-111.18111">
    <ele>2294.96</ele>
   </trkpt>
   <trkpt lat="34.43345" lon="-111.18121000000001">
    <ele>2288.34</ele>
   </trkpt>
   <trkpt lat="34.433400000000006" lon="-111.18138">
    <ele>2285.32</ele>
   </trkpt>
   <trkpt lat="34.433220000000006" lon="-111.18165">
    <ele>2284.9600000000005</ele>
   </trkpt>
   <trkpt lat="34.433220000000006" lon="-111.18178">
    <ele>2286.55</ele>
   </trkpt>
   <trkpt lat="34.4333" lon="-111.18187">
    <ele>2288.26</ele>
   </trkpt>
   <trkpt lat="34.433370000000004" lon="-111.18188">
    <ele>2289.2900000000004</ele>
   </trkpt>
   <trkpt lat="34.43345" lon="-111.18196">
    <ele>2294.98</ele>
   </trkpt>
   <trkpt lat="34.433550000000004" lon="-111.182">
    <ele>2294.98</ele>
   </trkpt>
   <trkpt lat="34.433870000000006" lon="-111.18206">
    <ele>2303.04</ele>
   </trkpt>
   <trkpt lat="34.43401" lon="-111.18219">
    <ele>2304.8100000000004</ele>
   </trkpt>
   <trkpt lat="34.434020000000004" lon="-111.18228">
    <ele>2305.2400000000002</ele>
   </trkpt>
   <trkpt lat="34.433980000000005" lon="-111.18254">
    <ele>2307.6800000000003</ele>
   </trkpt>
   <trkpt lat="34.434020000000004" lon="-111.18303">
    <ele>2310.54</ele>
   </trkpt>
   <trkpt lat="34.434090000000005" lon="-111.18326">
    <ele>2311.79</ele>
   </trkpt>
   <trkpt lat="34.43386" lon="-111.18426000000001">
    <ele>2314.0</ele>
   </trkpt>
   <trkpt lat="34.43381" lon="-111.18474">
    <ele>2315.9700000000003</ele>
   </trkpt>
   <trkpt lat="34.43381" lon="-111.18487">
    <ele>2316.57</ele>
   </trkpt>
   <trkpt lat="34.433840000000004" lon="-111.18509">
    <ele>2317.6200000000003</ele>
   </trkpt>
   <trkpt lat="34.43399" lon="-111.18554">
    <ele>2321.1400000000003</ele>
   </trkpt>
   <trkpt lat="34.43403" lon="-111.18585">
    <ele>2322.7999999999997</ele>
   </trkpt>
   <trkpt lat="34.43412" lon="-111.18603">
    <ele>2323.83</ele>
   </trkpt>
   <trkpt lat="34.43419" lon="-111.18631">
    <ele>2326.28</ele>
   </trkpt>
   <trkpt lat="34.43435" lon="-111.18662">
    <ele>2332.01</ele>
   </trkpt>
   <trkpt lat="34.43441" lon="-111.18676">
    <ele>2333.3500000000004</ele>
   </trkpt>
   <trkpt lat="34.43451" lon="-111.18691000000001">
    <ele>2333.73</ele>
   </trkpt>
   <trkpt lat="34.434630000000006" lon="-111.1872">
    <ele>2332.1</ele>
   </trkpt>
   <trkpt lat="34.434740000000005" lon="-111.18738">
    <ele>2329.87</ele>
   </trkpt>
   <trkpt lat="34.434810000000006" lon="-111.18761">
    <ele>2325.85</ele>
   </trkpt>
   <trkpt lat="34.43488" lon="-111.18775000000001">
    <ele>2322.48</ele>
   </trkpt>
   <trkpt lat="34.43491" lon="-111.18788">
    <ele>2320.1</ele>
   </trkpt>
   <trkpt lat="34.43506" lon="-111.18814">
    <ele>2313.3500000000004</ele>
   </trkpt>
   <trkpt lat="34.43513" lon="-111.18815000000001">
    <ele>2308.92</ele>
   </trkpt>
   <trkpt lat="34.43527" lon="-111.18829000000001">
    <ele>2303.9</ele>
   </trkpt>
   <trkpt lat="34.435590000000005" lon="-111.18836">
    <ele>2299.29</ele>
   </trkpt>
   <trkpt lat="34.43572" lon="-111.18829000000001">
    <ele>2298.34</ele>
   </trkpt>
   <trkpt lat="34.435840000000006" lon="-111.18819">
    <ele>2296.46</ele>
   </trkpt>
   <trkpt lat="34.43594" lon="-111.18814">
    <ele>2294.94</ele>
   </trkpt>
   <trkpt lat="34.43634" lon="-111.18815000000001">
    <ele>2285.9200000000005</ele>
   </trkpt>
   <trkpt lat="34.43648" lon="-111.18828">
    <ele>2280.92</ele>
   </trkpt>
   <trkpt lat="34.43647" lon="-111.18837">
    <ele>2279.7</ele>
   </trkpt>
   <trkpt lat="34.436420000000005" lon="-111.18842000000001">
    <ele>2277.3700000000003</ele>
   </trkpt>
   <trkpt lat="34.436350000000004" lon="-111.18859">
    <ele>2273.1000000000004</ele>
   </trkpt>
   <trkpt lat="34.43632" lon="-111.18878000000001">
    <ele>2270.36</ele>
   </trkpt>
   <trkpt lat="34.436260000000004" lon="-111.18899">
    <ele>2267.57</ele>
   </trkpt>
   <trkpt lat="34.43607" lon="-111.18926">
    <ele>2263.1</ele>
   </trkpt>
   <trkpt lat="34.43598" lon="-111.18935">
    <ele>2260.07</ele>
   </trkpt>
   <trkpt lat="34.43592" lon="-111.18935">
    <ele>2260.07</ele>
   </trkpt>
   <trkpt lat="34.435840000000006" lon="-111.18949">
    <ele>2259.26</ele>
   </trkpt>
   <trkpt lat="34.43578" lon="-111.18954000000001">
    <ele>2255.8100000000004</ele>
   </trkpt>
   <trkpt lat="34.43576" lon="-111.18962">
    <ele>2255.01</ele>
   </trkpt>
   <trkpt lat="34.43587" lon="-111.18984">
    <ele>2253.1000000000004</ele>
   </trkpt>
   <trkpt lat="34.43619" lon="-111.18988">
    <ele>2253.7200000000003</ele>
   </trkpt>
   <trkpt lat="34.43632" lon="-111.18993">
    <ele>2253.9100000000003</ele>
   </trkpt>
   <trkpt lat="34.43645" lon="-111.18988">
    <ele>2254.55</ele>
   </trkpt>
   <trkpt lat="34.43652" lon="-111.18988">
    <ele>2255.59</ele>
   </trkpt>
   <trkpt lat="34.436620000000005" lon="-111.19002">
    <ele>2258.2400000000002</ele>
   </trkpt>
   <trkpt lat="34.436710000000005" lon="-111.19006">
    <ele>2261.61</ele>
   </trkpt>
   <trkpt lat="34.43685" lon="-111.19029">
    <ele>2264.75</ele>
   </trkpt>
   <trkpt lat="34.4369" lon="-111.19033">
    <ele>2270.23</ele>
   </trkpt>
   <trkpt lat="34.437020000000004" lon="-111.19055000000002">
    <ele>2273.8900000000003</ele>
   </trkpt>
   <trkpt lat="34.43714" lon="-111.19069">
    <ele>2280.9300000000003</ele>
   </trkpt>
   <trkpt lat="34.43721" lon="-111.19073">
    <ele>2280.9300000000003</ele>
   </trkpt>
   <trkpt lat="34.437250000000006" lon="-111.19079">
    <ele>2280.9300000000003</ele>
   </trkpt>
   <trkpt lat="34.43732" lon="-111.19082">
    <ele>2287.8100000000004</ele>
   </trkpt>
   <trkpt lat="34.43753" lon="-111.191">
    <ele>2292.65</ele>
   </trkpt>
   <trkpt lat="34.43755" lon="-111.19109">
    <ele>2294.84</ele>
   </trkpt>
   <trkpt lat="34.437560000000005" lon="-111.19133000000001">
    <ele>2297.46</ele>
   </trkpt>
   <trkpt lat="34.43755" lon="-111.19194">
    <ele>2297.78</ele>
   </trkpt>
   <trkpt lat="34.43753" lon="-111.19221">
    <ele>2297.78</ele>
   </trkpt>
   <trkpt lat="34.43759" lon="-111.19258">
    <ele>2298.2500000000005</ele>
   </trkpt>
   <trkpt lat="34.437870000000004" lon="-111.19329">
    <ele>2296.7400000000002</ele>
   </trkpt>
   <trkpt lat="34.437900000000006" lon="-111.19333">
    <ele>2296.6000000000004</ele>
   </trkpt>
   <trkpt lat="34.43797" lon="-111.19347">
    <ele>2295.86</ele>
   </trkpt>
   <trkpt lat="34.438100000000006" lon="-111.19364">
    <ele>2294.56</ele>
   </trkpt>
   <trkpt lat="34.438320000000004" lon="-111.19375000000001">
    <ele>2293.01</ele>
   </trkpt>
   <trkpt lat="34.43842" lon="-111.19392">
    <ele>2292.16</ele>
   </trkpt>
   <trkpt lat="34.438500000000005" lon="-111.19423">
    <ele>2292.53</ele>
   </trkpt>
   <trkpt lat="34.438500000000005" lon="-111.19460000000001">
    <ele>2293.8</ele>
   </trkpt>
   <trkpt lat="34.43854" lon="-111.19472">
    <ele>2295.03</ele>
   </trkpt>
   <trkpt lat="34.438610000000004" lon="-111.19482">
    <ele>2295.29</ele>
   </trkpt>
   <trkpt lat="34.43869" lon="-111.19508">
    <ele>2295.6800000000003</ele>
   </trkpt>
   <trkpt lat="34.43871" lon="-111.19526">
    <ele>2296.43</ele>
   </trkpt>
   <trkpt lat="34.43871" lon="-111.19536000000001">
    <ele>2296.43</ele>
   </trkpt>
   <trkpt lat="34.43864" lon="-111.19566">
    <ele>2297.8</ele>
   </trkpt>
   <trkpt lat="34.43858" lon="-111.19612000000001">
    <ele>2299.59</ele>
   </trkpt>
   <trkpt lat="34.43853" lon="-111.19638">
    <ele>2301.38</ele>
   </trkpt>
   <trkpt lat="34.43851" lon="-111.19682">
    <ele>2303.4100000000003</ele>
   </trkpt>
   <trkpt lat="34.438430000000004" lon="-111.19714">
    <ele>2304.46</ele>
   </trkpt>
   <trkpt lat="34.43824500137634" lon="-111.19770500101565">
    <ele>2306.96</ele>
   </trkpt>
   <trkpt lat="34.43806" lon="-111.19827000000001">
    <ele>2309.18</ele>
   </trkpt>
   <trkpt lat="34.43804" lon="-111.19853">
    <ele>2311.52</ele>
   </trkpt>
   <trkpt lat="34.43806" lon="-111.19862">
    <ele>2312.23</ele>
   </trkpt>
   <trkpt lat="34.43813" lon="-111.19879">
    <ele>2313.8900000000003</ele>
   </trkpt>
   <trkpt lat="34.43831" lon="-111.19902">
    <ele>2321.3</ele>
   </trkpt>
   <trkpt lat="34.43847" lon="-111.1992">
    <ele>2324.8100000000004</ele>
   </trkpt>
   <trkpt lat="34.438570000000006" lon="-111.19924">
    <ele>2325.92</ele>
   </trkpt>
   <trkpt lat="34.43887" lon="-111.19947">
    <ele>2328.64</ele>
   </trkpt>
   <trkpt lat="34.43896" lon="-111.1996">
    <ele>2329.9100000000003</ele>
   </trkpt>
   <trkpt lat="34.439080000000004" lon="-111.19982">
    <ele>2330.78</ele>
   </trkpt>
   <trkpt lat="34.43911" lon="-111.19983">
    <ele>2331.29</ele>
   </trkpt>
   <trkpt lat="34.43916" lon="-111.19991">
    <ele>2331.5</ele>
   </trkpt>
   <trkpt lat="34.43923" lon="-111.19992">
    <ele>2331.8100000000004</ele>
   </trkpt>
   <trkpt lat="34.43959" lon="-111.20067">
    <ele>2330.86</ele>
   </trkpt>
   <trkpt lat="34.439690000000006" lon="-111.20085">
    <ele>2328.09</ele>
   </trkpt>
   <trkpt lat="34.439800000000005" lon="-111.20096000000001">
    <ele>2327.15</ele>
   </trkpt>
   <trkpt lat="34.43988" lon="-111.20117">
    <ele>2326.1600000000003</ele>
   </trkpt>
   <trkpt lat="34.43995" lon="-111.20143">
    <ele>2325.73</ele>
   </trkpt>
   <trkpt lat="34.439980000000006" lon="-111.20167000000001">
    <ele>2325.01</ele>
   </trkpt>
   <trkpt lat="34.43986" lon="-111.20233">
    <ele>2326.3</ele>
   </trkpt>
   <trkpt lat="34.44032" lon="-111.20255">
    <ele>2331.0000000000005</ele>
   </trkpt>
   <trkpt lat="34.440580000000004" lon="-111.2026">
    <ele>2331.6000000000004</ele>
   </trkpt>
   <trkpt lat="34.44086" lon="-111.20247">
    <ele>2331.22</ele>
   </trkpt>
   <trkpt lat="34.441050000000004" lon="-111.20237000000002">
    <ele>2330.4900000000002</ele>
   </trkpt>
   <trkpt lat="34.4414" lon="-111.20230000000001">
    <ele>2328.6800000000003</ele>
   </trkpt>
   <trkpt lat="34.441720000000004" lon="-111.20202">
    <ele>2320.71</ele>
   </trkpt>
   <trkpt lat="34.441860000000005" lon="-111.20202">
    <ele>2315.5499999999997</ele>
   </trkpt>
   <trkpt lat="34.44198" lon="-111.20211">
    <ele>2313.0800000000004</ele>
   </trkpt>
   <trkpt lat="34.44216" lon="-111.20233">
    <ele>2305.92</ele>
   </trkpt>
   <trkpt lat="34.44234" lon="-111.20242">
    <ele>2302.87</ele>
   </trkpt>
   <trkpt lat="34.442400000000006" lon="-111.20239000000001">
    <ele>2299.7</ele>
   </trkpt>
   <trkpt lat="34.442420000000006" lon="-111.20233">
    <ele>2299.7</ele>
   </trkpt>
   <trkpt lat="34.442420000000006" lon="-111.20211">
    <ele>2295.0600000000004</ele>
   </trkpt>
   <trkpt lat="34.442640000000004" lon="-111.20188">
    <ele>2293.27</ele>
   </trkpt>
   <trkpt lat="34.44312" lon="-111.20118000000001">
    <ele>2302.76</ele>
   </trkpt>
   <trkpt lat="34.44351" lon="-111.2009">
    <ele>2316.04</ele>
   </trkpt>
   <trkpt lat="34.443690000000004" lon="-111.2009">
    <ele>2317.87</ele>
   </trkpt>
   <trkpt lat="34.443850000000005" lon="-111.20099">
    <ele>2320.77</ele>
   </trkpt>
   <trkpt lat="34.44424" lon="-111.20127000000001">
    <ele>2321.76</ele>
   </trkpt>
   <trkpt lat="34.444630000000004" lon="-111.2014">
    <ele>2320.0600000000004</ele>
   </trkpt>
   <trkpt lat="34.444880000000005" lon="-111.2013">
    <ele>2317.3700000000003</ele>
   </trkpt>
   <trkpt lat="34.444970000000005" lon="-111.20121">
    <ele>2314.7200000000003</ele>
   </trkpt>
   <trkpt lat="34.445040000000006" lon="-111.20105000000001">
    <ele>2312.3900000000003</ele>
   </trkpt>
   <trkpt lat="34.445310000000006" lon="-111.20094">
    <ele>2307.31</ele>
   </trkpt>
   <trkpt lat="34.445690000000006" lon="-111.20049">
    <ele>2308.67</ele>
   </trkpt>
   <trkpt lat="34.445930000000004" lon="-111.20031000000002">
    <ele>2311.7400000000002</ele>
   </trkpt>
   <trkpt lat="34.44614" lon="-111.20024000000001">
    <ele>2316.17</ele>
   </trkpt>
   <trkpt lat="34.446580000000004" lon="-111.19987">
    <ele>2321.06</ele>
   </trkpt>
   <trkpt lat="34.44719000007032" lon="-111.19975500083672">
    <ele>2309.09</ele>
   </trkpt>
   <trkpt lat="34.4478" lon="-111.19964">
    <ele>2303.78</ele>
   </trkpt>
   <trkpt lat="34.44793" lon="-111.19951">
    <ele>2303.34</ele>
   </trkpt>
   <trkpt lat="34.448" lon="-111.19928000000002">
    <ele>2304.34</ele>
   </trkpt>
   <trkpt lat="34.44805" lon="-111.19888">
    <ele>2307.26</ele>
   </trkpt>
   <trkpt lat="34.44812" lon="-111.19875">
    <ele>2309.05</ele>
   </trkpt>
   <trkpt lat="34.44849" lon="-111.19866">
    <ele>2312.46</ele>
   </trkpt>
   <trkpt lat="34.44917" lon="-111.19876000000001">
    <ele>2322.44</ele>
   </trkpt>
   <trkpt lat="34.449470000000005" lon="-111.19872000000001">
    <ele>2323.43</ele>
   </trkpt>
   <trkpt lat="34.449630000000006" lon="-111.19862">
    <ele>2323.7200000000003</ele>
   </trkpt>
   <trkpt lat="34.45006" lon="-111.19879">
    <ele>2323.3900000000003</ele>
   </trkpt>
   <trkpt lat="34.450480000000006" lon="-111.19879">
    <ele>2322.68</ele>
   </trkpt>
   <trkpt lat="34.45071" lon="-111.19867">
    <ele>2322.68</ele>
   </trkpt>
   <trkpt lat="34.451100000000004" lon="-111.19867">
    <ele>2322.1200000000003</ele>
   </trkpt>
   <trkpt lat="34.45147" lon="-111.19857">
    <ele>2320.0800000000004</ele>
   </trkpt>
   <trkpt lat="34.451620000000005" lon="-111.19857">
    <ele>2317.96</ele>
   </trkpt>
   <trkpt lat="34.45177" lon="-111.19866">
    <ele>2314.23</ele>
   </trkpt>
   <trkpt lat="34.45188" lon="-111.19879">
    <ele>2311.56</ele>
   </trkpt>
   <trkpt lat="34.45199" lon="-111.19899000000001">
    <ele>2307.15</ele>
   </trkpt>
   <trkpt lat="34.45203" lon="-111.19916">
    <ele>2305.1600000000003</ele>
   </trkpt>
   <trkpt lat="34.452470000000005" lon="-111.19947">
    <ele>2295.07</ele>
   </trkpt>
   <trkpt lat="34.45261" lon="-111.19955">
    <ele>2294.03</ele>
   </trkpt>
   <trkpt lat="34.45279" lon="-111.19951">
    <ele>2294.38</ele>
   </trkpt>
   <trkpt lat="34.45315" lon="-111.1996">
    <ele>2300.57</ele>
   </trkpt>
   <trkpt lat="34.453590000000005" lon="-111.19996">
    <ele>2306.95</ele>
   </trkpt>
   <trkpt lat="34.45396" lon="-111.20058">
    <ele>2307.29</ele>
   </trkpt>
   <trkpt lat="34.454170000000005" lon="-111.20076">
    <ele>2308.4700000000003</ele>
   </trkpt>
   <trkpt lat="34.454370000000004" lon="-111.20085">
    <ele>2309.0200000000004</ele>
   </trkpt>
   <trkpt lat="34.45481" lon="-111.20080000000002">
    <ele>2311.3</ele>
   </trkpt>
   <trkpt lat="34.45528" lon="-111.20081">
    <ele>2309.8500000000004</ele>
   </trkpt>
   <trkpt lat="34.455490000000005" lon="-111.20094">
    <ele>2308.26</ele>
   </trkpt>
   <trkpt lat="34.45581" lon="-111.20099">
    <ele>2308.16</ele>
   </trkpt>
   <trkpt lat="34.45595" lon="-111.20112">
    <ele>2308.04</ele>
   </trkpt>
   <trkpt lat="34.45642" lon="-111.20109000000001">
    <ele>2307.0000000000005</ele>
   </trkpt>
   <trkpt lat="34.45716" lon="-111.20116000000002">
    <ele>2306.29</ele>
   </trkpt>
   <trkpt lat="34.45729" lon="-111.20116000000002">
    <ele>2306.13</ele>
   </trkpt>
   <trkpt lat="34.45759" lon="-111.20073000000001">
    <ele>2303.02</ele>
   </trkpt>
   <trkpt lat="34.457840000000004" lon="-111.20028">
    <ele>2296.1</ele>
   </trkpt>
   <trkpt lat="34.45797" lon="-111.19997000000001">
    <ele>2293.5800000000004</ele>
   </trkpt>
   <trkpt lat="34.45817" lon="-111.19979000000001">
    <ele>2293.36</ele>
   </trkpt>
   <trkpt lat="34.45817" lon="-111.19973">
    <ele>2293.2300000000005</ele>
   </trkpt>
   <trkpt lat="34.45832" lon="-111.19943">
    <ele>2288.9000000000005</ele>
   </trkpt>
   <trkpt lat="34.45848" lon="-111.19928000000002">
    <ele>2286.62</ele>
   </trkpt>
   <trkpt lat="34.45864" lon="-111.1992">
    <ele>2285.79</ele>
   </trkpt>
   <trkpt lat="34.4589" lon="-111.19915">
    <ele>2285.57</ele>
   </trkpt>
   <trkpt lat="34.45946" lon="-111.19915">
    <ele>2282.23</ele>
   </trkpt>
   <trkpt lat="34.45965" lon="-111.1992">
    <ele>2281.67</ele>
   </trkpt>
   <trkpt lat="34.45991" lon="-111.19906">
    <ele>2281.09</ele>
   </trkpt>
   <trkpt lat="34.46012" lon="-111.19893">
    <ele>2279.9300000000003</ele>
   </trkpt>
   <trkpt lat="34.46045" lon="-111.19881000000001">
    <ele>2278.98</ele>
   </trkpt>
   <trkpt lat="34.46061" lon="-111.1987">
    <ele>2278.03</ele>
   </trkpt>
   <trkpt lat="34.46079" lon="-111.19863000000001">
    <ele>2277.36</ele>
   </trkpt>
   <trkpt lat="34.46123" lon="-111.19862">
    <ele>2275.59</ele>
   </trkpt>
   <trkpt lat="34.46157" lon="-111.1987">
    <ele>2275.2100000000005</ele>
   </trkpt>
   <trkpt lat="34.46188" lon="-111.19852">
    <ele>2273.66</ele>
   </trkpt>
   <trkpt lat="34.462050000000005" lon="-111.19849">
    <ele>2272.48</ele>
   </trkpt>
   <trkpt lat="34.462250000000004" lon="-111.19843000000002">
    <ele>2271.89</ele>
   </trkpt>
   <trkpt lat="34.462810000000005" lon="-111.1983">
    <ele>2270.07</ele>
   </trkpt>
   <trkpt lat="34.46342500001512" lon="-111.19823500047907">
    <ele>2268.8300000000004</ele>
   </trkpt>
   <trkpt lat="34.464040000000004" lon="-111.19817">
    <ele>2267.84</ele>
   </trkpt>
   <trkpt lat="34.46468" lon="-111.19804">
    <ele>2265.88</ele>
   </trkpt>
   <trkpt lat="34.464980000000004" lon="-111.19804">
    <ele>2264.85</ele>
   </trkpt>
   <trkpt lat="34.46533" lon="-111.19812">
    <ele>2264.15</ele>
   </trkpt>
   <trkpt lat="34.46553" lon="-111.19812">
    <ele>2263.8</ele>
   </trkpt>
   <trkpt lat="34.46591" lon="-111.19803">
    <ele>2262.7200000000003</ele>
   </trkpt>
   <trkpt lat="34.46649" lon="-111.19767">
    <ele>2261.32</ele>
   </trkpt>
   <trkpt lat="34.4671" lon="-111.19702000000001">
    <ele>2259.01</ele>
   </trkpt>
   <trkpt lat="34.467310000000005" lon="-111.19696">
    <ele>2258.53</ele>
   </trkpt>
   <trkpt lat="34.46757" lon="-111.19691">
    <ele>2257.9800000000005</ele>
   </trkpt>
   <trkpt lat="34.46826" lon="-111.19692">
    <ele>2257.15</ele>
   </trkpt>
   <trkpt lat="34.46884" lon="-111.19684000000001">
    <ele>2255.53</ele>
   </trkpt>
   <trkpt lat="34.46947000002438" lon="-111.19683500003755">
    <ele>2253.27</ele>
   </trkpt>
   <trkpt lat="34.4701" lon="-111.19683">
    <ele>2251.32</ele>
   </trkpt>
   <trkpt lat="34.47028" lon="-111.19697000000001">
    <ele>2250.81</ele>
   </trkpt>
   <trkpt lat="34.47054" lon="-111.19709">
    <ele>2250.14</ele>
   </trkpt>
   <trkpt lat="34.471120000000006" lon="-111.19758">
    <ele>2249.19</ele>
   </trkpt>
   <trkpt lat="34.47138" lon="-111.19758">
    <ele>2247.9900000000002</ele>
   </trkpt>
   <trkpt lat="34.47164" lon="-111.19767">
    <ele>2246.76</ele>
   </trkpt>
   <trkpt lat="34.47196" lon="-111.19773">
    <ele>2245.9500000000003</ele>
   </trkpt>
   <trkpt lat="34.472550000000005" lon="-111.19795">
    <ele>2244.94</ele>
   </trkpt>
   <trkpt lat="34.47334000010533" lon="-111.19788500060808">
    <ele>2242.54</ele>
   </trkpt>
   <trkpt lat="34.47413" lon="-111.19782000000001">
    <ele>2239.71</ele>
   </trkpt>
   <trkpt lat="34.47468" lon="-111.19786">
    <ele>2239.04</ele>
   </trkpt>
   <trkpt lat="34.47531499967669" lon="-111.19785500004059">
    <ele>2235.71</ele>
   </trkpt>
   <trkpt lat="34.475950000000005" lon="-111.19785">
    <ele>2234.7900000000004</ele>
   </trkpt>
   <trkpt lat="34.47619" lon="-111.19778000000001">
    <ele>2234.3900000000003</ele>
   </trkpt>
   <trkpt lat="34.47666" lon="-111.1975">
    <ele>2232.42</ele>
   </trkpt>
   <trkpt lat="34.47735" lon="-111.19714">
    <ele>2230.4700000000003</ele>
   </trkpt>
   <trkpt lat="34.477850000000004" lon="-111.19691">
    <ele>2228.88</ele>
   </trkpt>
   <trkpt lat="34.478440000000006" lon="-111.19682">
    <ele>2226.82</ele>
   </trkpt>
   <trkpt lat="34.47909" lon="-111.19683">
    <ele>2224.28</ele>
   </trkpt>
   <trkpt lat="34.479350000000004" lon="-111.19696">
    <ele>2223.3300000000004</ele>
   </trkpt>
   <trkpt lat="34.479530000000004" lon="-111.197">
    <ele>2222.89</ele>
   </trkpt>
   <trkpt lat="34.479850000000006" lon="-111.19718">
    <ele>2222.03</ele>
   </trkpt>
   <trkpt lat="34.48013" lon="-111.19745">
    <ele>2220.7799999999997</ele>
   </trkpt>
   <trkpt lat="34.48051" lon="-111.19763">
    <ele>2220.58</ele>
   </trkpt>
   <trkpt lat="34.48068" lon="-111.19767">
    <ele>2220.26</ele>
   </trkpt>
   <trkpt lat="34.48106" lon="-111.19772">
    <ele>2219.1800000000003</ele>
   </trkpt>
   <trkpt lat="34.481440000000006" lon="-111.19773">
    <ele>2218.07</ele>
   </trkpt>
   <trkpt lat="34.482130000000005" lon="-111.19767">
    <ele>2218.3100000000004</ele>
   </trkpt>
   <trkpt lat="34.482420000000005" lon="-111.19749000000002">
    <ele>2216.12</ele>
   </trkpt>
   <trkpt lat="34.48257" lon="-111.19741">
    <ele>2214.86</ele>
   </trkpt>
   <trkpt lat="34.48299" lon="-111.19737">
    <ele>2213.78</ele>
   </trkpt>
   <trkpt lat="34.483360000000005" lon="-111.19711000000001">
    <ele>2211.6200000000003</ele>
   </trkpt>
   <trkpt lat="34.483520000000006" lon="-111.19706000000001">
    <ele>2211.0600000000004</ele>
   </trkpt>
   <trkpt lat="34.483650000000004" lon="-111.19705">
    <ele>2211.0600000000004</ele>
   </trkpt>
   <trkpt lat="34.48391" lon="-111.19693000000001">
    <ele>2209.5</ele>
   </trkpt>
   <trkpt lat="34.48454" lon="-111.19682">
    <ele>2208.63</ele>
   </trkpt>
   <trkpt lat="34.485110000000006" lon="-111.19656">
    <ele>2206.82</ele>
   </trkpt>
   <trkpt lat="34.48536" lon="-111.19633">
    <ele>2205.8500000000004</ele>
   </trkpt>
   <trkpt lat="34.48547" lon="-111.19615">
    <ele>2205.6</ele>
   </trkpt>
   <trkpt lat="34.48565" lon="-111.19599000000001">
    <ele>2204.72</ele>
   </trkpt>
   <trkpt lat="34.4864" lon="-111.19558">
    <ele>2204.58</ele>
   </trkpt>
   <trkpt lat="34.486810000000006" lon="-111.19526">
    <ele>2203.4900000000002</ele>
   </trkpt>
   <trkpt lat="34.486920000000005" lon="-111.19521">
    <ele>2203.2100000000005</ele>
   </trkpt>
   <trkpt lat="34.48705" lon="-111.19509000000001">
    <ele>2202.17</ele>
   </trkpt>
   <trkpt lat="34.48742" lon="-111.19485">
    <ele>2199.4100000000003</ele>
   </trkpt>
   <trkpt lat="34.48781" lon="-111.19463">
    <ele>2198.0000000000005</ele>
   </trkpt>
   <trkpt lat="34.48801" lon="-111.19455">
    <ele>2197.83</ele>
   </trkpt>
   <trkpt lat="34.48834" lon="-111.19436">
    <ele>2196.78</ele>
   </trkpt>
   <trkpt lat="34.48845" lon="-111.19415000000001">
    <ele>2195.63</ele>
   </trkpt>
   <trkpt lat="34.48879" lon="-111.194">
    <ele>2194.76</ele>
   </trkpt>
   <trkpt lat="34.4891" lon="-111.19378">
    <ele>2194.22</ele>
   </trkpt>
   <trkpt lat="34.48924" lon="-111.19373">
    <ele>2194.0099999999998</ele>
   </trkpt>
   <trkpt lat="34.48944" lon="-111.19365">
    <ele>2194.17</ele>
   </trkpt>
   <trkpt lat="34.48988" lon="-111.19338">
    <ele>2193.3700000000003</ele>
   </trkpt>
   <trkpt lat="34.49047" lon="-111.19342">
    <ele>2193.96</ele>
   </trkpt>
   <trkpt lat="34.490680000000005" lon="-111.19356">
    <ele>2192.6</ele>
   </trkpt>
   <trkpt lat="34.49096" lon="-111.19364">
    <ele>2189.36</ele>
   </trkpt>
   <trkpt lat="34.491130000000005" lon="-111.19397000000001">
    <ele>2188.99</ele>
   </trkpt>
   <trkpt lat="34.49134" lon="-111.19423">
    <ele>2189.82</ele>
   </trkpt>
   <trkpt lat="34.491460000000004" lon="-111.19432">
    <ele>2189.56</ele>
   </trkpt>
   <trkpt lat="34.49194" lon="-111.19481">
    <ele>2188.28</ele>
   </trkpt>
   <trkpt lat="34.49212" lon="-111.19486">
    <ele>2187.71</ele>
   </trkpt>
   <trkpt lat="34.49233" lon="-111.19499">
    <ele>2186.44</ele>
   </trkpt>
   <trkpt lat="34.4932" lon="-111.19499">
    <ele>2183.6200000000003</ele>
   </trkpt>
   <trkpt lat="34.493460000000006" lon="-111.19494">
    <ele>2183.09</ele>
   </trkpt>
   <trkpt lat="34.49369" lon="-111.19481">
    <ele>2182.3900000000003</ele>
   </trkpt>
   <trkpt lat="34.494110000000006" lon="-111.19472">
    <ele>2181.05</ele>
   </trkpt>
   <trkpt lat="34.49454" lon="-111.19449000000002">
    <ele>2179.64</ele>
   </trkpt>
   <trkpt lat="34.49485" lon="-111.19427">
    <ele>2178.49</ele>
   </trkpt>
   <trkpt lat="34.4951" lon="-111.19423">
    <ele>2177.76</ele>
   </trkpt>
   <trkpt lat="34.49582" lon="-111.19432">
    <ele>2175.76</ele>
   </trkpt>
   <trkpt lat="34.49630500021734" lon="-111.19461499820059">
    <ele>2174.1</ele>
   </trkpt>
   <trkpt lat="34.496790000000004" lon="-111.19491000000001">
    <ele>2172.28</ele>
   </trkpt>
   <trkpt lat="34.497130000000006" lon="-111.19494">
    <ele>2172.33</ele>
   </trkpt>
   <trkpt lat="34.497510000000005" lon="-111.19492000000001">
    <ele>2171.36</ele>
   </trkpt>
   <trkpt lat="34.49772" lon="-111.19499">
    <ele>2170.75</ele>
   </trkpt>
   <trkpt lat="34.49804" lon="-111.19535">
    <ele>2168.9700000000003</ele>
   </trkpt>
   <trkpt lat="34.49828" lon="-111.19579">
    <ele>2167.78</ele>
   </trkpt>
   <trkpt lat="34.49844" lon="-111.19598">
    <ele>2167.13</ele>
   </trkpt>
   <trkpt lat="34.49857" lon="-111.19606">
    <ele>2166.05</ele>
   </trkpt>
   <trkpt lat="34.49869" lon="-111.19606">
    <ele>2165.54</ele>
   </trkpt>
   <trkpt lat="34.49927000051407" lon="-111.1956850026469">
    <ele>2163.84</ele>
   </trkpt>
   <trkpt lat="34.49985" lon="-111.19531">
    <ele>2162.79</ele>
   </trkpt>
   <trkpt lat="34.500080000000004" lon="-111.19525000000002">
    <ele>2162.37</ele>
   </trkpt>
   <trkpt lat="34.500330000000005" lon="-111.19521">
    <ele>2160.25</ele>
   </trkpt>
   <trkpt lat="34.500600000000006" lon="-111.1953">
    <ele>2158.3</ele>
   </trkpt>
   <trkpt lat="34.500890000000005" lon="-111.19548">
    <ele>2156.8900000000003</ele>
   </trkpt>
   <trkpt lat="34.501070000000006" lon="-111.19575">
    <ele>2156.53</ele>
   </trkpt>
   <trkpt lat="34.501200000000004" lon="-111.19585000000001">
    <ele>2154.56</ele>
   </trkpt>
   <trkpt lat="34.501430000000006" lon="-111.19615">
    <ele>2153.2</ele>
   </trkpt>
   <trkpt lat="34.50164" lon="-111.1962">
    <ele>2152.5800000000004</ele>
   </trkpt>
   <trkpt lat="34.50199" lon="-111.19612000000001">
    <ele>2151.79</ele>
   </trkpt>
   <trkpt lat="34.502340000000004" lon="-111.19594000000001">
    <ele>2150.98</ele>
   </trkpt>
   <trkpt lat="34.50269" lon="-111.19571">
    <ele>2149.1900000000005</ele>
   </trkpt>
   <trkpt lat="34.503040000000006" lon="-111.19514000000001">
    <ele>2147.5600000000004</ele>
   </trkpt>
   <trkpt lat="34.50316" lon="-111.19476">
    <ele>2146.02</ele>
   </trkpt>
   <trkpt lat="34.5033" lon="-111.1945">
    <ele>2146.92</ele>
   </trkpt>
   <trkpt lat="34.50338" lon="-111.19442000000001">
    <ele>2147.59</ele>
   </trkpt>
   <trkpt lat="34.503710000000005" lon="-111.19441">
    <ele>2146.92</ele>
   </trkpt>
   <trkpt lat="34.504340000000006" lon="-111.19445">
    <ele>2146.69</ele>
   </trkpt>
   <trkpt lat="34.504810000000006" lon="-111.19465000000001">
    <ele>2144.19</ele>
   </trkpt>
   <trkpt lat="34.50497" lon="-111.19476">
    <ele>2142.34</ele>
   </trkpt>
   <trkpt lat="34.505430000000004" lon="-111.19476">
    <ele>2140.34</ele>
   </trkpt>
   <trkpt lat="34.505630000000004" lon="-111.19467">
    <ele>2139.63</ele>
   </trkpt>
   <trkpt lat="34.50592" lon="-111.19465000000001">
    <ele>2138.07</ele>
   </trkpt>
   <trkpt lat="34.50601" lon="-111.19491000000001">
    <ele>2136.09</ele>
   </trkpt>
   <trkpt lat="34.50625" lon="-111.19491000000001">
    <ele>2135.2999999999997</ele>
   </trkpt>
   <trkpt lat="34.506510000000006" lon="-111.19500000000001">
    <ele>2135.94</ele>
   </trkpt>
   <trkpt lat="34.50681" lon="-111.19481">
    <ele>2134.77</ele>
   </trkpt>
   <trkpt lat="34.50743" lon="-111.1949">
    <ele>2134.05</ele>
   </trkpt>
   <trkpt lat="34.508100000000006" lon="-111.1949">
    <ele>2134.57</ele>
   </trkpt>
   <trkpt lat="34.50859500023379" lon="-111.19517499832534">
    <ele>2140.76</ele>
   </trkpt>
   <trkpt lat="34.50909" lon="-111.19545000000001">
    <ele>2149.35</ele>
   </trkpt>
   <trkpt lat="34.50916" lon="-111.19584">
    <ele>2152.87</ele>
   </trkpt>
   <trkpt lat="34.50907" lon="-111.1962">
    <ele>2153.74</ele>
   </trkpt>
   <trkpt lat="34.50918" lon="-111.19639000000001">
    <ele>2153.26</ele>
   </trkpt>
   <trkpt lat="34.509310000000006" lon="-111.19643">
    <ele>2145.9100000000003</ele>
   </trkpt>
   <trkpt lat="34.50952" lon="-111.19650000000001">
    <ele>2150.9900000000002</ele>
   </trkpt>
   <trkpt lat="34.50976" lon="-111.19664">
    <ele>2147.98</ele>
   </trkpt>
   <trkpt lat="34.509930000000004" lon="-111.19691">
    <ele>2143.64</ele>
   </trkpt>
   <trkpt lat="34.51005" lon="-111.19731000000002">
    <ele>2138.94</ele>
   </trkpt>
   <trkpt lat="34.51012" lon="-111.19785">
    <ele>2132.17</ele>
   </trkpt>
   <trkpt lat="34.510160000000006" lon="-111.19799">
    <ele>2132.17</ele>
   </trkpt>
   <trkpt lat="34.510545001434735" lon="-111.19859499711613">
    <ele>2127.9</ele>
   </trkpt>
   <trkpt lat="34.51093" lon="-111.1992">
    <ele>2124.61</ele>
   </trkpt>
   <trkpt lat="34.51106" lon="-111.19973">
    <ele>2121.57</ele>
   </trkpt>
   <trkpt lat="34.511300000000006" lon="-111.20014">
    <ele>2114.04</ele>
   </trkpt>
   <trkpt lat="34.51135" lon="-111.20036">
    <ele>2111.71</ele>
   </trkpt>
   <trkpt lat="34.51128" lon="-111.20041">
    <ele>2110.92</ele>
   </trkpt>
   <trkpt lat="34.510650000000005" lon="-111.20069000000001">
    <ele>2105.1200000000003</ele>
   </trkpt>
   <trkpt lat="34.5099" lon="-111.20077">
    <ele>2099.7700000000004</ele>
   </trkpt>
   <trkpt lat="34.50976" lon="-111.20085">
    <ele>2095.39</ele>
   </trkpt>
   <trkpt lat="34.509660000000004" lon="-111.20094">
    <ele>2093.53</ele>
   </trkpt>
   <trkpt lat="34.509640000000005" lon="-111.20108">
    <ele>2092.9</ele>
   </trkpt>
   <trkpt lat="34.509660000000004" lon="-111.20117">
    <ele>2094.22</ele>
   </trkpt>
   <trkpt lat="34.50974" lon="-111.20126">
    <ele>2098.22</ele>
   </trkpt>
   <trkpt lat="34.510020000000004" lon="-111.20135">
    <ele>2102.79</ele>
   </trkpt>
   <trkpt lat="34.51073499997592" lon="-111.20139499961188">
    <ele>2108.0</ele>
   </trkpt>
   <trkpt lat="34.51145" lon="-111.20144">
    <ele>2116.7000000000003</ele>
   </trkpt>
   <trkpt lat="34.51176" lon="-111.20136000000001">
    <ele>2115.0299999999997</ele>
   </trkpt>
   <trkpt lat="34.51174" lon="-111.20137000000001">
    <ele>2118.5</ele>
   </trkpt>
   <trkpt lat="34.51133" lon="-111.20166">
    <ele>2118.78</ele>
   </trkpt>
   <trkpt lat="34.510875000170145" lon="-111.20177500059852">
    <ele>2118.9500000000003</ele>
   </trkpt>
   <trkpt lat="34.51042" lon="-111.20189">
    <ele>2120.21</ele>
   </trkpt>
   <trkpt lat="34.51010500077065" lon="-111.20235500192044">
    <ele>2135.58</ele>
   </trkpt>
   <trkpt lat="34.50979" lon="-111.20282">
    <ele>2146.65</ele>
   </trkpt>
   <trkpt lat="34.509170000000005" lon="-111.20283">
    <ele>2150.56</ele>
   </trkpt>
   <trkpt lat="34.5088" lon="-111.20269">
    <ele>2151.23</ele>
   </trkpt>
   <trkpt lat="34.50873" lon="-111.20238">
    <ele>2151.19</ele>
   </trkpt>
   <trkpt lat="34.508680000000005" lon="-111.20202">
    <ele>2147.0200000000004</ele>
   </trkpt>
   <trkpt lat="34.50858" lon="-111.20184">
    <ele>2145.5</ele>
   </trkpt>
   <trkpt lat="34.50829" lon="-111.20175">
    <ele>2144.0200000000004</ele>
   </trkpt>
   <trkpt lat="34.507870000000004" lon="-111.20184">
    <ele>2143.9900000000002</ele>
   </trkpt>
   <trkpt lat="34.50753" lon="-111.20202">
    <ele>2142.25</ele>
   </trkpt>
   <trkpt lat="34.5073" lon="-111.20234">
    <ele>2140.06</ele>
   </trkpt>
   <trkpt lat="34.50719" lon="-111.20273">
    <ele>2141.02</ele>
   </trkpt>
   <trkpt lat="34.507110000000004" lon="-111.2034">
    <ele>2148.53</ele>
   </trkpt>
   <trkpt lat="34.50697" lon="-111.20408">
    <ele>2155.05</ele>
   </trkpt>
   <trkpt lat="34.50663500083844" lon="-111.2045050015781">
    <ele>2157.98</ele>
   </trkpt>
   <trkpt lat="34.5063" lon="-111.20493">
    <ele>2160.26</ele>
   </trkpt>
   <trkpt lat="34.50623" lon="-111.20597000000001">
    <ele>2161.2599999999998</ele>
   </trkpt>
   <trkpt lat="34.50571" lon="-111.20636">
    <ele>2160.67</ele>
   </trkpt>
   <trkpt lat="34.50565" lon="-111.20672">
    <ele>2160.9100000000003</ele>
   </trkpt>
   <trkpt lat="34.50526" lon="-111.20743">
    <ele>2160.9100000000003</ele>
   </trkpt>
   <trkpt lat="34.504740000000005" lon="-111.20815">
    <ele>2163.12</ele>
   </trkpt>
   <trkpt lat="34.50433" lon="-111.20852000000001">
    <ele>2163.84</ele>
   </trkpt>
   <trkpt lat="34.503930000000004" lon="-111.20905">
    <ele>2164.04</ele>
   </trkpt>
   <trkpt lat="34.5037" lon="-111.20923">
    <ele>2163.79</ele>
   </trkpt>
   <trkpt lat="34.50366" lon="-111.20954">
    <ele>2161.34</ele>
   </trkpt>
   <trkpt lat="34.50368" lon="-111.20986">
    <ele>2156.3</ele>
   </trkpt>
   <trkpt lat="34.50359" lon="-111.21008">
    <ele>2151.59</ele>
   </trkpt>
   <trkpt lat="34.50367" lon="-111.2103">
    <ele>2149.08</ele>
   </trkpt>
   <trkpt lat="34.50356" lon="-111.21034">
    <ele>2146.15</ele>
   </trkpt>
   <trkpt lat="34.50341" lon="-111.21025">
    <ele>2142.97</ele>
   </trkpt>
   <trkpt lat="34.50334" lon="-111.21035">
    <ele>2142.23</ele>
   </trkpt>
   <trkpt lat="34.50359" lon="-111.21057">
    <ele>2138.46</ele>
   </trkpt>
   <trkpt lat="34.50379" lon="-111.21061">
    <ele>2136.42</ele>
   </trkpt>
   <trkpt lat="34.50405" lon="-111.21093">
    <ele>2134.42</ele>
   </trkpt>
   <trkpt lat="34.50437" lon="-111.21151">
    <ele>2130.91</ele>
   </trkpt>
   <trkpt lat="34.5045" lon="-111.21169">
    <ele>2130.1200000000003</ele>
   </trkpt>
   <trkpt lat="34.50466" lon="-111.21205">
    <ele>2129.28</ele>
   </trkpt>
   <trkpt lat="34.50451" lon="-111.21245">
    <ele>2126.55</ele>
   </trkpt>
   <trkpt lat="34.50417" lon="-111.21285">
    <ele>2127.53</ele>
   </trkpt>
   <trkpt lat="34.503370000000004" lon="-111.21325">
    <ele>2130.0099999999998</ele>
   </trkpt>
   <trkpt lat="34.50294" lon="-111.21354000000001">
    <ele>2131.04</ele>
   </trkpt>
   <trkpt lat="34.502660000000006" lon="-111.21393">
    <ele>2128.46</ele>
   </trkpt>
   <trkpt lat="34.502370000000006" lon="-111.21388">
    <ele>2130.4700000000003</ele>
   </trkpt>
   <trkpt lat="34.502010000000006" lon="-111.21407">
    <ele>2131.55</ele>
   </trkpt>
   <trkpt lat="34.50152500174606" lon="-111.21471500368435">
    <ele>2134.71</ele>
   </trkpt>
   <trkpt lat="34.50104" lon="-111.21536">
    <ele>2136.3</ele>
   </trkpt>
   <trkpt lat="34.500550000000004" lon="-111.21551000000001">
    <ele>2139.37</ele>
   </trkpt>
   <trkpt lat="34.500020000000006" lon="-111.21559">
    <ele>2140.8300000000004</ele>
   </trkpt>
   <trkpt lat="34.49959000128679" lon="-111.21616500304606">
    <ele>2142.91</ele>
   </trkpt>
   <trkpt lat="34.49916" lon="-111.21674000000002">
    <ele>2145.27</ele>
   </trkpt>
   <trkpt lat="34.498740000000005" lon="-111.2168">
    <ele>2146.46</ele>
   </trkpt>
   <trkpt lat="34.49832000024089" lon="-111.21704000120548">
    <ele>2150.15</ele>
   </trkpt>
   <trkpt lat="34.4979" lon="-111.21728">
    <ele>2151.5</ele>
   </trkpt>
   <trkpt lat="34.49723333532961" lon="-111.21777667461929">
    <ele>2152.8</ele>
   </trkpt>
   <trkpt lat="34.49656666864957" lon="-111.21827334129581">
    <ele>2156.0200000000004</ele>
   </trkpt>
   <trkpt lat="34.495900000000006" lon="-111.21877">
    <ele>2158.7400000000002</ele>
   </trkpt>
   <trkpt lat="34.495400000000004" lon="-111.21907">
    <ele>2161.34</ele>
   </trkpt>
   <trkpt lat="34.49481" lon="-111.21921">
    <ele>2164.2900000000004</ele>
   </trkpt>
   <trkpt lat="34.494240000000005" lon="-111.21943">
    <ele>2169.61</ele>
   </trkpt>
   <trkpt lat="34.493860000529615" lon="-111.21985500216732">
    <ele>2170.96</ele>
   </trkpt>
   <trkpt lat="34.493480000000005" lon="-111.22028">
    <ele>2172.8500000000004</ele>
   </trkpt>
   <trkpt lat="34.49306000043649" lon="-111.22064000189155">
    <ele>2175.16</ele>
   </trkpt>
   <trkpt lat="34.49264" lon="-111.221">
    <ele>2177.84</ele>
   </trkpt>
   <trkpt lat="34.4922550005865" lon="-111.22136000160725">
    <ele>2179.6900000000005</ele>
   </trkpt>
   <trkpt lat="34.491870000000006" lon="-111.22172">
    <ele>2172.28</ele>
   </trkpt>
   <trkpt lat="34.49113000062874" lon="-111.22213000366918">
    <ele>2157.33</ele>
   </trkpt>
   <trkpt lat="34.490390000000005" lon="-111.22254000000001">
    <ele>2144.76</ele>
   </trkpt>
   <trkpt lat="34.4902" lon="-111.22292">
    <ele>2141.1200000000003</ele>
   </trkpt>
   <trkpt lat="34.490100000000005" lon="-111.22319">
    <ele>2140.27</ele>
   </trkpt>
   <trkpt lat="34.4895" lon="-111.22395">
    <ele>2136.2900000000004</ele>
   </trkpt>
   <trkpt lat="34.48933" lon="-111.22427">
    <ele>2133.81</ele>
   </trkpt>
   <trkpt lat="34.489380000000004" lon="-111.22471000000002">
    <ele>2131.52</ele>
   </trkpt>
   <trkpt lat="34.489380000000004" lon="-111.22489">
    <ele>2131.21</ele>
   </trkpt>
   <trkpt lat="34.48919" lon="-111.22566">
    <ele>2130.17</ele>
   </trkpt>
   <trkpt lat="34.489360000000005" lon="-111.22621000000001">
    <ele>2129.7200000000003</ele>
   </trkpt>
   <trkpt lat="34.4894" lon="-111.22674">
    <ele>2132.09</ele>
   </trkpt>
   <trkpt lat="34.48933" lon="-111.22731">
    <ele>2136.39</ele>
   </trkpt>
   <trkpt lat="34.489110000000004" lon="-111.22763">
    <ele>2130.55</ele>
   </trkpt>
   <trkpt lat="34.488670000000006" lon="-111.22798">
    <ele>2129.35</ele>
   </trkpt>
   <trkpt lat="34.4885" lon="-111.22803">
    <ele>2130.1</ele>
   </trkpt>
   <trkpt lat="34.48812" lon="-111.22798">
    <ele>2129.81</ele>
   </trkpt>
   <trkpt lat="34.48789" lon="-111.22807">
    <ele>2129.07</ele>
   </trkpt>
   <trkpt lat="34.48756" lon="-111.22839">
    <ele>2129.26</ele>
   </trkpt>
   <trkpt lat="34.48749" lon="-111.22871">
    <ele>2129.8</ele>
   </trkpt>
   <trkpt lat="34.48716" lon="-111.22875">
    <ele>2130.11</ele>
   </trkpt>
   <trkpt lat="34.48702" lon="-111.22879">
    <ele>2130.11</ele>
   </trkpt>
   <trkpt lat="34.48675" lon="-111.22903000000001">
    <ele>2129.76</ele>
   </trkpt>
   <trkpt lat="34.486450000000005" lon="-111.22942">
    <ele>2131.17</ele>
   </trkpt>
   <trkpt lat="34.48631" lon="-111.22964">
    <ele>2133.4900000000002</ele>
   </trkpt>
   <trkpt lat="34.486090000000004" lon="-111.22983">
    <ele>2134.05</ele>
   </trkpt>
   <trkpt lat="34.48593" lon="-111.22991">
    <ele>2133.3</ele>
   </trkpt>
   <trkpt lat="34.485670000000006" lon="-111.2304">
    <ele>2133.7000000000003</ele>
   </trkpt>
   <trkpt lat="34.48532" lon="-111.2304">
    <ele>2134.44</ele>
   </trkpt>
   <trkpt lat="34.48492" lon="-111.23014">
    <ele>2132.4100000000003</ele>
   </trkpt>
   <trkpt lat="34.48469" lon="-111.23013">
    <ele>2132.33</ele>
   </trkpt>
   <trkpt lat="34.48434" lon="-111.23022">
    <ele>2131.82</ele>
   </trkpt>
   <trkpt lat="34.48413" lon="-111.23045">
    <ele>2132.32</ele>
   </trkpt>
   <trkpt lat="34.483880000000006" lon="-111.23085">
    <ele>2135.72</ele>
   </trkpt>
   <trkpt lat="34.48384" lon="-111.23104000000001">
    <ele>2135.72</ele>
   </trkpt>
   <trkpt lat="34.483920000000005" lon="-111.23139">
    <ele>2136.67</ele>
   </trkpt>
   <trkpt lat="34.483830000000005" lon="-111.23152">
    <ele>2136.1700000000005</ele>
   </trkpt>
   <trkpt lat="34.48362" lon="-111.23157">
    <ele>2135.82</ele>
   </trkpt>
   <trkpt lat="34.4835" lon="-111.23166">
    <ele>2136.05</ele>
   </trkpt>
   <trkpt lat="34.48322" lon="-111.23174">
    <ele>2137.1000000000004</ele>
   </trkpt>
   <trkpt lat="34.48286" lon="-111.23224">
    <ele>2133.41</ele>
   </trkpt>
   <trkpt lat="34.48272" lon="-111.23237">
    <ele>2132.9500000000003</ele>
   </trkpt>
   <trkpt lat="34.4827" lon="-111.23246">
    <ele>2133.28</ele>
   </trkpt>
   <trkpt lat="34.482670000000006" lon="-111.23246">
    <ele>2134.16</ele>
   </trkpt>
   <trkpt lat="34.482620000000004" lon="-111.23259000000002">
    <ele>2134.8100000000004</ele>
   </trkpt>
   <trkpt lat="34.48257" lon="-111.23277">
    <ele>2135.18</ele>
   </trkpt>
   <trkpt lat="34.48259" lon="-111.23291">
    <ele>2135.25</ele>
   </trkpt>
   <trkpt lat="34.482780000000005" lon="-111.23337000000001">
    <ele>2133.2</ele>
   </trkpt>
   <trkpt lat="34.482800000000005" lon="-111.23349">
    <ele>2133.3300000000004</ele>
   </trkpt>
   <trkpt lat="34.482710000000004" lon="-111.23371">
    <ele>2135.25</ele>
   </trkpt>
   <trkpt lat="34.482620000000004" lon="-111.23425">
    <ele>2136.8300000000004</ele>
   </trkpt>
   <trkpt lat="34.48264" lon="-111.23434">
    <ele>2137.2400000000002</ele>
   </trkpt>
   <trkpt lat="34.482620000000004" lon="-111.2347">
    <ele>2137.9</ele>
   </trkpt>
   <trkpt lat="34.48259" lon="-111.23479">
    <ele>2137.96</ele>
   </trkpt>
   <trkpt lat="34.48243" lon="-111.23501">
    <ele>2138.0000000000005</ele>
   </trkpt>
   <trkpt lat="34.482400000000005" lon="-111.2351">
    <ele>2138.1</ele>
   </trkpt>
   <trkpt lat="34.48241" lon="-111.23515">
    <ele>2138.26</ele>
   </trkpt>
   <trkpt lat="34.48236" lon="-111.23546">
    <ele>2138.5400000000004</ele>
   </trkpt>
   <trkpt lat="34.48237" lon="-111.23555">
    <ele>2138.89</ele>
   </trkpt>
   <trkpt lat="34.482350000000004" lon="-111.23564">
    <ele>2139.21</ele>
   </trkpt>
   <trkpt lat="34.48217" lon="-111.23604">
    <ele>2140.51</ele>
   </trkpt>
   <trkpt lat="34.48219" lon="-111.23622">
    <ele>2140.81</ele>
   </trkpt>
   <trkpt lat="34.482240000000004" lon="-111.23631">
    <ele>2140.7000000000003</ele>
   </trkpt>
   <trkpt lat="34.48223" lon="-111.23636">
    <ele>2140.7000000000003</ele>
   </trkpt>
   <trkpt lat="34.48219" lon="-111.2364">
    <ele>2140.4400000000005</ele>
   </trkpt>
   <trkpt lat="34.482060000000004" lon="-111.23627">
    <ele>2139.85</ele>
   </trkpt>
   <trkpt lat="34.481950000000005" lon="-111.23641">
    <ele>2139.71</ele>
   </trkpt>
   <trkpt lat="34.4819" lon="-111.23662">
    <ele>2139.34</ele>
   </trkpt>
   <trkpt lat="34.481790000000004" lon="-111.23681">
    <ele>2138.9300000000003</ele>
   </trkpt>
   <trkpt lat="34.481640000000006" lon="-111.23698">
    <ele>2138.79</ele>
   </trkpt>
   <trkpt lat="34.481460000000006" lon="-111.23729000000002">
    <ele>2139.13</ele>
   </trkpt>
   <trkpt lat="34.48138" lon="-111.23739">
    <ele>2139.28</ele>
   </trkpt>
   <trkpt lat="34.481" lon="-111.23771">
    <ele>2140.9100000000003</ele>
   </trkpt>
   <trkpt lat="34.48095" lon="-111.23774">
    <ele>2140.9100000000003</ele>
   </trkpt>
   <trkpt lat="34.480880000000006" lon="-111.2377">
    <ele>2141.86</ele>
   </trkpt>
   <trkpt lat="34.480830000000005" lon="-111.23775">
    <ele>2142.04</ele>
   </trkpt>
   <trkpt lat="34.480810000000005" lon="-111.23783">
    <ele>2142.1200000000003</ele>
   </trkpt>
   <trkpt lat="34.48012" lon="-111.23829">
    <ele>2141.09</ele>
   </trkpt>
   <trkpt lat="34.47975" lon="-111.23873">
    <ele>2141.8500000000004</ele>
   </trkpt>
   <trkpt lat="34.479220000000005" lon="-111.23918">
    <ele>2142.89</ele>
   </trkpt>
   <trkpt lat="34.47903" lon="-111.23936">
    <ele>2143.5600000000004</ele>
   </trkpt>
   <trkpt lat="34.4789" lon="-111.23953">
    <ele>2143.15</ele>
   </trkpt>
   <trkpt lat="34.47869" lon="-111.23968">
    <ele>2143.8</ele>
   </trkpt>
   <trkpt lat="34.478500000000004" lon="-111.23989">
    <ele>2144.96</ele>
   </trkpt>
   <trkpt lat="34.4784" lon="-111.24038000000002">
    <ele>2145.95</ele>
   </trkpt>
   <trkpt lat="34.4784" lon="-111.24065">
    <ele>2147.32</ele>
   </trkpt>
   <trkpt lat="34.47843" lon="-111.24114000000002">
    <ele>2147.7000000000003</ele>
   </trkpt>
   <trkpt lat="34.47793" lon="-111.24204">
    <ele>2149.3100000000004</ele>
   </trkpt>
   <trkpt lat="34.47789" lon="-111.24218">
    <ele>2149.82</ele>
   </trkpt>
   <trkpt lat="34.47728" lon="-111.24285">
    <ele>2148.67</ele>
   </trkpt>
   <trkpt lat="34.477230000000006" lon="-111.24286000000001">
    <ele>2148.67</ele>
   </trkpt>
   <trkpt lat="34.47715" lon="-111.24300000000001">
    <ele>2148.8</ele>
   </trkpt>
   <trkpt lat="34.47693" lon="-111.24311000000002">
    <ele>2148.86</ele>
   </trkpt>
   <trkpt lat="34.476560000000006" lon="-111.24321">
    <ele>2149.4</ele>
   </trkpt>
   <trkpt lat="34.476240000000004" lon="-111.24383">
    <ele>2151.04</ele>
   </trkpt>
   <trkpt lat="34.476060000000004" lon="-111.24403000000001">
    <ele>2150.67</ele>
   </trkpt>
   <trkpt lat="34.47574" lon="-111.24424">
    <ele>2151.4</ele>
   </trkpt>
   <trkpt lat="34.4757" lon="-111.24428">
    <ele>2151.78</ele>
   </trkpt>
   <trkpt lat="34.4757" lon="-111.24432000000002">
    <ele>2151.78</ele>
   </trkpt>
   <trkpt lat="34.47565" lon="-111.24437">
    <ele>2152.0400000000004</ele>
   </trkpt>
   <trkpt lat="34.47543" lon="-111.24452000000001">
    <ele>2151.76</ele>
   </trkpt>
   <trkpt lat="34.4752" lon="-111.24455">
    <ele>2151.61</ele>
   </trkpt>
   <trkpt lat="34.474790000000006" lon="-111.24468">
    <ele>2152.15</ele>
   </trkpt>
   <trkpt lat="34.47446" lon="-111.24486">
    <ele>2152.3100000000004</ele>
   </trkpt>
   <trkpt lat="34.473800000000004" lon="-111.24504">
    <ele>2152.76</ele>
   </trkpt>
   <trkpt lat="34.473470000000006" lon="-111.24531">
    <ele>2153.47</ele>
   </trkpt>
   <trkpt lat="34.473310000000005" lon="-111.24598">
    <ele>2151.4900000000002</ele>
   </trkpt>
   <trkpt lat="34.473220000000005" lon="-111.24607">
    <ele>2152.1000000000004</ele>
   </trkpt>
   <trkpt lat="34.472970000000004" lon="-111.24612">
    <ele>2154.3</ele>
   </trkpt>
   <trkpt lat="34.47261" lon="-111.24626">
    <ele>2155.85</ele>
   </trkpt>
   <trkpt lat="34.47251" lon="-111.24634">
    <ele>2156.0200000000004</ele>
   </trkpt>
   <trkpt lat="34.47236" lon="-111.24643">
    <ele>2156.45</ele>
   </trkpt>
   <trkpt lat="34.47209" lon="-111.24648">
    <ele>2157.13</ele>
   </trkpt>
   <trkpt lat="34.471680000000006" lon="-111.24653">
    <ele>2157.8</ele>
   </trkpt>
   <trkpt lat="34.47158" lon="-111.24649000000001">
    <ele>2158.49</ele>
   </trkpt>
   <trkpt lat="34.47126" lon="-111.24657">
    <ele>2160.82</ele>
   </trkpt>
   <trkpt lat="34.47092" lon="-111.2467">
    <ele>2160.03</ele>
   </trkpt>
   <trkpt lat="34.4707" lon="-111.24665">
    <ele>2158.8199999999997</ele>
   </trkpt>
   <trkpt lat="34.469820000000006" lon="-111.24679">
    <ele>2157.3100000000004</ele>
   </trkpt>
   <trkpt lat="34.4694" lon="-111.24707000000001">
    <ele>2157.62</ele>
   </trkpt>
   <trkpt lat="34.46931" lon="-111.24706">
    <ele>2157.68</ele>
   </trkpt>
   <trkpt lat="34.46925" lon="-111.24707000000001">
    <ele>2157.78</ele>
   </trkpt>
   <trkpt lat="34.46914" lon="-111.24701">
    <ele>2158.69</ele>
   </trkpt>
   <trkpt lat="34.468880000000006" lon="-111.24694000000001">
    <ele>2159.36</ele>
   </trkpt>
   <trkpt lat="34.468700000000005" lon="-111.24706">
    <ele>2161.1000000000004</ele>
   </trkpt>
   <trkpt lat="34.46824" lon="-111.24761000000001">
    <ele>2163.26</ele>
   </trkpt>
   <trkpt lat="34.468" lon="-111.24777">
    <ele>2164.2400000000002</ele>
   </trkpt>
   <trkpt lat="34.467780000000005" lon="-111.24786">
    <ele>2164.15</ele>
   </trkpt>
   <trkpt lat="34.46761" lon="-111.24786">
    <ele>2164.32</ele>
   </trkpt>
   <trkpt lat="34.46745" lon="-111.24778">
    <ele>2164.72</ele>
   </trkpt>
   <trkpt lat="34.467330000000004" lon="-111.24768">
    <ele>2164.46</ele>
   </trkpt>
   <trkpt lat="34.467200000000005" lon="-111.24752000000001">
    <ele>2162.9900000000002</ele>
   </trkpt>
   <trkpt lat="34.467060000000004" lon="-111.24742">
    <ele>2162.36</ele>
   </trkpt>
   <trkpt lat="34.46679" lon="-111.24738">
    <ele>2162.32</ele>
   </trkpt>
   <trkpt lat="34.46663" lon="-111.24743000000001">
    <ele>2163.71</ele>
   </trkpt>
   <trkpt lat="34.46649" lon="-111.24755">
    <ele>2166.04</ele>
   </trkpt>
   <trkpt lat="34.46641" lon="-111.24756000000001">
    <ele>2167.44</ele>
   </trkpt>
   <trkpt lat="34.466350000000006" lon="-111.24755">
    <ele>2167.44</ele>
   </trkpt>
   <trkpt lat="34.466370000000005" lon="-111.24746">
    <ele>2171.3300000000004</ele>
   </trkpt>
   <trkpt lat="34.46647" lon="-111.24741">
    <ele>2171.3300000000004</ele>
   </trkpt>
   <trkpt lat="34.466550000000005" lon="-111.24733">
    <ele>2171.3300000000004</ele>
   </trkpt>
   <trkpt lat="34.46658" lon="-111.24724">
    <ele>2175.7200000000003</ele>
   </trkpt>
   <trkpt lat="34.46652" lon="-111.24728">
    <ele>2175.7200000000003</ele>
   </trkpt>
   <trkpt lat="34.46616" lon="-111.24742">
    <ele>2180.51</ele>
   </trkpt>
   <trkpt lat="34.46604" lon="-111.24737">
    <ele>2181.75</ele>
   </trkpt>
   <trkpt lat="34.46589" lon="-111.24738">
    <ele>2183.1200000000003</ele>
   </trkpt>
   <trkpt lat="34.465830000000004" lon="-111.24733">
    <ele>2183.55</ele>
   </trkpt>
   <trkpt lat="34.46575" lon="-111.24733">
    <ele>2184.11</ele>
   </trkpt>
   <trkpt lat="34.46551" lon="-111.24734000000001">
    <ele>2184.31</ele>
   </trkpt>
   <trkpt lat="34.46535" lon="-111.24732000000002">
    <ele>2184.85</ele>
   </trkpt>
   <trkpt lat="34.46526" lon="-111.24724">
    <ele>2185.62</ele>
   </trkpt>
   <trkpt lat="34.46499" lon="-111.24680000000001">
    <ele>2187.58</ele>
   </trkpt>
   <trkpt lat="34.464870000000005" lon="-111.24652">
    <ele>2187.0000000000005</ele>
   </trkpt>
   <trkpt lat="34.46488" lon="-111.2463">
    <ele>2185.56</ele>
   </trkpt>
   <trkpt lat="34.46472" lon="-111.24634">
    <ele>2184.79</ele>
   </trkpt>
   <trkpt lat="34.46459" lon="-111.24626">
    <ele>2183.8100000000004</ele>
   </trkpt>
   <trkpt lat="34.464490000000005" lon="-111.24625">
    <ele>2183.91</ele>
   </trkpt>
   <trkpt lat="34.46435" lon="-111.2463">
    <ele>2184.48</ele>
   </trkpt>
   <trkpt lat="34.46434" lon="-111.24643">
    <ele>2186.09</ele>
   </trkpt>
   <trkpt lat="34.464130000000004" lon="-111.24629000000002">
    <ele>2186.61</ele>
   </trkpt>
   <trkpt lat="34.46399" lon="-111.24622000000001">
    <ele>2187.9900000000002</ele>
   </trkpt>
   <trkpt lat="34.46387" lon="-111.24634">
    <ele>2188.4400000000005</ele>
   </trkpt>
   <trkpt lat="34.46388" lon="-111.24643">
    <ele>2188.5600000000004</ele>
   </trkpt>
   <trkpt lat="34.463950000000004" lon="-111.24656">
    <ele>2188.34</ele>
   </trkpt>
   <trkpt lat="34.464040000000004" lon="-111.24661">
    <ele>2187.84</ele>
   </trkpt>
   <trkpt lat="34.46403" lon="-111.24675">
    <ele>2187.7200000000003</ele>
   </trkpt>
   <trkpt lat="34.46396" lon="-111.24680000000001">
    <ele>2187.6800000000003</ele>
   </trkpt>
   <trkpt lat="34.46396" lon="-111.24685000000001">
    <ele>2187.79</ele>
   </trkpt>
   <trkpt lat="34.46407" lon="-111.24697">
    <ele>2188.3700000000003</ele>
   </trkpt>
   <trkpt lat="34.46405" lon="-111.24716000000001">
    <ele>2188.4100000000003</ele>
   </trkpt>
   <trkpt lat="34.463930000000005" lon="-111.24741">
    <ele>2187.7</ele>
   </trkpt>
   <trkpt lat="34.463860000000004" lon="-111.24742">
    <ele>2187.58</ele>
   </trkpt>
   <trkpt lat="34.46388" lon="-111.24752000000001">
    <ele>2187.1</ele>
   </trkpt>
   <trkpt lat="34.46385" lon="-111.24759">
    <ele>2186.7400000000002</ele>
   </trkpt>
   <trkpt lat="34.46392" lon="-111.24765000000001">
    <ele>2185.11</ele>
   </trkpt>
   <trkpt lat="34.463950000000004" lon="-111.24774000000001">
    <ele>2185.11</ele>
   </trkpt>
   <trkpt lat="34.46394" lon="-111.24787">
    <ele>2183.73</ele>
   </trkpt>
   <trkpt lat="34.463840000000005" lon="-111.24795">
    <ele>2182.9100000000003</ele>
   </trkpt>
   <trkpt lat="34.463750000000005" lon="-111.24795">
    <ele>2182.57</ele>
   </trkpt>
   <trkpt lat="34.4637" lon="-111.248">
    <ele>2181.96</ele>
   </trkpt>
   <trkpt lat="34.46372" lon="-111.24809">
    <ele>2180.8500000000004</ele>
   </trkpt>
   <trkpt lat="34.46378" lon="-111.24805">
    <ele>2180.8500000000004</ele>
   </trkpt>
   <trkpt lat="34.463890000000006" lon="-111.24809">
    <ele>2180.38</ele>
   </trkpt>
   <trkpt lat="34.46387" lon="-111.24818">
    <ele>2180.21</ele>
   </trkpt>
   <trkpt lat="34.463770000000004" lon="-111.24827">
    <ele>2179.46</ele>
   </trkpt>
   <trkpt lat="34.4636" lon="-111.24822">
    <ele>2177.9900000000002</ele>
   </trkpt>
   <trkpt lat="34.46352" lon="-111.24823">
    <ele>2177.63</ele>
   </trkpt>
   <trkpt lat="34.46347" lon="-111.2485">
    <ele>2176.46</ele>
   </trkpt>
   <trkpt lat="34.46336" lon="-111.24863">
    <ele>2176.4</ele>
   </trkpt>
   <trkpt lat="34.46309" lon="-111.2488">
    <ele>2177.63</ele>
   </trkpt>
   <trkpt lat="34.462610000000005" lon="-111.2489">
    <ele>2178.8100000000004</ele>
   </trkpt>
   <trkpt lat="34.462300000000006" lon="-111.2489">
    <ele>2179.67</ele>
   </trkpt>
   <trkpt lat="34.461960000000005" lon="-111.24899">
    <ele>2180.39</ele>
   </trkpt>
   <trkpt lat="34.4619" lon="-111.24899">
    <ele>2180.39</ele>
   </trkpt>
   <trkpt lat="34.46172" lon="-111.24894">
    <ele>2181.0400000000004</ele>
   </trkpt>
   <trkpt lat="34.461290000000005" lon="-111.24889">
    <ele>2182.02</ele>
   </trkpt>
   <trkpt lat="34.46123" lon="-111.24902000000002">
    <ele>2181.41</ele>
   </trkpt>
   <trkpt lat="34.461220000000004" lon="-111.24921">
    <ele>2181.28</ele>
   </trkpt>
   <trkpt lat="34.461180000000006" lon="-111.2493">
    <ele>2181.47</ele>
   </trkpt>
   <trkpt lat="34.46107" lon="-111.24947">
    <ele>2182.92</ele>
   </trkpt>
   <trkpt lat="34.460620000000006" lon="-111.24975">
    <ele>2185.2200000000003</ele>
   </trkpt>
   <trkpt lat="34.46038" lon="-111.24985000000001">
    <ele>2186.92</ele>
   </trkpt>
   <trkpt lat="34.460150000000006" lon="-111.2501">
    <ele>2187.94</ele>
   </trkpt>
   <trkpt lat="34.460060000000006" lon="-111.25028">
    <ele>2188.15</ele>
   </trkpt>
   <trkpt lat="34.459790000000005" lon="-111.25061000000001">
    <ele>2189.19</ele>
   </trkpt>
   <trkpt lat="34.459630000000004" lon="-111.25069">
    <ele>2189.27</ele>
   </trkpt>
   <trkpt lat="34.45938" lon="-111.25077">
    <ele>2190.52</ele>
   </trkpt>
   <trkpt lat="34.4591" lon="-111.25109">
    <ele>2191.5600000000004</ele>
   </trkpt>
   <trkpt lat="34.458850000000005" lon="-111.25117000000002">
    <ele>2192.65</ele>
   </trkpt>
   <trkpt lat="34.45848" lon="-111.25157000000002">
    <ele>2193.12</ele>
   </trkpt>
   <trkpt lat="34.458420000000004" lon="-111.25156000000001">
    <ele>2193.12</ele>
   </trkpt>
   <trkpt lat="34.45825" lon="-111.25153">
    <ele>2193.14</ele>
   </trkpt>
   <trkpt lat="34.457640000000005" lon="-111.25122">
    <ele>2192.9700000000003</ele>
   </trkpt>
   <trkpt lat="34.457260000000005" lon="-111.25113">
    <ele>2193.41</ele>
   </trkpt>
   <trkpt lat="34.45640499992023" lon="-111.25116000031011">
    <ele>2197.7000000000003</ele>
   </trkpt>
   <trkpt lat="34.45555" lon="-111.25119000000001">
    <ele>2208.13</ele>
   </trkpt>
   <trkpt lat="34.455110000000005" lon="-111.25109">
    <ele>2210.8100000000004</ele>
   </trkpt>
   <trkpt lat="34.455000000000005" lon="-111.25099000000002">
    <ele>2211.64</ele>
   </trkpt>
   <trkpt lat="34.45431" lon="-111.25086">
    <ele>2212.7799999999997</ele>
   </trkpt>
   <trkpt lat="34.45378" lon="-111.25083000000001">
    <ele>2215.9</ele>
   </trkpt>
   <trkpt lat="34.45355" lon="-111.25087">
    <ele>2213.09</ele>
   </trkpt>
   <trkpt lat="34.45328" lon="-111.25079000000001">
    <ele>2207.84</ele>
   </trkpt>
   <trkpt lat="34.453140000000005" lon="-111.25073">
    <ele>2207.84</ele>
   </trkpt>
   <trkpt lat="34.452760000000005" lon="-111.25065000000001">
    <ele>2198.4500000000003</ele>
   </trkpt>
   <trkpt lat="34.45257" lon="-111.25069">
    <ele>2192.4900000000002</ele>
   </trkpt>
   <trkpt lat="34.45235" lon="-111.25064">
    <ele>2185.46</ele>
   </trkpt>
   <trkpt lat="34.45214" lon="-111.25064">
    <ele>2180.19</ele>
   </trkpt>
   <trkpt lat="34.4519" lon="-111.25056000000001">
    <ele>2170.6600000000003</ele>
   </trkpt>
   <trkpt lat="34.45176" lon="-111.2506">
    <ele>2169.44</ele>
   </trkpt>
   <trkpt lat="34.451620000000005" lon="-111.25059">
    <ele>2165.4</ele>
   </trkpt>
   <trkpt lat="34.451570000000004" lon="-111.25061000000001">
    <ele>2165.4</ele>
   </trkpt>
   <trkpt lat="34.451550000000005" lon="-111.2506">
    <ele>2161.02</ele>
   </trkpt>
   <trkpt lat="34.451420000000006" lon="-111.25064">
    <ele>2157.94</ele>
   </trkpt>
   <trkpt lat="34.451440000000005" lon="-111.25079000000001">
    <ele>2154.6000000000004</ele>
   </trkpt>
   <trkpt lat="34.45141" lon="-111.25082">
    <ele>2151.0</ele>
   </trkpt>
   <trkpt lat="34.45136" lon="-111.25082">
    <ele>2151.0</ele>
   </trkpt>
   <trkpt lat="34.451350000000005" lon="-111.25078">
    <ele>2151.0</ele>
   </trkpt>
   <trkpt lat="34.45123" lon="-111.25078">
    <ele>2145.29</ele>
   </trkpt>
   <trkpt lat="34.45109" lon="-111.25082">
    <ele>2134.6600000000003</ele>
   </trkpt>
   <trkpt lat="34.45102" lon="-111.25078">
    <ele>2134.6600000000003</ele>
   </trkpt>
   <trkpt lat="34.450900000000004" lon="-111.25077">
    <ele>2134.6600000000003</ele>
   </trkpt>
   <trkpt lat="34.45078" lon="-111.25079000000001">
    <ele>2124.57</ele>
   </trkpt>
   <trkpt lat="34.450590000000005" lon="-111.25086">
    <ele>2113.1200000000003</ele>
   </trkpt>
   <trkpt lat="34.450320000000005" lon="-111.251">
    <ele>2104.73</ele>
   </trkpt>
   <trkpt lat="34.45018" lon="-111.25101000000001">
    <ele>2101.55</ele>
   </trkpt>
   <trkpt lat="34.45013" lon="-111.25105">
    <ele>2101.55</ele>
   </trkpt>
   <trkpt lat="34.450030000000005" lon="-111.25104">
    <ele>2098.53</ele>
   </trkpt>
   <trkpt lat="34.449940000000005" lon="-111.25109">
    <ele>2092.75</ele>
   </trkpt>
   <trkpt lat="34.44975" lon="-111.25109">
    <ele>2089.0600000000004</ele>
   </trkpt>
   <trkpt lat="34.44966" lon="-111.25113">
    <ele>2087.09</ele>
   </trkpt>
   <trkpt lat="34.44946" lon="-111.25099000000002">
    <ele>2083.82</ele>
   </trkpt>
   <trkpt lat="34.449380000000005" lon="-111.25096">
    <ele>2081.76</ele>
   </trkpt>
   <trkpt lat="34.44917" lon="-111.251">
    <ele>2079.0800000000004</ele>
   </trkpt>
   <trkpt lat="34.44887" lon="-111.25091">
    <ele>2073.09</ele>
   </trkpt>
   <trkpt lat="34.44881" lon="-111.25092000000001">
    <ele>2073.09</ele>
   </trkpt>
   <trkpt lat="34.44872" lon="-111.25101000000001">
    <ele>2071.1600000000003</ele>
   </trkpt>
   <trkpt lat="34.44865" lon="-111.25104">
    <ele>2071.1600000000003</ele>
   </trkpt>
   <trkpt lat="34.44859" lon="-111.25114">
    <ele>2068.81</ele>
   </trkpt>
   <trkpt lat="34.448350000000005" lon="-111.25123">
    <ele>2064.77</ele>
   </trkpt>
   <trkpt lat="34.44823" lon="-111.25123">
    <ele>2063.58</ele>
   </trkpt>
   <trkpt lat="34.44807" lon="-111.25135">
    <ele>2062.3300000000004</ele>
   </trkpt>
   <trkpt lat="34.447590000000005" lon="-111.25149">
    <ele>2057.2799999999997</ele>
   </trkpt>
   <trkpt lat="34.447010000000006" lon="-111.25172">
    <ele>2051.93</ele>
   </trkpt>
   <trkpt lat="34.446780000000004" lon="-111.25186000000001">
    <ele>2046.5400000000002</ele>
   </trkpt>
   <trkpt lat="34.446600000000004" lon="-111.2519">
    <ele>2044.69</ele>
   </trkpt>
   <trkpt lat="34.446400000000004" lon="-111.25185">
    <ele>2044.1299999999999</ele>
   </trkpt>
   <trkpt lat="34.44632" lon="-111.25189">
    <ele>2044.3900000000003</ele>
   </trkpt>
   <trkpt lat="34.446070000000006" lon="-111.25204000000001">
    <ele>2043.7800000000004</ele>
   </trkpt>
   <trkpt lat="34.445640000000004" lon="-111.25225">
    <ele>2037.23</ele>
   </trkpt>
   <trkpt lat="34.445530000000005" lon="-111.25225">
    <ele>2035.2200000000003</ele>
   </trkpt>
   <trkpt lat="34.44539" lon="-111.25229">
    <ele>2033.77</ele>
   </trkpt>
   <trkpt lat="34.44521" lon="-111.25239">
    <ele>2029.23</ele>
   </trkpt>
   <trkpt lat="34.44483" lon="-111.25253000000001">
    <ele>2021.3100000000002</ele>
   </trkpt>
   <trkpt lat="34.44455" lon="-111.25256">
    <ele>2018.79</ele>
   </trkpt>
   <trkpt lat="34.444480000000006" lon="-111.25257">
    <ele>2018.5400000000002</ele>
   </trkpt>
   <trkpt lat="34.444140000000004" lon="-111.25280000000001">
    <ele>2015.52</ele>
   </trkpt>
   <trkpt lat="34.44408" lon="-111.25288">
    <ele>2013.9500000000003</ele>
   </trkpt>
   <trkpt lat="34.44359" lon="-111.25328">
    <ele>2006.52</ele>
   </trkpt>
   <trkpt lat="34.443110000000004" lon="-111.25355">
    <ele>1999.39</ele>
   </trkpt>
   <trkpt lat="34.442980000000006" lon="-111.25373">
    <ele>1997.2</ele>
   </trkpt>
   <trkpt lat="34.44283" lon="-111.25373">
    <ele>1995.1100000000001</ele>
   </trkpt>
   <trkpt lat="34.442600000000006" lon="-111.25377">
    <ele>1990.9</ele>
   </trkpt>
   <trkpt lat="34.4423" lon="-111.25391">
    <ele>1987.4</ele>
   </trkpt>
   <trkpt lat="34.44209" lon="-111.25396">
    <ele>1982.9200000000003</ele>
   </trkpt>
   <trkpt lat="34.441950000000006" lon="-111.25396">
    <ele>1982.43</ele>
   </trkpt>
   <trkpt lat="34.4418" lon="-111.25422">
    <ele>1977.2800000000002</ele>
   </trkpt>
   <trkpt lat="34.44146" lon="-111.25449">
    <ele>1974.3100000000002</ele>
   </trkpt>
   <trkpt lat="34.44138" lon="-111.25458">
    <ele>1973.48</ele>
   </trkpt>
   <trkpt lat="34.44115" lon="-111.25471">
    <ele>1971.4000000000003</ele>
   </trkpt>
   <trkpt lat="34.44095" lon="-111.25473000000001">
    <ele>1970.25</ele>
   </trkpt>
   <trkpt lat="34.44044" lon="-111.25522000000001">
    <ele>1965.7700000000002</ele>
   </trkpt>
   <trkpt lat="34.44004" lon="-111.25553000000001">
    <ele>1964.29</ele>
   </trkpt>
   <trkpt lat="34.43992" lon="-111.25565">
    <ele>1964.02</ele>
   </trkpt>
   <trkpt lat="34.43981" lon="-111.25557">
    <ele>1963.3300000000002</ele>
   </trkpt>
   <trkpt lat="34.439690000000006" lon="-111.25561">
    <ele>1962.3400000000001</ele>
   </trkpt>
   <trkpt lat="34.439530000000005" lon="-111.25574">
    <ele>1960.8200000000002</ele>
   </trkpt>
   <trkpt lat="34.43947" lon="-111.25566">
    <ele>1959.8500000000001</ele>
   </trkpt>
   <trkpt lat="34.439420000000005" lon="-111.25566">
    <ele>1959.5600000000002</ele>
   </trkpt>
   <trkpt lat="34.439330000000005" lon="-111.25598000000001">
    <ele>1958.1200000000001</ele>
   </trkpt>
   <trkpt lat="34.43927" lon="-111.25588">
    <ele>1956.83</ele>
   </trkpt>
   <trkpt lat="34.439260000000004" lon="-111.25580000000001">
    <ele>1956.83</ele>
   </trkpt>
   <trkpt lat="34.439220000000006" lon="-111.25575">
    <ele>1954.91</ele>
   </trkpt>
   <trkpt lat="34.439220000000006" lon="-111.25566">
    <ele>1954.91</ele>
   </trkpt>
   <trkpt lat="34.439170000000004" lon="-111.25557">
    <ele>1953.6200000000001</ele>
   </trkpt>
   <trkpt lat="34.4391" lon="-111.25561">
    <ele>1953.6200000000001</ele>
   </trkpt>
   <trkpt lat="34.43909" lon="-111.2557">
    <ele>1952.9</ele>
   </trkpt>
   <trkpt lat="34.43905" lon="-111.25574">
    <ele>1952.6200000000001</ele>
   </trkpt>
   <trkpt lat="34.439" lon="-111.25588">
    <ele>1951.54</ele>
   </trkpt>
   <trkpt lat="34.438950000000006" lon="-111.25593">
    <ele>1951.21</ele>
   </trkpt>
   <trkpt lat="34.438880000000005" lon="-111.25597">
    <ele>1950.4800000000002</ele>
   </trkpt>
   <trkpt lat="34.43882" lon="-111.25602">
    <ele>1950.4800000000002</ele>
   </trkpt>
   <trkpt lat="34.43873" lon="-111.25597">
    <ele>1949.3700000000001</ele>
   </trkpt>
   <trkpt lat="34.43867" lon="-111.25601">
    <ele>1948.53</ele>
   </trkpt>
   <trkpt lat="34.43863" lon="-111.25597">
    <ele>1948.53</ele>
   </trkpt>
   <trkpt lat="34.438590000000005" lon="-111.25588">
    <ele>1947.5800000000002</ele>
   </trkpt>
   <trkpt lat="34.43842" lon="-111.25588">
    <ele>1944.5200000000002</ele>
   </trkpt>
   <trkpt lat="34.43831" lon="-111.25575">
    <ele>1944.5200000000002</ele>
   </trkpt>
   <trkpt lat="34.438300000000005" lon="-111.25565">
    <ele>1942.53</ele>
   </trkpt>
   <trkpt lat="34.438340000000004" lon="-111.25556">
    <ele>1941.0900000000001</ele>
   </trkpt>
   <trkpt lat="34.43831" lon="-111.25552">
    <ele>1941.0900000000001</ele>
   </trkpt>
   <trkpt lat="34.438230000000004" lon="-111.25553000000001">
    <ele>1940.1800000000003</ele>
   </trkpt>
   <trkpt lat="34.43813" lon="-111.25565">
    <ele>1938.6200000000001</ele>
   </trkpt>
   <trkpt lat="34.43797" lon="-111.25561">
    <ele>1937.72</ele>
   </trkpt>
   <trkpt lat="34.43793" lon="-111.25565">
    <ele>1937.72</ele>
   </trkpt>
   <trkpt lat="34.43793" lon="-111.2557">
    <ele>1936.17</ele>
   </trkpt>
   <trkpt lat="34.437870000000004" lon="-111.25574">
    <ele>1936.17</ele>
   </trkpt>
   <trkpt lat="34.43784" lon="-111.2557">
    <ele>1936.17</ele>
   </trkpt>
   <trkpt lat="34.4378" lon="-111.25567000000001">
    <ele>1934.14</ele>
   </trkpt>
   <trkpt lat="34.437780000000004" lon="-111.25574">
    <ele>1934.14</ele>
   </trkpt>
   <trkpt lat="34.43771" lon="-111.25571000000001">
    <ele>1932.92</ele>
   </trkpt>
   <trkpt lat="34.437720000000006" lon="-111.25558000000001">
    <ele>1930.7500000000002</ele>
   </trkpt>
   <trkpt lat="34.437650000000005" lon="-111.25556">
    <ele>1930.13</ele>
   </trkpt>
   <trkpt lat="34.437540000000006" lon="-111.25557">
    <ele>1929.1200000000001</ele>
   </trkpt>
   <trkpt lat="34.4375" lon="-111.25565">
    <ele>1928.6900000000003</ele>
   </trkpt>
   <trkpt lat="34.4375" lon="-111.25574">
    <ele>1926.74</ele>
   </trkpt>
   <trkpt lat="34.43741" lon="-111.25584">
    <ele>1926.74</ele>
   </trkpt>
   <trkpt lat="34.437400000000004" lon="-111.25589000000001">
    <ele>1926.2800000000002</ele>
   </trkpt>
   <trkpt lat="34.437270000000005" lon="-111.2561">
    <ele>1925.25</ele>
   </trkpt>
   <trkpt lat="34.43715" lon="-111.2562">
    <ele>1923.7700000000002</ele>
   </trkpt>
   <trkpt lat="34.436890000000005" lon="-111.25632">
    <ele>1920.7500000000002</ele>
   </trkpt>
   <trkpt lat="34.43679" lon="-111.25641">
    <ele>1919.2700000000002</ele>
   </trkpt>
   <trkpt lat="34.43666" lon="-111.25646">
    <ele>1918.16</ele>
   </trkpt>
   <trkpt lat="34.43656" lon="-111.2565">
    <ele>1916.2</ele>
   </trkpt>
   <trkpt lat="34.436490000000006" lon="-111.2565">
    <ele>1915.0200000000002</ele>
   </trkpt>
   <trkpt lat="34.43647" lon="-111.25646">
    <ele>1915.0200000000002</ele>
   </trkpt>
   <trkpt lat="34.436510000000006" lon="-111.25637">
    <ele>1913.97</ele>
   </trkpt>
   <trkpt lat="34.436460000000004" lon="-111.25632">
    <ele>1913.01</ele>
   </trkpt>
   <trkpt lat="34.436260000000004" lon="-111.25637">
    <ele>1911.2000000000003</ele>
   </trkpt>
   <trkpt lat="34.436080000000004" lon="-111.25651">
    <ele>1909.14</ele>
   </trkpt>
   <trkpt lat="34.436020000000006" lon="-111.25665000000001">
    <ele>1908.5500000000002</ele>
   </trkpt>
   <trkpt lat="34.43582" lon="-111.25669">
    <ele>1907.5400000000002</ele>
   </trkpt>
   <trkpt lat="34.435700000000004" lon="-111.25687">
    <ele>1906.3100000000002</ele>
   </trkpt>
   <trkpt lat="34.43563" lon="-111.25704">
    <ele>1905.0600000000002</ele>
   </trkpt>
   <trkpt lat="34.43545" lon="-111.25713">
    <ele>1904.2200000000003</ele>
   </trkpt>
   <trkpt lat="34.43538" lon="-111.25710000000001">
    <ele>1902.26</ele>
   </trkpt>
   <trkpt lat="34.435210000000005" lon="-111.25726">
    <ele>1901.5600000000002</ele>
   </trkpt>
   <trkpt lat="34.43522" lon="-111.25736">
    <ele>1900.36</ele>
   </trkpt>
   <trkpt lat="34.435100000000006" lon="-111.2574">
    <ele>1900.36</ele>
   </trkpt>
   <trkpt lat="34.435030000000005" lon="-111.25753">
    <ele>1898.92</ele>
   </trkpt>
   <trkpt lat="34.434960000000004" lon="-111.25758">
    <ele>1898.5500000000002</ele>
   </trkpt>
   <trkpt lat="34.434900000000006" lon="-111.25776">
    <ele>1896.6200000000001</ele>
   </trkpt>
   <trkpt lat="34.434900000000006" lon="-111.25786000000001">
    <ele>1895.64</ele>
   </trkpt>
   <trkpt lat="34.43486" lon="-111.25793000000002">
    <ele>1895.64</ele>
   </trkpt>
   <trkpt lat="34.434720000000006" lon="-111.25785">
    <ele>1895.2900000000002</ele>
   </trkpt>
   <trkpt lat="34.4346" lon="-111.25786000000001">
    <ele>1892.98</ele>
   </trkpt>
   <trkpt lat="34.43451" lon="-111.25803">
    <ele>1891.97</ele>
   </trkpt>
   <trkpt lat="34.4345" lon="-111.25807">
    <ele>1891.73</ele>
   </trkpt>
   <trkpt lat="34.434540000000005" lon="-111.25816">
    <ele>1891.46</ele>
   </trkpt>
   <trkpt lat="34.43441" lon="-111.25825">
    <ele>1891.39</ele>
   </trkpt>
   <trkpt lat="34.43433" lon="-111.25834">
    <ele>1891.1100000000001</ele>
   </trkpt>
   <trkpt lat="34.434270000000005" lon="-111.2583">
    <ele>1890.43</ele>
   </trkpt>
   <trkpt lat="34.43419" lon="-111.25834">
    <ele>1890.0100000000002</ele>
   </trkpt>
   <trkpt lat="34.43415" lon="-111.25840000000001">
    <ele>1888.2500000000002</ele>
   </trkpt>
   <trkpt lat="34.434180000000005" lon="-111.25847">
    <ele>1888.2500000000002</ele>
   </trkpt>
   <trkpt lat="34.43426" lon="-111.25857">
    <ele>1887.28</ele>
   </trkpt>
   <trkpt lat="34.43423" lon="-111.25883">
    <ele>1884.92</ele>
   </trkpt>
   <trkpt lat="34.434270000000005" lon="-111.25892">
    <ele>1884.43</ele>
   </trkpt>
   <trkpt lat="34.434200000000004" lon="-111.25901">
    <ele>1884.3100000000002</ele>
   </trkpt>
   <trkpt lat="34.43408" lon="-111.25905">
    <ele>1884.1000000000001</ele>
   </trkpt>
   <trkpt lat="34.43397" lon="-111.25905">
    <ele>1883.43</ele>
   </trkpt>
   <trkpt lat="34.43383" lon="-111.25914">
    <ele>1882.4900000000002</ele>
   </trkpt>
   <trkpt lat="34.433710000000005" lon="-111.25907000000001">
    <ele>1881.6200000000001</ele>
   </trkpt>
   <trkpt lat="34.43366" lon="-111.25914">
    <ele>1880.84</ele>
   </trkpt>
   <trkpt lat="34.43359" lon="-111.2591">
    <ele>1880.84</ele>
   </trkpt>
   <trkpt lat="34.43356" lon="-111.25914">
    <ele>1879.4800000000002</ele>
   </trkpt>
   <trkpt lat="34.433530000000005" lon="-111.25929000000001">
    <ele>1879.0500000000002</ele>
   </trkpt>
   <trkpt lat="34.43323" lon="-111.25942">
    <ele>1875.73</ele>
   </trkpt>
   <trkpt lat="34.4331" lon="-111.25955">
    <ele>1873.7100000000003</ele>
   </trkpt>
   <trkpt lat="34.43283" lon="-111.25956000000001">
    <ele>1871.5900000000001</ele>
   </trkpt>
   <trkpt lat="34.43272" lon="-111.25952000000001">
    <ele>1869.7500000000002</ele>
   </trkpt>
   <trkpt lat="34.432590000000005" lon="-111.25942">
    <ele>1868.8700000000001</ele>
   </trkpt>
   <trkpt lat="34.432430000000004" lon="-111.25946">
    <ele>1867.8000000000002</ele>
   </trkpt>
   <trkpt lat="34.432320000000004" lon="-111.25941">
    <ele>1866.6200000000001</ele>
   </trkpt>
   <trkpt lat="34.43216" lon="-111.25941">
    <ele>1865.9900000000002</ele>
   </trkpt>
   <trkpt lat="34.432010000000005" lon="-111.25932">
    <ele>1864.4</ele>
   </trkpt>
   <trkpt lat="34.43191" lon="-111.25932">
    <ele>1862.9</ele>
   </trkpt>
   <trkpt lat="34.43173" lon="-111.25941">
    <ele>1861.5700000000002</ele>
   </trkpt>
   <trkpt lat="34.431610000000006" lon="-111.25937">
    <ele>1860.0400000000002</ele>
   </trkpt>
   <trkpt lat="34.43144" lon="-111.25946">
    <ele>1857.5400000000002</ele>
   </trkpt>
   <trkpt lat="34.431250000000006" lon="-111.25968">
    <ele>1855.17</ele>
   </trkpt>
   <trkpt lat="34.43113" lon="-111.25978">
    <ele>1854.42</ele>
   </trkpt>
   <trkpt lat="34.43104" lon="-111.25978">
    <ele>1853.49</ele>
   </trkpt>
   <trkpt lat="34.430890000000005" lon="-111.25972000000002">
    <ele>1851.97</ele>
   </trkpt>
   <trkpt lat="34.43027" lon="-111.26049">
    <ele>1853.1100000000001</ele>
   </trkpt>
   <trkpt lat="34.43014" lon="-111.26072">
    <ele>1852.9700000000003</ele>
   </trkpt>
   <trkpt lat="34.430150000000005" lon="-111.26079000000001">
    <ele>1852.9700000000003</ele>
   </trkpt>
   <trkpt lat="34.430150000000005" lon="-111.26078000000001">
    <ele>1852.9700000000003</ele>
   </trkpt>
   <trkpt lat="34.43021" lon="-111.26125">
    <ele>1853.7700000000002</ele>
   </trkpt>
   <trkpt lat="34.4303" lon="-111.26140000000001">
    <ele>1854.5900000000001</ele>
   </trkpt>
   <trkpt lat="34.43027" lon="-111.26147">
    <ele>1854.95</ele>
   </trkpt>
   <trkpt lat="34.43027" lon="-111.26156">
    <ele>1854.95</ele>
   </trkpt>
   <trkpt lat="34.43037" lon="-111.26183">
    <ele>1856.5000000000002</ele>
   </trkpt>
   <trkpt lat="34.43036" lon="-111.26188">
    <ele>1856.5000000000002</ele>
   </trkpt>
   <trkpt lat="34.43018" lon="-111.26192">
    <ele>1858.5800000000002</ele>
   </trkpt>
   <trkpt lat="34.43" lon="-111.26201">
    <ele>1859.7100000000003</ele>
   </trkpt>
   <trkpt lat="34.42991" lon="-111.2621">
    <ele>1860.5600000000002</ele>
   </trkpt>
   <trkpt lat="34.42985" lon="-111.26224">
    <ele>1860.8200000000002</ele>
   </trkpt>
   <trkpt lat="34.429840000000006" lon="-111.26251">
    <ele>1862.2500000000002</ele>
   </trkpt>
   <trkpt lat="34.42982" lon="-111.26259">
    <ele>1862.2500000000002</ele>
   </trkpt>
   <trkpt lat="34.429790000000004" lon="-111.26263000000002">
    <ele>1863.38</ele>
   </trkpt>
   <trkpt lat="34.42971" lon="-111.26255">
    <ele>1863.64</ele>
   </trkpt>
   <trkpt lat="34.429660000000005" lon="-111.26255">
    <ele>1863.88</ele>
   </trkpt>
   <trkpt lat="34.42951" lon="-111.26268">
    <ele>1864.51</ele>
   </trkpt>
   <trkpt lat="34.42922" lon="-111.26277">
    <ele>1866.3</ele>
   </trkpt>
   <trkpt lat="34.42895" lon="-111.26290000000002">
    <ele>1866.24</ele>
   </trkpt>
   <trkpt lat="34.428630000000005" lon="-111.26308">
    <ele>1866.89</ele>
   </trkpt>
   <trkpt lat="34.42853" lon="-111.26307000000001">
    <ele>1867.0700000000002</ele>
   </trkpt>
   <trkpt lat="34.42841" lon="-111.26299">
    <ele>1867.1200000000001</ele>
   </trkpt>
   <trkpt lat="34.42826" lon="-111.26301000000001">
    <ele>1867.5300000000002</ele>
   </trkpt>
   <trkpt lat="34.42815" lon="-111.26314">
    <ele>1868.14</ele>
   </trkpt>
   <trkpt lat="34.428070000000005" lon="-111.26335">
    <ele>1869.0900000000001</ele>
   </trkpt>
   <trkpt lat="34.428020000000004" lon="-111.26337000000001">
    <ele>1869.19</ele>
   </trkpt>
   <trkpt lat="34.42763" lon="-111.26349">
    <ele>1868.47</ele>
   </trkpt>
   <trkpt lat="34.427440000000004" lon="-111.26367">
    <ele>1868.24</ele>
   </trkpt>
   <trkpt lat="34.42692" lon="-111.2639">
    <ele>1867.0700000000002</ele>
   </trkpt>
   <trkpt lat="34.42669" lon="-111.26407">
    <ele>1867.18</ele>
   </trkpt>
   <trkpt lat="34.42656" lon="-111.26411">
    <ele>1866.81</ele>
   </trkpt>
   <trkpt lat="34.42645" lon="-111.26416">
    <ele>1866.84</ele>
   </trkpt>
   <trkpt lat="34.42634" lon="-111.26429">
    <ele>1867.0600000000002</ele>
   </trkpt>
   <trkpt lat="34.426300000000005" lon="-111.26456">
    <ele>1866.69</ele>
   </trkpt>
   <trkpt lat="34.426260000000006" lon="-111.26461">
    <ele>1866.75</ele>
   </trkpt>
   <trkpt lat="34.42618" lon="-111.26461">
    <ele>1866.71</ele>
   </trkpt>
   <trkpt lat="34.426" lon="-111.26452">
    <ele>1865.8400000000001</ele>
   </trkpt>
   <trkpt lat="34.42587" lon="-111.26449000000001">
    <ele>1863.9500000000003</ele>
   </trkpt>
   <trkpt lat="34.42551" lon="-111.26452">
    <ele>1861.5900000000001</ele>
   </trkpt>
   <trkpt lat="34.425160000000005" lon="-111.26461">
    <ele>1860.21</ele>
   </trkpt>
   <trkpt lat="34.42504" lon="-111.26471000000001">
    <ele>1860.5900000000001</ele>
   </trkpt>
   <trkpt lat="34.42485" lon="-111.26483">
    <ele>1862.0700000000002</ele>
   </trkpt>
   <trkpt lat="34.42481" lon="-111.26489000000001">
    <ele>1862.0700000000002</ele>
   </trkpt>
   <trkpt lat="34.42472" lon="-111.26492">
    <ele>1862.3600000000001</ele>
   </trkpt>
   <trkpt lat="34.424670000000006" lon="-111.26498000000001">
    <ele>1862.45</ele>
   </trkpt>
   <trkpt lat="34.42461" lon="-111.26514">
    <ele>1862.5500000000002</ele>
   </trkpt>
   <trkpt lat="34.424580000000006" lon="-111.26532">
    <ele>1862.3300000000002</ele>
   </trkpt>
   <trkpt lat="34.424580000000006" lon="-111.26546">
    <ele>1862.3200000000002</ele>
   </trkpt>
   <trkpt lat="34.424600000000005" lon="-111.26551">
    <ele>1862.3600000000001</ele>
   </trkpt>
   <trkpt lat="34.424690000000005" lon="-111.26565000000001">
    <ele>1863.3400000000001</ele>
   </trkpt>
   <trkpt lat="34.42477" lon="-111.26572000000002">
    <ele>1863.5000000000002</ele>
   </trkpt>
   <trkpt lat="34.42492" lon="-111.2659">
    <ele>1863.7100000000003</ele>
   </trkpt>
   <trkpt lat="34.425090000000004" lon="-111.26631">
    <ele>1863.43</ele>
   </trkpt>
   <trkpt lat="34.42549" lon="-111.26689">
    <ele>1863.0900000000001</ele>
   </trkpt>
   <trkpt lat="34.4256" lon="-111.26712">
    <ele>1862.2</ele>
   </trkpt>
   <trkpt lat="34.42569" lon="-111.26716">
    <ele>1862.2</ele>
   </trkpt>
   <trkpt lat="34.425720000000005" lon="-111.2672">
    <ele>1862.2</ele>
   </trkpt>
   <trkpt lat="34.42582" lon="-111.26760000000002">
    <ele>1861.3300000000002</ele>
   </trkpt>
   <trkpt lat="34.426170000000006" lon="-111.26824">
    <ele>1857.1200000000001</ele>
   </trkpt>
   <trkpt lat="34.42642" lon="-111.26846">
    <ele>1855.18</ele>
   </trkpt>
   <trkpt lat="34.426680000000005" lon="-111.26855">
    <ele>1852.5800000000002</ele>
   </trkpt>
   <trkpt lat="34.427040000000005" lon="-111.2686">
    <ele>1849.5700000000002</ele>
   </trkpt>
   <trkpt lat="34.42707" lon="-111.26864">
    <ele>1849.5700000000002</ele>
   </trkpt>
   <trkpt lat="34.427040000000005" lon="-111.26880000000001">
    <ele>1847.14</ele>
   </trkpt>
   <trkpt lat="34.4271" lon="-111.26901000000001">
    <ele>1846.6200000000001</ele>
   </trkpt>
   <trkpt lat="34.427060000000004" lon="-111.26913">
    <ele>1846.81</ele>
   </trkpt>
   <trkpt lat="34.42689" lon="-111.26923000000001">
    <ele>1847.38</ele>
   </trkpt>
   <trkpt lat="34.42674" lon="-111.2694">
    <ele>1847.96</ele>
   </trkpt>
   <trkpt lat="34.426750000000006" lon="-111.26944">
    <ele>1848.2900000000002</ele>
   </trkpt>
   <trkpt lat="34.4271" lon="-111.26945">
    <ele>1851.01</ele>
   </trkpt>
   <trkpt lat="34.42747" lon="-111.26962">
    <ele>1853.8900000000003</ele>
   </trkpt>
   <trkpt lat="34.427260000000004" lon="-111.26958">
    <ele>1855.9500000000003</ele>
   </trkpt>
   <trkpt lat="34.42707" lon="-111.26962">
    <ele>1857.63</ele>
   </trkpt>
   <trkpt lat="34.426950000000005" lon="-111.26967">
    <ele>1858.0</ele>
   </trkpt>
   <trkpt lat="34.426840000000006" lon="-111.26976">
    <ele>1859.29</ele>
   </trkpt>
   <trkpt lat="34.42683" lon="-111.2698">
    <ele>1859.29</ele>
   </trkpt>
   <trkpt lat="34.426860000000005" lon="-111.26986000000001">
    <ele>1861.3300000000002</ele>
   </trkpt>
   <trkpt lat="34.426930000000006" lon="-111.26985">
    <ele>1861.3300000000002</ele>
   </trkpt>
   <trkpt lat="34.427" lon="-111.26986000000001">
    <ele>1861.3300000000002</ele>
   </trkpt>
   <trkpt lat="34.427350000000004" lon="-111.27011">
    <ele>1868.21</ele>
   </trkpt>
   <trkpt lat="34.42737" lon="-111.27013000000001">
    <ele>1868.21</ele>
   </trkpt>
   <trkpt lat="34.427260000000004" lon="-111.27025">
    <ele>1869.4</ele>
   </trkpt>
   <trkpt lat="34.427080000000004" lon="-111.27026000000001">
    <ele>1871.28</ele>
   </trkpt>
   <trkpt lat="34.42703" lon="-111.27031000000001">
    <ele>1872.39</ele>
   </trkpt>
   <trkpt lat="34.42705" lon="-111.27038">
    <ele>1873.0700000000002</ele>
   </trkpt>
   <trkpt lat="34.42729" lon="-111.27060000000002">
    <ele>1878.1200000000001</ele>
   </trkpt>
   <trkpt lat="34.427400000000006" lon="-111.27075">
    <ele>1880.9700000000003</ele>
   </trkpt>
   <trkpt lat="34.427420000000005" lon="-111.27087">
    <ele>1882.0400000000002</ele>
   </trkpt>
   <trkpt lat="34.42748" lon="-111.27096">
    <ele>1882.4600000000003</ele>
   </trkpt>
   <trkpt lat="34.42763" lon="-111.27102000000001">
    <ele>1883.65</ele>
   </trkpt>
   <trkpt lat="34.42774" lon="-111.27105">
    <ele>1885.4400000000003</ele>
   </trkpt>
   <trkpt lat="34.42792" lon="-111.27089000000001">
    <ele>1888.1200000000001</ele>
   </trkpt>
   <trkpt lat="34.42795" lon="-111.27096">
    <ele>1888.63</ele>
   </trkpt>
   <trkpt lat="34.4279" lon="-111.27119">
    <ele>1890.0200000000002</ele>
   </trkpt>
   <trkpt lat="34.427820000000004" lon="-111.27124">
    <ele>1890.74</ele>
   </trkpt>
   <trkpt lat="34.427620000000005" lon="-111.27128">
    <ele>1891.7400000000002</ele>
   </trkpt>
   <trkpt lat="34.4273" lon="-111.27119">
    <ele>1893.5800000000002</ele>
   </trkpt>
   <trkpt lat="34.42718" lon="-111.27119">
    <ele>1894.3400000000001</ele>
   </trkpt>
   <trkpt lat="34.427910000000004" lon="-111.27172000000002">
    <ele>1901.6000000000001</ele>
   </trkpt>
   <trkpt lat="34.42803" lon="-111.27186">
    <ele>1901.9800000000002</ele>
   </trkpt>
   <trkpt lat="34.42822" lon="-111.27199">
    <ele>1904.2</ele>
   </trkpt>
   <trkpt lat="34.42826" lon="-111.27208">
    <ele>1904.71</ele>
   </trkpt>
   <trkpt lat="34.42824" lon="-111.27222">
    <ele>1904.9600000000003</ele>
   </trkpt>
   <trkpt lat="34.428290000000004" lon="-111.27268000000001">
    <ele>1903.4400000000003</ele>
   </trkpt>
   <trkpt lat="34.42833" lon="-111.27286000000001">
    <ele>1902.5700000000002</ele>
   </trkpt>
   <trkpt lat="34.428450000000005" lon="-111.27322000000001">
    <ele>1900.8300000000002</ele>
   </trkpt>
   <trkpt lat="34.42844" lon="-111.27334">
    <ele>1901.1200000000001</ele>
   </trkpt>
   <trkpt lat="34.42846" lon="-111.27365">
    <ele>1902.5900000000001</ele>
   </trkpt>
   <trkpt lat="34.42844" lon="-111.27390000000001">
    <ele>1904.4600000000003</ele>
   </trkpt>
   <trkpt lat="34.42837" lon="-111.2741">
    <ele>1904.6600000000003</ele>
   </trkpt>
   <trkpt lat="34.42832" lon="-111.27464">
    <ele>1905.46</ele>
   </trkpt>
   <trkpt lat="34.42812" lon="-111.27562">
    <ele>1904.53</ele>
   </trkpt>
   <trkpt lat="34.42804" lon="-111.2762">
    <ele>1902.7300000000002</ele>
   </trkpt>
   <trkpt lat="34.42806" lon="-111.27639">
    <ele>1902.65</ele>
   </trkpt>
   <trkpt lat="34.42803" lon="-111.27652">
    <ele>1902.8300000000002</ele>
   </trkpt>
   <trkpt lat="34.42804" lon="-111.27656">
    <ele>1902.8300000000002</ele>
   </trkpt>
   <trkpt lat="34.428180000000005" lon="-111.27665">
    <ele>1903.3000000000002</ele>
   </trkpt>
   <trkpt lat="34.42822" lon="-111.27671000000001">
    <ele>1903.22</ele>
   </trkpt>
   <trkpt lat="34.428200000000004" lon="-111.27678">
    <ele>1902.7900000000002</ele>
   </trkpt>
   <trkpt lat="34.427980000000005" lon="-111.27692">
    <ele>1901.2900000000002</ele>
   </trkpt>
   <trkpt lat="34.42794" lon="-111.27706">
    <ele>1900.8200000000002</ele>
   </trkpt>
   <trkpt lat="34.427890000000005" lon="-111.2771">
    <ele>1900.5900000000001</ele>
   </trkpt>
   <trkpt lat="34.427780000000006" lon="-111.27706">
    <ele>1900.48</ele>
   </trkpt>
   <trkpt lat="34.427730000000004" lon="-111.27715">
    <ele>1900.5500000000002</ele>
   </trkpt>
   <trkpt lat="34.427670000000006" lon="-111.27737">
    <ele>1901.31</ele>
   </trkpt>
   <trkpt lat="34.427670000000006" lon="-111.27786">
    <ele>1901.8500000000001</ele>
   </trkpt>
   <trkpt lat="34.427580000000006" lon="-111.27804">
    <ele>1902.3200000000002</ele>
   </trkpt>
   <trkpt lat="34.42754" lon="-111.27835">
    <ele>1903.67</ele>
   </trkpt>
   <trkpt lat="34.42763" lon="-111.27862">
    <ele>1905.43</ele>
   </trkpt>
   <trkpt lat="34.42777" lon="-111.27868000000001">
    <ele>1905.99</ele>
   </trkpt>
   <trkpt lat="34.427730000000004" lon="-111.27877000000001">
    <ele>1906.09</ele>
   </trkpt>
   <trkpt lat="34.427670000000006" lon="-111.27881000000001">
    <ele>1905.97</ele>
   </trkpt>
   <trkpt lat="34.42756" lon="-111.27884">
    <ele>1905.5300000000002</ele>
   </trkpt>
   <trkpt lat="34.42748" lon="-111.27890000000001">
    <ele>1905.48</ele>
   </trkpt>
   <trkpt lat="34.427620000000005" lon="-111.27921">
    <ele>1905.97</ele>
   </trkpt>
   <trkpt lat="34.427890000000005" lon="-111.27943">
    <ele>1906.91</ele>
   </trkpt>
   <trkpt lat="34.42804" lon="-111.27978">
    <ele>1907.4700000000003</ele>
   </trkpt>
   <trkpt lat="34.42817" lon="-111.27987">
    <ele>1908.5</ele>
   </trkpt>
   <trkpt lat="34.428580000000004" lon="-111.28007000000001">
    <ele>1909.3600000000001</ele>
   </trkpt>
   <trkpt lat="34.42875" lon="-111.28028">
    <ele>1909.88</ele>
   </trkpt>
   <trkpt lat="34.42869" lon="-111.28033">
    <ele>1909.94</ele>
   </trkpt>
   <trkpt lat="34.42877" lon="-111.28072">
    <ele>1909.8700000000001</ele>
   </trkpt>
   <trkpt lat="34.428740000000005" lon="-111.28072">
    <ele>1909.8700000000001</ele>
   </trkpt>
   <trkpt lat="34.428760000000004" lon="-111.28072">
    <ele>1909.8700000000001</ele>
   </trkpt>
   <trkpt lat="34.428670000000004" lon="-111.28073">
    <ele>1909.99</ele>
   </trkpt>
   <trkpt lat="34.428520000000006" lon="-111.28072">
    <ele>1910.0100000000002</ele>
   </trkpt>
   <trkpt lat="34.42833" lon="-111.28073">
    <ele>1909.9800000000002</ele>
   </trkpt>
   <trkpt lat="34.428160000000005" lon="-111.28081">
    <ele>1910.3000000000002</ele>
   </trkpt>
   <trkpt lat="34.428020000000004" lon="-111.28099">
    <ele>1910.41</ele>
   </trkpt>
   <trkpt lat="34.42786" lon="-111.28108">
    <ele>1910.3000000000002</ele>
   </trkpt>
   <trkpt lat="34.42772" lon="-111.28110000000001">
    <ele>1910.6600000000003</ele>
   </trkpt>
   <trkpt lat="34.4271" lon="-111.28117">
    <ele>1912.7800000000002</ele>
   </trkpt>
   <trkpt lat="34.42703" lon="-111.28112000000002">
    <ele>1913.0600000000002</ele>
   </trkpt>
   <trkpt lat="34.4264" lon="-111.28127">
    <ele>1915.75</ele>
   </trkpt>
   <trkpt lat="34.426390000000005" lon="-111.2814">
    <ele>1915.5000000000002</ele>
   </trkpt>
   <trkpt lat="34.42633" lon="-111.28157">
    <ele>1914.7500000000002</ele>
   </trkpt>
   <trkpt lat="34.42629" lon="-111.28177000000001">
    <ele>1913.1700000000003</ele>
   </trkpt>
   <trkpt lat="34.42624" lon="-111.28189">
    <ele>1912.6100000000001</ele>
   </trkpt>
   <trkpt lat="34.426230000000004" lon="-111.28202">
    <ele>1912.14</ele>
   </trkpt>
   <trkpt lat="34.42609" lon="-111.2822">
    <ele>1911.3600000000001</ele>
   </trkpt>
   <trkpt lat="34.426100000000005" lon="-111.28238">
    <ele>1910.15</ele>
   </trkpt>
   <trkpt lat="34.426080000000006" lon="-111.28266">
    <ele>1909.79</ele>
   </trkpt>
   <trkpt lat="34.426190000000005" lon="-111.28278">
    <ele>1908.7900000000002</ele>
   </trkpt>
   <trkpt lat="34.42638" lon="-111.28292">
    <ele>1906.74</ele>
   </trkpt>
   <trkpt lat="34.427" lon="-111.28287">
    <ele>1903.88</ele>
   </trkpt>
   <trkpt lat="34.427130000000005" lon="-111.28289000000001">
    <ele>1903.65</ele>
   </trkpt>
   <trkpt lat="34.427170000000004" lon="-111.28296">
    <ele>1903.55</ele>
   </trkpt>
   <trkpt lat="34.427080000000004" lon="-111.2831">
    <ele>1903.1100000000001</ele>
   </trkpt>
   <trkpt lat="34.42703" lon="-111.28329000000001">
    <ele>1903.3700000000001</ele>
   </trkpt>
   <trkpt lat="34.427060000000004" lon="-111.28368">
    <ele>1903.75</ele>
   </trkpt>
   <trkpt lat="34.42703" lon="-111.28396000000001">
    <ele>1903.19</ele>
   </trkpt>
   <trkpt lat="34.42692" lon="-111.284">
    <ele>1902.64</ele>
   </trkpt>
   <trkpt lat="34.426590000000004" lon="-111.28378000000001">
    <ele>1900.5600000000002</ele>
   </trkpt>
   <trkpt lat="34.426460000000006" lon="-111.28377">
    <ele>1900.03</ele>
   </trkpt>
   <trkpt lat="34.42618" lon="-111.28417">
    <ele>1900.4900000000002</ele>
   </trkpt>
   <trkpt lat="34.42616" lon="-111.28431">
    <ele>1900.77</ele>
   </trkpt>
   <trkpt lat="34.42624" lon="-111.28444">
    <ele>1902.03</ele>
   </trkpt>
   <trkpt lat="34.426480000000005" lon="-111.28457">
    <ele>1903.0700000000002</ele>
   </trkpt>
   <trkpt lat="34.426520000000004" lon="-111.28466">
    <ele>1903.19</ele>
   </trkpt>
   <trkpt lat="34.42672" lon="-111.28484">
    <ele>1903.19</ele>
   </trkpt>
   <trkpt lat="34.426840000000006" lon="-111.28489">
    <ele>1903.04</ele>
   </trkpt>
   <trkpt lat="34.426880000000004" lon="-111.28498">
    <ele>1902.9300000000003</ele>
   </trkpt>
   <trkpt lat="34.4266" lon="-111.28516">
    <ele>1902.6100000000001</ele>
   </trkpt>
   <trkpt lat="34.42654" lon="-111.28525">
    <ele>1902.74</ele>
   </trkpt>
   <trkpt lat="34.42642" lon="-111.28552">
    <ele>1902.8400000000001</ele>
   </trkpt>
   <trkpt lat="34.426390000000005" lon="-111.2857">
    <ele>1902.8100000000002</ele>
   </trkpt>
   <trkpt lat="34.42616" lon="-111.28623">
    <ele>1900.8</ele>
   </trkpt>
   <trkpt lat="34.426080000000006" lon="-111.28629000000001">
    <ele>1900.8</ele>
   </trkpt>
   <trkpt lat="34.42597" lon="-111.28642">
    <ele>1900.15</ele>
   </trkpt>
   <trkpt lat="34.425900000000006" lon="-111.28655">
    <ele>1900.09</ele>
   </trkpt>
   <trkpt lat="34.42584" lon="-111.28669000000001">
    <ele>1900.36</ele>
   </trkpt>
   <trkpt lat="34.42584" lon="-111.28686">
    <ele>1900.7200000000003</ele>
   </trkpt>
   <trkpt lat="34.42578" lon="-111.28699">
    <ele>1900.8500000000001</ele>
   </trkpt>
   <trkpt lat="34.4256" lon="-111.28708">
    <ele>1900.7</ele>
   </trkpt>
   <trkpt lat="34.425540000000005" lon="-111.28721000000002">
    <ele>1900.3</ele>
   </trkpt>
   <trkpt lat="34.42533" lon="-111.28741000000001">
    <ele>1897.5600000000002</ele>
   </trkpt>
   <trkpt lat="34.425110000000004" lon="-111.28750000000001">
    <ele>1896.3</ele>
   </trkpt>
   <trkpt lat="34.42463" lon="-111.28748">
    <ele>1893.8400000000001</ele>
   </trkpt>
   <trkpt lat="34.424260000000004" lon="-111.28735">
    <ele>1893.43</ele>
   </trkpt>
   <trkpt lat="34.42371" lon="-111.28736">
    <ele>1892.3</ele>
   </trkpt>
   <trkpt lat="34.4238" lon="-111.28744">
    <ele>1891.49</ele>
   </trkpt>
   <trkpt lat="34.4243" lon="-111.28745">
    <ele>1889.9</ele>
   </trkpt>
   <trkpt lat="34.424620000000004" lon="-111.28762">
    <ele>1888.0400000000002</ele>
   </trkpt>
   <trkpt lat="34.42508" lon="-111.28789">
    <ele>1885.8100000000002</ele>
   </trkpt>
   <trkpt lat="34.425380000000004" lon="-111.28793">
    <ele>1883.8400000000001</ele>
   </trkpt>
   <trkpt lat="34.42559" lon="-111.28789">
    <ele>1883.76</ele>
   </trkpt>
   <trkpt lat="34.42573" lon="-111.28793">
    <ele>1884.0</ele>
   </trkpt>
   <trkpt lat="34.42555" lon="-111.28807">
    <ele>1884.5300000000002</ele>
   </trkpt>
   <trkpt lat="34.42522" lon="-111.28825">
    <ele>1885.43</ele>
   </trkpt>
   <trkpt lat="34.425110000000004" lon="-111.28835000000001">
    <ele>1885.0700000000002</ele>
   </trkpt>
   <trkpt lat="34.42503" lon="-111.28874">
    <ele>1882.96</ele>
   </trkpt>
   <trkpt lat="34.42515" lon="-111.28887">
    <ele>1882.6200000000001</ele>
   </trkpt>
   <trkpt lat="34.425200000000004" lon="-111.28905">
    <ele>1882.3600000000001</ele>
   </trkpt>
   <trkpt lat="34.42526" lon="-111.28936">
    <ele>1881.1400000000003</ele>
   </trkpt>
   <trkpt lat="34.425200000000004" lon="-111.28941">
    <ele>1880.8200000000002</ele>
   </trkpt>
   <trkpt lat="34.42494" lon="-111.28928">
    <ele>1878.3400000000001</ele>
   </trkpt>
   <trkpt lat="34.424870000000006" lon="-111.28932">
    <ele>1877.15</ele>
   </trkpt>
   <trkpt lat="34.42485" lon="-111.28941">
    <ele>1877.15</ele>
   </trkpt>
   <trkpt lat="34.4249" lon="-111.28954">
    <ele>1876.39</ele>
   </trkpt>
   <trkpt lat="34.4249" lon="-111.28959">
    <ele>1876.39</ele>
   </trkpt>
   <trkpt lat="34.42484" lon="-111.28968">
    <ele>1874.68</ele>
   </trkpt>
   <trkpt lat="34.42474" lon="-111.28977">
    <ele>1874.0200000000002</ele>
   </trkpt>
   <trkpt lat="34.424150000000004" lon="-111.29013">
    <ele>1869.7400000000002</ele>
   </trkpt>
   <trkpt lat="34.423970000000004" lon="-111.29013">
    <ele>1867.69</ele>
   </trkpt>
   <trkpt lat="34.423790000000004" lon="-111.29018">
    <ele>1867.17</ele>
   </trkpt>
   <trkpt lat="34.42372" lon="-111.29041000000001">
    <ele>1866.13</ele>
   </trkpt>
   <trkpt lat="34.42371" lon="-111.29054000000001">
    <ele>1865.9500000000003</ele>
   </trkpt>
   <trkpt lat="34.4238" lon="-111.29068000000001">
    <ele>1865.4700000000003</ele>
   </trkpt>
   <trkpt lat="34.42383" lon="-111.29102">
    <ele>1864.41</ele>
   </trkpt>
   <trkpt lat="34.423860000000005" lon="-111.29107">
    <ele>1864.41</ele>
   </trkpt>
   <trkpt lat="34.42378" lon="-111.29126000000001">
    <ele>1864.9</ele>
   </trkpt>
   <trkpt lat="34.423770000000005" lon="-111.29135000000001">
    <ele>1864.88</ele>
   </trkpt>
   <trkpt lat="34.42372" lon="-111.29151">
    <ele>1864.72</ele>
   </trkpt>
   <trkpt lat="34.42365" lon="-111.2916">
    <ele>1864.38</ele>
   </trkpt>
   <trkpt lat="34.42352" lon="-111.29169">
    <ele>1864.24</ele>
   </trkpt>
   <trkpt lat="34.42336" lon="-111.29171000000001">
    <ele>1864.17</ele>
   </trkpt>
   <trkpt lat="34.42324" lon="-111.29171000000001">
    <ele>1864.0500000000002</ele>
   </trkpt>
   <trkpt lat="34.42286" lon="-111.29165">
    <ele>1862.95</ele>
   </trkpt>
   <trkpt lat="34.42269" lon="-111.29169">
    <ele>1862.95</ele>
   </trkpt>
   <trkpt lat="34.42259" lon="-111.29166000000001">
    <ele>1862.91</ele>
   </trkpt>
   <trkpt lat="34.42228" lon="-111.29142">
    <ele>1863.1200000000001</ele>
   </trkpt>
   <trkpt lat="34.421910000000004" lon="-111.29121">
    <ele>1863.45</ele>
   </trkpt>
   <trkpt lat="34.42163" lon="-111.29112">
    <ele>1864.0400000000002</ele>
   </trkpt>
   <trkpt lat="34.42127" lon="-111.29089">
    <ele>1865.5400000000002</ele>
   </trkpt>
   <trkpt lat="34.420970000000004" lon="-111.29071">
    <ele>1865.7400000000002</ele>
   </trkpt>
   <trkpt lat="34.4208" lon="-111.29072000000001">
    <ele>1865.7400000000002</ele>
   </trkpt>
   <trkpt lat="34.42056" lon="-111.29059000000001">
    <ele>1865.6200000000001</ele>
   </trkpt>
   <trkpt lat="34.42033" lon="-111.29062">
    <ele>1865.73</ele>
   </trkpt>
   <trkpt lat="34.42015" lon="-111.29067">
    <ele>1865.6100000000001</ele>
   </trkpt>
   <trkpt lat="34.41998" lon="-111.2908">
    <ele>1865.01</ele>
   </trkpt>
   <trkpt lat="34.41986" lon="-111.29099000000001">
    <ele>1863.93</ele>
   </trkpt>
   <trkpt lat="34.41984" lon="-111.2912">
    <ele>1863.52</ele>
   </trkpt>
   <trkpt lat="34.419940000000004" lon="-111.29162000000001">
    <ele>1860.8600000000001</ele>
   </trkpt>
   <trkpt lat="34.42004" lon="-111.29183">
    <ele>1860.3700000000001</ele>
   </trkpt>
   <trkpt lat="34.4202" lon="-111.29196">
    <ele>1859.35</ele>
   </trkpt>
   <trkpt lat="34.42046000097747" lon="-111.2924299986806">
    <ele>1858.6200000000001</ele>
   </trkpt>
   <trkpt lat="34.42072" lon="-111.2929">
    <ele>1858.1000000000001</ele>
   </trkpt>
   <trkpt lat="34.420750000000005" lon="-111.29304">
    <ele>1858.23</ele>
   </trkpt>
   <trkpt lat="34.42085" lon="-111.29317">
    <ele>1858.7300000000002</ele>
   </trkpt>
   <trkpt lat="34.421150000000004" lon="-111.29326">
    <ele>1860.23</ele>
   </trkpt>
   <trkpt lat="34.421290000000006" lon="-111.29339">
    <ele>1861.3400000000001</ele>
   </trkpt>
   <trkpt lat="34.42181" lon="-111.29349">
    <ele>1862.17</ele>
   </trkpt>
   <trkpt lat="34.42184" lon="-111.29353">
    <ele>1862.3400000000001</ele>
   </trkpt>
   <trkpt lat="34.422050000000006" lon="-111.29433">
    <ele>1863.8500000000001</ele>
   </trkpt>
   <trkpt lat="34.42215" lon="-111.29442">
    <ele>1862.27</ele>
   </trkpt>
   <trkpt lat="34.4223" lon="-111.29466000000001">
    <ele>1861.5900000000001</ele>
   </trkpt>
   <trkpt lat="34.42213" lon="-111.29502000000001">
    <ele>1863.7700000000002</ele>
   </trkpt>
   <trkpt lat="34.4221" lon="-111.29515">
    <ele>1864.5500000000002</ele>
   </trkpt>
   <trkpt lat="34.422450000000005" lon="-111.29515">
    <ele>1867.3100000000002</ele>
   </trkpt>
   <trkpt lat="34.422470000000004" lon="-111.29520000000001">
    <ele>1867.5900000000001</ele>
   </trkpt>
   <trkpt lat="34.42241" lon="-111.29523">
    <ele>1867.5900000000001</ele>
   </trkpt>
   <trkpt lat="34.42233" lon="-111.29532">
    <ele>1868.0800000000002</ele>
   </trkpt>
   <trkpt lat="34.422290000000004" lon="-111.29545">
    <ele>1869.2100000000003</ele>
   </trkpt>
   <trkpt lat="34.42219" lon="-111.29563">
    <ele>1869.2100000000003</ele>
   </trkpt>
   <trkpt lat="34.42208" lon="-111.29599">
    <ele>1871.66</ele>
   </trkpt>
   <trkpt lat="34.42197" lon="-111.29608">
    <ele>1871.8200000000002</ele>
   </trkpt>
   <trkpt lat="34.42186" lon="-111.29613">
    <ele>1871.94</ele>
   </trkpt>
   <trkpt lat="34.42181" lon="-111.29632000000001">
    <ele>1871.4100000000003</ele>
   </trkpt>
   <trkpt lat="34.421820000000004" lon="-111.29645000000001">
    <ele>1870.8700000000001</ele>
   </trkpt>
   <trkpt lat="34.421780000000005" lon="-111.29662">
    <ele>1869.5400000000002</ele>
   </trkpt>
   <trkpt lat="34.42184" lon="-111.29671">
    <ele>1868.3500000000001</ele>
   </trkpt>
   <trkpt lat="34.42193" lon="-111.29675">
    <ele>1867.9900000000002</ele>
   </trkpt>
   <trkpt lat="34.42199" lon="-111.29684">
    <ele>1867.43</ele>
   </trkpt>
   <trkpt lat="34.421890000000005" lon="-111.29702">
    <ele>1867.0900000000001</ele>
   </trkpt>
   <trkpt lat="34.42179" lon="-111.29716">
    <ele>1866.98</ele>
   </trkpt>
   <trkpt lat="34.421730000000004" lon="-111.29729">
    <ele>1866.84</ele>
   </trkpt>
   <trkpt lat="34.421670000000006" lon="-111.29733">
    <ele>1866.06</ele>
   </trkpt>
   <trkpt lat="34.42163" lon="-111.29738">
    <ele>1866.06</ele>
   </trkpt>
   <trkpt lat="34.42145" lon="-111.29774">
    <ele>1864.91</ele>
   </trkpt>
   <trkpt lat="34.42141" lon="-111.29791000000002">
    <ele>1864.1100000000001</ele>
   </trkpt>
   <trkpt lat="34.42132" lon="-111.29800000000002">
    <ele>1862.7300000000002</ele>
   </trkpt>
   <trkpt lat="34.42119" lon="-111.29818">
    <ele>1858.1000000000001</ele>
   </trkpt>
   <trkpt lat="34.420790000000004" lon="-111.29854">
    <ele>1854.88</ele>
   </trkpt>
   <trkpt lat="34.42027" lon="-111.29863">
    <ele>1852.3200000000002</ele>
   </trkpt>
   <trkpt lat="34.42005" lon="-111.29882">
    <ele>1851.3400000000001</ele>
   </trkpt>
   <trkpt lat="34.419920000000005" lon="-111.299">
    <ele>1850.84</ele>
   </trkpt>
   <trkpt lat="34.41989" lon="-111.29927">
    <ele>1850.3200000000002</ele>
   </trkpt>
   <trkpt lat="34.41991" lon="-111.29944">
    <ele>1851.3000000000002</ele>
   </trkpt>
   <trkpt lat="34.41997" lon="-111.29957">
    <ele>1851.8300000000002</ele>
   </trkpt>
   <trkpt lat="34.41998" lon="-111.29967">
    <ele>1854.98</ele>
   </trkpt>
   <trkpt lat="34.41989" lon="-111.29998">
    <ele>1856.93</ele>
   </trkpt>
   <trkpt lat="34.419790000000006" lon="-111.30042">
    <ele>1858.65</ele>
   </trkpt>
   <trkpt lat="34.419760000000004" lon="-111.30065">
    <ele>1860.3300000000002</ele>
   </trkpt>
   <trkpt lat="34.419700000000006" lon="-111.30087">
    <ele>1861.2700000000002</ele>
   </trkpt>
   <trkpt lat="34.41969" lon="-111.30097">
    <ele>1861.39</ele>
   </trkpt>
   <trkpt lat="34.41984" lon="-111.30136">
    <ele>1860.8200000000002</ele>
   </trkpt>
   <trkpt lat="34.419810000000005" lon="-111.30141">
    <ele>1860.57</ele>
   </trkpt>
   <trkpt lat="34.419760000000004" lon="-111.30142000000001">
    <ele>1860.42</ele>
   </trkpt>
   <trkpt lat="34.41968" lon="-111.30154">
    <ele>1860.7700000000002</ele>
   </trkpt>
   <trkpt lat="34.41995" lon="-111.3019">
    <ele>1865.4800000000002</ele>
   </trkpt>
   <trkpt lat="34.41986" lon="-111.30195">
    <ele>1866.6100000000001</ele>
   </trkpt>
   <trkpt lat="34.41958" lon="-111.30187000000001">
    <ele>1868.0100000000002</ele>
   </trkpt>
   <trkpt lat="34.41933" lon="-111.302">
    <ele>1870.0</ele>
   </trkpt>
   <trkpt lat="34.41921" lon="-111.30226">
    <ele>1873.05</ele>
   </trkpt>
   <trkpt lat="34.41913" lon="-111.30269000000001">
    <ele>1876.4900000000002</ele>
   </trkpt>
   <trkpt lat="34.419140000000006" lon="-111.30288000000002">
    <ele>1877.5300000000002</ele>
   </trkpt>
   <trkpt lat="34.41921" lon="-111.30312">
    <ele>1881.25</ele>
   </trkpt>
   <trkpt lat="34.41928" lon="-111.30333">
    <ele>1883.0600000000002</ele>
   </trkpt>
   <trkpt lat="34.41935" lon="-111.30339000000001">
    <ele>1883.7100000000003</ele>
   </trkpt>
   <trkpt lat="34.41924" lon="-111.30351">
    <ele>1884.1900000000003</ele>
   </trkpt>
   <trkpt lat="34.41901" lon="-111.30369">
    <ele>1884.0200000000002</ele>
   </trkpt>
   <trkpt lat="34.418910000000004" lon="-111.30414">
    <ele>1883.2300000000002</ele>
   </trkpt>
   <trkpt lat="34.418910000000004" lon="-111.30423">
    <ele>1882.72</ele>
   </trkpt>
   <trkpt lat="34.41899" lon="-111.30429000000001">
    <ele>1882.3200000000002</ele>
   </trkpt>
   <trkpt lat="34.41901" lon="-111.30436">
    <ele>1882.06</ele>
   </trkpt>
   <trkpt lat="34.41883" lon="-111.30445">
    <ele>1882.0500000000002</ele>
   </trkpt>
   <trkpt lat="34.418670000000006" lon="-111.30476000000002">
    <ele>1881.3200000000002</ele>
   </trkpt>
   <trkpt lat="34.418620000000004" lon="-111.30503">
    <ele>1879.7500000000002</ele>
   </trkpt>
   <trkpt lat="34.418420000000005" lon="-111.30521">
    <ele>1879.4</ele>
   </trkpt>
   <trkpt lat="34.418380000000006" lon="-111.30532000000001">
    <ele>1878.99</ele>
   </trkpt>
   <trkpt lat="34.418330000000005" lon="-111.30539">
    <ele>1879.01</ele>
   </trkpt>
   <trkpt lat="34.41816" lon="-111.30539">
    <ele>1879.39</ele>
   </trkpt>
   <trkpt lat="34.417840000000005" lon="-111.30572000000001">
    <ele>1880.0200000000002</ele>
   </trkpt>
   <trkpt lat="34.417750000000005" lon="-111.30593">
    <ele>1879.3300000000002</ele>
   </trkpt>
   <trkpt lat="34.41776" lon="-111.30606">
    <ele>1876.88</ele>
   </trkpt>
   <trkpt lat="34.417820000000006" lon="-111.30629">
    <ele>1875.3300000000002</ele>
   </trkpt>
   <trkpt lat="34.41796" lon="-111.30644000000001">
    <ele>1874.2600000000002</ele>
   </trkpt>
   <trkpt lat="34.41796" lon="-111.30651">
    <ele>1874.18</ele>
   </trkpt>
   <trkpt lat="34.417860000000005" lon="-111.30665">
    <ele>1874.5500000000002</ele>
   </trkpt>
   <trkpt lat="34.417820000000006" lon="-111.30674">
    <ele>1875.0700000000002</ele>
   </trkpt>
   <trkpt lat="34.417750000000005" lon="-111.30678">
    <ele>1875.4</ele>
   </trkpt>
   <trkpt lat="34.417750000000005" lon="-111.30693000000001">
    <ele>1876.84</ele>
   </trkpt>
   <trkpt lat="34.4177" lon="-111.30705">
    <ele>1877.16</ele>
   </trkpt>
   <trkpt lat="34.41747" lon="-111.30714">
    <ele>1879.4</ele>
   </trkpt>
   <trkpt lat="34.417170000000006" lon="-111.30747000000001">
    <ele>1880.8600000000001</ele>
   </trkpt>
   <trkpt lat="34.41715" lon="-111.30747000000001">
    <ele>1881.65</ele>
   </trkpt>
   <trkpt lat="34.417030000000004" lon="-111.30759">
    <ele>1881.8700000000001</ele>
   </trkpt>
   <trkpt lat="34.41709" lon="-111.30777">
    <ele>1882.8600000000001</ele>
   </trkpt>
   <trkpt lat="34.417210000000004" lon="-111.3079">
    <ele>1883.9800000000002</ele>
   </trkpt>
   <trkpt lat="34.417210000000004" lon="-111.30794">
    <ele>1884.45</ele>
   </trkpt>
   <trkpt lat="34.41714" lon="-111.30818000000001">
    <ele>1886.51</ele>
   </trkpt>
   <trkpt lat="34.4172" lon="-111.30835">
    <ele>1886.3500000000001</ele>
   </trkpt>
   <trkpt lat="34.41734" lon="-111.30862">
    <ele>1886.68</ele>
   </trkpt>
   <trkpt lat="34.417550000000006" lon="-111.30888">
    <ele>1887.8500000000001</ele>
   </trkpt>
   <trkpt lat="34.41763" lon="-111.30907">
    <ele>1890.67</ele>
   </trkpt>
   <trkpt lat="34.41761" lon="-111.30911">
    <ele>1890.67</ele>
   </trkpt>
   <trkpt lat="34.41734" lon="-111.30897">
    <ele>1892.45</ele>
   </trkpt>
   <trkpt lat="34.4172" lon="-111.30893">
    <ele>1893.13</ele>
   </trkpt>
   <trkpt lat="34.416990000000006" lon="-111.30890000000001">
    <ele>1895.0500000000002</ele>
   </trkpt>
   <trkpt lat="34.416700000000006" lon="-111.3088">
    <ele>1896.97</ele>
   </trkpt>
   <trkpt lat="34.416290000000004" lon="-111.30879000000002">
    <ele>1897.0300000000002</ele>
   </trkpt>
   <trkpt lat="34.41588" lon="-111.30884">
    <ele>1899.6800000000003</ele>
   </trkpt>
   <trkpt lat="34.4157" lon="-111.30897">
    <ele>1898.1200000000001</ele>
   </trkpt>
   <trkpt lat="34.41561" lon="-111.30915">
    <ele>1897.8100000000002</ele>
   </trkpt>
   <trkpt lat="34.41555" lon="-111.30933">
    <ele>1898.97</ele>
   </trkpt>
   <trkpt lat="34.415530000000004" lon="-111.30947">
    <ele>1898.97</ele>
   </trkpt>
   <trkpt lat="34.41555" lon="-111.3096">
    <ele>1900.4</ele>
   </trkpt>
   <trkpt lat="34.41564" lon="-111.30978">
    <ele>1901.0900000000001</ele>
   </trkpt>
   <trkpt lat="34.415670000000006" lon="-111.30996">
    <ele>1900.53</ele>
   </trkpt>
   <trkpt lat="34.415760000000006" lon="-111.31002000000001">
    <ele>1900.3200000000002</ele>
   </trkpt>
   <trkpt lat="34.415980000000005" lon="-111.31038000000001">
    <ele>1898.38</ele>
   </trkpt>
   <trkpt lat="34.41604" lon="-111.31064">
    <ele>1898.23</ele>
   </trkpt>
   <trkpt lat="34.41595" lon="-111.31063">
    <ele>1898.6100000000001</ele>
   </trkpt>
   <trkpt lat="34.41586" lon="-111.3105">
    <ele>1900.47</ele>
   </trkpt>
   <trkpt lat="34.415710000000004" lon="-111.31049000000002">
    <ele>1901.14</ele>
   </trkpt>
   <trkpt lat="34.41566" lon="-111.31042000000001">
    <ele>1901.93</ele>
   </trkpt>
   <trkpt lat="34.41557" lon="-111.31038000000001">
    <ele>1902.17</ele>
   </trkpt>
   <trkpt lat="34.41519" lon="-111.31032">
    <ele>1904.41</ele>
   </trkpt>
   <trkpt lat="34.41508" lon="-111.31027">
    <ele>1905.31</ele>
   </trkpt>
   <trkpt lat="34.414880000000004" lon="-111.31027">
    <ele>1906.74</ele>
   </trkpt>
   <trkpt lat="34.414860000000004" lon="-111.31032">
    <ele>1906.74</ele>
   </trkpt>
   <trkpt lat="34.41489" lon="-111.31036">
    <ele>1906.74</ele>
   </trkpt>
   <trkpt lat="34.41503" lon="-111.3105">
    <ele>1908.63</ele>
   </trkpt>
   <trkpt lat="34.41545" lon="-111.31068">
    <ele>1911.6000000000001</ele>
   </trkpt>
   <trkpt lat="34.41552" lon="-111.31087000000001">
    <ele>1913.52</ele>
   </trkpt>
   <trkpt lat="34.41564" lon="-111.311">
    <ele>1913.8600000000001</ele>
   </trkpt>
   <trkpt lat="34.415780000000005" lon="-111.31126">
    <ele>1914.3100000000002</ele>
   </trkpt>
   <trkpt lat="34.41588" lon="-111.31135">
    <ele>1914.3100000000002</ele>
   </trkpt>
   <trkpt lat="34.415960000000005" lon="-111.31139">
    <ele>1914.63</ele>
   </trkpt>
   <trkpt lat="34.41628" lon="-111.31144">
    <ele>1915.3000000000002</ele>
   </trkpt>
   <trkpt lat="34.41646" lon="-111.31149">
    <ele>1916.15</ele>
   </trkpt>
   <trkpt lat="34.416630000000005" lon="-111.31171">
    <ele>1918.16</ele>
   </trkpt>
   <trkpt lat="34.416810000000005" lon="-111.31179">
    <ele>1919.4400000000003</ele>
   </trkpt>
   <trkpt lat="34.416900000000005" lon="-111.31197">
    <ele>1922.8600000000001</ele>
   </trkpt>
   <trkpt lat="34.41696" lon="-111.3122">
    <ele>1924.4800000000002</ele>
   </trkpt>
   <trkpt lat="34.417" lon="-111.31243">
    <ele>1926.13</ele>
   </trkpt>
   <trkpt lat="34.41706" lon="-111.3126">
    <ele>1926.9300000000003</ele>
   </trkpt>
   <trkpt lat="34.41706" lon="-111.31275000000001">
    <ele>1926.7500000000002</ele>
   </trkpt>
   <trkpt lat="34.416920000000005" lon="-111.31315000000001">
    <ele>1925.8700000000001</ele>
   </trkpt>
   <trkpt lat="34.416700000000006" lon="-111.31403">
    <ele>1924.71</ele>
   </trkpt>
   <trkpt lat="34.416630000000005" lon="-111.31421">
    <ele>1924.64</ele>
   </trkpt>
   <trkpt lat="34.41653" lon="-111.31435">
    <ele>1924.5800000000002</ele>
   </trkpt>
   <trkpt lat="34.4164" lon="-111.31471">
    <ele>1926.2700000000002</ele>
   </trkpt>
   <trkpt lat="34.416340000000005" lon="-111.31511">
    <ele>1929.39</ele>
   </trkpt>
   <trkpt lat="34.41635" lon="-111.31529">
    <ele>1930.1500000000003</ele>
   </trkpt>
   <trkpt lat="34.41644" lon="-111.31565">
    <ele>1932.26</ele>
   </trkpt>
   <trkpt lat="34.416450000000005" lon="-111.31578">
    <ele>1932.3700000000001</ele>
   </trkpt>
   <trkpt lat="34.4163" lon="-111.31597000000001">
    <ele>1932.91</ele>
   </trkpt>
   <trkpt lat="34.416250000000005" lon="-111.31609">
    <ele>1932.95</ele>
   </trkpt>
   <trkpt lat="34.416230000000006" lon="-111.31627">
    <ele>1933.3300000000002</ele>
   </trkpt>
   <trkpt lat="34.41619" lon="-111.31641">
    <ele>1933.93</ele>
   </trkpt>
   <trkpt lat="34.4162" lon="-111.31660000000001">
    <ele>1934.1000000000001</ele>
   </trkpt>
   <trkpt lat="34.41633" lon="-111.31678000000001">
    <ele>1935.5300000000002</ele>
   </trkpt>
   <trkpt lat="34.41644" lon="-111.3169">
    <ele>1936.1100000000001</ele>
   </trkpt>
   <trkpt lat="34.416740000000004" lon="-111.31699">
    <ele>1938.3000000000002</ele>
   </trkpt>
   <trkpt lat="34.41689" lon="-111.31712">
    <ele>1938.8600000000001</ele>
   </trkpt>
   <trkpt lat="34.416940000000004" lon="-111.31731">
    <ele>1938.9600000000003</ele>
   </trkpt>
   <trkpt lat="34.41706" lon="-111.31753">
    <ele>1939.6700000000003</ele>
   </trkpt>
   <trkpt lat="34.417280000000005" lon="-111.31784">
    <ele>1939.9100000000003</ele>
   </trkpt>
   <trkpt lat="34.417300000000004" lon="-111.31794000000001">
    <ele>1940.3000000000002</ele>
   </trkpt>
   <trkpt lat="34.417350000000006" lon="-111.31806">
    <ele>1941.13</ele>
   </trkpt>
   <trkpt lat="34.417410000000004" lon="-111.31812000000001">
    <ele>1942.73</ele>
   </trkpt>
   <trkpt lat="34.417410000000004" lon="-111.3182">
    <ele>1942.73</ele>
   </trkpt>
   <trkpt lat="34.41738" lon="-111.31824">
    <ele>1943.21</ele>
   </trkpt>
   <trkpt lat="34.41704" lon="-111.31829">
    <ele>1946.0800000000002</ele>
   </trkpt>
   <trkpt lat="34.41657" lon="-111.31843">
    <ele>1946.9900000000002</ele>
   </trkpt>
   <trkpt lat="34.41657" lon="-111.31864">
    <ele>1947.8300000000002</ele>
   </trkpt>
   <trkpt lat="34.4166" lon="-111.31874">
    <ele>1947.93</ele>
   </trkpt>
   <trkpt lat="34.41669" lon="-111.31882">
    <ele>1948.1800000000003</ele>
   </trkpt>
   <trkpt lat="34.41691" lon="-111.31891">
    <ele>1949.2000000000003</ele>
   </trkpt>
   <trkpt lat="34.41702" lon="-111.31897000000001">
    <ele>1949.5800000000002</ele>
   </trkpt>
   <trkpt lat="34.41705" lon="-111.31906000000001">
    <ele>1949.7900000000002</ele>
   </trkpt>
   <trkpt lat="34.417030000000004" lon="-111.31914">
    <ele>1950.3100000000002</ele>
   </trkpt>
   <trkpt lat="34.41689" lon="-111.31928">
    <ele>1951.4000000000003</ele>
   </trkpt>
   <trkpt lat="34.41696" lon="-111.31945">
    <ele>1951.6000000000001</ele>
   </trkpt>
   <trkpt lat="34.416920000000005" lon="-111.31951000000001">
    <ele>1951.54</ele>
   </trkpt>
   <trkpt lat="34.41666" lon="-111.31959">
    <ele>1950.98</ele>
   </trkpt>
   <trkpt lat="34.416610000000006" lon="-111.31963">
    <ele>1951.0800000000002</ele>
   </trkpt>
   <trkpt lat="34.41653" lon="-111.31981">
    <ele>1951.6200000000001</ele>
   </trkpt>
   <trkpt lat="34.416520000000006" lon="-111.31994">
    <ele>1951.8300000000002</ele>
   </trkpt>
   <trkpt lat="34.41655" lon="-111.32012">
    <ele>1951.8600000000001</ele>
   </trkpt>
   <trkpt lat="34.416650000000004" lon="-111.3204">
    <ele>1951.5500000000002</ele>
   </trkpt>
   <trkpt lat="34.416610000000006" lon="-111.32044">
    <ele>1951.3300000000002</ele>
   </trkpt>
   <trkpt lat="34.416360000000005" lon="-111.32044">
    <ele>1950.47</ele>
   </trkpt>
   <trkpt lat="34.41631" lon="-111.32048">
    <ele>1950.3400000000001</ele>
   </trkpt>
   <trkpt lat="34.416230000000006" lon="-111.32076">
    <ele>1949.5300000000002</ele>
   </trkpt>
   <trkpt lat="34.41615" lon="-111.32093">
    <ele>1948.14</ele>
   </trkpt>
   <trkpt lat="34.415980000000005" lon="-111.32106">
    <ele>1948.1000000000001</ele>
   </trkpt>
   <trkpt lat="34.41588" lon="-111.32124">
    <ele>1948.77</ele>
   </trkpt>
   <trkpt lat="34.41584" lon="-111.32137000000002">
    <ele>1948.7900000000002</ele>
   </trkpt>
   <trkpt lat="34.41583" lon="-111.32148000000001">
    <ele>1948.56</ele>
   </trkpt>
   <trkpt lat="34.41574" lon="-111.32188000000001">
    <ele>1946.17</ele>
   </trkpt>
   <trkpt lat="34.41563" lon="-111.32191">
    <ele>1945.7000000000003</ele>
   </trkpt>
   <trkpt lat="34.415530000000004" lon="-111.32197000000001">
    <ele>1945.31</ele>
   </trkpt>
   <trkpt lat="34.41545" lon="-111.32206000000001">
    <ele>1945.34</ele>
   </trkpt>
   <trkpt lat="34.415420000000005" lon="-111.32214">
    <ele>1945.63</ele>
   </trkpt>
   <trkpt lat="34.41545" lon="-111.32240000000002">
    <ele>1946.1000000000001</ele>
   </trkpt>
   <trkpt lat="34.41543" lon="-111.32254">
    <ele>1946.46</ele>
   </trkpt>
   <trkpt lat="34.415440000000004" lon="-111.32267">
    <ele>1946.89</ele>
   </trkpt>
   <trkpt lat="34.41539" lon="-111.32281">
    <ele>1947.4700000000003</ele>
   </trkpt>
   <trkpt lat="34.415350000000004" lon="-111.32322">
    <ele>1947.5800000000002</ele>
   </trkpt>
   <trkpt lat="34.415400000000005" lon="-111.32357">
    <ele>1946.8700000000001</ele>
   </trkpt>
   <trkpt lat="34.41532" lon="-111.32375">
    <ele>1946.73</ele>
   </trkpt>
   <trkpt lat="34.415290000000006" lon="-111.32388">
    <ele>1946.88</ele>
   </trkpt>
   <trkpt lat="34.415220000000005" lon="-111.32397">
    <ele>1947.04</ele>
   </trkpt>
   <trkpt lat="34.4151" lon="-111.32406">
    <ele>1947.8200000000002</ele>
   </trkpt>
   <trkpt lat="34.415000000000006" lon="-111.3242">
    <ele>1948.17</ele>
   </trkpt>
   <trkpt lat="34.41503" lon="-111.32428000000002">
    <ele>1948.17</ele>
   </trkpt>
   <trkpt lat="34.41528" lon="-111.32442">
    <ele>1948.2</ele>
   </trkpt>
   <trkpt lat="34.4153" lon="-111.32451">
    <ele>1947.63</ele>
   </trkpt>
   <trkpt lat="34.415000000000006" lon="-111.32473">
    <ele>1944.47</ele>
   </trkpt>
   <trkpt lat="34.41492" lon="-111.32473">
    <ele>1943.3700000000001</ele>
   </trkpt>
   <trkpt lat="34.41443" lon="-111.32496">
    <ele>1934.7800000000002</ele>
   </trkpt>
   <trkpt lat="34.41436" lon="-111.32496">
    <ele>1934.7800000000002</ele>
   </trkpt>
   <trkpt lat="34.41415" lon="-111.325">
    <ele>1930.7900000000002</ele>
   </trkpt>
   <trkpt lat="34.41409" lon="-111.32506000000001">
    <ele>1930.02</ele>
   </trkpt>
   <trkpt lat="34.414080000000006" lon="-111.32523">
    <ele>1926.5500000000002</ele>
   </trkpt>
   <trkpt lat="34.414" lon="-111.32532">
    <ele>1924.92</ele>
   </trkpt>
   <trkpt lat="34.413740000000004" lon="-111.32555">
    <ele>1920.4800000000002</ele>
   </trkpt>
   <trkpt lat="34.413610000000006" lon="-111.32576">
    <ele>1917.96</ele>
   </trkpt>
   <trkpt lat="34.413520000000005" lon="-111.32596000000001">
    <ele>1915.94</ele>
   </trkpt>
   <trkpt lat="34.41337" lon="-111.32621">
    <ele>1912.3900000000003</ele>
   </trkpt>
   <trkpt lat="34.413270000000004" lon="-111.32631">
    <ele>1910.5700000000002</ele>
   </trkpt>
   <trkpt lat="34.41315" lon="-111.32657">
    <ele>1907.97</ele>
   </trkpt>
   <trkpt lat="34.41317" lon="-111.32662">
    <ele>1907.5900000000001</ele>
   </trkpt>
   <trkpt lat="34.41324" lon="-111.32661">
    <ele>1906.5100000000002</ele>
   </trkpt>
   <trkpt lat="34.41348" lon="-111.32635">
    <ele>1905.41</ele>
   </trkpt>
   <trkpt lat="34.413830000000004" lon="-111.32591000000001">
    <ele>1902.7800000000002</ele>
   </trkpt>
   <trkpt lat="34.41386" lon="-111.3259">
    <ele>1902.9900000000002</ele>
   </trkpt>
   <trkpt lat="34.41386" lon="-111.32600000000001">
    <ele>1903.18</ele>
   </trkpt>
   <trkpt lat="34.4138" lon="-111.32643000000002">
    <ele>1903.5000000000002</ele>
   </trkpt>
   <trkpt lat="34.41382" lon="-111.32661">
    <ele>1903.5600000000002</ele>
   </trkpt>
   <trkpt lat="34.41395" lon="-111.32702">
    <ele>1902.6200000000001</ele>
   </trkpt>
   <trkpt lat="34.41395" lon="-111.32721000000001">
    <ele>1903.5400000000002</ele>
   </trkpt>
   <trkpt lat="34.41402" lon="-111.32739000000001">
    <ele>1903.89</ele>
   </trkpt>
   <trkpt lat="34.413990000000005" lon="-111.32755">
    <ele>1904.1100000000001</ele>
   </trkpt>
   <trkpt lat="34.414010000000005" lon="-111.32769">
    <ele>1904.7300000000002</ele>
   </trkpt>
   <trkpt lat="34.41375" lon="-111.32778">
    <ele>1905.25</ele>
   </trkpt>
   <trkpt lat="34.413520000000005" lon="-111.32783">
    <ele>1906.09</ele>
   </trkpt>
   <trkpt lat="34.413470000000004" lon="-111.32791">
    <ele>1905.8300000000002</ele>
   </trkpt>
   <trkpt lat="34.41335" lon="-111.32793000000001">
    <ele>1905.1000000000001</ele>
   </trkpt>
   <trkpt lat="34.413360000000004" lon="-111.328">
    <ele>1904.16</ele>
   </trkpt>
   <trkpt lat="34.41357" lon="-111.32809">
    <ele>1902.43</ele>
   </trkpt>
   <trkpt lat="34.413590000000006" lon="-111.32814">
    <ele>1902.26</ele>
   </trkpt>
   <trkpt lat="34.41357" lon="-111.32818">
    <ele>1902.2800000000002</ele>
   </trkpt>
   <trkpt lat="34.413500000000006" lon="-111.32823">
    <ele>1902.5</ele>
   </trkpt>
   <trkpt lat="34.413470000000004" lon="-111.32832">
    <ele>1903.5700000000002</ele>
   </trkpt>
   <trkpt lat="34.41351" lon="-111.3285">
    <ele>1903.88</ele>
   </trkpt>
   <trkpt lat="34.41351" lon="-111.32863">
    <ele>1904.02</ele>
   </trkpt>
   <trkpt lat="34.41342" lon="-111.32891000000001">
    <ele>1904.91</ele>
   </trkpt>
   <trkpt lat="34.41342" lon="-111.32909000000001">
    <ele>1905.5700000000002</ele>
   </trkpt>
   <trkpt lat="34.41353" lon="-111.32943">
    <ele>1906.77</ele>
   </trkpt>
   <trkpt lat="34.41362" lon="-111.32959000000001">
    <ele>1906.26</ele>
   </trkpt>
   <trkpt lat="34.41366" lon="-111.32972000000001">
    <ele>1905.88</ele>
   </trkpt>
   <trkpt lat="34.413630000000005" lon="-111.32979">
    <ele>1905.64</ele>
   </trkpt>
   <trkpt lat="34.413520000000005" lon="-111.32984">
    <ele>1904.4600000000003</ele>
   </trkpt>
   <trkpt lat="34.4133" lon="-111.3297">
    <ele>1903.73</ele>
   </trkpt>
   <trkpt lat="34.41313" lon="-111.32971">
    <ele>1902.68</ele>
   </trkpt>
   <trkpt lat="34.41297" lon="-111.32967000000001">
    <ele>1902.3</ele>
   </trkpt>
   <trkpt lat="34.412890000000004" lon="-111.3297">
    <ele>1902.3</ele>
   </trkpt>
   <trkpt lat="34.41284" lon="-111.32979">
    <ele>1902.1200000000001</ele>
   </trkpt>
   <trkpt lat="34.412940000000006" lon="-111.32997">
    <ele>1902.0400000000002</ele>
   </trkpt>
   <trkpt lat="34.413160000000005" lon="-111.3302">
    <ele>1902.1000000000001</ele>
   </trkpt>
   <trkpt lat="34.41337" lon="-111.33029">
    <ele>1902.2</ele>
   </trkpt>
   <trkpt lat="34.41351" lon="-111.33033">
    <ele>1901.79</ele>
   </trkpt>
   <trkpt lat="34.4136" lon="-111.33029">
    <ele>1901.73</ele>
   </trkpt>
   <trkpt lat="34.41375" lon="-111.33012000000001">
    <ele>1901.92</ele>
   </trkpt>
   <trkpt lat="34.41387" lon="-111.33011">
    <ele>1902.5600000000002</ele>
   </trkpt>
   <trkpt lat="34.41395" lon="-111.3302">
    <ele>1902.7600000000002</ele>
   </trkpt>
   <trkpt lat="34.413940000000004" lon="-111.33037">
    <ele>1902.7900000000002</ele>
   </trkpt>
   <trkpt lat="34.414030000000004" lon="-111.33078">
    <ele>1902.27</ele>
   </trkpt>
   <trkpt lat="34.414210000000004" lon="-111.33093000000001">
    <ele>1902.6200000000001</ele>
   </trkpt>
   <trkpt lat="34.414210000000004" lon="-111.33109">
    <ele>1902.6900000000003</ele>
   </trkpt>
   <trkpt lat="34.413970000000006" lon="-111.33136">
    <ele>1902.44</ele>
   </trkpt>
   <trkpt lat="34.413790000000006" lon="-111.33167">
    <ele>1901.3700000000001</ele>
   </trkpt>
   <trkpt lat="34.41376" lon="-111.33167">
    <ele>1901.3700000000001</ele>
   </trkpt>
   <trkpt lat="34.41358" lon="-111.33142000000001">
    <ele>1900.21</ele>
   </trkpt>
   <trkpt lat="34.413500000000006" lon="-111.33137">
    <ele>1900.1200000000001</ele>
   </trkpt>
   <trkpt lat="34.4134" lon="-111.33136">
    <ele>1900.3</ele>
   </trkpt>
   <trkpt lat="34.413380000000004" lon="-111.3314">
    <ele>1900.44</ele>
   </trkpt>
   <trkpt lat="34.41358" lon="-111.33216000000002">
    <ele>1902.89</ele>
   </trkpt>
   <trkpt lat="34.41367" lon="-111.33227000000001">
    <ele>1903.89</ele>
   </trkpt>
   <trkpt lat="34.41375" lon="-111.33249">
    <ele>1904.3</ele>
   </trkpt>
   <trkpt lat="34.413700000000006" lon="-111.33254000000001">
    <ele>1904.8600000000001</ele>
   </trkpt>
   <trkpt lat="34.41362" lon="-111.33257">
    <ele>1905.0500000000002</ele>
   </trkpt>
   <trkpt lat="34.41364" lon="-111.3327">
    <ele>1905.73</ele>
   </trkpt>
   <trkpt lat="34.413920000000005" lon="-111.33294000000001">
    <ele>1906.92</ele>
   </trkpt>
   <trkpt lat="34.41423" lon="-111.33290000000001">
    <ele>1908.26</ele>
   </trkpt>
   <trkpt lat="34.414480000000005" lon="-111.33297">
    <ele>1908.5200000000002</ele>
   </trkpt>
   <trkpt lat="34.41487" lon="-111.33288">
    <ele>1906.89</ele>
   </trkpt>
   <trkpt lat="34.4151" lon="-111.33288">
    <ele>1904.6600000000003</ele>
   </trkpt>
   <trkpt lat="34.4151" lon="-111.33297">
    <ele>1904.6600000000003</ele>
   </trkpt>
   <trkpt lat="34.414970000000004" lon="-111.33312000000001">
    <ele>1902.16</ele>
   </trkpt>
   <trkpt lat="34.41489" lon="-111.33325">
    <ele>1901.2000000000003</ele>
   </trkpt>
   <trkpt lat="34.4148" lon="-111.33351">
    <ele>1900.42</ele>
   </trkpt>
   <trkpt lat="34.41449" lon="-111.33382">
    <ele>1898.2500000000002</ele>
   </trkpt>
   <trkpt lat="34.414280000000005" lon="-111.33391">
    <ele>1896.3</ele>
   </trkpt>
   <trkpt lat="34.41422" lon="-111.33396">
    <ele>1895.93</ele>
   </trkpt>
   <trkpt lat="34.414120000000004" lon="-111.33418">
    <ele>1896.1200000000001</ele>
   </trkpt>
   <trkpt lat="34.41395" lon="-111.33439000000001">
    <ele>1898.4</ele>
   </trkpt>
   <trkpt lat="34.413920000000005" lon="-111.33449">
    <ele>1898.5700000000002</ele>
   </trkpt>
   <trkpt lat="34.41396" lon="-111.33458">
    <ele>1898.24</ele>
   </trkpt>
   <trkpt lat="34.41407" lon="-111.33476">
    <ele>1897.3000000000002</ele>
   </trkpt>
   <trkpt lat="34.414080000000006" lon="-111.33481">
    <ele>1897.13</ele>
   </trkpt>
   <trkpt lat="34.413940000000004" lon="-111.33517">
    <ele>1897.14</ele>
   </trkpt>
   <trkpt lat="34.41393" lon="-111.33525">
    <ele>1896.91</ele>
   </trkpt>
   <trkpt lat="34.41396" lon="-111.33534">
    <ele>1896.54</ele>
   </trkpt>
   <trkpt lat="34.41404" lon="-111.33543">
    <ele>1896.2900000000002</ele>
   </trkpt>
   <trkpt lat="34.414080000000006" lon="-111.33552">
    <ele>1896.2800000000002</ele>
   </trkpt>
   <trkpt lat="34.41413" lon="-111.33593">
    <ele>1897.6800000000003</ele>
   </trkpt>
   <trkpt lat="34.4142" lon="-111.33615">
    <ele>1898.5200000000002</ele>
   </trkpt>
   <trkpt lat="34.41416" lon="-111.33628">
    <ele>1899.22</ele>
   </trkpt>
   <trkpt lat="34.41418" lon="-111.33642">
    <ele>1900.94</ele>
   </trkpt>
   <trkpt lat="34.41423" lon="-111.33651">
    <ele>1902.0</ele>
   </trkpt>
   <trkpt lat="34.41449" lon="-111.33682">
    <ele>1903.8300000000002</ele>
   </trkpt>
   <trkpt lat="34.414500000000004" lon="-111.33691">
    <ele>1904.63</ele>
   </trkpt>
   <trkpt lat="34.41458" lon="-111.33701">
    <ele>1904.8500000000001</ele>
   </trkpt>
   <trkpt lat="34.414770000000004" lon="-111.3371">
    <ele>1904.7500000000002</ele>
   </trkpt>
   <trkpt lat="34.414840000000005" lon="-111.33718">
    <ele>1904.17</ele>
   </trkpt>
   <trkpt lat="34.414880000000004" lon="-111.33736">
    <ele>1903.9</ele>
   </trkpt>
   <trkpt lat="34.414930000000005" lon="-111.33745">
    <ele>1903.89</ele>
   </trkpt>
   <trkpt lat="34.41499" lon="-111.33749">
    <ele>1903.8500000000001</ele>
   </trkpt>
   <trkpt lat="34.415150000000004" lon="-111.33749">
    <ele>1903.58</ele>
   </trkpt>
   <trkpt lat="34.41532" lon="-111.33764000000001">
    <ele>1902.92</ele>
   </trkpt>
   <trkpt lat="34.4153" lon="-111.33778000000001">
    <ele>1902.2900000000002</ele>
   </trkpt>
   <trkpt lat="34.415150000000004" lon="-111.33803">
    <ele>1900.09</ele>
   </trkpt>
   <trkpt lat="34.415130000000005" lon="-111.33808">
    <ele>1898.3200000000002</ele>
   </trkpt>
   <trkpt lat="34.414970000000004" lon="-111.33804">
    <ele>1896.5</ele>
   </trkpt>
   <trkpt lat="34.41494" lon="-111.33809000000001">
    <ele>1896.5</ele>
   </trkpt>
   <trkpt lat="34.41498" lon="-111.33813">
    <ele>1895.4100000000003</ele>
   </trkpt>
   <trkpt lat="34.41498" lon="-111.33818000000001">
    <ele>1895.4100000000003</ele>
   </trkpt>
   <trkpt lat="34.414930000000005" lon="-111.33825">
    <ele>1894.5800000000002</ele>
   </trkpt>
   <trkpt lat="34.41492" lon="-111.33839">
    <ele>1893.19</ele>
   </trkpt>
   <trkpt lat="34.414970000000004" lon="-111.33848">
    <ele>1893.19</ele>
   </trkpt>
   <trkpt lat="34.415110000000006" lon="-111.33857">
    <ele>1891.7100000000003</ele>
   </trkpt>
   <trkpt lat="34.41514" lon="-111.33863000000001">
    <ele>1891.0600000000002</ele>
   </trkpt>
   <trkpt lat="34.41526" lon="-111.33875">
    <ele>1890.27</ele>
   </trkpt>
   <trkpt lat="34.41526" lon="-111.33879">
    <ele>1890.1100000000001</ele>
   </trkpt>
   <trkpt lat="34.41498" lon="-111.33902">
    <ele>1891.2600000000002</ele>
   </trkpt>
   <trkpt lat="34.414820000000006" lon="-111.33928">
    <ele>1890.0400000000002</ele>
   </trkpt>
   <trkpt lat="34.41454" lon="-111.33966000000001">
    <ele>1887.42</ele>
   </trkpt>
   <trkpt lat="34.414530000000006" lon="-111.33983">
    <ele>1886.4900000000002</ele>
   </trkpt>
   <trkpt lat="34.414550000000006" lon="-111.33991">
    <ele>1886.2500000000002</ele>
   </trkpt>
   <trkpt lat="34.41465" lon="-111.34009">
    <ele>1885.9800000000002</ele>
   </trkpt>
   <trkpt lat="34.414680000000004" lon="-111.34033000000001">
    <ele>1886.5300000000002</ele>
   </trkpt>
   <trkpt lat="34.41478" lon="-111.34049">
    <ele>1886.63</ele>
   </trkpt>
   <trkpt lat="34.41467" lon="-111.34067">
    <ele>1887.0300000000002</ele>
   </trkpt>
   <trkpt lat="34.41433" lon="-111.3409">
    <ele>1885.8100000000002</ele>
   </trkpt>
   <trkpt lat="34.41424" lon="-111.34099">
    <ele>1885.1100000000001</ele>
   </trkpt>
   <trkpt lat="34.414170000000006" lon="-111.34112">
    <ele>1883.45</ele>
   </trkpt>
   <trkpt lat="34.41415" lon="-111.34140000000001">
    <ele>1881.5700000000002</ele>
   </trkpt>
   <trkpt lat="34.41409" lon="-111.34161">
    <ele>1879.0600000000002</ele>
   </trkpt>
   <trkpt lat="34.413900000000005" lon="-111.34194000000001">
    <ele>1877.22</ele>
   </trkpt>
   <trkpt lat="34.413970000000006" lon="-111.34206">
    <ele>1876.39</ele>
   </trkpt>
   <trkpt lat="34.41407" lon="-111.34215">
    <ele>1875.67</ele>
   </trkpt>
   <trkpt lat="34.41415" lon="-111.34225">
    <ele>1875.3500000000001</ele>
   </trkpt>
   <trkpt lat="34.414190000000005" lon="-111.34242">
    <ele>1874.8700000000001</ele>
   </trkpt>
   <trkpt lat="34.41423" lon="-111.34246">
    <ele>1874.8700000000001</ele>
   </trkpt>
   <trkpt lat="34.41427" lon="-111.34257000000001">
    <ele>1874.33</ele>
   </trkpt>
   <trkpt lat="34.41429" lon="-111.34278">
    <ele>1874.06</ele>
   </trkpt>
   <trkpt lat="34.414280000000005" lon="-111.34296">
    <ele>1874.5900000000001</ele>
   </trkpt>
   <trkpt lat="34.414320000000004" lon="-111.34327">
    <ele>1876.3</ele>
   </trkpt>
   <trkpt lat="34.41438" lon="-111.34332">
    <ele>1876.4300000000003</ele>
   </trkpt>
   <trkpt lat="34.41454" lon="-111.3434">
    <ele>1876.5</ele>
   </trkpt>
   <trkpt lat="34.41492" lon="-111.34346000000001">
    <ele>1875.9800000000002</ele>
   </trkpt>
   <trkpt lat="34.41496" lon="-111.34354">
    <ele>1875.9800000000002</ele>
   </trkpt>
   <trkpt lat="34.41483" lon="-111.34359">
    <ele>1874.24</ele>
   </trkpt>
   <trkpt lat="34.4147" lon="-111.34360000000001">
    <ele>1873.7100000000003</ele>
   </trkpt>
   <trkpt lat="34.41442" lon="-111.34358">
    <ele>1872.17</ele>
   </trkpt>
   <trkpt lat="34.41427" lon="-111.34373000000001">
    <ele>1871.2100000000003</ele>
   </trkpt>
   <trkpt lat="34.41413" lon="-111.34380000000002">
    <ele>1869.4700000000003</ele>
   </trkpt>
   <trkpt lat="34.41413" lon="-111.34389000000002">
    <ele>1869.4700000000003</ele>
   </trkpt>
   <trkpt lat="34.414260000000006" lon="-111.34403">
    <ele>1868.33</ele>
   </trkpt>
   <trkpt lat="34.414260000000006" lon="-111.34407">
    <ele>1867.9800000000002</ele>
   </trkpt>
   <trkpt lat="34.41413" lon="-111.34403">
    <ele>1866.42</ele>
   </trkpt>
   <trkpt lat="34.41407" lon="-111.34407">
    <ele>1866.06</ele>
   </trkpt>
   <trkpt lat="34.41418" lon="-111.34425">
    <ele>1864.99</ele>
   </trkpt>
   <trkpt lat="34.414280000000005" lon="-111.3443">
    <ele>1864.3</ele>
   </trkpt>
   <trkpt lat="34.41433" lon="-111.34439">
    <ele>1864.3</ele>
   </trkpt>
   <trkpt lat="34.414350000000006" lon="-111.34452">
    <ele>1863.46</ele>
   </trkpt>
   <trkpt lat="34.41433" lon="-111.34457">
    <ele>1863.0600000000002</ele>
   </trkpt>
   <trkpt lat="34.41423" lon="-111.34457">
    <ele>1863.0600000000002</ele>
   </trkpt>
   <trkpt lat="34.413970000000006" lon="-111.34443">
    <ele>1859.9</ele>
   </trkpt>
   <trkpt lat="34.413720000000005" lon="-111.34435">
    <ele>1858.14</ele>
   </trkpt>
   <trkpt lat="34.4136" lon="-111.34448">
    <ele>1856.57</ele>
   </trkpt>
   <trkpt lat="34.41384" lon="-111.34467000000001">
    <ele>1854.9700000000003</ele>
   </trkpt>
   <trkpt lat="34.41382" lon="-111.34475">
    <ele>1854.5200000000002</ele>
   </trkpt>
   <trkpt lat="34.41373" lon="-111.34484">
    <ele>1854.3200000000002</ele>
   </trkpt>
   <trkpt lat="34.41357" lon="-111.34488">
    <ele>1853.22</ele>
   </trkpt>
   <trkpt lat="34.41351" lon="-111.34502">
    <ele>1851.3000000000002</ele>
   </trkpt>
   <trkpt lat="34.41353" lon="-111.34519">
    <ele>1851.1000000000001</ele>
   </trkpt>
   <trkpt lat="34.41299" lon="-111.34521000000001">
    <ele>1848.5200000000002</ele>
   </trkpt>
   <trkpt lat="34.412850000000006" lon="-111.34528">
    <ele>1845.46</ele>
   </trkpt>
   <trkpt lat="34.41261" lon="-111.34542">
    <ele>1842.8400000000001</ele>
   </trkpt>
   <trkpt lat="34.41248" lon="-111.3456">
    <ele>1842.91</ele>
   </trkpt>
   <trkpt lat="34.41225" lon="-111.34573">
    <ele>1843.79</ele>
   </trkpt>
   <trkpt lat="34.412240000000004" lon="-111.34592">
    <ele>1844.3</ele>
   </trkpt>
   <trkpt lat="34.412290000000006" lon="-111.34618">
    <ele>1845.39</ele>
   </trkpt>
   <trkpt lat="34.41245" lon="-111.34658">
    <ele>1847.26</ele>
   </trkpt>
   <trkpt lat="34.412470000000006" lon="-111.34667">
    <ele>1847.02</ele>
   </trkpt>
   <trkpt lat="34.41243" lon="-111.34676">
    <ele>1846.66</ele>
   </trkpt>
   <trkpt lat="34.41214" lon="-111.34703">
    <ele>1844.3100000000002</ele>
   </trkpt>
   <trkpt lat="34.41163" lon="-111.34748">
    <ele>1842.0100000000002</ele>
   </trkpt>
   <trkpt lat="34.411730000000006" lon="-111.34784">
    <ele>1841.7500000000002</ele>
   </trkpt>
   <trkpt lat="34.41181" lon="-111.34789">
    <ele>1842.5800000000002</ele>
   </trkpt>
   <trkpt lat="34.411860000000004" lon="-111.3481">
    <ele>1843.2</ele>
   </trkpt>
   <trkpt lat="34.41192" lon="-111.34823000000002">
    <ele>1843.29</ele>
   </trkpt>
   <trkpt lat="34.41201" lon="-111.34846">
    <ele>1843.4500000000003</ele>
   </trkpt>
   <trkpt lat="34.41203" lon="-111.3486">
    <ele>1843.44</ele>
   </trkpt>
   <trkpt lat="34.41218" lon="-111.34895">
    <ele>1841.89</ele>
   </trkpt>
   <trkpt lat="34.41232" lon="-111.34909">
    <ele>1840.3100000000002</ele>
   </trkpt>
   <trkpt lat="34.412560000000006" lon="-111.34927">
    <ele>1836.3300000000002</ele>
   </trkpt>
   <trkpt lat="34.412780000000005" lon="-111.3494">
    <ele>1834.3500000000001</ele>
   </trkpt>
   <trkpt lat="34.4129" lon="-111.34941">
    <ele>1833.95</ele>
   </trkpt>
   <trkpt lat="34.41301" lon="-111.34947000000001">
    <ele>1834.0600000000002</ele>
   </trkpt>
   <trkpt lat="34.41326" lon="-111.34964000000001">
    <ele>1834.3600000000001</ele>
   </trkpt>
   <trkpt lat="34.413340000000005" lon="-111.34967">
    <ele>1834.42</ele>
   </trkpt>
   <trkpt lat="34.41348" lon="-111.34967">
    <ele>1834.2500000000002</ele>
   </trkpt>
   <trkpt lat="34.41349" lon="-111.34972">
    <ele>1833.92</ele>
   </trkpt>
   <trkpt lat="34.413430000000005" lon="-111.34989">
    <ele>1833.65</ele>
   </trkpt>
   <trkpt lat="34.413430000000005" lon="-111.34995">
    <ele>1833.44</ele>
   </trkpt>
   <trkpt lat="34.413470000000004" lon="-111.34999">
    <ele>1833.44</ele>
   </trkpt>
   <trkpt lat="34.413520000000005" lon="-111.35000000000001">
    <ele>1833.2100000000003</ele>
   </trkpt>
   <trkpt lat="34.41364" lon="-111.34985">
    <ele>1832.4900000000002</ele>
   </trkpt>
   <trkpt lat="34.413740000000004" lon="-111.34985">
    <ele>1832.3200000000002</ele>
   </trkpt>
   <trkpt lat="34.41395" lon="-111.34972">
    <ele>1831.68</ele>
   </trkpt>
   <trkpt lat="34.413990000000005" lon="-111.34977">
    <ele>1831.3500000000001</ele>
   </trkpt>
   <trkpt lat="34.413940000000004" lon="-111.35004">
    <ele>1830.9100000000003</ele>
   </trkpt>
   <trkpt lat="34.413920000000005" lon="-111.35031000000001">
    <ele>1831.29</ele>
   </trkpt>
   <trkpt lat="34.41395" lon="-111.35045000000001">
    <ele>1831.69</ele>
   </trkpt>
   <trkpt lat="34.414010000000005" lon="-111.35053">
    <ele>1831.8</ele>
   </trkpt>
   <trkpt lat="34.41414" lon="-111.35056000000002">
    <ele>1832.2200000000003</ele>
   </trkpt>
   <trkpt lat="34.414280000000005" lon="-111.35052">
    <ele>1833.46</ele>
   </trkpt>
   <trkpt lat="34.414370000000005" lon="-111.35066">
    <ele>1835.0900000000001</ele>
   </trkpt>
   <trkpt lat="34.41447" lon="-111.35075">
    <ele>1837.0000000000002</ele>
   </trkpt>
   <trkpt lat="34.414480000000005" lon="-111.35083000000002">
    <ele>1837.44</ele>
   </trkpt>
   <trkpt lat="34.41443" lon="-111.35101">
    <ele>1838.1000000000001</ele>
   </trkpt>
   <trkpt lat="34.414440000000006" lon="-111.35107">
    <ele>1838.1000000000001</ele>
   </trkpt>
   <trkpt lat="34.41458" lon="-111.35124">
    <ele>1838.6700000000003</ele>
   </trkpt>
   <trkpt lat="34.414680000000004" lon="-111.35128">
    <ele>1838.81</ele>
   </trkpt>
   <trkpt lat="34.41471" lon="-111.35133">
    <ele>1838.81</ele>
   </trkpt>
   <trkpt lat="34.4147" lon="-111.35135000000001">
    <ele>1838.81</ele>
   </trkpt>
   <trkpt lat="34.414680000000004" lon="-111.35139000000001">
    <ele>1838.8700000000001</ele>
   </trkpt>
   <trkpt lat="34.414640000000006" lon="-111.35143000000001">
    <ele>1839.1800000000003</ele>
   </trkpt>
   <trkpt lat="34.41429" lon="-111.35168000000002">
    <ele>1841.3100000000002</ele>
   </trkpt>
   <trkpt lat="34.41409" lon="-111.35187">
    <ele>1841.42</ele>
   </trkpt>
   <trkpt lat="34.413880000000006" lon="-111.35226000000002">
    <ele>1841.8100000000002</ele>
   </trkpt>
   <trkpt lat="34.41382" lon="-111.35228000000001">
    <ele>1841.96</ele>
   </trkpt>
   <trkpt lat="34.413700000000006" lon="-111.35252000000001">
    <ele>1843.67</ele>
   </trkpt>
   <trkpt lat="34.413650000000004" lon="-111.35260000000001">
    <ele>1843.67</ele>
   </trkpt>
   <trkpt lat="34.41324" lon="-111.35294">
    <ele>1847.5400000000002</ele>
   </trkpt>
   <trkpt lat="34.413230000000006" lon="-111.35312">
    <ele>1848.3100000000002</ele>
   </trkpt>
   <trkpt lat="34.41319" lon="-111.35321">
    <ele>1848.38</ele>
   </trkpt>
   <trkpt lat="34.41311" lon="-111.35323000000001">
    <ele>1848.48</ele>
   </trkpt>
   <trkpt lat="34.413000000000004" lon="-111.35322000000001">
    <ele>1848.3</ele>
   </trkpt>
   <trkpt lat="34.4129" lon="-111.35316">
    <ele>1848.0100000000002</ele>
   </trkpt>
   <trkpt lat="34.412850000000006" lon="-111.35299">
    <ele>1846.66</ele>
   </trkpt>
   <trkpt lat="34.41277" lon="-111.35298">
    <ele>1846.66</ele>
   </trkpt>
   <trkpt lat="34.41272" lon="-111.35303">
    <ele>1846.14</ele>
   </trkpt>
   <trkpt lat="34.41263" lon="-111.35318000000001">
    <ele>1845.2</ele>
   </trkpt>
   <trkpt lat="34.4125" lon="-111.35315000000001">
    <ele>1844.0200000000002</ele>
   </trkpt>
   <trkpt lat="34.412440000000004" lon="-111.35312">
    <ele>1844.0200000000002</ele>
   </trkpt>
   <trkpt lat="34.41236" lon="-111.35298">
    <ele>1843.5</ele>
   </trkpt>
   <trkpt lat="34.41228" lon="-111.35295">
    <ele>1842.71</ele>
   </trkpt>
   <trkpt lat="34.412150000000004" lon="-111.35282000000001">
    <ele>1842.0</ele>
   </trkpt>
   <trkpt lat="34.412040000000005" lon="-111.35280000000002">
    <ele>1841.29</ele>
   </trkpt>
   <trkpt lat="34.41198" lon="-111.35281">
    <ele>1841.29</ele>
   </trkpt>
   <trkpt lat="34.41171" lon="-111.35300000000001">
    <ele>1839.3300000000002</ele>
   </trkpt>
   <trkpt lat="34.41158" lon="-111.35325">
    <ele>1837.1200000000001</ele>
   </trkpt>
   <trkpt lat="34.41156" lon="-111.35334">
    <ele>1836.3200000000002</ele>
   </trkpt>
   <trkpt lat="34.41143" lon="-111.35348">
    <ele>1834.5900000000001</ele>
   </trkpt>
   <trkpt lat="34.41154" lon="-111.35351000000001">
    <ele>1833.14</ele>
   </trkpt>
   <trkpt lat="34.41158" lon="-111.35356000000002">
    <ele>1832.69</ele>
   </trkpt>
   <trkpt lat="34.4116" lon="-111.35365000000002">
    <ele>1831.9</ele>
   </trkpt>
   <trkpt lat="34.41152" lon="-111.35379">
    <ele>1830.92</ele>
   </trkpt>
   <trkpt lat="34.411500000000004" lon="-111.35388">
    <ele>1830.3400000000001</ele>
   </trkpt>
   <trkpt lat="34.411530000000006" lon="-111.35393">
    <ele>1829.7900000000002</ele>
   </trkpt>
   <trkpt lat="34.41161" lon="-111.35401">
    <ele>1829.29</ele>
   </trkpt>
   <trkpt lat="34.41167" lon="-111.35412000000001">
    <ele>1829.08</ele>
   </trkpt>
   <trkpt lat="34.411680000000004" lon="-111.35419">
    <ele>1828.5300000000002</ele>
   </trkpt>
   <trkpt lat="34.411590000000004" lon="-111.35430000000001">
    <ele>1827.98</ele>
   </trkpt>
   <trkpt lat="34.411440000000006" lon="-111.35424">
    <ele>1827.0700000000002</ele>
   </trkpt>
   <trkpt lat="34.411410000000004" lon="-111.35425000000001">
    <ele>1827.0700000000002</ele>
   </trkpt>
   <trkpt lat="34.4114" lon="-111.35434000000001">
    <ele>1824.27</ele>
   </trkpt>
   <trkpt lat="34.41138" lon="-111.35437">
    <ele>1824.27</ele>
   </trkpt>
   <trkpt lat="34.41131" lon="-111.35433">
    <ele>1823.74</ele>
   </trkpt>
   <trkpt lat="34.411060000000006" lon="-111.35429">
    <ele>1820.8400000000001</ele>
   </trkpt>
   <trkpt lat="34.410880000000006" lon="-111.35424">
    <ele>1818.1100000000001</ele>
   </trkpt>
   <trkpt lat="34.41085" lon="-111.35430000000001">
    <ele>1818.1100000000001</ele>
   </trkpt>
   <trkpt lat="34.41087" lon="-111.35437">
    <ele>1818.1100000000001</ele>
   </trkpt>
   <trkpt lat="34.41086" lon="-111.35443000000001">
    <ele>1817.1800000000003</ele>
   </trkpt>
   <trkpt lat="34.4108" lon="-111.35446">
    <ele>1817.1800000000003</ele>
   </trkpt>
   <trkpt lat="34.41069" lon="-111.35433">
    <ele>1814.72</ele>
   </trkpt>
   <trkpt lat="34.41058" lon="-111.35424">
    <ele>1813.43</ele>
   </trkpt>
   <trkpt lat="34.410430000000005" lon="-111.35421000000001">
    <ele>1812.14</ele>
   </trkpt>
   <trkpt lat="34.41037" lon="-111.35428">
    <ele>1811.8100000000002</ele>
   </trkpt>
   <trkpt lat="34.410360000000004" lon="-111.35434000000001">
    <ele>1811.4500000000003</ele>
   </trkpt>
   <trkpt lat="34.410360000000004" lon="-111.35469">
    <ele>1807.9</ele>
   </trkpt>
   <trkpt lat="34.41017" lon="-111.35501000000001">
    <ele>1805.8700000000001</ele>
   </trkpt>
   <trkpt lat="34.410050000000005" lon="-111.35514">
    <ele>1805.73</ele>
   </trkpt>
   <trkpt lat="34.40999" lon="-111.35513">
    <ele>1805.0900000000001</ele>
   </trkpt>
   <trkpt lat="34.40992" lon="-111.35504">
    <ele>1804.89</ele>
   </trkpt>
   <trkpt lat="34.409870000000005" lon="-111.35486">
    <ele>1803.73</ele>
   </trkpt>
   <trkpt lat="34.40983" lon="-111.35482">
    <ele>1802.48</ele>
   </trkpt>
   <trkpt lat="34.409780000000005" lon="-111.35488000000001">
    <ele>1802.48</ele>
   </trkpt>
   <trkpt lat="34.4097" lon="-111.35504">
    <ele>1799.6900000000003</ele>
   </trkpt>
   <trkpt lat="34.409530000000004" lon="-111.35496">
    <ele>1795.92</ele>
   </trkpt>
   <trkpt lat="34.409220000000005" lon="-111.35509">
    <ele>1792.5000000000002</ele>
   </trkpt>
   <trkpt lat="34.409090000000006" lon="-111.35509">
    <ele>1791.8200000000002</ele>
   </trkpt>
   <trkpt lat="34.40885" lon="-111.35509">
    <ele>1791.4</ele>
   </trkpt>
   <trkpt lat="34.40863" lon="-111.35497000000001">
    <ele>1789.5100000000002</ele>
   </trkpt>
   <trkpt lat="34.408550000000005" lon="-111.35491">
    <ele>1788.73</ele>
   </trkpt>
   <trkpt lat="34.408460000000005" lon="-111.35486">
    <ele>1788.0800000000002</ele>
   </trkpt>
   <trkpt lat="34.40832" lon="-111.35496">
    <ele>1786.8600000000001</ele>
   </trkpt>
   <trkpt lat="34.40807" lon="-111.35509">
    <ele>1783.8500000000001</ele>
   </trkpt>
   <trkpt lat="34.40789" lon="-111.35531">
    <ele>1781.2</ele>
   </trkpt>
   <trkpt lat="34.407720000000005" lon="-111.35531">
    <ele>1779.16</ele>
   </trkpt>
   <trkpt lat="34.40762" lon="-111.35528000000001">
    <ele>1777.44</ele>
   </trkpt>
   <trkpt lat="34.407500000000006" lon="-111.35528000000001">
    <ele>1776.38</ele>
   </trkpt>
   <trkpt lat="34.407160000000005" lon="-111.35513">
    <ele>1773.1100000000001</ele>
   </trkpt>
   <trkpt lat="34.40708" lon="-111.35518">
    <ele>1773.1100000000001</ele>
   </trkpt>
   <trkpt lat="34.407050000000005" lon="-111.35524000000001">
    <ele>1773.1100000000001</ele>
   </trkpt>
   <trkpt lat="34.40663" lon="-111.35546000000001">
    <ele>1768.58</ele>
   </trkpt>
   <trkpt lat="34.40659" lon="-111.35553000000002">
    <ele>1768.7100000000003</ele>
   </trkpt>
   <trkpt lat="34.406620000000004" lon="-111.35576">
    <ele>1769.3</ele>
   </trkpt>
   <trkpt lat="34.406560000000006" lon="-111.35594">
    <ele>1769.19</ele>
   </trkpt>
   <trkpt lat="34.406400000000005" lon="-111.35612">
    <ele>1768.2000000000003</ele>
   </trkpt>
   <trkpt lat="34.40626" lon="-111.35621">
    <ele>1767.06</ele>
   </trkpt>
   <trkpt lat="34.406240000000004" lon="-111.35626">
    <ele>1767.06</ele>
   </trkpt>
   <trkpt lat="34.406270000000006" lon="-111.35627000000001">
    <ele>1765.3700000000001</ele>
   </trkpt>
   <trkpt lat="34.40646" lon="-111.35616">
    <ele>1764.89</ele>
   </trkpt>
   <trkpt lat="34.40659" lon="-111.35613000000001">
    <ele>1764.2900000000002</ele>
   </trkpt>
   <trkpt lat="34.40668" lon="-111.35613000000001">
    <ele>1763.7800000000002</ele>
   </trkpt>
   <trkpt lat="34.4067" lon="-111.35616">
    <ele>1763.7800000000002</ele>
   </trkpt>
   <trkpt lat="34.406290000000006" lon="-111.35641000000001">
    <ele>1759.5500000000002</ele>
   </trkpt>
   <trkpt lat="34.40616" lon="-111.35652">
    <ele>1759.2800000000002</ele>
   </trkpt>
   <trkpt lat="34.406060000000004" lon="-111.35661">
    <ele>1758.49</ele>
   </trkpt>
   <trkpt lat="34.40607" lon="-111.35666">
    <ele>1758.13</ele>
   </trkpt>
   <trkpt lat="34.40626" lon="-111.35661">
    <ele>1756.39</ele>
   </trkpt>
   <trkpt lat="34.40614" lon="-111.3568">
    <ele>1754.3200000000002</ele>
   </trkpt>
   <trkpt lat="34.406040000000004" lon="-111.35692">
    <ele>1751.64</ele>
   </trkpt>
   <trkpt lat="34.405750000000005" lon="-111.35701">
    <ele>1750.2700000000002</ele>
   </trkpt>
   <trkpt lat="34.4055" lon="-111.35719">
    <ele>1748.39</ele>
   </trkpt>
   <trkpt lat="34.405260000000006" lon="-111.35711">
    <ele>1747.06</ele>
   </trkpt>
   <trkpt lat="34.40502" lon="-111.35725000000001">
    <ele>1745.1000000000001</ele>
   </trkpt>
   <trkpt lat="34.405010000000004" lon="-111.35730000000001">
    <ele>1744.7700000000002</ele>
   </trkpt>
   <trkpt lat="34.40505" lon="-111.35733">
    <ele>1744.4800000000002</ele>
   </trkpt>
   <trkpt lat="34.405300000000004" lon="-111.35733">
    <ele>1743.47</ele>
   </trkpt>
   <trkpt lat="34.40538" lon="-111.35742">
    <ele>1742.42</ele>
   </trkpt>
   <trkpt lat="34.40549" lon="-111.35742">
    <ele>1742.2</ele>
   </trkpt>
   <trkpt lat="34.40585" lon="-111.35733">
    <ele>1740.8500000000001</ele>
   </trkpt>
   <trkpt lat="34.40603" lon="-111.35737">
    <ele>1739.84</ele>
   </trkpt>
   <trkpt lat="34.40634" lon="-111.35719">
    <ele>1738.9800000000002</ele>
   </trkpt>
   <trkpt lat="34.406580000000005" lon="-111.35716000000001">
    <ele>1738.13</ele>
   </trkpt>
   <trkpt lat="34.40661" lon="-111.35724">
    <ele>1738.13</ele>
   </trkpt>
   <trkpt lat="34.40655" lon="-111.35737">
    <ele>1737.99</ele>
   </trkpt>
   <trkpt lat="34.406470000000006" lon="-111.35743000000001">
    <ele>1738.3300000000002</ele>
   </trkpt>
   <trkpt lat="34.40623" lon="-111.35769">
    <ele>1737.77</ele>
   </trkpt>
   <trkpt lat="34.40616" lon="-111.35773">
    <ele>1737.4600000000003</ele>
   </trkpt>
   <trkpt lat="34.40607" lon="-111.35773">
    <ele>1736.4</ele>
   </trkpt>
   <trkpt lat="34.40598" lon="-111.35777">
    <ele>1735.84</ele>
   </trkpt>
   <trkpt lat="34.40583" lon="-111.35795">
    <ele>1735.2</ele>
   </trkpt>
   <trkpt lat="34.405770000000004" lon="-111.35804">
    <ele>1734.8500000000001</ele>
   </trkpt>
   <trkpt lat="34.40558" lon="-111.35804">
    <ele>1734.3400000000001</ele>
   </trkpt>
   <trkpt lat="34.40549" lon="-111.35813">
    <ele>1734.22</ele>
   </trkpt>
   <trkpt lat="34.40543" lon="-111.35822">
    <ele>1733.8300000000002</ele>
   </trkpt>
   <trkpt lat="34.405350000000006" lon="-111.35828000000001">
    <ele>1733.16</ele>
   </trkpt>
   <trkpt lat="34.40523" lon="-111.35827">
    <ele>1731.64</ele>
   </trkpt>
   <trkpt lat="34.405100000000004" lon="-111.35832">
    <ele>1729.18</ele>
   </trkpt>
   <trkpt lat="34.40484" lon="-111.35831">
    <ele>1726.5400000000002</ele>
   </trkpt>
   <trkpt lat="34.40473" lon="-111.35835000000002">
    <ele>1725.8500000000001</ele>
   </trkpt>
   <trkpt lat="34.40458" lon="-111.35832">
    <ele>1725.17</ele>
   </trkpt>
   <trkpt lat="34.40449" lon="-111.35835000000002">
    <ele>1724.5500000000002</ele>
   </trkpt>
   <trkpt lat="34.404340000000005" lon="-111.35841">
    <ele>1724.29</ele>
   </trkpt>
   <trkpt lat="34.404070000000004" lon="-111.35871">
    <ele>1724.7800000000002</ele>
   </trkpt>
   <trkpt lat="34.40406" lon="-111.35891000000001">
    <ele>1725.67</ele>
   </trkpt>
   <trkpt lat="34.404" lon="-111.35912">
    <ele>1725.63</ele>
   </trkpt>
   <trkpt lat="34.403890000000004" lon="-111.35931000000001">
    <ele>1725.4900000000002</ele>
   </trkpt>
   <trkpt lat="34.4039" lon="-111.35939">
    <ele>1725.2200000000003</ele>
   </trkpt>
   <trkpt lat="34.40422" lon="-111.35988">
    <ele>1722.8100000000002</ele>
   </trkpt>
   <trkpt lat="34.40428" lon="-111.35993">
    <ele>1721.14</ele>
   </trkpt>
   <trkpt lat="34.40447" lon="-111.36003000000001">
    <ele>1720.18</ele>
   </trkpt>
   <trkpt lat="34.40457" lon="-111.36016000000001">
    <ele>1719.0700000000002</ele>
   </trkpt>
   <trkpt lat="34.404810000000005" lon="-111.36055">
    <ele>1715.64</ele>
   </trkpt>
   <trkpt lat="34.40502" lon="-111.36062000000001">
    <ele>1714.9</ele>
   </trkpt>
   <trkpt lat="34.40502" lon="-111.36073">
    <ele>1714.66</ele>
   </trkpt>
   <trkpt lat="34.40491" lon="-111.36095">
    <ele>1714.71</ele>
   </trkpt>
   <trkpt lat="34.404830000000004" lon="-111.36105">
    <ele>1715.1900000000003</ele>
   </trkpt>
   <trkpt lat="34.40453" lon="-111.36122">
    <ele>1715.0700000000002</ele>
   </trkpt>
   <trkpt lat="34.40437" lon="-111.36136">
    <ele>1714.29</ele>
   </trkpt>
   <trkpt lat="34.40422" lon="-111.36144000000002">
    <ele>1713.15</ele>
   </trkpt>
   <trkpt lat="34.403980000000004" lon="-111.36167">
    <ele>1711.5800000000002</ele>
   </trkpt>
   <trkpt lat="34.40375" lon="-111.36218000000001">
    <ele>1709.96</ele>
   </trkpt>
   <trkpt lat="34.40368" lon="-111.36225">
    <ele>1709.96</ele>
   </trkpt>
   <trkpt lat="34.403600000000004" lon="-111.36225">
    <ele>1708.18</ele>
   </trkpt>
   <trkpt lat="34.403510000000004" lon="-111.36231000000001">
    <ele>1708.18</ele>
   </trkpt>
   <trkpt lat="34.40346" lon="-111.36243">
    <ele>1706.79</ele>
   </trkpt>
   <trkpt lat="34.4033" lon="-111.36261">
    <ele>1705.2500000000002</ele>
   </trkpt>
   <trkpt lat="34.403290000000005" lon="-111.36284">
    <ele>1704.3600000000001</ele>
   </trkpt>
   <trkpt lat="34.40319" lon="-111.36324">
    <ele>1701.69</ele>
   </trkpt>
   <trkpt lat="34.40319" lon="-111.36355">
    <ele>1697.7000000000003</ele>
   </trkpt>
   <trkpt lat="34.40316" lon="-111.36373">
    <ele>1696.0400000000002</ele>
   </trkpt>
   <trkpt lat="34.40299" lon="-111.36397000000001">
    <ele>1694.14</ele>
   </trkpt>
   <trkpt lat="34.40287" lon="-111.36409">
    <ele>1691.44</ele>
   </trkpt>
   <trkpt lat="34.402820000000006" lon="-111.36431">
    <ele>1690.02</ele>
   </trkpt>
   <trkpt lat="34.40276" lon="-111.36468">
    <ele>1687.7700000000002</ele>
   </trkpt>
   <trkpt lat="34.40267" lon="-111.36485">
    <ele>1687.34</ele>
   </trkpt>
   <trkpt lat="34.4026" lon="-111.36516">
    <ele>1688.14</ele>
   </trkpt>
   <trkpt lat="34.402550000000005" lon="-111.36521">
    <ele>1688.14</ele>
   </trkpt>
   <trkpt lat="34.40241" lon="-111.3653">
    <ele>1688.17</ele>
   </trkpt>
   <trkpt lat="34.402260000000005" lon="-111.36522000000001">
    <ele>1687.2900000000002</ele>
   </trkpt>
   <trkpt lat="34.40216" lon="-111.36525">
    <ele>1686.0800000000002</ele>
   </trkpt>
   <trkpt lat="34.40209" lon="-111.36516">
    <ele>1685.19</ele>
   </trkpt>
   <trkpt lat="34.402060000000006" lon="-111.36509000000001">
    <ele>1684.71</ele>
   </trkpt>
   <trkpt lat="34.401830000000004" lon="-111.36489">
    <ele>1680.88</ele>
   </trkpt>
   <trkpt lat="34.4018" lon="-111.36494">
    <ele>1680.4500000000003</ele>
   </trkpt>
   <trkpt lat="34.40189" lon="-111.36521">
    <ele>1678.7</ele>
   </trkpt>
   <trkpt lat="34.40193" lon="-111.36544">
    <ele>1676.5700000000002</ele>
   </trkpt>
   <trkpt lat="34.401860000000006" lon="-111.36539">
    <ele>1676.1800000000003</ele>
   </trkpt>
   <trkpt lat="34.4018" lon="-111.36525">
    <ele>1675.0900000000001</ele>
   </trkpt>
   <trkpt lat="34.40162" lon="-111.36504000000001">
    <ele>1672.14</ele>
   </trkpt>
   <trkpt lat="34.40156" lon="-111.36489">
    <ele>1670.92</ele>
   </trkpt>
   <trkpt lat="34.401540000000004" lon="-111.3649">
    <ele>1670.92</ele>
   </trkpt>
   <trkpt lat="34.401450000000004" lon="-111.36509000000001">
    <ele>1667.69</ele>
   </trkpt>
   <trkpt lat="34.401450000000004" lon="-111.36521">
    <ele>1666.7200000000003</ele>
   </trkpt>
   <trkpt lat="34.401520000000005" lon="-111.36543">
    <ele>1664.8</ele>
   </trkpt>
   <trkpt lat="34.40149" lon="-111.36548">
    <ele>1664.3400000000001</ele>
   </trkpt>
   <trkpt lat="34.401430000000005" lon="-111.36548">
    <ele>1664.3400000000001</ele>
   </trkpt>
   <trkpt lat="34.401270000000004" lon="-111.36539">
    <ele>1661.3500000000001</ele>
   </trkpt>
   <trkpt lat="34.40115" lon="-111.36543">
    <ele>1660.56</ele>
   </trkpt>
   <trkpt lat="34.401030000000006" lon="-111.36553">
    <ele>1659.1000000000001</ele>
   </trkpt>
   <trkpt lat="34.40093" lon="-111.36579">
    <ele>1657.3300000000002</ele>
   </trkpt>
   <trkpt lat="34.400890000000004" lon="-111.36579">
    <ele>1657.3300000000002</ele>
   </trkpt>
   <trkpt lat="34.40077" lon="-111.36552">
    <ele>1654.3200000000002</ele>
   </trkpt>
   <trkpt lat="34.40077" lon="-111.36551000000001">
    <ele>1654.2200000000003</ele>
   </trkpt>
   <trkpt lat="34.40066" lon="-111.36539">
    <ele>1653.2000000000003</ele>
   </trkpt>
   <trkpt lat="34.4005" lon="-111.36539">
    <ele>1652.4800000000002</ele>
   </trkpt>
   <trkpt lat="34.400330000000004" lon="-111.36529000000002">
    <ele>1652.6600000000003</ele>
   </trkpt>
   <trkpt lat="34.40005" lon="-111.36507">
    <ele>1652.19</ele>
   </trkpt>
   <trkpt lat="34.39979" lon="-111.36512">
    <ele>1653.8300000000002</ele>
   </trkpt>
   <trkpt lat="34.39958" lon="-111.36539">
    <ele>1657.07</ele>
   </trkpt>
   <trkpt lat="34.39956" lon="-111.36565">
    <ele>1658.03</ele>
   </trkpt>
   <trkpt lat="34.39967" lon="-111.36588">
    <ele>1660.3600000000001</ele>
   </trkpt>
   <trkpt lat="34.399660000000004" lon="-111.36607000000001">
    <ele>1661.0300000000002</ele>
   </trkpt>
   <trkpt lat="34.39972" lon="-111.36659">
    <ele>1663.6000000000001</ele>
   </trkpt>
   <trkpt lat="34.3997" lon="-111.36669">
    <ele>1663.67</ele>
   </trkpt>
   <trkpt lat="34.3995" lon="-111.36697000000001">
    <ele>1666.65</ele>
   </trkpt>
   <trkpt lat="34.39947" lon="-111.36709">
    <ele>1669.46</ele>
   </trkpt>
   <trkpt lat="34.39947" lon="-111.36722">
    <ele>1669.46</ele>
   </trkpt>
   <trkpt lat="34.399440000000006" lon="-111.36737000000001">
    <ele>1670.7800000000002</ele>
   </trkpt>
   <trkpt lat="34.399330000000006" lon="-111.36749">
    <ele>1671.2600000000002</ele>
   </trkpt>
   <trkpt lat="34.39916" lon="-111.36759">
    <ele>1672.71</ele>
   </trkpt>
   <trkpt lat="34.399080000000005" lon="-111.36758">
    <ele>1673.8300000000002</ele>
   </trkpt>
   <trkpt lat="34.399" lon="-111.3674">
    <ele>1675.2600000000002</ele>
   </trkpt>
   <trkpt lat="34.398900000000005" lon="-111.36735000000002">
    <ele>1675.7900000000002</ele>
   </trkpt>
   <trkpt lat="34.39875" lon="-111.36738000000001">
    <ele>1675.9700000000003</ele>
   </trkpt>
   <trkpt lat="34.398630000000004" lon="-111.36727">
    <ele>1676.0100000000002</ele>
   </trkpt>
   <trkpt lat="34.398540000000004" lon="-111.36726000000002">
    <ele>1676.0100000000002</ele>
   </trkpt>
   <trkpt lat="34.398410000000005" lon="-111.36710000000001">
    <ele>1676.46</ele>
   </trkpt>
   <trkpt lat="34.398300000000006" lon="-111.36705">
    <ele>1676.74</ele>
   </trkpt>
   <trkpt lat="34.398250000000004" lon="-111.36696">
    <ele>1677.0600000000002</ele>
   </trkpt>
   <trkpt lat="34.398140000000005" lon="-111.36686">
    <ele>1677.78</ele>
   </trkpt>
   <trkpt lat="34.398030000000006" lon="-111.36683000000001">
    <ele>1678.5800000000002</ele>
   </trkpt>
   <trkpt lat="34.398" lon="-111.36692000000001">
    <ele>1680.0100000000002</ele>
   </trkpt>
   <trkpt lat="34.39806" lon="-111.36713">
    <ele>1681.0500000000002</ele>
   </trkpt>
   <trkpt lat="34.39808" lon="-111.36753">
    <ele>1683.16</ele>
   </trkpt>
   <trkpt lat="34.398210000000006" lon="-111.36758">
    <ele>1683.42</ele>
   </trkpt>
   <trkpt lat="34.398320000000005" lon="-111.36755000000001">
    <ele>1683.7000000000003</ele>
   </trkpt>
   <trkpt lat="34.39837" lon="-111.36764000000001">
    <ele>1684.05</ele>
   </trkpt>
   <trkpt lat="34.39844" lon="-111.36794">
    <ele>1685.7700000000002</ele>
   </trkpt>
   <trkpt lat="34.398500000000006" lon="-111.36846000000001">
    <ele>1687.43</ele>
   </trkpt>
   <trkpt lat="34.39846" lon="-111.36849000000001">
    <ele>1687.78</ele>
   </trkpt>
   <trkpt lat="34.39842" lon="-111.36840000000001">
    <ele>1688.0400000000002</ele>
   </trkpt>
   <trkpt lat="34.398340000000005" lon="-111.36811000000002">
    <ele>1688.89</ele>
   </trkpt>
   <trkpt lat="34.398210000000006" lon="-111.36785">
    <ele>1688.8100000000002</ele>
   </trkpt>
   <trkpt lat="34.39799" lon="-111.36767">
    <ele>1688.8500000000001</ele>
   </trkpt>
   <trkpt lat="34.39784" lon="-111.36758">
    <ele>1689.78</ele>
   </trkpt>
   <trkpt lat="34.39784" lon="-111.36771">
    <ele>1691.8400000000001</ele>
   </trkpt>
   <trkpt lat="34.39797" lon="-111.36782000000001">
    <ele>1692.8</ele>
   </trkpt>
   <trkpt lat="34.398070000000004" lon="-111.36803">
    <ele>1694.23</ele>
   </trkpt>
   <trkpt lat="34.39809" lon="-111.36821">
    <ele>1695.5200000000002</ele>
   </trkpt>
   <trkpt lat="34.398050000000005" lon="-111.36840000000001">
    <ele>1696.41</ele>
   </trkpt>
   <trkpt lat="34.39797" lon="-111.36853">
    <ele>1697.44</ele>
   </trkpt>
   <trkpt lat="34.397960000000005" lon="-111.36847">
    <ele>1697.44</ele>
   </trkpt>
   <trkpt lat="34.397980000000004" lon="-111.3683">
    <ele>1698.7900000000002</ele>
   </trkpt>
   <trkpt lat="34.397920000000006" lon="-111.36812">
    <ele>1700.66</ele>
   </trkpt>
   <trkpt lat="34.39781" lon="-111.36829000000002">
    <ele>1701.47</ele>
   </trkpt>
   <trkpt lat="34.39773" lon="-111.36834">
    <ele>1702.8400000000001</ele>
   </trkpt>
   <trkpt lat="34.39755" lon="-111.36840000000001">
    <ele>1704.3000000000002</ele>
   </trkpt>
   <trkpt lat="34.39759" lon="-111.36825">
    <ele>1705.2200000000003</ele>
   </trkpt>
   <trkpt lat="34.397560000000006" lon="-111.36821">
    <ele>1705.4600000000003</ele>
   </trkpt>
   <trkpt lat="34.397360000000006" lon="-111.36838000000002">
    <ele>1706.56</ele>
   </trkpt>
   <trkpt lat="34.3973" lon="-111.36822000000001">
    <ele>1707.45</ele>
   </trkpt>
   <trkpt lat="34.397200000000005" lon="-111.36834">
    <ele>1708.67</ele>
   </trkpt>
   <trkpt lat="34.397110000000005" lon="-111.36825">
    <ele>1710.08</ele>
   </trkpt>
   <trkpt lat="34.39705" lon="-111.36825">
    <ele>1710.4800000000002</ele>
   </trkpt>
   <trkpt lat="34.39707" lon="-111.36840000000001">
    <ele>1711.2900000000002</ele>
   </trkpt>
   <trkpt lat="34.39717" lon="-111.36853">
    <ele>1711.2900000000002</ele>
   </trkpt>
   <trkpt lat="34.39716" lon="-111.3687">
    <ele>1712.5400000000002</ele>
   </trkpt>
   <trkpt lat="34.39708" lon="-111.36883">
    <ele>1713.2900000000002</ele>
   </trkpt>
   <trkpt lat="34.39703" lon="-111.36888">
    <ele>1713.95</ele>
   </trkpt>
   <trkpt lat="34.39678" lon="-111.36892">
    <ele>1715.7000000000003</ele>
   </trkpt>
   <trkpt lat="34.396820000000005" lon="-111.36903000000001">
    <ele>1716.0000000000002</ele>
   </trkpt>
   <trkpt lat="34.39679" lon="-111.36915">
    <ele>1716.15</ele>
   </trkpt>
   <trkpt lat="34.39681" lon="-111.36942">
    <ele>1715.84</ele>
   </trkpt>
   <trkpt lat="34.39668" lon="-111.36955">
    <ele>1717.38</ele>
   </trkpt>
   <trkpt lat="34.396640000000005" lon="-111.36964">
    <ele>1717.71</ele>
   </trkpt>
   <trkpt lat="34.3967" lon="-111.36982">
    <ele>1719.0900000000001</ele>
   </trkpt>
   <trkpt lat="34.396710000000006" lon="-111.37013">
    <ele>1721.15</ele>
   </trkpt>
   <trkpt lat="34.39659" lon="-111.36996">
    <ele>1722.32</ele>
   </trkpt>
   <trkpt lat="34.396440000000005" lon="-111.36955">
    <ele>1724.25</ele>
   </trkpt>
   <trkpt lat="34.396550000000005" lon="-111.36924">
    <ele>1725.57</ele>
   </trkpt>
   <trkpt lat="34.396530000000006" lon="-111.3691">
    <ele>1726.47</ele>
   </trkpt>
   <trkpt lat="34.39643" lon="-111.36901">
    <ele>1726.8100000000002</ele>
   </trkpt>
   <trkpt lat="34.396350000000005" lon="-111.36883">
    <ele>1727.13</ele>
   </trkpt>
   <trkpt lat="34.39616" lon="-111.36874">
    <ele>1727.0200000000002</ele>
   </trkpt>
   <trkpt lat="34.396" lon="-111.36901">
    <ele>1727.03</ele>
   </trkpt>
   <trkpt lat="34.39602" lon="-111.36911">
    <ele>1727.0400000000002</ele>
   </trkpt>
   <trkpt lat="34.39611" lon="-111.36933">
    <ele>1727.5300000000002</ele>
   </trkpt>
   <trkpt lat="34.39598" lon="-111.36942">
    <ele>1727.69</ele>
   </trkpt>
   <trkpt lat="34.39589" lon="-111.36959">
    <ele>1727.84</ele>
   </trkpt>
   <trkpt lat="34.395790000000005" lon="-111.36970000000001">
    <ele>1727.65</ele>
   </trkpt>
   <trkpt lat="34.395810000000004" lon="-111.36982">
    <ele>1727.57</ele>
   </trkpt>
   <trkpt lat="34.395900000000005" lon="-111.37009">
    <ele>1728.23</ele>
   </trkpt>
   <trkpt lat="34.395720000000004" lon="-111.37022">
    <ele>1728.22</ele>
   </trkpt>
   <trkpt lat="34.395720000000004" lon="-111.37041">
    <ele>1727.48</ele>
   </trkpt>
   <trkpt lat="34.39557" lon="-111.3704">
    <ele>1726.94</ele>
   </trkpt>
   <trkpt lat="34.395500000000006" lon="-111.3704">
    <ele>1725.66</ele>
   </trkpt>
   <trkpt lat="34.395340000000004" lon="-111.37031">
    <ele>1725.38</ele>
   </trkpt>
   <trkpt lat="34.395250000000004" lon="-111.37031">
    <ele>1723.54</ele>
   </trkpt>
   <trkpt lat="34.3951" lon="-111.37035000000002">
    <ele>1723.54</ele>
   </trkpt>
   <trkpt lat="34.39491" lon="-111.37044">
    <ele>1722.7800000000002</ele>
   </trkpt>
   <trkpt lat="34.394870000000004" lon="-111.37064000000001">
    <ele>1722.3000000000002</ele>
   </trkpt>
   <trkpt lat="34.39488" lon="-111.37085">
    <ele>1721.89</ele>
   </trkpt>
   <trkpt lat="34.394850000000005" lon="-111.3709">
    <ele>1721.89</ele>
   </trkpt>
   <trkpt lat="34.39464" lon="-111.37089">
    <ele>1721.1000000000001</ele>
   </trkpt>
   <trkpt lat="34.39459" lon="-111.37091000000001">
    <ele>1721.1000000000001</ele>
   </trkpt>
   <trkpt lat="34.394490000000005" lon="-111.37107">
    <ele>1720.2700000000002</ele>
   </trkpt>
   <trkpt lat="34.394470000000005" lon="-111.3713">
    <ele>1719.84</ele>
   </trkpt>
   <trkpt lat="34.394420000000004" lon="-111.37134">
    <ele>1719.2600000000002</ele>
   </trkpt>
   <trkpt lat="34.39439" lon="-111.37131000000001">
    <ele>1719.2600000000002</ele>
   </trkpt>
   <trkpt lat="34.39434" lon="-111.37116">
    <ele>1717.7000000000003</ele>
   </trkpt>
   <trkpt lat="34.394310000000004" lon="-111.3708">
    <ele>1715.81</ele>
   </trkpt>
   <trkpt lat="34.394270000000006" lon="-111.37067">
    <ele>1715.3300000000002</ele>
   </trkpt>
   <trkpt lat="34.39415" lon="-111.37059">
    <ele>1714.89</ele>
   </trkpt>
   <trkpt lat="34.394110000000005" lon="-111.37059">
    <ele>1714.8200000000002</ele>
   </trkpt>
   <trkpt lat="34.394000000000005" lon="-111.37081">
    <ele>1715.0500000000002</ele>
   </trkpt>
   <trkpt lat="34.39406" lon="-111.37108">
    <ele>1715.92</ele>
   </trkpt>
   <trkpt lat="34.39406" lon="-111.37125">
    <ele>1716.2400000000002</ele>
   </trkpt>
   <trkpt lat="34.393860000000004" lon="-111.37125">
    <ele>1717.06</ele>
   </trkpt>
   <trkpt lat="34.393820000000005" lon="-111.3713">
    <ele>1717.1000000000001</ele>
   </trkpt>
   <trkpt lat="34.393710000000006" lon="-111.37135">
    <ele>1717.1200000000001</ele>
   </trkpt>
   <trkpt lat="34.39368" lon="-111.37134">
    <ele>1717.18</ele>
   </trkpt>
   <trkpt lat="34.39365" lon="-111.37121">
    <ele>1717.3</ele>
   </trkpt>
   <trkpt lat="34.39367" lon="-111.37108">
    <ele>1717.72</ele>
   </trkpt>
   <trkpt lat="34.39359" lon="-111.3708">
    <ele>1718.1100000000001</ele>
   </trkpt>
   <trkpt lat="34.393620000000006" lon="-111.37049">
    <ele>1718.1000000000001</ele>
   </trkpt>
   <trkpt lat="34.3936" lon="-111.37035000000002">
    <ele>1718.4800000000002</ele>
   </trkpt>
   <trkpt lat="34.39356" lon="-111.37023">
    <ele>1718.4800000000002</ele>
   </trkpt>
   <trkpt lat="34.393280000000004" lon="-111.37019000000001">
    <ele>1719.5800000000002</ele>
   </trkpt>
   <trkpt lat="34.39287" lon="-111.37017000000002">
    <ele>1721.27</ele>
   </trkpt>
   <trkpt lat="34.392790000000005" lon="-111.37019000000001">
    <ele>1721.67</ele>
   </trkpt>
   <trkpt lat="34.39267" lon="-111.37028000000001">
    <ele>1722.3400000000001</ele>
   </trkpt>
   <trkpt lat="34.39251" lon="-111.37053">
    <ele>1723.2900000000002</ele>
   </trkpt>
   <trkpt lat="34.39229" lon="-111.3708">
    <ele>1723.3500000000001</ele>
   </trkpt>
   <trkpt lat="34.392160000000004" lon="-111.37104000000001">
    <ele>1723.98</ele>
   </trkpt>
   <trkpt lat="34.39211" lon="-111.37094">
    <ele>1724.25</ele>
   </trkpt>
   <trkpt lat="34.39206" lon="-111.37089">
    <ele>1725.7000000000003</ele>
   </trkpt>
   <trkpt lat="34.39202" lon="-111.37076">
    <ele>1726.02</ele>
   </trkpt>
   <trkpt lat="34.391960000000005" lon="-111.37063">
    <ele>1727.0900000000001</ele>
   </trkpt>
   <trkpt lat="34.3918" lon="-111.37059">
    <ele>1727.69</ele>
   </trkpt>
   <trkpt lat="34.39168" lon="-111.37045">
    <ele>1729.0</ele>
   </trkpt>
   <trkpt lat="34.39161" lon="-111.37044">
    <ele>1729.78</ele>
   </trkpt>
   <trkpt lat="34.391360000000006" lon="-111.37053">
    <ele>1730.89</ele>
   </trkpt>
   <trkpt lat="34.391310000000004" lon="-111.37049">
    <ele>1730.9500000000003</ele>
   </trkpt>
   <trkpt lat="34.391270000000006" lon="-111.3704">
    <ele>1730.9800000000002</ele>
   </trkpt>
   <trkpt lat="34.39135" lon="-111.37028000000001">
    <ele>1731.0700000000002</ele>
   </trkpt>
   <trkpt lat="34.39135" lon="-111.37018">
    <ele>1731.0700000000002</ele>
   </trkpt>
   <trkpt lat="34.3913" lon="-111.37013">
    <ele>1731.1900000000003</ele>
   </trkpt>
   <trkpt lat="34.39123" lon="-111.37013">
    <ele>1731.3600000000001</ele>
   </trkpt>
   <trkpt lat="34.391200000000005" lon="-111.37004">
    <ele>1731.3600000000001</ele>
   </trkpt>
   <trkpt lat="34.39119" lon="-111.36992000000001">
    <ele>1731.77</ele>
   </trkpt>
   <trkpt lat="34.39083" lon="-111.36959">
    <ele>1733.4</ele>
   </trkpt>
   <trkpt lat="34.39058" lon="-111.36937">
    <ele>1733.99</ele>
   </trkpt>
   <trkpt lat="34.39049" lon="-111.36933">
    <ele>1734.52</ele>
   </trkpt>
   <trkpt lat="34.39025" lon="-111.36933">
    <ele>1734.8300000000002</ele>
   </trkpt>
   <trkpt lat="34.390170000000005" lon="-111.36941">
    <ele>1734.8200000000002</ele>
   </trkpt>
   <trkpt lat="34.390060000000005" lon="-111.36964">
    <ele>1735.45</ele>
   </trkpt>
   <trkpt lat="34.389900000000004" lon="-111.36991">
    <ele>1735.67</ele>
   </trkpt>
   <trkpt lat="34.38974" lon="-111.37001000000001">
    <ele>1735.99</ele>
   </trkpt>
   <trkpt lat="34.389680000000006" lon="-111.37018">
    <ele>1736.46</ele>
   </trkpt>
   <trkpt lat="34.38969" lon="-111.37062">
    <ele>1736.0300000000002</ele>
   </trkpt>
   <trkpt lat="34.389660000000006" lon="-111.37067">
    <ele>1735.92</ele>
   </trkpt>
   <trkpt lat="34.38936" lon="-111.37089">
    <ele>1736.11</ele>
   </trkpt>
   <trkpt lat="34.389120000000005" lon="-111.37108">
    <ele>1735.8600000000001</ele>
   </trkpt>
   <trkpt lat="34.38895" lon="-111.37104000000001">
    <ele>1735.42</ele>
   </trkpt>
   <trkpt lat="34.38889" lon="-111.37098">
    <ele>1734.6500000000003</ele>
   </trkpt>
   <trkpt lat="34.38889" lon="-111.37089">
    <ele>1734.14</ele>
   </trkpt>
   <trkpt lat="34.388850000000005" lon="-111.3708">
    <ele>1732.5700000000002</ele>
   </trkpt>
   <trkpt lat="34.3888" lon="-111.3708">
    <ele>1732.5700000000002</ele>
   </trkpt>
   <trkpt lat="34.38877" lon="-111.37085">
    <ele>1730.93</ele>
   </trkpt>
   <trkpt lat="34.388690000000004" lon="-111.37089">
    <ele>1730.93</ele>
   </trkpt>
   <trkpt lat="34.388490000000004" lon="-111.37091000000001">
    <ele>1729.7900000000002</ele>
   </trkpt>
   <trkpt lat="34.388310000000004" lon="-111.37103">
    <ele>1728.97</ele>
   </trkpt>
   <trkpt lat="34.388270000000006" lon="-111.37120000000002">
    <ele>1728.17</ele>
   </trkpt>
   <trkpt lat="34.3881" lon="-111.37139">
    <ele>1726.18</ele>
   </trkpt>
   <trkpt lat="34.388020000000004" lon="-111.37143">
    <ele>1725.92</ele>
   </trkpt>
   <trkpt lat="34.38792" lon="-111.37144">
    <ele>1725.6100000000001</ele>
   </trkpt>
   <trkpt lat="34.38785" lon="-111.37156">
    <ele>1725.89</ele>
   </trkpt>
   <trkpt lat="34.38776" lon="-111.37156">
    <ele>1726.47</ele>
   </trkpt>
   <trkpt lat="34.38772" lon="-111.37147">
    <ele>1727.24</ele>
   </trkpt>
   <trkpt lat="34.387640000000005" lon="-111.37144">
    <ele>1728.66</ele>
   </trkpt>
   <trkpt lat="34.38739" lon="-111.37152">
    <ele>1730.66</ele>
   </trkpt>
   <trkpt lat="34.387240000000006" lon="-111.37175">
    <ele>1732.88</ele>
   </trkpt>
   <trkpt lat="34.387080000000005" lon="-111.37190000000001">
    <ele>1733.13</ele>
   </trkpt>
   <trkpt lat="34.38698" lon="-111.3721">
    <ele>1732.39</ele>
   </trkpt>
   <trkpt lat="34.386860000000006" lon="-111.37224">
    <ele>1731.0</ele>
   </trkpt>
   <trkpt lat="34.386770000000006" lon="-111.37228">
    <ele>1730.8400000000001</ele>
   </trkpt>
   <trkpt lat="34.3866" lon="-111.37233">
    <ele>1732.19</ele>
   </trkpt>
   <trkpt lat="34.386480000000006" lon="-111.3725">
    <ele>1735.24</ele>
   </trkpt>
   <trkpt lat="34.38646" lon="-111.37268">
    <ele>1736.26</ele>
   </trkpt>
   <trkpt lat="34.38637" lon="-111.37277">
    <ele>1736.93</ele>
   </trkpt>
   <trkpt lat="34.386250000000004" lon="-111.37277">
    <ele>1736.8600000000001</ele>
   </trkpt>
   <trkpt lat="34.38618" lon="-111.37268">
    <ele>1736.6800000000003</ele>
   </trkpt>
   <trkpt lat="34.38604" lon="-111.37255">
    <ele>1736.3400000000001</ele>
   </trkpt>
   <trkpt lat="34.385870000000004" lon="-111.37268">
    <ele>1736.3500000000001</ele>
   </trkpt>
   <trkpt lat="34.385740000000006" lon="-111.37286">
    <ele>1736.7800000000002</ele>
   </trkpt>
   <trkpt lat="34.38564" lon="-111.37309">
    <ele>1736.9500000000003</ele>
   </trkpt>
   <trkpt lat="34.38553" lon="-111.37318">
    <ele>1737.0800000000002</ele>
   </trkpt>
   <trkpt lat="34.385400000000004" lon="-111.37318">
    <ele>1737.17</ele>
   </trkpt>
   <trkpt lat="34.38515" lon="-111.37305">
    <ele>1737.64</ele>
   </trkpt>
   <trkpt lat="34.384980000000006" lon="-111.37309">
    <ele>1737.7300000000002</ele>
   </trkpt>
   <trkpt lat="34.38479" lon="-111.37331">
    <ele>1737.47</ele>
   </trkpt>
   <trkpt lat="34.384570000000004" lon="-111.3734">
    <ele>1737.57</ele>
   </trkpt>
   <trkpt lat="34.38441" lon="-111.37344">
    <ele>1738.0700000000002</ele>
   </trkpt>
   <trkpt lat="34.384350000000005" lon="-111.37349">
    <ele>1738.11</ele>
   </trkpt>
   <trkpt lat="34.3843" lon="-111.37362">
    <ele>1738.3000000000002</ele>
   </trkpt>
   <trkpt lat="34.384220000000006" lon="-111.37358">
    <ele>1738.7500000000002</ele>
   </trkpt>
   <trkpt lat="34.384130000000006" lon="-111.37362">
    <ele>1739.0500000000002</ele>
   </trkpt>
   <trkpt lat="34.38403" lon="-111.37376">
    <ele>1740.6200000000001</ele>
   </trkpt>
   <trkpt lat="34.384170000000005" lon="-111.37377000000001">
    <ele>1740.8700000000001</ele>
   </trkpt>
   <trkpt lat="34.384150000000005" lon="-111.37385">
    <ele>1742.22</ele>
   </trkpt>
   <trkpt lat="34.38401" lon="-111.37394">
    <ele>1742.46</ele>
   </trkpt>
   <trkpt lat="34.383970000000005" lon="-111.37407">
    <ele>1743.0400000000002</ele>
   </trkpt>
   <trkpt lat="34.38387" lon="-111.37412">
    <ele>1743.68</ele>
   </trkpt>
   <trkpt lat="34.38389" lon="-111.37429">
    <ele>1745.0800000000002</ele>
   </trkpt>
   <trkpt lat="34.383700000000005" lon="-111.37449000000001">
    <ele>1746.1200000000001</ele>
   </trkpt>
   <trkpt lat="34.38369" lon="-111.3747">
    <ele>1746.67</ele>
   </trkpt>
   <trkpt lat="34.38365" lon="-111.37485000000001">
    <ele>1747.6200000000001</ele>
   </trkpt>
   <trkpt lat="34.3836" lon="-111.37492">
    <ele>1748.48</ele>
   </trkpt>
   <trkpt lat="34.38355" lon="-111.37506">
    <ele>1749.5</ele>
   </trkpt>
   <trkpt lat="34.38383" lon="-111.37541">
    <ele>1753.74</ele>
   </trkpt>
   <trkpt lat="34.38387" lon="-111.37555">
    <ele>1753.96</ele>
   </trkpt>
   <trkpt lat="34.38384" lon="-111.37559">
    <ele>1753.96</ele>
   </trkpt>
   <trkpt lat="34.383660000000006" lon="-111.37559">
    <ele>1754.52</ele>
   </trkpt>
   <trkpt lat="34.383610000000004" lon="-111.37561000000001">
    <ele>1754.9800000000002</ele>
   </trkpt>
   <trkpt lat="34.38358" lon="-111.37574000000001">
    <ele>1755.2500000000002</ele>
   </trkpt>
   <trkpt lat="34.38347" lon="-111.37582">
    <ele>1756.7100000000003</ele>
   </trkpt>
   <trkpt lat="34.383320000000005" lon="-111.37582">
    <ele>1756.7100000000003</ele>
   </trkpt>
   <trkpt lat="34.383160000000004" lon="-111.37595">
    <ele>1759.1900000000003</ele>
   </trkpt>
   <trkpt lat="34.383050000000004" lon="-111.37609">
    <ele>1760.45</ele>
   </trkpt>
   <trkpt lat="34.38248" lon="-111.37622">
    <ele>1765.19</ele>
   </trkpt>
   <trkpt lat="34.38228" lon="-111.37613">
    <ele>1765.8600000000001</ele>
   </trkpt>
   <trkpt lat="34.381890000000006" lon="-111.37587">
    <ele>1766.46</ele>
   </trkpt>
   <trkpt lat="34.38179" lon="-111.37586">
    <ele>1766.7800000000002</ele>
   </trkpt>
   <trkpt lat="34.381660000000004" lon="-111.37579000000001">
    <ele>1766.7800000000002</ele>
   </trkpt>
   <trkpt lat="34.38125" lon="-111.37571000000001">
    <ele>1769.23</ele>
   </trkpt>
   <trkpt lat="34.381060000000005" lon="-111.37570000000001">
    <ele>1770.0500000000002</ele>
   </trkpt>
   <trkpt lat="34.38042" lon="-111.37577">
    <ele>1772.41</ele>
   </trkpt>
   <trkpt lat="34.38011" lon="-111.37582">
    <ele>1773.3100000000002</ele>
   </trkpt>
   <trkpt lat="34.37988" lon="-111.376">
    <ele>1774.42</ele>
   </trkpt>
   <trkpt lat="34.379870000000004" lon="-111.37601000000001">
    <ele>1773.3700000000001</ele>
   </trkpt>
   <trkpt lat="34.379760000000005" lon="-111.37644">
    <ele>1775.2200000000003</ele>
   </trkpt>
   <trkpt lat="34.37977" lon="-111.37658">
    <ele>1775.39</ele>
   </trkpt>
   <trkpt lat="34.37975" lon="-111.37671">
    <ele>1775.6000000000001</ele>
   </trkpt>
   <trkpt lat="34.379690000000004" lon="-111.3768">
    <ele>1775.7</ele>
   </trkpt>
   <trkpt lat="34.37968" lon="-111.37729">
    <ele>1775.92</ele>
   </trkpt>
   <trkpt lat="34.379830000000005" lon="-111.37761">
    <ele>1776.8100000000002</ele>
   </trkpt>
   <trkpt lat="34.379870000000004" lon="-111.37779">
    <ele>1776.8100000000002</ele>
   </trkpt>
   <trkpt lat="34.379920000000006" lon="-111.37805000000002">
    <ele>1778.85</ele>
   </trkpt>
   <trkpt lat="34.37991" lon="-111.37837">
    <ele>1779.16</ele>
   </trkpt>
   <trkpt lat="34.379650000000005" lon="-111.37878">
    <ele>1781.02</ele>
   </trkpt>
   <trkpt lat="34.37959" lon="-111.37892000000001">
    <ele>1781.3400000000001</ele>
   </trkpt>
   <trkpt lat="34.37971" lon="-111.37976">
    <ele>1782.24</ele>
   </trkpt>
   <trkpt lat="34.37988" lon="-111.3802">
    <ele>1782.8700000000001</ele>
   </trkpt>
   <trkpt lat="34.37989" lon="-111.38034">
    <ele>1782.8100000000002</ele>
   </trkpt>
   <trkpt lat="34.379940000000005" lon="-111.38062000000001">
    <ele>1782.16</ele>
   </trkpt>
   <trkpt lat="34.37998" lon="-111.38075">
    <ele>1782.01</ele>
   </trkpt>
   <trkpt lat="34.37998" lon="-111.3811">
    <ele>1782.0500000000002</ele>
   </trkpt>
   <trkpt lat="34.380050000000004" lon="-111.38137">
    <ele>1781.5600000000002</ele>
   </trkpt>
   <trkpt lat="34.380120000000005" lon="-111.3815">
    <ele>1781.5100000000002</ele>
   </trkpt>
   <trkpt lat="34.380190000000006" lon="-111.38177">
    <ele>1781.43</ele>
   </trkpt>
   <trkpt lat="34.380160000000004" lon="-111.38213">
    <ele>1781.41</ele>
   </trkpt>
   <trkpt lat="34.3802" lon="-111.38222">
    <ele>1781.14</ele>
   </trkpt>
   <trkpt lat="34.380030000000005" lon="-111.38245">
    <ele>1779.98</ele>
   </trkpt>
   <trkpt lat="34.38002" lon="-111.38263">
    <ele>1778.5700000000002</ele>
   </trkpt>
   <trkpt lat="34.38009" lon="-111.38338">
    <ele>1776.25</ele>
   </trkpt>
   <trkpt lat="34.38017" lon="-111.38347">
    <ele>1774.52</ele>
   </trkpt>
   <trkpt lat="34.38018" lon="-111.38352">
    <ele>1774.0600000000002</ele>
   </trkpt>
   <trkpt lat="34.38006" lon="-111.38356">
    <ele>1773.53</ele>
   </trkpt>
   <trkpt lat="34.37988" lon="-111.38374">
    <ele>1775.3</ele>
   </trkpt>
   <trkpt lat="34.37975" lon="-111.38374">
    <ele>1775.6100000000001</ele>
   </trkpt>
   <trkpt lat="34.37966" lon="-111.38380000000001">
    <ele>1776.28</ele>
   </trkpt>
   <trkpt lat="34.37948" lon="-111.38396000000002">
    <ele>1777.0</ele>
   </trkpt>
   <trkpt lat="34.37939" lon="-111.38392">
    <ele>1777.4900000000002</ele>
   </trkpt>
   <trkpt lat="34.3793" lon="-111.38383">
    <ele>1777.9</ele>
   </trkpt>
   <trkpt lat="34.37923" lon="-111.38387000000002">
    <ele>1778.2000000000003</ele>
   </trkpt>
   <trkpt lat="34.37915" lon="-111.38398000000001">
    <ele>1778.58</ele>
   </trkpt>
   <trkpt lat="34.37886" lon="-111.38402">
    <ele>1779.95</ele>
   </trkpt>
   <trkpt lat="34.37861" lon="-111.38432">
    <ele>1782.1200000000001</ele>
   </trkpt>
   <trkpt lat="34.378460000000004" lon="-111.38441">
    <ele>1783.5800000000002</ele>
   </trkpt>
   <trkpt lat="34.37841" lon="-111.38468">
    <ele>1785.7800000000002</ele>
   </trkpt>
   <trkpt lat="34.37845" lon="-111.38504">
    <ele>1789.5200000000002</ele>
   </trkpt>
   <trkpt lat="34.378600000000006" lon="-111.38535">
    <ele>1792.0500000000002</ele>
   </trkpt>
   <trkpt lat="34.378800000000005" lon="-111.38634">
    <ele>1799.29</ele>
   </trkpt>
   <trkpt lat="34.37872" lon="-111.38638">
    <ele>1799.4900000000002</ele>
   </trkpt>
   <trkpt lat="34.37854" lon="-111.38616">
    <ele>1800.45</ele>
   </trkpt>
   <trkpt lat="34.378220000000006" lon="-111.38586000000001">
    <ele>1802.49</ele>
   </trkpt>
   <trkpt lat="34.377790000000005" lon="-111.38558">
    <ele>1805.49</ele>
   </trkpt>
   <trkpt lat="34.37758" lon="-111.38549">
    <ele>1806.5900000000001</ele>
   </trkpt>
   <trkpt lat="34.37749" lon="-111.38553">
    <ele>1807.2100000000003</ele>
   </trkpt>
   <trkpt lat="34.37751" lon="-111.38577000000001">
    <ele>1809.39</ele>
   </trkpt>
   <trkpt lat="34.377500000000005" lon="-111.38593000000002">
    <ele>1809.39</ele>
   </trkpt>
   <trkpt lat="34.37747" lon="-111.38602">
    <ele>1811.0000000000002</ele>
   </trkpt>
   <trkpt lat="34.37754" lon="-111.38607">
    <ele>1811.38</ele>
   </trkpt>
   <trkpt lat="34.37771" lon="-111.38598">
    <ele>1813.0900000000001</ele>
   </trkpt>
   <trkpt lat="34.377770000000005" lon="-111.38589">
    <ele>1813.71</ele>
   </trkpt>
   <trkpt lat="34.37785" lon="-111.38586000000001">
    <ele>1814.3000000000002</ele>
   </trkpt>
   <trkpt lat="34.3778" lon="-111.38607">
    <ele>1815.16</ele>
   </trkpt>
   <trkpt lat="34.37782" lon="-111.38612">
    <ele>1815.4800000000002</ele>
   </trkpt>
   <trkpt lat="34.37789" lon="-111.38608">
    <ele>1815.4800000000002</ele>
   </trkpt>
   <trkpt lat="34.377970000000005" lon="-111.38613000000001">
    <ele>1817.2100000000003</ele>
   </trkpt>
   <trkpt lat="34.377880000000005" lon="-111.38647">
    <ele>1819.4800000000002</ele>
   </trkpt>
   <trkpt lat="34.37805" lon="-111.38643">
    <ele>1820.07</ele>
   </trkpt>
   <trkpt lat="34.37798" lon="-111.38674">
    <ele>1821.9900000000002</ele>
   </trkpt>
   <trkpt lat="34.37805" lon="-111.38719">
    <ele>1823.7800000000002</ele>
   </trkpt>
   <trkpt lat="34.378170000000004" lon="-111.3875">
    <ele>1825.3700000000001</ele>
   </trkpt>
   <trkpt lat="34.3782" lon="-111.38777">
    <ele>1826.3000000000002</ele>
   </trkpt>
   <trkpt lat="34.37809" lon="-111.388">
    <ele>1827.7200000000003</ele>
   </trkpt>
   <trkpt lat="34.378130000000006" lon="-111.38835">
    <ele>1829.22</ele>
   </trkpt>
   <trkpt lat="34.378220000000006" lon="-111.38867">
    <ele>1830.39</ele>
   </trkpt>
   <trkpt lat="34.37825" lon="-111.38908">
    <ele>1831.7200000000003</ele>
   </trkpt>
   <trkpt lat="34.37829" lon="-111.3892">
    <ele>1831.7900000000002</ele>
   </trkpt>
   <trkpt lat="34.378350000000005" lon="-111.38925">
    <ele>1831.7</ele>
   </trkpt>
   <trkpt lat="34.37863" lon="-111.38941000000001">
    <ele>1832.72</ele>
   </trkpt>
   <trkpt lat="34.37881" lon="-111.38957">
    <ele>1832.2200000000003</ele>
   </trkpt>
   <trkpt lat="34.378730000000004" lon="-111.38961">
    <ele>1831.53</ele>
   </trkpt>
   <trkpt lat="34.3785" lon="-111.38962000000001">
    <ele>1830.2600000000002</ele>
   </trkpt>
   <trkpt lat="34.37843" lon="-111.38965">
    <ele>1829.7900000000002</ele>
   </trkpt>
   <trkpt lat="34.378240000000005" lon="-111.3897">
    <ele>1829.5500000000002</ele>
   </trkpt>
   <trkpt lat="34.37807" lon="-111.38980000000001">
    <ele>1830.04</ele>
   </trkpt>
   <trkpt lat="34.377860000000005" lon="-111.38998000000001">
    <ele>1829.05</ele>
   </trkpt>
   <trkpt lat="34.37782" lon="-111.3901">
    <ele>1828.7700000000002</ele>
   </trkpt>
   <trkpt lat="34.37787" lon="-111.39051">
    <ele>1829.94</ele>
   </trkpt>
   <trkpt lat="34.37791" lon="-111.39064">
    <ele>1830.39</ele>
   </trkpt>
   <trkpt lat="34.37789" lon="-111.39069">
    <ele>1830.42</ele>
   </trkpt>
   <trkpt lat="34.37783" lon="-111.39072000000002">
    <ele>1830.3600000000001</ele>
   </trkpt>
   <trkpt lat="34.37744" lon="-111.39046">
    <ele>1827.92</ele>
   </trkpt>
   <trkpt lat="34.377280000000006" lon="-111.39046">
    <ele>1827.6000000000001</ele>
   </trkpt>
   <trkpt lat="34.37722" lon="-111.3905">
    <ele>1827.1800000000003</ele>
   </trkpt>
   <trkpt lat="34.377190000000006" lon="-111.39055">
    <ele>1827.1800000000003</ele>
   </trkpt>
   <trkpt lat="34.37729" lon="-111.3909">
    <ele>1826.4300000000003</ele>
   </trkpt>
   <trkpt lat="34.37727" lon="-111.39095">
    <ele>1826.4300000000003</ele>
   </trkpt>
   <trkpt lat="34.37715" lon="-111.39108">
    <ele>1826.1100000000001</ele>
   </trkpt>
   <trkpt lat="34.37698" lon="-111.39119000000001">
    <ele>1825.38</ele>
   </trkpt>
   <trkpt lat="34.37669" lon="-111.39149">
    <ele>1827.22</ele>
   </trkpt>
   <trkpt lat="34.37664" lon="-111.39172">
    <ele>1827.47</ele>
   </trkpt>
   <trkpt lat="34.376580000000004" lon="-111.39185">
    <ele>1826.75</ele>
   </trkpt>
   <trkpt lat="34.37624" lon="-111.3922">
    <ele>1826.13</ele>
   </trkpt>
   <trkpt lat="34.37622" lon="-111.39234">
    <ele>1826.39</ele>
   </trkpt>
   <trkpt lat="34.376270000000005" lon="-111.39248">
    <ele>1827.02</ele>
   </trkpt>
   <trkpt lat="34.37633" lon="-111.39260000000002">
    <ele>1826.99</ele>
   </trkpt>
   <trkpt lat="34.37632" lon="-111.39265">
    <ele>1826.7300000000002</ele>
   </trkpt>
   <trkpt lat="34.376270000000005" lon="-111.39274">
    <ele>1825.91</ele>
   </trkpt>
   <trkpt lat="34.375980000000006" lon="-111.39289000000001">
    <ele>1822.8500000000001</ele>
   </trkpt>
   <trkpt lat="34.37585" lon="-111.3931">
    <ele>1821.7500000000002</ele>
   </trkpt>
   <trkpt lat="34.375820000000004" lon="-111.39323">
    <ele>1821.59</ele>
   </trkpt>
   <trkpt lat="34.37579" lon="-111.39329000000001">
    <ele>1821.5800000000002</ele>
   </trkpt>
   <trkpt lat="34.375690000000006" lon="-111.39320000000001">
    <ele>1821.6900000000003</ele>
   </trkpt>
   <trkpt lat="34.37557" lon="-111.39315">
    <ele>1822.0500000000002</ele>
   </trkpt>
   <trkpt lat="34.37547" lon="-111.39316000000001">
    <ele>1822.24</ele>
   </trkpt>
   <trkpt lat="34.37514" lon="-111.39356000000001">
    <ele>1822.93</ele>
   </trkpt>
   <trkpt lat="34.374930000000006" lon="-111.39373">
    <ele>1822.6200000000001</ele>
   </trkpt>
   <trkpt lat="34.37483" lon="-111.39386">
    <ele>1822.17</ele>
   </trkpt>
   <trkpt lat="34.37482" lon="-111.39423000000001">
    <ele>1822.0200000000002</ele>
   </trkpt>
   <trkpt lat="34.374930000000006" lon="-111.39489">
    <ele>1822.22</ele>
   </trkpt>
   <trkpt lat="34.37485" lon="-111.3953">
    <ele>1821.5</ele>
   </trkpt>
   <trkpt lat="34.37476" lon="-111.39565">
    <ele>1821.1000000000001</ele>
   </trkpt>
   <trkpt lat="34.374810000000004" lon="-111.39579">
    <ele>1821.1200000000001</ele>
   </trkpt>
   <trkpt lat="34.37492" lon="-111.39593">
    <ele>1821.2100000000003</ele>
   </trkpt>
   <trkpt lat="34.37505" lon="-111.39601">
    <ele>1821.38</ele>
   </trkpt>
   <trkpt lat="34.37507" lon="-111.39611000000001">
    <ele>1821.8100000000002</ele>
   </trkpt>
   <trkpt lat="34.375020000000006" lon="-111.39615">
    <ele>1821.47</ele>
   </trkpt>
   <trkpt lat="34.37483" lon="-111.39623">
    <ele>1820.66</ele>
   </trkpt>
   <trkpt lat="34.37463" lon="-111.39624">
    <ele>1819.0800000000002</ele>
   </trkpt>
   <trkpt lat="34.37451" lon="-111.39632">
    <ele>1818.6700000000003</ele>
   </trkpt>
   <trkpt lat="34.374480000000005" lon="-111.39641">
    <ele>1818.6400000000003</ele>
   </trkpt>
   <trkpt lat="34.37451" lon="-111.39654000000002">
    <ele>1818.68</ele>
   </trkpt>
   <trkpt lat="34.37464" lon="-111.39659">
    <ele>1819.17</ele>
   </trkpt>
   <trkpt lat="34.37465" lon="-111.39665000000001">
    <ele>1819.17</ele>
   </trkpt>
   <trkpt lat="34.37462" lon="-111.39673">
    <ele>1819.4800000000002</ele>
   </trkpt>
   <trkpt lat="34.37467" lon="-111.39682">
    <ele>1819.8400000000001</ele>
   </trkpt>
   <trkpt lat="34.37465" lon="-111.39704">
    <ele>1820.8400000000001</ele>
   </trkpt>
   <trkpt lat="34.374590000000005" lon="-111.39704">
    <ele>1820.8400000000001</ele>
   </trkpt>
   <trkpt lat="34.37455" lon="-111.39708">
    <ele>1821.2100000000003</ele>
   </trkpt>
   <trkpt lat="34.374500000000005" lon="-111.39708">
    <ele>1821.3600000000001</ele>
   </trkpt>
   <trkpt lat="34.37438" lon="-111.39695">
    <ele>1821.46</ele>
   </trkpt>
   <trkpt lat="34.37415" lon="-111.3969">
    <ele>1820.54</ele>
   </trkpt>
   <trkpt lat="34.373630000000006" lon="-111.39713">
    <ele>1820.24</ele>
   </trkpt>
   <trkpt lat="34.373560000000005" lon="-111.39722">
    <ele>1820.3000000000002</ele>
   </trkpt>
   <trkpt lat="34.3735" lon="-111.3974">
    <ele>1820.7600000000002</ele>
   </trkpt>
   <trkpt lat="34.373470000000005" lon="-111.39775">
    <ele>1821.83</ele>
   </trkpt>
   <trkpt lat="34.373380000000004" lon="-111.39784">
    <ele>1822.48</ele>
   </trkpt>
   <trkpt lat="34.37328" lon="-111.39777000000001">
    <ele>1822.9700000000003</ele>
   </trkpt>
   <trkpt lat="34.37319" lon="-111.39775">
    <ele>1823.8400000000001</ele>
   </trkpt>
   <trkpt lat="34.37308" lon="-111.3978">
    <ele>1824.5800000000002</ele>
   </trkpt>
   <trkpt lat="34.373070000000006" lon="-111.39784">
    <ele>1824.5800000000002</ele>
   </trkpt>
   <trkpt lat="34.37317" lon="-111.39785">
    <ele>1826.3700000000001</ele>
   </trkpt>
   <trkpt lat="34.373200000000004" lon="-111.39789">
    <ele>1826.3700000000001</ele>
   </trkpt>
   <trkpt lat="34.373180000000005" lon="-111.39793">
    <ele>1826.78</ele>
   </trkpt>
   <trkpt lat="34.37312" lon="-111.39793">
    <ele>1827.16</ele>
   </trkpt>
   <trkpt lat="34.37308" lon="-111.39807">
    <ele>1828.4600000000003</ele>
   </trkpt>
   <trkpt lat="34.37317" lon="-111.3982">
    <ele>1829.8700000000001</ele>
   </trkpt>
   <trkpt lat="34.373250000000006" lon="-111.39835000000001">
    <ele>1830.8600000000001</ele>
   </trkpt>
   <trkpt lat="34.373520000000006" lon="-111.3987">
    <ele>1833.5100000000002</ele>
   </trkpt>
   <trkpt lat="34.37359" lon="-111.39883">
    <ele>1834.3600000000001</ele>
   </trkpt>
   <trkpt lat="34.373630000000006" lon="-111.39896">
    <ele>1834.92</ele>
   </trkpt>
   <trkpt lat="34.37359" lon="-111.39905">
    <ele>1835.16</ele>
   </trkpt>
   <trkpt lat="34.373380000000004" lon="-111.39905">
    <ele>1835.2400000000002</ele>
   </trkpt>
   <trkpt lat="34.37333" lon="-111.39914">
    <ele>1835.5500000000002</ele>
   </trkpt>
   <trkpt lat="34.373490000000004" lon="-111.39941">
    <ele>1835.6000000000001</ele>
   </trkpt>
   <trkpt lat="34.37351" lon="-111.39947000000001">
    <ele>1835.8500000000001</ele>
   </trkpt>
   <trkpt lat="34.3735" lon="-111.39955">
    <ele>1835.9</ele>
   </trkpt>
   <trkpt lat="34.37335" lon="-111.39964">
    <ele>1835.71</ele>
   </trkpt>
   <trkpt lat="34.37254" lon="-111.39972">
    <ele>1836.27</ele>
   </trkpt>
   <trkpt lat="34.37201000021588" lon="-111.39999500178752">
    <ele>1837.8</ele>
   </trkpt>
   <trkpt lat="34.371480000000005" lon="-111.40027">
    <ele>1839.3300000000002</ele>
   </trkpt>
   <trkpt lat="34.371230000000004" lon="-111.40049">
    <ele>1839.88</ele>
   </trkpt>
   <trkpt lat="34.371030000000005" lon="-111.40089">
    <ele>1840.0700000000002</ele>
   </trkpt>
   <trkpt lat="34.371010000000005" lon="-111.40102">
    <ele>1839.88</ele>
   </trkpt>
   <trkpt lat="34.371080000000006" lon="-111.40144000000001">
    <ele>1838.7000000000003</ele>
   </trkpt>
   <trkpt lat="34.37106" lon="-111.40152">
    <ele>1838.74</ele>
   </trkpt>
   <trkpt lat="34.37109" lon="-111.40163000000001">
    <ele>1839.0600000000002</ele>
   </trkpt>
   <trkpt lat="34.371320000000004" lon="-111.40196">
    <ele>1842.3200000000002</ele>
   </trkpt>
   <trkpt lat="34.371340000000004" lon="-111.40220000000001">
    <ele>1843.3700000000001</ele>
   </trkpt>
   <trkpt lat="34.371120000000005" lon="-111.40304">
    <ele>1843.26</ele>
   </trkpt>
   <trkpt lat="34.37113" lon="-111.40345">
    <ele>1843.3400000000001</ele>
   </trkpt>
   <trkpt lat="34.37116" lon="-111.4038">
    <ele>1843.0700000000002</ele>
   </trkpt>
   <trkpt lat="34.37142" lon="-111.40426000000001">
    <ele>1843.1000000000001</ele>
   </trkpt>
   <trkpt lat="34.37162" lon="-111.40447">
    <ele>1843.02</ele>
   </trkpt>
   <trkpt lat="34.37209" lon="-111.40487">
    <ele>1841.2800000000002</ele>
   </trkpt>
   <trkpt lat="34.37211" lon="-111.40492">
    <ele>1841.13</ele>
   </trkpt>
   <trkpt lat="34.37198" lon="-111.40501">
    <ele>1841.2400000000002</ele>
   </trkpt>
   <trkpt lat="34.37174" lon="-111.40501">
    <ele>1842.88</ele>
   </trkpt>
   <trkpt lat="34.371660000000006" lon="-111.40511000000001">
    <ele>1844.21</ele>
   </trkpt>
   <trkpt lat="34.37163" lon="-111.40520000000001">
    <ele>1844.21</ele>
   </trkpt>
   <trkpt lat="34.37169" lon="-111.40536000000002">
    <ele>1846.14</ele>
   </trkpt>
   <trkpt lat="34.37169" lon="-111.40581">
    <ele>1848.3600000000001</ele>
   </trkpt>
   <trkpt lat="34.371700000000004" lon="-111.40595">
    <ele>1848.5500000000002</ele>
   </trkpt>
   <trkpt lat="34.37174" lon="-111.40604">
    <ele>1848.65</ele>
   </trkpt>
   <trkpt lat="34.371590000000005" lon="-111.40621000000002">
    <ele>1848.9400000000003</ele>
   </trkpt>
   <trkpt lat="34.37142" lon="-111.40632000000001">
    <ele>1849.7800000000002</ele>
   </trkpt>
   <trkpt lat="34.37133" lon="-111.40644">
    <ele>1850.5500000000002</ele>
   </trkpt>
   <trkpt lat="34.371300000000005" lon="-111.40663">
    <ele>1851.3300000000002</ele>
   </trkpt>
   <trkpt lat="34.37133" lon="-111.40689">
    <ele>1851.7400000000002</ele>
   </trkpt>
   <trkpt lat="34.371390000000005" lon="-111.40716">
    <ele>1853.22</ele>
   </trkpt>
   <trkpt lat="34.371610000000004" lon="-111.40774">
    <ele>1856.74</ele>
   </trkpt>
   <trkpt lat="34.371680000000005" lon="-111.40783">
    <ele>1858.38</ele>
   </trkpt>
   <trkpt lat="34.3718" lon="-111.40823">
    <ele>1860.2900000000002</ele>
   </trkpt>
   <trkpt lat="34.371880000000004" lon="-111.40837">
    <ele>1860.5900000000001</ele>
   </trkpt>
   <trkpt lat="34.37176" lon="-111.40856000000001">
    <ele>1861.02</ele>
   </trkpt>
   <trkpt lat="34.37178" lon="-111.40872">
    <ele>1861.69</ele>
   </trkpt>
   <trkpt lat="34.37182" lon="-111.40886">
    <ele>1862.0900000000001</ele>
   </trkpt>
   <trkpt lat="34.37178" lon="-111.40899">
    <ele>1862.2800000000002</ele>
   </trkpt>
   <trkpt lat="34.37178" lon="-111.40914000000001">
    <ele>1862.42</ele>
   </trkpt>
   <trkpt lat="34.37183" lon="-111.40926">
    <ele>1863.11</ele>
   </trkpt>
   <trkpt lat="34.37203" lon="-111.4094">
    <ele>1863.14</ele>
   </trkpt>
   <trkpt lat="34.37201" lon="-111.40954">
    <ele>1863.3100000000002</ele>
   </trkpt>
   <trkpt lat="34.37196" lon="-111.40972000000001">
    <ele>1863.88</ele>
   </trkpt>
   <trkpt lat="34.371840000000006" lon="-111.40984">
    <ele>1863.9</ele>
   </trkpt>
   <trkpt lat="34.371700000000004" lon="-111.40986000000001">
    <ele>1863.64</ele>
   </trkpt>
   <trkpt lat="34.371610000000004" lon="-111.40994">
    <ele>1863.7100000000003</ele>
   </trkpt>
   <trkpt lat="34.37149" lon="-111.41015000000002">
    <ele>1864.9</ele>
   </trkpt>
   <trkpt lat="34.37136" lon="-111.41069">
    <ele>1866.2900000000002</ele>
   </trkpt>
   <trkpt lat="34.371340000000004" lon="-111.41105">
    <ele>1865.3200000000002</ele>
   </trkpt>
   <trkpt lat="34.371340000000004" lon="-111.41106">
    <ele>1865.3200000000002</ele>
   </trkpt>
   <trkpt lat="34.371460000000006" lon="-111.41133">
    <ele>1863.93</ele>
   </trkpt>
   <trkpt lat="34.37182" lon="-111.4115">
    <ele>1864.2500000000002</ele>
   </trkpt>
   <trkpt lat="34.37198" lon="-111.41163">
    <ele>1865.5000000000002</ele>
   </trkpt>
   <trkpt lat="34.37218" lon="-111.41168">
    <ele>1866.7300000000002</ele>
   </trkpt>
   <trkpt lat="34.37223" lon="-111.4119">
    <ele>1867.4700000000003</ele>
   </trkpt>
   <trkpt lat="34.3723" lon="-111.41199">
    <ele>1868.0500000000002</ele>
   </trkpt>
   <trkpt lat="34.37238" lon="-111.41204">
    <ele>1868.94</ele>
   </trkpt>
   <trkpt lat="34.37267" lon="-111.4119">
    <ele>1871.96</ele>
   </trkpt>
   <trkpt lat="34.37274" lon="-111.41191">
    <ele>1872.27</ele>
   </trkpt>
   <trkpt lat="34.373110000000004" lon="-111.41192000000001">
    <ele>1874.7000000000003</ele>
   </trkpt>
   <trkpt lat="34.37337" lon="-111.41186">
    <ele>1876.4600000000003</ele>
   </trkpt>
   <trkpt lat="34.373400000000004" lon="-111.41195">
    <ele>1876.84</ele>
   </trkpt>
   <trkpt lat="34.373400000000004" lon="-111.41212000000002">
    <ele>1876.77</ele>
   </trkpt>
   <trkpt lat="34.37344" lon="-111.41231">
    <ele>1876.2800000000002</ele>
   </trkpt>
   <trkpt lat="34.373810000000006" lon="-111.41253">
    <ele>1876.5200000000002</ele>
   </trkpt>
   <trkpt lat="34.37398" lon="-111.41254">
    <ele>1877.01</ele>
   </trkpt>
   <trkpt lat="34.37422" lon="-111.41271">
    <ele>1878.71</ele>
   </trkpt>
   <trkpt lat="34.37435" lon="-111.41275">
    <ele>1878.81</ele>
   </trkpt>
   <trkpt lat="34.374430000000004" lon="-111.41285">
    <ele>1879.0600000000002</ele>
   </trkpt>
   <trkpt lat="34.374480000000005" lon="-111.41303">
    <ele>1879.88</ele>
   </trkpt>
   <trkpt lat="34.37462" lon="-111.41311">
    <ele>1880.5</ele>
   </trkpt>
   <trkpt lat="34.37471" lon="-111.41326000000001">
    <ele>1880.71</ele>
   </trkpt>
   <trkpt lat="34.374930000000006" lon="-111.41342">
    <ele>1881.6800000000003</ele>
   </trkpt>
   <trkpt lat="34.374990000000004" lon="-111.41351">
    <ele>1884.4900000000002</ele>
   </trkpt>
   <trkpt lat="34.37509" lon="-111.41378">
    <ele>1885.6200000000001</ele>
   </trkpt>
   <trkpt lat="34.375150000000005" lon="-111.41387">
    <ele>1886.6200000000001</ele>
   </trkpt>
   <trkpt lat="34.375240000000005" lon="-111.41392">
    <ele>1888.0400000000002</ele>
   </trkpt>
   <trkpt lat="34.375440000000005" lon="-111.41405">
    <ele>1888.8700000000001</ele>
   </trkpt>
   <trkpt lat="34.37539" lon="-111.41423">
    <ele>1889.3500000000001</ele>
   </trkpt>
   <trkpt lat="34.3755" lon="-111.41436">
    <ele>1889.0700000000002</ele>
   </trkpt>
   <trkpt lat="34.375530000000005" lon="-111.41445">
    <ele>1889.0200000000002</ele>
   </trkpt>
   <trkpt lat="34.375510000000006" lon="-111.41447000000001">
    <ele>1889.0200000000002</ele>
   </trkpt>
   <trkpt lat="34.37525" lon="-111.41447000000001">
    <ele>1889.0700000000002</ele>
   </trkpt>
   <trkpt lat="34.37505" lon="-111.41454">
    <ele>1888.94</ele>
   </trkpt>
   <trkpt lat="34.37496" lon="-111.41459">
    <ele>1889.0800000000002</ele>
   </trkpt>
   <trkpt lat="34.37476" lon="-111.41477">
    <ele>1889.92</ele>
   </trkpt>
   <trkpt lat="34.37435" lon="-111.41504">
    <ele>1886.2800000000002</ele>
   </trkpt>
   <trkpt lat="34.374" lon="-111.41509">
    <ele>1887.5000000000002</ele>
   </trkpt>
   <trkpt lat="34.3737" lon="-111.41566">
    <ele>1892.91</ele>
   </trkpt>
   <trkpt lat="34.373630000000006" lon="-111.41588000000002">
    <ele>1893.76</ele>
   </trkpt>
   <trkpt lat="34.3735" lon="-111.41612">
    <ele>1894.1000000000001</ele>
   </trkpt>
   <trkpt lat="34.373430000000006" lon="-111.41617000000001">
    <ele>1894.1000000000001</ele>
   </trkpt>
   <trkpt lat="34.3733" lon="-111.4162">
    <ele>1894.1200000000001</ele>
   </trkpt>
   <trkpt lat="34.373250000000006" lon="-111.41624000000002">
    <ele>1894.1000000000001</ele>
   </trkpt>
   <trkpt lat="34.3729" lon="-111.41692">
    <ele>1893.82</ele>
   </trkpt>
   <trkpt lat="34.37275" lon="-111.41729000000001">
    <ele>1891.6800000000003</ele>
   </trkpt>
   <trkpt lat="34.37276" lon="-111.41754">
    <ele>1892.5600000000002</ele>
   </trkpt>
   <trkpt lat="34.372820000000004" lon="-111.41772">
    <ele>1894.7200000000003</ele>
   </trkpt>
   <trkpt lat="34.373020000000004" lon="-111.41812000000002">
    <ele>1896.9000000000003</ele>
   </trkpt>
   <trkpt lat="34.373200000000004" lon="-111.41857">
    <ele>1899.42</ele>
   </trkpt>
   <trkpt lat="34.37322" lon="-111.41875">
    <ele>1899.0300000000002</ele>
   </trkpt>
   <trkpt lat="34.373360000000005" lon="-111.41897000000002">
    <ele>1898.9300000000003</ele>
   </trkpt>
   <trkpt lat="34.37341" lon="-111.4193">
    <ele>1899.01</ele>
   </trkpt>
   <trkpt lat="34.37339" lon="-111.41974">
    <ele>1896.92</ele>
   </trkpt>
   <trkpt lat="34.37348" lon="-111.42014">
    <ele>1896.94</ele>
   </trkpt>
   <trkpt lat="34.37348" lon="-111.42041">
    <ele>1897.1000000000001</ele>
   </trkpt>
   <trkpt lat="34.37341" lon="-111.42059">
    <ele>1897.0900000000001</ele>
   </trkpt>
   <trkpt lat="34.37339" lon="-111.42074000000001">
    <ele>1896.2500000000002</ele>
   </trkpt>
   <trkpt lat="34.37342" lon="-111.42081">
    <ele>1895.8400000000001</ele>
   </trkpt>
   <trkpt lat="34.37353" lon="-111.42081">
    <ele>1894.92</ele>
   </trkpt>
   <trkpt lat="34.37382" lon="-111.42073">
    <ele>1892.16</ele>
   </trkpt>
   <trkpt lat="34.374120000000005" lon="-111.42074000000001">
    <ele>1889.65</ele>
   </trkpt>
   <trkpt lat="34.37435" lon="-111.42059">
    <ele>1888.95</ele>
   </trkpt>
   <trkpt lat="34.3746" lon="-111.42063">
    <ele>1888.24</ele>
   </trkpt>
   <trkpt lat="34.37476" lon="-111.42077">
    <ele>1886.2500000000002</ele>
   </trkpt>
   <trkpt lat="34.37534" lon="-111.42077">
    <ele>1883.0200000000002</ele>
   </trkpt>
   <trkpt lat="34.37554" lon="-111.42081">
    <ele>1882.69</ele>
   </trkpt>
   <trkpt lat="34.37565" lon="-111.42091">
    <ele>1882.3400000000001</ele>
   </trkpt>
   <trkpt lat="34.376070000000006" lon="-111.42117">
    <ele>1879.79</ele>
   </trkpt>
   <trkpt lat="34.37626" lon="-111.42135">
    <ele>1878.65</ele>
   </trkpt>
   <trkpt lat="34.376540000000006" lon="-111.42148">
    <ele>1878.5500000000002</ele>
   </trkpt>
   <trkpt lat="34.376560000000005" lon="-111.42158">
    <ele>1878.5600000000002</ele>
   </trkpt>
   <trkpt lat="34.376470000000005" lon="-111.4218">
    <ele>1878.03</ele>
   </trkpt>
   <trkpt lat="34.376400000000004" lon="-111.42189">
    <ele>1877.7700000000002</ele>
   </trkpt>
   <trkpt lat="34.37637" lon="-111.42207">
    <ele>1876.65</ele>
   </trkpt>
   <trkpt lat="34.37639" lon="-111.42225">
    <ele>1875.5800000000002</ele>
   </trkpt>
   <trkpt lat="34.376430000000006" lon="-111.42242">
    <ele>1874.23</ele>
   </trkpt>
   <trkpt lat="34.3765" lon="-111.42253000000001">
    <ele>1874.23</ele>
   </trkpt>
   <trkpt lat="34.37662" lon="-111.42265">
    <ele>1872.38</ele>
   </trkpt>
   <trkpt lat="34.37717" lon="-111.42305">
    <ele>1868.54</ele>
   </trkpt>
   <trkpt lat="34.37726" lon="-111.42306">
    <ele>1868.2500000000002</ele>
   </trkpt>
   <trkpt lat="34.377300000000005" lon="-111.42296">
    <ele>1870.14</ele>
   </trkpt>
   <trkpt lat="34.3778" lon="-111.42279">
    <ele>1881.04</ele>
   </trkpt>
   <trkpt lat="34.3778" lon="-111.42275000000001">
    <ele>1881.04</ele>
   </trkpt>
   <trkpt lat="34.37724" lon="-111.42211">
    <ele>1894.2800000000002</ele>
   </trkpt>
   <trkpt lat="34.37727" lon="-111.42207">
    <ele>1894.2800000000002</ele>
   </trkpt>
   <trkpt lat="34.37763" lon="-111.42199000000001">
    <ele>1900.47</ele>
   </trkpt>
   <trkpt lat="34.37783" lon="-111.42190000000001">
    <ele>1903.97</ele>
   </trkpt>
   <trkpt lat="34.37785" lon="-111.42184">
    <ele>1903.97</ele>
   </trkpt>
   <trkpt lat="34.377810000000004" lon="-111.42176">
    <ele>1903.97</ele>
   </trkpt>
   <trkpt lat="34.37754" lon="-111.42148">
    <ele>1914.91</ele>
   </trkpt>
   <trkpt lat="34.37753" lon="-111.42141000000001">
    <ele>1917.5000000000002</ele>
   </trkpt>
   <trkpt lat="34.37756" lon="-111.42135">
    <ele>1920.2100000000003</ele>
   </trkpt>
   <trkpt lat="34.377720000000004" lon="-111.42123000000001">
    <ele>1923.07</ele>
   </trkpt>
   <trkpt lat="34.37782" lon="-111.42104">
    <ele>1930.5200000000002</ele>
   </trkpt>
   <trkpt lat="34.377720000000004" lon="-111.42081">
    <ele>1937.16</ele>
   </trkpt>
   <trkpt lat="34.37773" lon="-111.42078000000001">
    <ele>1937.16</ele>
   </trkpt>
   <trkpt lat="34.378" lon="-111.42078000000001">
    <ele>1942.1500000000003</ele>
   </trkpt>
   <trkpt lat="34.37818" lon="-111.42072">
    <ele>1947.71</ele>
   </trkpt>
   <trkpt lat="34.378170000000004" lon="-111.42068">
    <ele>1947.71</ele>
   </trkpt>
   <trkpt lat="34.37802" lon="-111.42054">
    <ele>1953.14</ele>
   </trkpt>
   <trkpt lat="34.37801" lon="-111.4205">
    <ele>1953.14</ele>
   </trkpt>
   <trkpt lat="34.37829" lon="-111.42036">
    <ele>1961.1900000000003</ele>
   </trkpt>
   <trkpt lat="34.378400000000006" lon="-111.42027">
    <ele>1968.5500000000002</ele>
   </trkpt>
   <trkpt lat="34.37839" lon="-111.42023">
    <ele>1968.5500000000002</ele>
   </trkpt>
   <trkpt lat="34.378440000000005" lon="-111.42018000000002">
    <ele>1969.95</ele>
   </trkpt>
   <trkpt lat="34.37877" lon="-111.42006">
    <ele>1977.0800000000002</ele>
   </trkpt>
   <trkpt lat="34.37886" lon="-111.42009000000002">
    <ele>1979.9400000000003</ele>
   </trkpt>
   <trkpt lat="34.378910000000005" lon="-111.42005">
    <ele>1980.8300000000002</ele>
   </trkpt>
   <trkpt lat="34.37892" lon="-111.42001">
    <ele>1981.64</ele>
   </trkpt>
   <trkpt lat="34.378910000000005" lon="-111.42000000000002">
    <ele>1981.64</ele>
   </trkpt>
   <trkpt lat="34.37863" lon="-111.41988">
    <ele>1985.0200000000002</ele>
   </trkpt>
   <trkpt lat="34.378370000000004" lon="-111.41983">
    <ele>1988.1200000000001</ele>
   </trkpt>
   <trkpt lat="34.37849" lon="-111.41978">
    <ele>1992.05</ele>
   </trkpt>
   <trkpt lat="34.37849" lon="-111.41971000000001">
    <ele>1992.05</ele>
   </trkpt>
   <trkpt lat="34.37814" lon="-111.41951">
    <ele>2001.17</ele>
   </trkpt>
   <trkpt lat="34.37827" lon="-111.41947">
    <ele>2004.2500000000002</ele>
   </trkpt>
   <trkpt lat="34.378280000000004" lon="-111.41942">
    <ele>2004.2500000000002</ele>
   </trkpt>
   <trkpt lat="34.37816" lon="-111.41933">
    <ele>2007.0</ele>
   </trkpt>
   <trkpt lat="34.377660000000006" lon="-111.41902">
    <ele>2017.3400000000004</ele>
   </trkpt>
   <trkpt lat="34.37767" lon="-111.41893">
    <ele>2020.0300000000002</ele>
   </trkpt>
   <trkpt lat="34.37764" lon="-111.41889">
    <ele>2021.3200000000002</ele>
   </trkpt>
   <trkpt lat="34.377460000000006" lon="-111.4188">
    <ele>2026.4700000000003</ele>
   </trkpt>
   <trkpt lat="34.37747" lon="-111.41875">
    <ele>2027.5500000000002</ele>
   </trkpt>
   <trkpt lat="34.37755" lon="-111.41872000000001">
    <ele>2029.9400000000003</ele>
   </trkpt>
   <trkpt lat="34.37758" lon="-111.41867">
    <ele>2029.9400000000003</ele>
   </trkpt>
   <trkpt lat="34.37749" lon="-111.41857">
    <ele>2034.93</ele>
   </trkpt>
   <trkpt lat="34.37749" lon="-111.41853">
    <ele>2034.93</ele>
   </trkpt>
   <trkpt lat="34.37782" lon="-111.41839">
    <ele>2040.3700000000001</ele>
   </trkpt>
   <trkpt lat="34.37823" lon="-111.4183">
    <ele>2044.8799999999999</ele>
   </trkpt>
   <trkpt lat="34.37836" lon="-111.41834000000001">
    <ele>2046.2600000000002</ele>
   </trkpt>
   <trkpt lat="34.37883" lon="-111.41835">
    <ele>2050.94</ele>
   </trkpt>
   <trkpt lat="34.37901" lon="-111.41827">
    <ele>2052.3</ele>
   </trkpt>
   <trkpt lat="34.37921" lon="-111.41832000000001">
    <ele>2054.76</ele>
   </trkpt>
   <trkpt lat="34.3793" lon="-111.41832000000001">
    <ele>2054.76</ele>
   </trkpt>
   <trkpt lat="34.37942" lon="-111.41826">
    <ele>2056.33</ele>
   </trkpt>
   <trkpt lat="34.37961" lon="-111.41831">
    <ele>2057.9500000000003</ele>
   </trkpt>
   <trkpt lat="34.379850000000005" lon="-111.41827">
    <ele>2062.13</ele>
   </trkpt>
   <trkpt lat="34.38007" lon="-111.41826">
    <ele>2063.46</ele>
   </trkpt>
   <trkpt lat="34.380190000000006" lon="-111.4183">
    <ele>2065.05</ele>
   </trkpt>
   <trkpt lat="34.38031" lon="-111.41839">
    <ele>2066.7</ele>
   </trkpt>
   <trkpt lat="34.380390000000006" lon="-111.41848">
    <ele>2068.83</ele>
   </trkpt>
   <trkpt lat="34.380590000000005" lon="-111.41850000000001">
    <ele>2071.3700000000003</ele>
   </trkpt>
   <trkpt lat="34.38103" lon="-111.41871">
    <ele>2075.86</ele>
   </trkpt>
   <trkpt lat="34.38145" lon="-111.41871">
    <ele>2078.28</ele>
   </trkpt>
   <trkpt lat="34.38165" lon="-111.4188">
    <ele>2078.84</ele>
   </trkpt>
   <trkpt lat="34.381930000000004" lon="-111.41898">
    <ele>2079.6200000000003</ele>
   </trkpt>
   <trkpt lat="34.38243" lon="-111.41907">
    <ele>2082.1400000000003</ele>
   </trkpt>
   <trkpt lat="34.382830000000006" lon="-111.41935000000001">
    <ele>2084.0400000000004</ele>
   </trkpt>
   <trkpt lat="34.38315" lon="-111.41938">
    <ele>2085.71</ele>
   </trkpt>
   <trkpt lat="34.383340000000004" lon="-111.41942">
    <ele>2085.9400000000005</ele>
   </trkpt>
   <trkpt lat="34.38376500006054" lon="-111.419225001033">
    <ele>2086.26</ele>
   </trkpt>
   <trkpt lat="34.384190000000004" lon="-111.41903">
    <ele>2088.34</ele>
   </trkpt>
   <trkpt lat="34.38439" lon="-111.41885">
    <ele>2090.53</ele>
   </trkpt>
   <trkpt lat="34.38452" lon="-111.41857">
    <ele>2093.17</ele>
   </trkpt>
   <trkpt lat="34.38456" lon="-111.41839">
    <ele>2095.12</ele>
   </trkpt>
   <trkpt lat="34.384750000000004" lon="-111.41799">
    <ele>2100.73</ele>
   </trkpt>
   <trkpt lat="34.38494" lon="-111.41772">
    <ele>2106.3500000000004</ele>
   </trkpt>
   <trkpt lat="34.38503" lon="-111.41765000000001">
    <ele>2106.3500000000004</ele>
   </trkpt>
   <trkpt lat="34.38575" lon="-111.41754">
    <ele>2119.87</ele>
   </trkpt>
   <trkpt lat="34.38631" lon="-111.41755">
    <ele>2131.52</ele>
   </trkpt>
   <trkpt lat="34.386410000000005" lon="-111.41742">
    <ele>2134.88</ele>
   </trkpt>
   <trkpt lat="34.386900000000004" lon="-111.4175">
    <ele>2142.37</ele>
   </trkpt>
   <trkpt lat="34.38712" lon="-111.41745">
    <ele>2144.12</ele>
   </trkpt>
   <trkpt lat="34.387350000000005" lon="-111.41732">
    <ele>2146.36</ele>
   </trkpt>
   <trkpt lat="34.387820000000005" lon="-111.41736">
    <ele>2150.64</ele>
   </trkpt>
   <trkpt lat="34.38797" lon="-111.41732">
    <ele>2151.69</ele>
   </trkpt>
   <trkpt lat="34.388540000000006" lon="-111.41702000000001">
    <ele>2160.19</ele>
   </trkpt>
   <trkpt lat="34.38853" lon="-111.41703000000001">
    <ele>2160.1600000000003</ele>
   </trkpt>
   <trkpt lat="34.38871" lon="-111.41687">
    <ele>2164.1600000000003</ele>
   </trkpt>
   <trkpt lat="34.388980000000004" lon="-111.41651">
    <ele>2169.09</ele>
   </trkpt>
   <trkpt lat="34.389340000000004" lon="-111.41611">
    <ele>2175.32</ele>
   </trkpt>
   <trkpt lat="34.38936" lon="-111.41602">
    <ele>2176.0200000000004</ele>
   </trkpt>
   <trkpt lat="34.389810000000004" lon="-111.41522">
    <ele>2185.76</ele>
   </trkpt>
   <trkpt lat="34.39014" lon="-111.4145">
    <ele>2190.63</ele>
   </trkpt>
   <trkpt lat="34.39063" lon="-111.41380000000001">
    <ele>2196.8900000000003</ele>
   </trkpt>
   <trkpt lat="34.39086" lon="-111.41342">
    <ele>2198.9700000000003</ele>
   </trkpt>
   <trkpt lat="34.39114" lon="-111.41325">
    <ele>2201.9900000000002</ele>
   </trkpt>
   <trkpt lat="34.39126" lon="-111.41307">
    <ele>2203.44</ele>
   </trkpt>
   <trkpt lat="34.39153" lon="-111.41289">
    <ele>2203.9600000000005</ele>
   </trkpt>
   <trkpt lat="34.391650000000006" lon="-111.41275">
    <ele>2205.33</ele>
   </trkpt>
   <trkpt lat="34.391740000000006" lon="-111.41253">
    <ele>2206.21</ele>
   </trkpt>
   <trkpt lat="34.391920000000006" lon="-111.41235">
    <ele>2206.62</ele>
   </trkpt>
   <trkpt lat="34.39216500174271" lon="-111.41170000183853">
    <ele>2206.7900000000004</ele>
   </trkpt>
   <trkpt lat="34.392410000000005" lon="-111.41105">
    <ele>2205.54</ele>
   </trkpt>
   <trkpt lat="34.392410000000005" lon="-111.41093000000001">
    <ele>2205.35</ele>
   </trkpt>
   <trkpt lat="34.39228" lon="-111.4107">
    <ele>2205.05</ele>
   </trkpt>
   <trkpt lat="34.3924" lon="-111.41026000000001">
    <ele>2205.62</ele>
   </trkpt>
   <trkpt lat="34.392410000000005" lon="-111.40975">
    <ele>2211.07</ele>
   </trkpt>
   <trkpt lat="34.392480000000006" lon="-111.40926">
    <ele>2214.2000000000003</ele>
   </trkpt>
   <trkpt lat="34.39275" lon="-111.40859">
    <ele>2217.28</ele>
   </trkpt>
   <trkpt lat="34.39302" lon="-111.40801">
    <ele>2218.86</ele>
   </trkpt>
   <trkpt lat="34.39321" lon="-111.40787">
    <ele>2220.61</ele>
   </trkpt>
   <trkpt lat="34.39361" lon="-111.40767000000001">
    <ele>2222.69</ele>
   </trkpt>
   <trkpt lat="34.39396" lon="-111.40769">
    <ele>2222.69</ele>
   </trkpt>
   <trkpt lat="34.394645000139185" lon="-111.4074700018191">
    <ele>2225.19</ele>
   </trkpt>
   <trkpt lat="34.39533" lon="-111.40725">
    <ele>2227.57</ele>
   </trkpt>
   <trkpt lat="34.39571" lon="-111.40729">
    <ele>2225.2400000000002</ele>
   </trkpt>
   <trkpt lat="34.396190000000004" lon="-111.40738">
    <ele>2222.5</ele>
   </trkpt>
   <trkpt lat="34.39679000096914" lon="-111.40772332841608">
    <ele>2215.43</ele>
   </trkpt>
   <trkpt lat="34.39739000097925" lon="-111.40806666175513">
    <ele>2211.6000000000004</ele>
   </trkpt>
   <trkpt lat="34.39799" lon="-111.40841">
    <ele>2208.0200000000004</ele>
   </trkpt>
   <trkpt lat="34.39858" lon="-111.40863">
    <ele>2206.4900000000002</ele>
   </trkpt>
   <trkpt lat="34.39875" lon="-111.40863">
    <ele>2203.37</ele>
   </trkpt>
   <trkpt lat="34.39875" lon="-111.40862000000001">
    <ele>2206.35</ele>
   </trkpt>
   <trkpt lat="34.39894" lon="-111.40765">
    <ele>2206.05</ele>
   </trkpt>
   <trkpt lat="34.39905" lon="-111.40738">
    <ele>2206.3</ele>
   </trkpt>
   <trkpt lat="34.39931" lon="-111.40684">
    <ele>2206.1800000000003</ele>
   </trkpt>
   <trkpt lat="34.399440000000006" lon="-111.40677000000001">
    <ele>2203.98</ele>
   </trkpt>
   <trkpt lat="34.39963" lon="-111.40649">
    <ele>2198.04</ele>
   </trkpt>
   <trkpt lat="34.39972" lon="-111.4064">
    <ele>2193.27</ele>
   </trkpt>
   <trkpt lat="34.399770000000004" lon="-111.40631">
    <ele>2192.11</ele>
   </trkpt>
   <trkpt lat="34.399840000000005" lon="-111.40601000000001">
    <ele>2186.5499999999997</ele>
   </trkpt>
   <trkpt lat="34.4001" lon="-111.40537">
    <ele>2172.19</ele>
   </trkpt>
   <trkpt lat="34.40016" lon="-111.40514">
    <ele>2165.01</ele>
   </trkpt>
   <trkpt lat="34.400020000000005" lon="-111.40496">
    <ele>2155.1400000000003</ele>
   </trkpt>
   <trkpt lat="34.40043" lon="-111.4051">
    <ele>2142.43</ele>
   </trkpt>
   <trkpt lat="34.40046" lon="-111.40502000000001">
    <ele>2138.67</ele>
   </trkpt>
   <trkpt lat="34.400760000000005" lon="-111.40497">
    <ele>2129.41</ele>
   </trkpt>
   <trkpt lat="34.40086" lon="-111.40492">
    <ele>2126.4</ele>
   </trkpt>
   <trkpt lat="34.40064" lon="-111.40469">
    <ele>2118.91</ele>
   </trkpt>
   <trkpt lat="34.400490000000005" lon="-111.40461">
    <ele>2117.01</ele>
   </trkpt>
   <trkpt lat="34.400890000000004" lon="-111.40465">
    <ele>2112.9800000000005</ele>
   </trkpt>
   <trkpt lat="34.40095" lon="-111.40456">
    <ele>2112.9800000000005</ele>
   </trkpt>
   <trkpt lat="34.400980000000004" lon="-111.40443">
    <ele>2104.6400000000003</ele>
   </trkpt>
   <trkpt lat="34.40122" lon="-111.40443">
    <ele>2090.77</ele>
   </trkpt>
   <trkpt lat="34.401180000000004" lon="-111.40429">
    <ele>2087.81</ele>
   </trkpt>
   <trkpt lat="34.40124" lon="-111.40429">
    <ele>2084.0400000000004</ele>
   </trkpt>
   <trkpt lat="34.401120000000006" lon="-111.40412">
    <ele>2078.29</ele>
   </trkpt>
   <trkpt lat="34.401140000000005" lon="-111.40407">
    <ele>2078.29</ele>
   </trkpt>
   <trkpt lat="34.40129" lon="-111.40407">
    <ele>2071.59</ele>
   </trkpt>
   <trkpt lat="34.40144" lon="-111.40412">
    <ele>2068.92</ele>
   </trkpt>
   <trkpt lat="34.401390000000006" lon="-111.40389">
    <ele>2063.06</ele>
   </trkpt>
   <trkpt lat="34.40157" lon="-111.40389">
    <ele>2055.07</ele>
   </trkpt>
   <trkpt lat="34.40147" lon="-111.40371">
    <ele>2049.08</ele>
   </trkpt>
   <trkpt lat="34.401740000000004" lon="-111.4038">
    <ele>2043.32</ele>
   </trkpt>
   <trkpt lat="34.40166" lon="-111.40358">
    <ele>2037.92</ele>
   </trkpt>
   <trkpt lat="34.40185" lon="-111.40366">
    <ele>2034.3500000000004</ele>
   </trkpt>
   <trkpt lat="34.40195" lon="-111.4038">
    <ele>2032.2500000000002</ele>
   </trkpt>
   <trkpt lat="34.40185" lon="-111.4034">
    <ele>2025.3300000000002</ele>
   </trkpt>
   <trkpt lat="34.40148" lon="-111.40306000000001">
    <ele>2011.74</ele>
   </trkpt>
   <trkpt lat="34.40189" lon="-111.40301000000001">
    <ele>2001.6100000000004</ele>
   </trkpt>
   <trkpt lat="34.40211" lon="-111.4029">
    <ele>1993.68</ele>
   </trkpt>
   <trkpt lat="34.401920000000004" lon="-111.40274000000001">
    <ele>1988.5400000000002</ele>
   </trkpt>
   <trkpt lat="34.40258000020729" lon="-111.40251500177438">
    <ele>1970.4800000000002</ele>
   </trkpt>
   <trkpt lat="34.403240000000004" lon="-111.40229000000001">
    <ele>1951.5900000000001</ele>
   </trkpt>
   <trkpt lat="34.403470000000006" lon="-111.40211000000001">
    <ele>1945.2900000000002</ele>
   </trkpt>
   <trkpt lat="34.40343" lon="-111.40166">
    <ele>1937.5000000000002</ele>
   </trkpt>
   <trkpt lat="34.403850000000006" lon="-111.40165">
    <ele>1930.9600000000003</ele>
   </trkpt>
   <trkpt lat="34.40402" lon="-111.40183">
    <ele>1927.8700000000001</ele>
   </trkpt>
   <trkpt lat="34.404590000000006" lon="-111.4013">
    <ele>1911.4700000000003</ele>
   </trkpt>
   <trkpt lat="34.40478500161636" lon="-111.40067000146306">
    <ele>1902.5700000000002</ele>
   </trkpt>
   <trkpt lat="34.40498" lon="-111.40004">
    <ele>1895.0800000000002</ele>
   </trkpt>
   <trkpt lat="34.405240000000006" lon="-111.39983000000001">
    <ele>1893.21</ele>
   </trkpt>
   <trkpt lat="34.40547" lon="-111.39932">
    <ele>1890.5</ele>
   </trkpt>
   <trkpt lat="34.40556" lon="-111.39896">
    <ele>1889.0600000000002</ele>
   </trkpt>
   <trkpt lat="34.405310001946816" lon="-111.39826999796541">
    <ele>1881.64</ele>
   </trkpt>
   <trkpt lat="34.405060000000006" lon="-111.39758">
    <ele>1872.5500000000002</ele>
   </trkpt>
   <trkpt lat="34.4054" lon="-111.39744">
    <ele>1868.72</ele>
   </trkpt>
   <trkpt lat="34.40574" lon="-111.39662000000001">
    <ele>1862.4300000000003</ele>
   </trkpt>
   <trkpt lat="34.406040000000004" lon="-111.39641">
    <ele>1862.0100000000002</ele>
   </trkpt>
   <trkpt lat="34.40594" lon="-111.39538">
    <ele>1849.2700000000002</ele>
   </trkpt>
   <trkpt lat="34.406040000000004" lon="-111.39449">
    <ele>1838.0500000000002</ele>
   </trkpt>
   <trkpt lat="34.40617" lon="-111.39404">
    <ele>1835.93</ele>
   </trkpt>
   <trkpt lat="34.40636" lon="-111.39368">
    <ele>1834.3100000000002</ele>
   </trkpt>
   <trkpt lat="34.40628" lon="-111.39328">
    <ele>1826.78</ele>
   </trkpt>
   <trkpt lat="34.40639" lon="-111.39274">
    <ele>1821.19</ele>
   </trkpt>
   <trkpt lat="34.40632" lon="-111.39235000000001">
    <ele>1817.92</ele>
   </trkpt>
   <trkpt lat="34.40635" lon="-111.39202">
    <ele>1815.2500000000002</ele>
   </trkpt>
   <trkpt lat="34.406220000000005" lon="-111.39162">
    <ele>1809.17</ele>
   </trkpt>
   <trkpt lat="34.406605000818836" lon="-111.39119500186318">
    <ele>1807.0400000000002</ele>
   </trkpt>
   <trkpt lat="34.40699" lon="-111.39077">
    <ele>1800.7400000000002</ele>
   </trkpt>
   <trkpt lat="34.40729000183343" lon="-111.39010000238684">
    <ele>1789.38</ele>
   </trkpt>
   <trkpt lat="34.407590000000006" lon="-111.38943">
    <ele>1784.22</ele>
   </trkpt>
   <trkpt lat="34.407900000000005" lon="-111.38858">
    <ele>1779.4200000000003</ele>
   </trkpt>
   <trkpt lat="34.40841" lon="-111.38808">
    <ele>1781.3100000000002</ele>
   </trkpt>
   <trkpt lat="34.40907" lon="-111.38793000000001">
    <ele>1775.8400000000001</ele>
   </trkpt>
   <trkpt lat="34.4093" lon="-111.38790000000002">
    <ele>1777.0500000000002</ele>
   </trkpt>
   <trkpt lat="34.40934" lon="-111.3871">
    <ele>1777.89</ele>
   </trkpt>
   <trkpt lat="34.40941" lon="-111.38687000000002">
    <ele>1778.88</ele>
   </trkpt>
   <trkpt lat="34.40941" lon="-111.38686000000001">
    <ele>1777.9</ele>
   </trkpt>
   <trkpt lat="34.409560000000006" lon="-111.38714">
    <ele>1781.0100000000002</ele>
   </trkpt>
   <trkpt lat="34.409760000000006" lon="-111.38732">
    <ele>1783.21</ele>
   </trkpt>
   <trkpt lat="34.41028" lon="-111.38746">
    <ele>1785.4</ele>
   </trkpt>
   <trkpt lat="34.41048" lon="-111.38741">
    <ele>1785.98</ele>
   </trkpt>
   <trkpt lat="34.41075" lon="-111.38751">
    <ele>1788.31</ele>
   </trkpt>
   <trkpt lat="34.41104" lon="-111.38795">
    <ele>1794.69</ele>
   </trkpt>
   <trkpt lat="34.41134" lon="-111.38822">
    <ele>1798.76</ele>
   </trkpt>
   <trkpt lat="34.41145" lon="-111.38835">
    <ele>1800.44</ele>
   </trkpt>
   <trkpt lat="34.411570000000005" lon="-111.3884">
    <ele>1803.64</ele>
   </trkpt>
   <trkpt lat="34.41203" lon="-111.38844">
    <ele>1808.22</ele>
   </trkpt>
   <trkpt lat="34.41212" lon="-111.38849">
    <ele>1812.63</ele>
   </trkpt>
   <trkpt lat="34.41221" lon="-111.38871">
    <ele>1814.41</ele>
   </trkpt>
   <trkpt lat="34.41239" lon="-111.38895000000001">
    <ele>1816.44</ele>
   </trkpt>
   <trkpt lat="34.41255" lon="-111.3892">
    <ele>1821.5200000000002</ele>
   </trkpt>
   <trkpt lat="34.41241" lon="-111.38916">
    <ele>1823.91</ele>
   </trkpt>
   <trkpt lat="34.412240000000004" lon="-111.3892">
    <ele>1827.0600000000002</ele>
   </trkpt>
   <trkpt lat="34.412200000000006" lon="-111.38929">
    <ele>1830.0600000000002</ele>
   </trkpt>
   <trkpt lat="34.412330000000004" lon="-111.38938">
    <ele>1832.7900000000002</ele>
   </trkpt>
   <trkpt lat="34.41243" lon="-111.38956">
    <ele>1835.93</ele>
   </trkpt>
   <trkpt lat="34.41248" lon="-111.3897">
    <ele>1836.8000000000002</ele>
   </trkpt>
   <trkpt lat="34.41241" lon="-111.38978000000002">
    <ele>1841.46</ele>
   </trkpt>
   <trkpt lat="34.41234" lon="-111.38980000000001">
    <ele>1841.46</ele>
   </trkpt>
   <trkpt lat="34.41234" lon="-111.39005">
    <ele>1845.47</ele>
   </trkpt>
   <trkpt lat="34.41232" lon="-111.39019">
    <ele>1846.4</ele>
   </trkpt>
   <trkpt lat="34.41221" lon="-111.39038000000001">
    <ele>1848.7300000000002</ele>
   </trkpt>
   <trkpt lat="34.412240000000004" lon="-111.39056000000001">
    <ele>1850.0500000000002</ele>
   </trkpt>
   <trkpt lat="34.41218" lon="-111.39099">
    <ele>1856.1100000000001</ele>
   </trkpt>
   <trkpt lat="34.412040000000005" lon="-111.39119000000001">
    <ele>1859.2700000000002</ele>
   </trkpt>
   <trkpt lat="34.412040000000005" lon="-111.39126">
    <ele>1862.3200000000002</ele>
   </trkpt>
   <trkpt lat="34.41214" lon="-111.39126">
    <ele>1862.3200000000002</ele>
   </trkpt>
   <trkpt lat="34.41235" lon="-111.39123000000001">
    <ele>1865.5900000000001</ele>
   </trkpt>
   <trkpt lat="34.412510000000005" lon="-111.39101000000001">
    <ele>1867.05</ele>
   </trkpt>
   <trkpt lat="34.41264" lon="-111.39077">
    <ele>1867.7</ele>
   </trkpt>
   <trkpt lat="34.412760000000006" lon="-111.39073">
    <ele>1869.22</ele>
   </trkpt>
   <trkpt lat="34.41277" lon="-111.39077">
    <ele>1870.0100000000002</ele>
   </trkpt>
   <trkpt lat="34.412910000000004" lon="-111.39077">
    <ele>1872.0400000000002</ele>
   </trkpt>
   <trkpt lat="34.413000000000004" lon="-111.39086">
    <ele>1875.5000000000002</ele>
   </trkpt>
   <trkpt lat="34.413380000000004" lon="-111.39086">
    <ele>1884.21</ele>
   </trkpt>
   <trkpt lat="34.41373" lon="-111.39099">
    <ele>1892.2800000000002</ele>
   </trkpt>
   <trkpt lat="34.413940000000004" lon="-111.39113">
    <ele>1895.2400000000002</ele>
   </trkpt>
   <trkpt lat="34.41414" lon="-111.39131">
    <ele>1897.3300000000002</ele>
   </trkpt>
   <trkpt lat="34.41425" lon="-111.39155000000001">
    <ele>1899.6100000000001</ele>
   </trkpt>
   <trkpt lat="34.41429" lon="-111.39154">
    <ele>1900.38</ele>
   </trkpt>
   <trkpt lat="34.414350000000006" lon="-111.39184000000002">
    <ele>1905.93</ele>
   </trkpt>
   <trkpt lat="34.414350000000006" lon="-111.39202">
    <ele>1908.2200000000003</ele>
   </trkpt>
   <trkpt lat="34.41425" lon="-111.39189">
    <ele>1910.7500000000002</ele>
   </trkpt>
   <trkpt lat="34.414190000000005" lon="-111.39189">
    <ele>1912.3000000000002</ele>
   </trkpt>
   <trkpt lat="34.414210000000004" lon="-111.39208">
    <ele>1914.1000000000001</ele>
   </trkpt>
   <trkpt lat="34.41427" lon="-111.39211">
    <ele>1915.5000000000002</ele>
   </trkpt>
   <trkpt lat="34.41422" lon="-111.39226000000001">
    <ele>1917.65</ele>
   </trkpt>
   <trkpt lat="34.414100000000005" lon="-111.39211">
    <ele>1922.6600000000003</ele>
   </trkpt>
   <trkpt lat="34.414060000000006" lon="-111.39216">
    <ele>1923.69</ele>
   </trkpt>
   <trkpt lat="34.41409" lon="-111.39243">
    <ele>1930.0300000000002</ele>
   </trkpt>
   <trkpt lat="34.414060000000006" lon="-111.39247">
    <ele>1930.0300000000002</ele>
   </trkpt>
   <trkpt lat="34.413720000000005" lon="-111.39211">
    <ele>1938.63</ele>
   </trkpt>
   <trkpt lat="34.41364" lon="-111.39211">
    <ele>1938.63</ele>
   </trkpt>
   <trkpt lat="34.41358" lon="-111.39216">
    <ele>1940.0900000000001</ele>
   </trkpt>
   <trkpt lat="34.413560000000004" lon="-111.39234">
    <ele>1943.14</ele>
   </trkpt>
   <trkpt lat="34.41358" lon="-111.39256">
    <ele>1948.1200000000001</ele>
   </trkpt>
   <trkpt lat="34.413560000000004" lon="-111.39292">
    <ele>1957.0800000000002</ele>
   </trkpt>
   <trkpt lat="34.413650000000004" lon="-111.39296">
    <ele>1958.0900000000001</ele>
   </trkpt>
   <trkpt lat="34.41375" lon="-111.39346">
    <ele>1963.0900000000001</ele>
   </trkpt>
   <trkpt lat="34.413900000000005" lon="-111.3936">
    <ele>1965.72</ele>
   </trkpt>
   <trkpt lat="34.41422" lon="-111.39373">
    <ele>1974.5100000000002</ele>
   </trkpt>
   <trkpt lat="34.414410000000004" lon="-111.39382">
    <ele>1974.5100000000002</ele>
   </trkpt>
   <trkpt lat="34.41458" lon="-111.39404">
    <ele>1982.9200000000003</ele>
   </trkpt>
   <trkpt lat="34.41456" lon="-111.39413">
    <ele>1982.9200000000003</ele>
   </trkpt>
   <trkpt lat="34.414080000000006" lon="-111.39414000000001">
    <ele>1993.66</ele>
   </trkpt>
   <trkpt lat="34.41404" lon="-111.39419000000001">
    <ele>1998.3100000000002</ele>
   </trkpt>
   <trkpt lat="34.414170000000006" lon="-111.39431">
    <ele>2000.4500000000003</ele>
   </trkpt>
   <trkpt lat="34.414260000000006" lon="-111.39448000000002">
    <ele>2004.89</ele>
   </trkpt>
   <trkpt lat="34.41429" lon="-111.39458">
    <ele>2007.9800000000002</ele>
   </trkpt>
   <trkpt lat="34.414280000000005" lon="-111.39476">
    <ele>2011.32</ele>
   </trkpt>
   <trkpt lat="34.414170000000006" lon="-111.3948">
    <ele>2020.01</ele>
   </trkpt>
   <trkpt lat="34.414170000000006" lon="-111.39489">
    <ele>2020.01</ele>
   </trkpt>
   <trkpt lat="34.4142" lon="-111.39502">
    <ele>2024.74</ele>
   </trkpt>
   <trkpt lat="34.41415" lon="-111.39512">
    <ele>2026.09</ele>
   </trkpt>
   <trkpt lat="34.41404" lon="-111.3952">
    <ele>2031.9199999999998</ele>
   </trkpt>
   <trkpt lat="34.41395" lon="-111.39534">
    <ele>2036.6</ele>
   </trkpt>
   <trkpt lat="34.41369" lon="-111.39548">
    <ele>2041.1200000000001</ele>
   </trkpt>
   <trkpt lat="34.413700000000006" lon="-111.39556">
    <ele>2043.05</ele>
   </trkpt>
   <trkpt lat="34.413880000000006" lon="-111.39556">
    <ele>2044.9300000000003</ele>
   </trkpt>
   <trkpt lat="34.413990000000005" lon="-111.39561">
    <ele>2045.9900000000002</ele>
   </trkpt>
   <trkpt lat="34.413990000000005" lon="-111.39566">
    <ele>2045.9900000000002</ele>
   </trkpt>
   <trkpt lat="34.41382" lon="-111.3957">
    <ele>2049.37</ele>
   </trkpt>
   <trkpt lat="34.41362" lon="-111.3957">
    <ele>2051.84</ele>
   </trkpt>
   <trkpt lat="34.41353" lon="-111.39580000000001">
    <ele>2055.36</ele>
   </trkpt>
   <trkpt lat="34.41353" lon="-111.39596">
    <ele>2057.04</ele>
   </trkpt>
   <trkpt lat="34.41358" lon="-111.39606">
    <ele>2062.59</ele>
   </trkpt>
   <trkpt lat="34.41369" lon="-111.39614">
    <ele>2073.1</ele>
   </trkpt>
   <trkpt lat="34.41373" lon="-111.39624">
    <ele>2073.1</ele>
   </trkpt>
   <trkpt lat="34.41369" lon="-111.39633">
    <ele>2073.1</ele>
   </trkpt>
   <trkpt lat="34.413740000000004" lon="-111.3965">
    <ele>2073.1</ele>
   </trkpt>
   <trkpt lat="34.41386" lon="-111.39664">
    <ele>2091.82</ele>
   </trkpt>
   <trkpt lat="34.41387" lon="-111.39681">
    <ele>2093.38</ele>
   </trkpt>
   <trkpt lat="34.413790000000006" lon="-111.39691">
    <ele>2096.21</ele>
   </trkpt>
   <trkpt lat="34.413810000000005" lon="-111.39699">
    <ele>2098.52</ele>
   </trkpt>
   <trkpt lat="34.4136" lon="-111.39718">
    <ele>2101.7900000000004</ele>
   </trkpt>
   <trkpt lat="34.41335" lon="-111.39732000000001">
    <ele>2106.6600000000003</ele>
   </trkpt>
   <trkpt lat="34.4133" lon="-111.39753">
    <ele>2110.69</ele>
   </trkpt>
   <trkpt lat="34.413340000000005" lon="-111.39762">
    <ele>2115.2200000000003</ele>
   </trkpt>
   <trkpt lat="34.41351" lon="-111.39767">
    <ele>2119.9700000000003</ele>
   </trkpt>
   <trkpt lat="34.41351" lon="-111.39794">
    <ele>2130.28</ele>
   </trkpt>
   <trkpt lat="34.41357" lon="-111.39816">
    <ele>2141.59</ele>
   </trkpt>
   <trkpt lat="34.41373" lon="-111.39826000000001">
    <ele>2143.39</ele>
   </trkpt>
   <trkpt lat="34.413850000000004" lon="-111.39829">
    <ele>2150.23</ele>
   </trkpt>
   <trkpt lat="34.413970000000006" lon="-111.39852">
    <ele>2159.6900000000005</ele>
   </trkpt>
   <trkpt lat="34.414030000000004" lon="-111.39871000000001">
    <ele>2161.51</ele>
   </trkpt>
   <trkpt lat="34.414030000000004" lon="-111.39884">
    <ele>2170.1800000000003</ele>
   </trkpt>
   <trkpt lat="34.41409" lon="-111.3991">
    <ele>2177.29</ele>
   </trkpt>
   <trkpt lat="34.41427" lon="-111.39928">
    <ele>2190.41</ele>
   </trkpt>
   <trkpt lat="34.414550000000006" lon="-111.39968">
    <ele>2201.61</ele>
   </trkpt>
   <trkpt lat="34.41472" lon="-111.40009">
    <ele>2214.2200000000003</ele>
   </trkpt>
   <trkpt lat="34.41474" lon="-111.40022">
    <ele>2216.3</ele>
   </trkpt>
   <trkpt lat="34.41471" lon="-111.40071">
    <ele>2223.51</ele>
   </trkpt>
   <trkpt lat="34.41492" lon="-111.40107">
    <ele>2227.29</ele>
   </trkpt>
   <trkpt lat="34.41498" lon="-111.40161">
    <ele>2223.4100000000003</ele>
   </trkpt>
   <trkpt lat="34.41519" lon="-111.40198000000001">
    <ele>2225.44</ele>
   </trkpt>
   <trkpt lat="34.415310000000005" lon="-111.40206">
    <ele>2227.61</ele>
   </trkpt>
   <trkpt lat="34.415510000000005" lon="-111.40237">
    <ele>2233.7000000000003</ele>
   </trkpt>
   <trkpt lat="34.41583" lon="-111.40269">
    <ele>2228.53</ele>
   </trkpt>
   <trkpt lat="34.416000000000004" lon="-111.40281">
    <ele>2225.93</ele>
   </trkpt>
   <trkpt lat="34.4166" lon="-111.40296000000001">
    <ele>2219.4500000000003</ele>
   </trkpt>
   <trkpt lat="34.4168" lon="-111.40310000000001">
    <ele>2218.08</ele>
   </trkpt>
   <trkpt lat="34.41702" lon="-111.40339000000002">
    <ele>2215.2000000000003</ele>
   </trkpt>
   <trkpt lat="34.41705" lon="-111.40348000000002">
    <ele>2214.5400000000004</ele>
   </trkpt>
   <trkpt lat="34.41702" lon="-111.40354">
    <ele>2214.5400000000004</ele>
   </trkpt>
   <trkpt lat="34.416810000000005" lon="-111.40371">
    <ele>2213.9300000000003</ele>
   </trkpt>
   <trkpt lat="34.41671" lon="-111.40390000000001">
    <ele>2213.07</ele>
   </trkpt>
   <trkpt lat="34.4168" lon="-111.4046">
    <ele>2204.94</ele>
   </trkpt>
   <trkpt lat="34.416850000000004" lon="-111.40548000000001">
    <ele>2198.9400000000005</ele>
   </trkpt>
   <trkpt lat="34.417" lon="-111.40608">
    <ele>2195.97</ele>
   </trkpt>
   <trkpt lat="34.417080000000006" lon="-111.40686000000001">
    <ele>2193.44</ele>
   </trkpt>
   <trkpt lat="34.417320000000004" lon="-111.40711">
    <ele>2193.12</ele>
   </trkpt>
   <trkpt lat="34.41772" lon="-111.40738">
    <ele>2192.87</ele>
   </trkpt>
   <trkpt lat="34.41792" lon="-111.40726000000001">
    <ele>2192.05</ele>
   </trkpt>
   <trkpt lat="34.418365000389024" lon="-111.40705500099051">
    <ele>2191.65</ele>
   </trkpt>
   <trkpt lat="34.41881" lon="-111.40685">
    <ele>2191.51</ele>
   </trkpt>
   <trkpt lat="34.41953" lon="-111.40639000000002">
    <ele>2192.7000000000003</ele>
   </trkpt>
   <trkpt lat="34.41978" lon="-111.40608">
    <ele>2193.8500000000004</ele>
   </trkpt>
   <trkpt lat="34.41995" lon="-111.40581">
    <ele>2193.55</ele>
   </trkpt>
   <trkpt lat="34.420190000000005" lon="-111.40554">
    <ele>2192.92</ele>
   </trkpt>
   <trkpt lat="34.420410000000004" lon="-111.40533">
    <ele>2192.65</ele>
   </trkpt>
   <trkpt lat="34.42072" lon="-111.40520000000001">
    <ele>2192.2200000000003</ele>
   </trkpt>
   <trkpt lat="34.421060000000004" lon="-111.40514">
    <ele>2192.0800000000004</ele>
   </trkpt>
   <trkpt lat="34.42172" lon="-111.40514">
    <ele>2193.07</ele>
   </trkpt>
   <trkpt lat="34.422450000000005" lon="-111.40520000000001">
    <ele>2194.05</ele>
   </trkpt>
   <trkpt lat="34.423010000000005" lon="-111.40523">
    <ele>2195.07</ele>
   </trkpt>
   <trkpt lat="34.42343" lon="-111.40515">
    <ele>2195.71</ele>
   </trkpt>
   <trkpt lat="34.423880000000004" lon="-111.40501">
    <ele>2196.6200000000003</ele>
   </trkpt>
   <trkpt lat="34.424200000000006" lon="-111.40483">
    <ele>2197.9900000000002</ele>
   </trkpt>
   <trkpt lat="34.42455" lon="-111.40443">
    <ele>2199.59</ele>
   </trkpt>
   <trkpt lat="34.42502" lon="-111.40368000000001">
    <ele>2202.08</ele>
   </trkpt>
   <trkpt lat="34.425470000000004" lon="-111.40308">
    <ele>2203.6200000000003</ele>
   </trkpt>
   <trkpt lat="34.42589" lon="-111.40259">
    <ele>2203.4100000000003</ele>
   </trkpt>
   <trkpt lat="34.42645" lon="-111.40215">
    <ele>2204.2900000000004</ele>
   </trkpt>
   <trkpt lat="34.42711500162807" lon="-111.40153500481026">
    <ele>2207.4</ele>
   </trkpt>
   <trkpt lat="34.427780000000006" lon="-111.40092000000001">
    <ele>2209.1600000000003</ele>
   </trkpt>
   <trkpt lat="34.428295000770504" lon="-111.40048000272571">
    <ele>2209.65</ele>
   </trkpt>
   <trkpt lat="34.428810000000006" lon="-111.40004">
    <ele>2210.9400000000005</ele>
   </trkpt>
   <trkpt lat="34.42931" lon="-111.39963000000002">
    <ele>2211.6200000000003</ele>
   </trkpt>
   <trkpt lat="34.42978" lon="-111.39933">
    <ele>2213.28</ele>
   </trkpt>
   <trkpt lat="34.43014" lon="-111.39915">
    <ele>2214.21</ele>
   </trkpt>
   <trkpt lat="34.43045" lon="-111.39906">
    <ele>2214.9300000000003</ele>
   </trkpt>
   <trkpt lat="34.43077" lon="-111.39905">
    <ele>2215.58</ele>
   </trkpt>
   <trkpt lat="34.43117" lon="-111.39888">
    <ele>2216.59</ele>
   </trkpt>
   <trkpt lat="34.43193" lon="-111.39842000000002">
    <ele>2218.88</ele>
   </trkpt>
   <trkpt lat="34.432210000000005" lon="-111.39816">
    <ele>2220.5600000000004</ele>
   </trkpt>
   <trkpt lat="34.43281" lon="-111.39750000000001">
    <ele>2224.18</ele>
   </trkpt>
   <trkpt lat="34.43321" lon="-111.39699">
    <ele>2225.11</ele>
   </trkpt>
   <trkpt lat="34.433550000000004" lon="-111.39615">
    <ele>2227.83</ele>
   </trkpt>
   <trkpt lat="34.433970002395256" lon="-111.39539000373898">
    <ele>2228.54</ele>
   </trkpt>
   <trkpt lat="34.43439" lon="-111.39463">
    <ele>2228.3500000000004</ele>
   </trkpt>
   <trkpt lat="34.43466" lon="-111.39381000000002">
    <ele>2229.2</ele>
   </trkpt>
   <trkpt lat="34.434940000000005" lon="-111.39323">
    <ele>2231.19</ele>
   </trkpt>
   <trkpt lat="34.43556" lon="-111.39280000000001">
    <ele>2233.8300000000004</ele>
   </trkpt>
   <trkpt lat="34.43583" lon="-111.39256">
    <ele>2235.59</ele>
   </trkpt>
   <trkpt lat="34.43627000008797" lon="-111.39245000056951">
    <ele>2236.44</ele>
   </trkpt>
   <trkpt lat="34.436710000000005" lon="-111.39234">
    <ele>2237.67</ele>
   </trkpt>
   <trkpt lat="34.4373" lon="-111.39211">
    <ele>2239.9300000000003</ele>
   </trkpt>
   <trkpt lat="34.43768" lon="-111.39181">
    <ele>2241.1800000000003</ele>
   </trkpt>
   <trkpt lat="34.438320000000004" lon="-111.39117">
    <ele>2242.4900000000002</ele>
   </trkpt>
   <trkpt lat="34.4388" lon="-111.39059">
    <ele>2242.4500000000003</ele>
   </trkpt>
   <trkpt lat="34.43909" lon="-111.39004000000001">
    <ele>2242.61</ele>
   </trkpt>
   <trkpt lat="34.4392" lon="-111.38927000000001">
    <ele>2243.34</ele>
   </trkpt>
   <trkpt lat="34.439310000000006" lon="-111.38913000000001">
    <ele>2244.2000000000003</ele>
   </trkpt>
   <trkpt lat="34.439550000000004" lon="-111.38911">
    <ele>2245.4500000000003</ele>
   </trkpt>
   <trkpt lat="34.43972" lon="-111.38912">
    <ele>2245.7700000000004</ele>
   </trkpt>
   <trkpt lat="34.440180000000005" lon="-111.38940000000001">
    <ele>2247.71</ele>
   </trkpt>
   <trkpt lat="34.44042" lon="-111.38944000000001">
    <ele>2247.71</ele>
   </trkpt>
   <trkpt lat="34.44088" lon="-111.38962000000001">
    <ele>2248.4300000000003</ele>
   </trkpt>
   <trkpt lat="34.44135" lon="-111.38988">
    <ele>2249.17</ele>
   </trkpt>
   <trkpt lat="34.441570000000006" lon="-111.39005">
    <ele>2249.48</ele>
   </trkpt>
   <trkpt lat="34.44211" lon="-111.39028">
    <ele>2252.09</ele>
   </trkpt>
   <trkpt lat="34.44249" lon="-111.39038000000001">
    <ele>2253.75</ele>
   </trkpt>
   <trkpt lat="34.44292" lon="-111.39056000000001">
    <ele>2255.6800000000003</ele>
   </trkpt>
   <trkpt lat="34.44360000050744" lon="-111.39089499729819">
    <ele>2256.46</ele>
   </trkpt>
   <trkpt lat="34.444280000000006" lon="-111.39123000000001">
    <ele>2257.86</ele>
   </trkpt>
   <trkpt lat="34.44449" lon="-111.39131">
    <ele>2258.28</ele>
   </trkpt>
   <trkpt lat="34.44476" lon="-111.39131">
    <ele>2259.77</ele>
   </trkpt>
   <trkpt lat="34.445240000000005" lon="-111.39126">
    <ele>2261.42</ele>
   </trkpt>
   <trkpt lat="34.44561" lon="-111.39131">
    <ele>2261.3100000000004</ele>
   </trkpt>
   <trkpt lat="34.44588" lon="-111.39122">
    <ele>2260.26</ele>
   </trkpt>
   <trkpt lat="34.44596" lon="-111.39128000000001">
    <ele>2260.17</ele>
   </trkpt>
   <trkpt lat="34.44604" lon="-111.3914">
    <ele>2260.26</ele>
   </trkpt>
   <trkpt lat="34.44604" lon="-111.39154">
    <ele>2260.26</ele>
   </trkpt>
   <trkpt lat="34.44594" lon="-111.39225">
    <ele>2261.03</ele>
   </trkpt>
   <trkpt lat="34.44594" lon="-111.39247">
    <ele>2260.65</ele>
   </trkpt>
   <trkpt lat="34.44603" lon="-111.39271000000001">
    <ele>2260.48</ele>
   </trkpt>
   <trkpt lat="34.44612" lon="-111.39305">
    <ele>2259.37</ele>
   </trkpt>
   <trkpt lat="34.44619" lon="-111.39320000000001">
    <ele>2258.9</ele>
   </trkpt>
   <trkpt lat="34.44635" lon="-111.39332">
    <ele>2257.52</ele>
   </trkpt>
   <trkpt lat="34.44666" lon="-111.39332">
    <ele>2255.59</ele>
   </trkpt>
   <trkpt lat="34.44673" lon="-111.39319">
    <ele>2254.77</ele>
   </trkpt>
   <trkpt lat="34.446850000000005" lon="-111.3931">
    <ele>2254.36</ele>
   </trkpt>
   <trkpt lat="34.4469" lon="-111.39292">
    <ele>2253.4900000000002</ele>
   </trkpt>
   <trkpt lat="34.44709" lon="-111.39265">
    <ele>2251.57</ele>
   </trkpt>
   <trkpt lat="34.44724" lon="-111.39248">
    <ele>2250.44</ele>
   </trkpt>
   <trkpt lat="34.447500000000005" lon="-111.39243">
    <ele>2249.54</ele>
   </trkpt>
   <trkpt lat="34.4476" lon="-111.39247">
    <ele>2249.54</ele>
   </trkpt>
   <trkpt lat="34.44767" lon="-111.39253000000001">
    <ele>2249.57</ele>
   </trkpt>
   <trkpt lat="34.44769" lon="-111.39265">
    <ele>2249.52</ele>
   </trkpt>
   <trkpt lat="34.44769" lon="-111.39283">
    <ele>2249.28</ele>
   </trkpt>
   <trkpt lat="34.44758" lon="-111.39296">
    <ele>2249.07</ele>
   </trkpt>
   <trkpt lat="34.447540000000004" lon="-111.39311000000001">
    <ele>2249.07</ele>
   </trkpt>
   <trkpt lat="34.44751" lon="-111.39359">
    <ele>2249.36</ele>
   </trkpt>
   <trkpt lat="34.447590000000005" lon="-111.39386">
    <ele>2249.63</ele>
   </trkpt>
   <trkpt lat="34.44765" lon="-111.39431">
    <ele>2249.8500000000004</ele>
   </trkpt>
   <trkpt lat="34.447630000000004" lon="-111.39498">
    <ele>2252.9</ele>
   </trkpt>
   <trkpt lat="34.447810000000004" lon="-111.39525">
    <ele>2254.11</ele>
   </trkpt>
   <trkpt lat="34.44798" lon="-111.39531000000001">
    <ele>2254.83</ele>
   </trkpt>
   <trkpt lat="34.448460000000004" lon="-111.39538">
    <ele>2255.9</ele>
   </trkpt>
   <trkpt lat="34.44865" lon="-111.39544000000001">
    <ele>2256.54</ele>
   </trkpt>
   <trkpt lat="34.44877" lon="-111.39534">
    <ele>2256.8</ele>
   </trkpt>
   <trkpt lat="34.44897" lon="-111.39525">
    <ele>2257.59</ele>
   </trkpt>
   <trkpt lat="34.44917" lon="-111.3952">
    <ele>2258.4600000000005</ele>
   </trkpt>
   <trkpt lat="34.449360000000006" lon="-111.39511">
    <ele>2258.6600000000003</ele>
   </trkpt>
   <trkpt lat="34.44948" lon="-111.39493">
    <ele>2258.81</ele>
   </trkpt>
   <trkpt lat="34.449780000000004" lon="-111.39476">
    <ele>2258.61</ele>
   </trkpt>
   <trkpt lat="34.44995" lon="-111.39471">
    <ele>2258.78</ele>
   </trkpt>
   <trkpt lat="34.45002" lon="-111.39475000000002">
    <ele>2259.0600000000004</ele>
   </trkpt>
   <trkpt lat="34.450070000000004" lon="-111.3948">
    <ele>2259.25</ele>
   </trkpt>
   <trkpt lat="34.45024" lon="-111.39525">
    <ele>2261.9200000000005</ele>
   </trkpt>
   <trkpt lat="34.450340000000004" lon="-111.39543">
    <ele>2262.98</ele>
   </trkpt>
   <trkpt lat="34.45046" lon="-111.39556">
    <ele>2263.03</ele>
   </trkpt>
   <trkpt lat="34.45058" lon="-111.39561">
    <ele>2262.5800000000004</ele>
   </trkpt>
   <trkpt lat="34.45076" lon="-111.39560000000002">
    <ele>2261.73</ele>
   </trkpt>
   <trkpt lat="34.451150000000005" lon="-111.39561">
    <ele>2261.05</ele>
   </trkpt>
   <trkpt lat="34.4513" lon="-111.3957">
    <ele>2261.48</ele>
   </trkpt>
   <trkpt lat="34.45163" lon="-111.39574">
    <ele>2262.78</ele>
   </trkpt>
   <trkpt lat="34.45181" lon="-111.39565">
    <ele>2263.37</ele>
   </trkpt>
   <trkpt lat="34.452040000000004" lon="-111.39561">
    <ele>2264.82</ele>
   </trkpt>
   <trkpt lat="34.45223" lon="-111.39562000000001">
    <ele>2265.46</ele>
   </trkpt>
   <trkpt lat="34.45235" lon="-111.39561">
    <ele>2266.1600000000003</ele>
   </trkpt>
   <trkpt lat="34.452510000000004" lon="-111.39574">
    <ele>2267.07</ele>
   </trkpt>
   <trkpt lat="34.452670000000005" lon="-111.39596">
    <ele>2268.53</ele>
   </trkpt>
   <trkpt lat="34.45277" lon="-111.39605">
    <ele>2269.0800000000004</ele>
   </trkpt>
   <trkpt lat="34.45293" lon="-111.39607000000001">
    <ele>2269.63</ele>
   </trkpt>
   <trkpt lat="34.453500000000005" lon="-111.3961">
    <ele>2270.07</ele>
   </trkpt>
   <trkpt lat="34.453590000000005" lon="-111.39607000000001">
    <ele>2270.07</ele>
   </trkpt>
   <trkpt lat="34.45382" lon="-111.39612000000001">
    <ele>2267.36</ele>
   </trkpt>
   <trkpt lat="34.454040000000006" lon="-111.39623">
    <ele>2266.7200000000003</ele>
   </trkpt>
   <trkpt lat="34.454570000000004" lon="-111.39640000000001">
    <ele>2266.14</ele>
   </trkpt>
   <trkpt lat="34.45443002344988" lon="-111.39747334233108">
    <ele>2268.28</ele>
   </trkpt>
   <trkpt lat="34.45429003751967" lon="-111.39854668106379">
    <ele>2268.28</ele>
   </trkpt>
   <trkpt lat="34.45415004220939" lon="-111.39962001619786">
    <ele>2244.15</ele>
   </trkpt>
   <trkpt lat="34.45401003751917" lon="-111.40069334773314">
    <ele>2244.15</ele>
   </trkpt>
   <trkpt lat="34.45387002344906" lon="-111.40176667566938">
    <ele>2244.15</ele>
   </trkpt>
   <trkpt lat="34.45373" lon="-111.40284000000001">
    <ele>2244.15</ele>
   </trkpt>
   <trkpt lat="34.453680000000006" lon="-111.40330000000002">
    <ele>2241.9100000000003</ele>
   </trkpt>
   <trkpt lat="34.45358" lon="-111.40371">
    <ele>2240.4</ele>
   </trkpt>
   <trkpt lat="34.45347" lon="-111.40398">
    <ele>2239.16</ele>
   </trkpt>
   <trkpt lat="34.453340000000004" lon="-111.40447">
    <ele>2236.2900000000004</ele>
   </trkpt>
   <trkpt lat="34.4534" lon="-111.40492">
    <ele>2234.71</ele>
   </trkpt>
   <trkpt lat="34.45333" lon="-111.40520000000001">
    <ele>2232.37</ele>
   </trkpt>
   <trkpt lat="34.45342" lon="-111.40595">
    <ele>2227.79</ele>
   </trkpt>
   <trkpt lat="34.45338" lon="-111.40626">
    <ele>2227.1</ele>
   </trkpt>
   <trkpt lat="34.45347" lon="-111.40657">
    <ele>2225.5800000000004</ele>
   </trkpt>
   <trkpt lat="34.45349" lon="-111.40686000000001">
    <ele>2224.4</ele>
   </trkpt>
   <trkpt lat="34.45346" lon="-111.40707">
    <ele>2223.94</ele>
   </trkpt>
   <trkpt lat="34.4532" lon="-111.40734">
    <ele>2220.86</ele>
   </trkpt>
   <trkpt lat="34.453100000000006" lon="-111.40778">
    <ele>2218.0</ele>
   </trkpt>
   <trkpt lat="34.453100000000006" lon="-111.40797">
    <ele>2215.98</ele>
   </trkpt>
   <trkpt lat="34.45329" lon="-111.40825000000001">
    <ele>2212.6800000000003</ele>
   </trkpt>
   <trkpt lat="34.453520000000005" lon="-111.40824">
    <ele>2210.92</ele>
   </trkpt>
   <trkpt lat="34.453700000000005" lon="-111.40819">
    <ele>2209.87</ele>
   </trkpt>
   <trkpt lat="34.453900000000004" lon="-111.40819">
    <ele>2208.32</ele>
   </trkpt>
   <trkpt lat="34.454100000000004" lon="-111.40832">
    <ele>2207.1800000000003</ele>
   </trkpt>
   <trkpt lat="34.45427" lon="-111.40859">
    <ele>2206.82</ele>
   </trkpt>
   <trkpt lat="34.45441" lon="-111.40886">
    <ele>2206.6700000000005</ele>
   </trkpt>
   <trkpt lat="34.45467" lon="-111.40923000000001">
    <ele>2206.04</ele>
   </trkpt>
   <trkpt lat="34.45500000155766" lon="-111.40984999753627">
    <ele>2204.8</ele>
   </trkpt>
   <trkpt lat="34.455330000000004" lon="-111.41047">
    <ele>2202.8800000000006</ele>
   </trkpt>
   <trkpt lat="34.45532" lon="-111.41096">
    <ele>2201.61</ele>
   </trkpt>
   <trkpt lat="34.455310000000004" lon="-111.41097">
    <ele>2201.61</ele>
   </trkpt>
   <trkpt lat="34.45525" lon="-111.41128">
    <ele>2200.85</ele>
   </trkpt>
   <trkpt lat="34.455040000000004" lon="-111.41196000000001">
    <ele>2198.96</ele>
   </trkpt>
   <trkpt lat="34.45474" lon="-111.41253">
    <ele>2198.68</ele>
   </trkpt>
   <trkpt lat="34.454730000000005" lon="-111.41268000000001">
    <ele>2198.53</ele>
   </trkpt>
   <trkpt lat="34.45467" lon="-111.41284">
    <ele>2198.53</ele>
   </trkpt>
   <trkpt lat="34.4543" lon="-111.41303">
    <ele>2198.98</ele>
   </trkpt>
   <trkpt lat="34.45423" lon="-111.41316">
    <ele>2198.89</ele>
   </trkpt>
   <trkpt lat="34.45454" lon="-111.41351">
    <ele>2198.65</ele>
   </trkpt>
   <trkpt lat="34.45443" lon="-111.41373000000002">
    <ele>2197.4900000000002</ele>
   </trkpt>
   <trkpt lat="34.454420000000006" lon="-111.41373000000002">
    <ele>2198.5</ele>
   </trkpt>
   <trkpt lat="34.454055001306145" lon="-111.41430000251715">
    <ele>2199.77</ele>
   </trkpt>
   <trkpt lat="34.45369" lon="-111.41487000000001">
    <ele>2203.53</ele>
   </trkpt>
   <trkpt lat="34.45342" lon="-111.41517">
    <ele>2204.59</ele>
   </trkpt>
   <trkpt lat="34.45319" lon="-111.41553">
    <ele>2205.71</ele>
   </trkpt>
   <trkpt lat="34.452580000000005" lon="-111.41616">
    <ele>2207.63</ele>
   </trkpt>
   <trkpt lat="34.452450000000006" lon="-111.4162">
    <ele>2207.6900000000005</ele>
   </trkpt>
   <trkpt lat="34.45212" lon="-111.41647">
    <ele>2207.9500000000003</ele>
   </trkpt>
   <trkpt lat="34.45163" lon="-111.41679">
    <ele>2208.54</ele>
   </trkpt>
   <trkpt lat="34.451350000000005" lon="-111.4171">
    <ele>2209.1000000000004</ele>
   </trkpt>
   <trkpt lat="34.45091" lon="-111.41745">
    <ele>2210.6400000000003</ele>
   </trkpt>
   <trkpt lat="34.45026" lon="-111.41745">
    <ele>2211.97</ele>
   </trkpt>
   <trkpt lat="34.45011" lon="-111.41755">
    <ele>2212.21</ele>
   </trkpt>
   <trkpt lat="34.449920000000006" lon="-111.41778000000001">
    <ele>2212.21</ele>
   </trkpt>
   <trkpt lat="34.44991" lon="-111.41778000000001">
    <ele>2212.11</ele>
   </trkpt>
   <trkpt lat="34.44989" lon="-111.41781">
    <ele>2212.11</ele>
   </trkpt>
   <trkpt lat="34.44934" lon="-111.41783000000001">
    <ele>2209.81</ele>
   </trkpt>
   <trkpt lat="34.449070000000006" lon="-111.41786">
    <ele>2207.53</ele>
   </trkpt>
   <trkpt lat="34.44892" lon="-111.41809">
    <ele>2206.38</ele>
   </trkpt>
   <trkpt lat="34.44858" lon="-111.41817">
    <ele>2201.51</ele>
   </trkpt>
   <trkpt lat="34.44827" lon="-111.41821000000002">
    <ele>2195.51</ele>
   </trkpt>
   <trkpt lat="34.44791" lon="-111.41817">
    <ele>2188.9800000000005</ele>
   </trkpt>
   <trkpt lat="34.447520000000004" lon="-111.41795">
    <ele>2186.9900000000002</ele>
   </trkpt>
   <trkpt lat="34.44697" lon="-111.41778000000001">
    <ele>2184.6200000000003</ele>
   </trkpt>
   <trkpt lat="34.44668" lon="-111.41777">
    <ele>2183.9500000000003</ele>
   </trkpt>
   <trkpt lat="34.44617" lon="-111.41781">
    <ele>2183.8900000000003</ele>
   </trkpt>
   <trkpt lat="34.44594" lon="-111.4179">
    <ele>2183.26</ele>
   </trkpt>
   <trkpt lat="34.4457" lon="-111.41805000000001">
    <ele>2182.9900000000002</ele>
   </trkpt>
   <trkpt lat="34.445460000000004" lon="-111.41824000000001">
    <ele>2182.29</ele>
   </trkpt>
   <trkpt lat="34.4454" lon="-111.41835">
    <ele>2181.2500000000005</ele>
   </trkpt>
   <trkpt lat="34.4453" lon="-111.4184">
    <ele>2180.25</ele>
   </trkpt>
   <trkpt lat="34.44514" lon="-111.41844">
    <ele>2178.41</ele>
   </trkpt>
   <trkpt lat="34.44487" lon="-111.4188">
    <ele>2172.5600000000004</ele>
   </trkpt>
   <trkpt lat="34.444480000000006" lon="-111.41921">
    <ele>2165.74</ele>
   </trkpt>
   <trkpt lat="34.44435" lon="-111.4192">
    <ele>2164.6</ele>
   </trkpt>
   <trkpt lat="34.44426" lon="-111.41924">
    <ele>2160.57</ele>
   </trkpt>
   <trkpt lat="34.44411" lon="-111.41938">
    <ele>2159.13</ele>
   </trkpt>
   <trkpt lat="34.444" lon="-111.41943">
    <ele>2156.07</ele>
   </trkpt>
   <trkpt lat="34.44373" lon="-111.41938">
    <ele>2150.64</ele>
   </trkpt>
   <trkpt lat="34.4436" lon="-111.41933">
    <ele>2150.64</ele>
   </trkpt>
   <trkpt lat="34.44361" lon="-111.41947">
    <ele>2145.81</ele>
   </trkpt>
   <trkpt lat="34.44375" lon="-111.41978">
    <ele>2139.9</ele>
   </trkpt>
   <trkpt lat="34.44377" lon="-111.41992">
    <ele>2136.1700000000005</ele>
   </trkpt>
   <trkpt lat="34.443580000000004" lon="-111.41978">
    <ele>2131.04</ele>
   </trkpt>
   <trkpt lat="34.44333" lon="-111.41948000000001">
    <ele>2123.92</ele>
   </trkpt>
   <trkpt lat="34.443270000000005" lon="-111.41947">
    <ele>2122.79</ele>
   </trkpt>
   <trkpt lat="34.443270000000005" lon="-111.41953000000001">
    <ele>2122.79</ele>
   </trkpt>
   <trkpt lat="34.44335" lon="-111.41965">
    <ele>2117.68</ele>
   </trkpt>
   <trkpt lat="34.443380000000005" lon="-111.41971000000001">
    <ele>2115.7700000000004</ele>
   </trkpt>
   <trkpt lat="34.44332" lon="-111.41974">
    <ele>2114.7500000000005</ele>
   </trkpt>
   <trkpt lat="34.443090000000005" lon="-111.41956">
    <ele>2108.84</ele>
   </trkpt>
   <trkpt lat="34.44305" lon="-111.41939">
    <ele>2106.7400000000002</ele>
   </trkpt>
   <trkpt lat="34.442890000000006" lon="-111.41902">
    <ele>2102.92</ele>
   </trkpt>
   <trkpt lat="34.44272" lon="-111.41876">
    <ele>2097.63</ele>
   </trkpt>
   <trkpt lat="34.4427" lon="-111.41884">
    <ele>2093.4900000000002</ele>
   </trkpt>
   <trkpt lat="34.442780000000006" lon="-111.41912">
    <ele>2090.6800000000003</ele>
   </trkpt>
   <trkpt lat="34.442800000000005" lon="-111.41929">
    <ele>2085.54</ele>
   </trkpt>
   <trkpt lat="34.442780000000006" lon="-111.41933">
    <ele>2085.54</ele>
   </trkpt>
   <trkpt lat="34.44259" lon="-111.41898">
    <ele>2079.82</ele>
   </trkpt>
   <trkpt lat="34.44247" lon="-111.41884">
    <ele>2077.11</ele>
   </trkpt>
   <trkpt lat="34.44203" lon="-111.41858">
    <ele>2067.1600000000003</ele>
   </trkpt>
   <trkpt lat="34.442" lon="-111.41866">
    <ele>2067.1600000000003</ele>
   </trkpt>
   <trkpt lat="34.44205" lon="-111.41875">
    <ele>2065.44</ele>
   </trkpt>
   <trkpt lat="34.44227" lon="-111.41893">
    <ele>2061.86</ele>
   </trkpt>
   <trkpt lat="34.44247" lon="-111.41929">
    <ele>2056.51</ele>
   </trkpt>
   <trkpt lat="34.442510000000006" lon="-111.41996">
    <ele>2046.09</ele>
   </trkpt>
   <trkpt lat="34.442460000000004" lon="-111.41992">
    <ele>2045.15</ele>
   </trkpt>
   <trkpt lat="34.442400000000006" lon="-111.41978">
    <ele>2041.97</ele>
   </trkpt>
   <trkpt lat="34.44236" lon="-111.4196">
    <ele>2040.27</ele>
   </trkpt>
   <trkpt lat="34.4423" lon="-111.41947">
    <ele>2035.45</ele>
   </trkpt>
   <trkpt lat="34.4422" lon="-111.41934">
    <ele>2033.64</ele>
   </trkpt>
   <trkpt lat="34.44207" lon="-111.41926000000001">
    <ele>2031.11</ele>
   </trkpt>
   <trkpt lat="34.44156" lon="-111.41903">
    <ele>2023.93</ele>
   </trkpt>
   <trkpt lat="34.441340000000004" lon="-111.41884">
    <ele>2016.3100000000002</ele>
   </trkpt>
   <trkpt lat="34.441340000000004" lon="-111.41898">
    <ele>2014.31</ele>
   </trkpt>
   <trkpt lat="34.441410000000005" lon="-111.41916">
    <ele>2010.5500000000002</ele>
   </trkpt>
   <trkpt lat="34.441660000000006" lon="-111.41947">
    <ele>2001.64</ele>
   </trkpt>
   <trkpt lat="34.441790000000005" lon="-111.41953000000001">
    <ele>2000.07</ele>
   </trkpt>
   <trkpt lat="34.44189" lon="-111.41965">
    <ele>1997.39</ele>
   </trkpt>
   <trkpt lat="34.44187" lon="-111.41983">
    <ele>1991.27</ele>
   </trkpt>
   <trkpt lat="34.441590000000005" lon="-111.42064">
    <ele>1973.6700000000003</ele>
   </trkpt>
   <trkpt lat="34.44155" lon="-111.42065000000001">
    <ele>1973.6700000000003</ele>
   </trkpt>
   <trkpt lat="34.441500000000005" lon="-111.42056000000001">
    <ele>1970.0000000000002</ele>
   </trkpt>
   <trkpt lat="34.44149" lon="-111.42046">
    <ele>1966.23</ele>
   </trkpt>
   <trkpt lat="34.44145" lon="-111.42045">
    <ele>1966.23</ele>
   </trkpt>
   <trkpt lat="34.441390000000006" lon="-111.42065000000001">
    <ele>1961.9100000000003</ele>
   </trkpt>
   <trkpt lat="34.44135" lon="-111.42072">
    <ele>1960.76</ele>
   </trkpt>
   <trkpt lat="34.44131" lon="-111.42051000000001">
    <ele>1957.0900000000001</ele>
   </trkpt>
   <trkpt lat="34.44131" lon="-111.42036">
    <ele>1952.5</ele>
   </trkpt>
   <trkpt lat="34.441230000000004" lon="-111.42036">
    <ele>1949.92</ele>
   </trkpt>
   <trkpt lat="34.44115" lon="-111.42045">
    <ele>1947.1100000000001</ele>
   </trkpt>
   <trkpt lat="34.44109" lon="-111.42054">
    <ele>1944.49</ele>
   </trkpt>
   <trkpt lat="34.44107" lon="-111.42068">
    <ele>1941.3500000000001</ele>
   </trkpt>
   <trkpt lat="34.44109" lon="-111.42081">
    <ele>1938.8</ele>
   </trkpt>
   <trkpt lat="34.44124" lon="-111.42122">
    <ele>1932.1000000000001</ele>
   </trkpt>
   <trkpt lat="34.44138" lon="-111.42135">
    <ele>1928.8100000000002</ele>
   </trkpt>
   <trkpt lat="34.44151" lon="-111.42139">
    <ele>1926.4200000000003</ele>
   </trkpt>
   <trkpt lat="34.44149" lon="-111.42153">
    <ele>1925.15</ele>
   </trkpt>
   <trkpt lat="34.441340000000004" lon="-111.42175">
    <ele>1918.7500000000002</ele>
   </trkpt>
   <trkpt lat="34.441300000000005" lon="-111.42226000000001">
    <ele>1911.72</ele>
   </trkpt>
   <trkpt lat="34.441370000000006" lon="-111.42257000000001">
    <ele>1909.16</ele>
   </trkpt>
   <trkpt lat="34.44136" lon="-111.42278">
    <ele>1908.06</ele>
   </trkpt>
   <trkpt lat="34.441500000000005" lon="-111.42296">
    <ele>1906.9300000000003</ele>
   </trkpt>
   <trkpt lat="34.44154" lon="-111.42327">
    <ele>1908.0500000000002</ele>
   </trkpt>
   <trkpt lat="34.441500000000005" lon="-111.42345">
    <ele>1907.93</ele>
   </trkpt>
   <trkpt lat="34.441430000000004" lon="-111.42364">
    <ele>1906.8300000000002</ele>
   </trkpt>
   <trkpt lat="34.44142" lon="-111.42403000000002">
    <ele>1904.24</ele>
   </trkpt>
   <trkpt lat="34.441430000000004" lon="-111.42426">
    <ele>1901.82</ele>
   </trkpt>
   <trkpt lat="34.44129" lon="-111.42489">
    <ele>1894.95</ele>
   </trkpt>
   <trkpt lat="34.44116" lon="-111.42524">
    <ele>1889.0500000000002</ele>
   </trkpt>
   <trkpt lat="34.441010000000006" lon="-111.42534">
    <ele>1889.0500000000002</ele>
   </trkpt>
   <trkpt lat="34.44091" lon="-111.42551">
    <ele>1885.99</ele>
   </trkpt>
   <trkpt lat="34.44075" lon="-111.42591000000002">
    <ele>1889.5800000000002</ele>
   </trkpt>
   <trkpt lat="34.440810000000006" lon="-111.42636">
    <ele>1892.06</ele>
   </trkpt>
   <trkpt lat="34.44075" lon="-111.4265">
    <ele>1891.8300000000002</ele>
   </trkpt>
   <trkpt lat="34.440670000000004" lon="-111.42659">
    <ele>1890.8600000000001</ele>
   </trkpt>
   <trkpt lat="34.44050000114346" lon="-111.42712500115641">
    <ele>1889.04</ele>
   </trkpt>
   <trkpt lat="34.44033" lon="-111.42766">
    <ele>1886.2900000000002</ele>
   </trkpt>
   <trkpt lat="34.440070000000006" lon="-111.42798">
    <ele>1884.5300000000002</ele>
   </trkpt>
   <trkpt lat="34.439840000000004" lon="-111.42833">
    <ele>1883.46</ele>
   </trkpt>
   <trkpt lat="34.439640000000004" lon="-111.4286">
    <ele>1881.0700000000002</ele>
   </trkpt>
   <trkpt lat="34.439600000000006" lon="-111.42874">
    <ele>1880.3</ele>
   </trkpt>
   <trkpt lat="34.439510000000006" lon="-111.42883">
    <ele>1879.3200000000002</ele>
   </trkpt>
   <trkpt lat="34.43918" lon="-111.42892">
    <ele>1875.18</ele>
   </trkpt>
   <trkpt lat="34.43898" lon="-111.42906">
    <ele>1873.15</ele>
   </trkpt>
   <trkpt lat="34.438810000000004" lon="-111.42923">
    <ele>1870.38</ele>
   </trkpt>
   <trkpt lat="34.438590000000005" lon="-111.42932">
    <ele>1866.66</ele>
   </trkpt>
   <trkpt lat="34.438210000000005" lon="-111.42954">
    <ele>1860.8200000000002</ele>
   </trkpt>
   <trkpt lat="34.43808" lon="-111.42955">
    <ele>1860.8200000000002</ele>
   </trkpt>
   <trkpt lat="34.43766" lon="-111.4299">
    <ele>1855.5900000000001</ele>
   </trkpt>
   <trkpt lat="34.4375" lon="-111.43009">
    <ele>1855.5600000000002</ele>
   </trkpt>
   <trkpt lat="34.437340000000006" lon="-111.43026">
    <ele>1855.02</ele>
   </trkpt>
   <trkpt lat="34.43686" lon="-111.43035">
    <ele>1853.15</ele>
   </trkpt>
   <trkpt lat="34.43668" lon="-111.43048">
    <ele>1851.63</ele>
   </trkpt>
   <trkpt lat="34.436400000000006" lon="-111.43057">
    <ele>1849.2800000000002</ele>
   </trkpt>
   <trkpt lat="34.436170000000004" lon="-111.43072000000001">
    <ele>1846.78</ele>
   </trkpt>
   <trkpt lat="34.43598" lon="-111.43075">
    <ele>1845.59</ele>
   </trkpt>
   <trkpt lat="34.43587" lon="-111.4308">
    <ele>1845.35</ele>
   </trkpt>
   <trkpt lat="34.435750000000006" lon="-111.43093">
    <ele>1844.2500000000002</ele>
   </trkpt>
   <trkpt lat="34.435550000000006" lon="-111.43106">
    <ele>1842.38</ele>
   </trkpt>
   <trkpt lat="34.43516" lon="-111.4312">
    <ele>1840.8000000000002</ele>
   </trkpt>
   <trkpt lat="34.43504" lon="-111.43129">
    <ele>1840.8000000000002</ele>
   </trkpt>
   <trkpt lat="34.43486" lon="-111.43138">
    <ele>1839.69</ele>
   </trkpt>
   <trkpt lat="34.434450000000005" lon="-111.43134">
    <ele>1837.2</ele>
   </trkpt>
   <trkpt lat="34.43433" lon="-111.43138">
    <ele>1837.0300000000002</ele>
   </trkpt>
   <trkpt lat="34.43417" lon="-111.43133">
    <ele>1836.2500000000002</ele>
   </trkpt>
   <trkpt lat="34.43376" lon="-111.43151">
    <ele>1835.74</ele>
   </trkpt>
   <trkpt lat="34.4333" lon="-111.43184000000001">
    <ele>1833.42</ele>
   </trkpt>
   <trkpt lat="34.433080000000004" lon="-111.43196">
    <ele>1831.9900000000002</ele>
   </trkpt>
   <trkpt lat="34.43245" lon="-111.43245">
    <ele>1829.05</ele>
   </trkpt>
   <trkpt lat="34.432370000000006" lon="-111.43245">
    <ele>1829.05</ele>
   </trkpt>
   <trkpt lat="34.43224" lon="-111.4325">
    <ele>1828.64</ele>
   </trkpt>
   <trkpt lat="34.432120000000005" lon="-111.43260000000001">
    <ele>1827.8</ele>
   </trkpt>
   <trkpt lat="34.43177" lon="-111.43268">
    <ele>1826.81</ele>
   </trkpt>
   <trkpt lat="34.43169" lon="-111.43278000000001">
    <ele>1826.5700000000002</ele>
   </trkpt>
   <trkpt lat="34.4313" lon="-111.43312">
    <ele>1823.5400000000002</ele>
   </trkpt>
   <trkpt lat="34.43095" lon="-111.43348">
    <ele>1821.44</ele>
   </trkpt>
   <trkpt lat="34.43059" lon="-111.43398">
    <ele>1819.8500000000001</ele>
   </trkpt>
   <trkpt lat="34.430350000000004" lon="-111.43439000000001">
    <ele>1819.5400000000002</ele>
   </trkpt>
   <trkpt lat="34.430330000000005" lon="-111.43464000000002">
    <ele>1818.2900000000002</ele>
   </trkpt>
   <trkpt lat="34.43028" lon="-111.43478">
    <ele>1817.8700000000001</ele>
   </trkpt>
   <trkpt lat="34.429950000000005" lon="-111.43514">
    <ele>1819.0700000000002</ele>
   </trkpt>
   <trkpt lat="34.4299" lon="-111.43535000000001">
    <ele>1819.38</ele>
   </trkpt>
   <trkpt lat="34.429880000000004" lon="-111.43560000000001">
    <ele>1818.66</ele>
   </trkpt>
   <trkpt lat="34.42976" lon="-111.43596000000001">
    <ele>1818.5300000000002</ele>
   </trkpt>
   <trkpt lat="34.42953" lon="-111.43639">
    <ele>1815.3600000000001</ele>
   </trkpt>
   <trkpt lat="34.42949" lon="-111.43653">
    <ele>1814.78</ele>
   </trkpt>
   <trkpt lat="34.42954" lon="-111.4368">
    <ele>1810.44</ele>
   </trkpt>
   <trkpt lat="34.429480000000005" lon="-111.43702">
    <ele>1808.4700000000003</ele>
   </trkpt>
   <trkpt lat="34.42935" lon="-111.43711">
    <ele>1807.29</ele>
   </trkpt>
   <trkpt lat="34.42916" lon="-111.43712000000001">
    <ele>1806.4</ele>
   </trkpt>
   <trkpt lat="34.4288" lon="-111.43693">
    <ele>1805.19</ele>
   </trkpt>
   <trkpt lat="34.428580000000004" lon="-111.43702">
    <ele>1802.63</ele>
   </trkpt>
   <trkpt lat="34.42832" lon="-111.43708000000001">
    <ele>1800.5400000000002</ele>
   </trkpt>
   <trkpt lat="34.428160000000005" lon="-111.43702">
    <ele>1800.5400000000002</ele>
   </trkpt>
   <trkpt lat="34.42792" lon="-111.43699000000001">
    <ele>1799.2800000000002</ele>
   </trkpt>
   <trkpt lat="34.42757" lon="-111.43715">
    <ele>1796.7100000000003</ele>
   </trkpt>
   <trkpt lat="34.4273" lon="-111.4372">
    <ele>1793.8700000000001</ele>
   </trkpt>
   <trkpt lat="34.42707" lon="-111.43726000000001">
    <ele>1792.43</ele>
   </trkpt>
   <trkpt lat="34.42678" lon="-111.43747">
    <ele>1790.73</ele>
   </trkpt>
   <trkpt lat="34.42645" lon="-111.43748000000001">
    <ele>1789.94</ele>
   </trkpt>
   <trkpt lat="34.426260000000006" lon="-111.4376">
    <ele>1789.38</ele>
   </trkpt>
   <trkpt lat="34.42602" lon="-111.43782">
    <ele>1788.31</ele>
   </trkpt>
   <trkpt lat="34.42591" lon="-111.43805">
    <ele>1787.5800000000002</ele>
   </trkpt>
   <trkpt lat="34.425830000000005" lon="-111.43832">
    <ele>1786.92</ele>
   </trkpt>
   <trkpt lat="34.425790000000006" lon="-111.43863">
    <ele>1785.7600000000002</ele>
   </trkpt>
   <trkpt lat="34.425700000000006" lon="-111.43885">
    <ele>1784.14</ele>
   </trkpt>
   <trkpt lat="34.42564" lon="-111.43894">
    <ele>1783.5</ele>
   </trkpt>
   <trkpt lat="34.425470000000004" lon="-111.43909000000001">
    <ele>1776.8700000000001</ele>
   </trkpt>
   <trkpt lat="34.42549" lon="-111.43908">
    <ele>1776.8700000000001</ele>
   </trkpt>
   <trkpt lat="34.42548" lon="-111.43909000000001">
    <ele>1782.8300000000002</ele>
   </trkpt>
   <trkpt lat="34.425360000000005" lon="-111.43912">
    <ele>1781.8200000000002</ele>
   </trkpt>
   <trkpt lat="34.42508" lon="-111.43912">
    <ele>1780.19</ele>
   </trkpt>
   <trkpt lat="34.424910000000004" lon="-111.43894">
    <ele>1779.77</ele>
   </trkpt>
   <trkpt lat="34.424800000000005" lon="-111.4389">
    <ele>1778.48</ele>
   </trkpt>
   <trkpt lat="34.424490000000006" lon="-111.43891">
    <ele>1777.4</ele>
   </trkpt>
   <trkpt lat="34.424240000000005" lon="-111.43899">
    <ele>1776.49</ele>
   </trkpt>
   <trkpt lat="34.423950000000005" lon="-111.43903">
    <ele>1774.8700000000001</ele>
   </trkpt>
   <trkpt lat="34.423750000000005" lon="-111.43908">
    <ele>1774.3500000000001</ele>
   </trkpt>
   <trkpt lat="34.4234" lon="-111.43923000000001">
    <ele>1773.8100000000002</ele>
   </trkpt>
   <trkpt lat="34.422700000000006" lon="-111.43948">
    <ele>1769.6900000000003</ele>
   </trkpt>
   <trkpt lat="34.42258" lon="-111.43957">
    <ele>1768.15</ele>
   </trkpt>
   <trkpt lat="34.422340000000005" lon="-111.43979">
    <ele>1766.3300000000002</ele>
   </trkpt>
   <trkpt lat="34.42204" lon="-111.43988">
    <ele>1765.2900000000002</ele>
   </trkpt>
   <trkpt lat="34.42188" lon="-111.43994">
    <ele>1764.22</ele>
   </trkpt>
   <trkpt lat="34.42143" lon="-111.44024">
    <ele>1762.21</ele>
   </trkpt>
   <trkpt lat="34.42109" lon="-111.44016">
    <ele>1764.43</ele>
   </trkpt>
   <trkpt lat="34.420860000000005" lon="-111.44021000000001">
    <ele>1764.7100000000003</ele>
   </trkpt>
   <trkpt lat="34.420730000000006" lon="-111.44033">
    <ele>1763.36</ele>
   </trkpt>
   <trkpt lat="34.420570000000005" lon="-111.44038">
    <ele>1761.8200000000002</ele>
   </trkpt>
   <trkpt lat="34.4204" lon="-111.44051">
    <ele>1759.42</ele>
   </trkpt>
   <trkpt lat="34.42022" lon="-111.44069">
    <ele>1756.5600000000002</ele>
   </trkpt>
   <trkpt lat="34.420170000000006" lon="-111.44082">
    <ele>1754.49</ele>
   </trkpt>
   <trkpt lat="34.4198" lon="-111.44109">
    <ele>1753.39</ele>
   </trkpt>
   <trkpt lat="34.41951" lon="-111.44092">
    <ele>1755.2500000000002</ele>
   </trkpt>
   <trkpt lat="34.41919" lon="-111.44082">
    <ele>1757.74</ele>
   </trkpt>
   <trkpt lat="34.4187" lon="-111.44063000000001">
    <ele>1761.1200000000001</ele>
   </trkpt>
   <trkpt lat="34.418530000000004" lon="-111.4406">
    <ele>1762.76</ele>
   </trkpt>
   <trkpt lat="34.41852" lon="-111.44056">
    <ele>1762.76</ele>
   </trkpt>
   <trkpt lat="34.418980000000005" lon="-111.44042">
    <ele>1767.8700000000001</ele>
   </trkpt>
   <trkpt lat="34.419090000000004" lon="-111.44042">
    <ele>1767.8700000000001</ele>
   </trkpt>
   <trkpt lat="34.41912" lon="-111.44038">
    <ele>1767.8700000000001</ele>
   </trkpt>
   <trkpt lat="34.4191" lon="-111.44033">
    <ele>1769.2800000000002</ele>
   </trkpt>
   <trkpt lat="34.419000000000004" lon="-111.44029">
    <ele>1769.2800000000002</ele>
   </trkpt>
   <trkpt lat="34.418890000000005" lon="-111.44029">
    <ele>1770.6000000000001</ele>
   </trkpt>
   <trkpt lat="34.41883" lon="-111.44024">
    <ele>1770.89</ele>
   </trkpt>
   <trkpt lat="34.418800000000005" lon="-111.44011">
    <ele>1771.39</ele>
   </trkpt>
   <trkpt lat="34.418820000000004" lon="-111.43998">
    <ele>1771.7900000000002</ele>
   </trkpt>
   <trkpt lat="34.41888" lon="-111.43997">
    <ele>1772.13</ele>
   </trkpt>
   <trkpt lat="34.41904" lon="-111.44002">
    <ele>1772.9</ele>
   </trkpt>
   <trkpt lat="34.41944" lon="-111.44002">
    <ele>1773.7600000000002</ele>
   </trkpt>
   <trkpt lat="34.419560000000004" lon="-111.43998">
    <ele>1774.0000000000002</ele>
   </trkpt>
   <trkpt lat="34.41955" lon="-111.43988">
    <ele>1774.39</ele>
   </trkpt>
   <trkpt lat="34.41931" lon="-111.4398">
    <ele>1776.5900000000001</ele>
   </trkpt>
   <trkpt lat="34.419230000000006" lon="-111.43966">
    <ele>1777.23</ele>
   </trkpt>
   <trkpt lat="34.41922" lon="-111.43958">
    <ele>1778.13</ele>
   </trkpt>
   <trkpt lat="34.41928" lon="-111.43952000000002">
    <ele>1778.13</ele>
   </trkpt>
   <trkpt lat="34.419360000000005" lon="-111.43949">
    <ele>1779.3700000000001</ele>
   </trkpt>
   <trkpt lat="34.41948" lon="-111.43957">
    <ele>1779.6600000000003</ele>
   </trkpt>
   <trkpt lat="34.41959" lon="-111.43953">
    <ele>1780.14</ele>
   </trkpt>
   <trkpt lat="34.4196" lon="-111.43945000000001">
    <ele>1780.52</ele>
   </trkpt>
   <trkpt lat="34.41948" lon="-111.43927000000001">
    <ele>1781.3200000000002</ele>
   </trkpt>
   <trkpt lat="34.419470000000004" lon="-111.43912">
    <ele>1781.63</ele>
   </trkpt>
   <trkpt lat="34.41942" lon="-111.43904">
    <ele>1782.0300000000002</ele>
   </trkpt>
   <trkpt lat="34.41926" lon="-111.43903">
    <ele>1782.0300000000002</ele>
   </trkpt>
   <trkpt lat="34.41917" lon="-111.4389">
    <ele>1783.3700000000001</ele>
   </trkpt>
   <trkpt lat="34.41915" lon="-111.43881">
    <ele>1784.0200000000002</ele>
   </trkpt>
   <trkpt lat="34.41924" lon="-111.43854">
    <ele>1785.0</ele>
   </trkpt>
   <trkpt lat="34.41921" lon="-111.43793000000001">
    <ele>1787.15</ele>
   </trkpt>
   <trkpt lat="34.419160000000005" lon="-111.43787">
    <ele>1787.15</ele>
   </trkpt>
   <trkpt lat="34.418940000000006" lon="-111.43806000000001">
    <ele>1788.4700000000003</ele>
   </trkpt>
   <trkpt lat="34.418710000000004" lon="-111.43809">
    <ele>1789.73</ele>
   </trkpt>
   <trkpt lat="34.41846" lon="-111.43805">
    <ele>1792.0800000000002</ele>
   </trkpt>
   <trkpt lat="34.418350000000004" lon="-111.43801">
    <ele>1792.0800000000002</ele>
   </trkpt>
   <trkpt lat="34.41821" lon="-111.43792">
    <ele>1792.9800000000002</ele>
   </trkpt>
   <trkpt lat="34.41792" lon="-111.43766000000001">
    <ele>1794.89</ele>
   </trkpt>
   <trkpt lat="34.417860000000005" lon="-111.43751">
    <ele>1797.2100000000003</ele>
   </trkpt>
   <trkpt lat="34.41778" lon="-111.43738">
    <ele>1797.2100000000003</ele>
   </trkpt>
   <trkpt lat="34.41752" lon="-111.43715">
    <ele>1801.5400000000002</ele>
   </trkpt>
   <trkpt lat="34.41742" lon="-111.43711">
    <ele>1801.5400000000002</ele>
   </trkpt>
   <trkpt lat="34.41707" lon="-111.43711">
    <ele>1803.02</ele>
   </trkpt>
   <trkpt lat="34.41702" lon="-111.43706">
    <ele>1803.02</ele>
   </trkpt>
   <trkpt lat="34.41687" lon="-111.43706">
    <ele>1804.1100000000001</ele>
   </trkpt>
   <trkpt lat="34.416850000000004" lon="-111.43702">
    <ele>1804.1100000000001</ele>
   </trkpt>
   <trkpt lat="34.41686" lon="-111.43699000000001">
    <ele>1804.8300000000002</ele>
   </trkpt>
   <trkpt lat="34.416940000000004" lon="-111.43697">
    <ele>1804.8300000000002</ele>
   </trkpt>
   <trkpt lat="34.41715" lon="-111.43697">
    <ele>1807.5500000000002</ele>
   </trkpt>
   <trkpt lat="34.417190000000005" lon="-111.43694">
    <ele>1807.5500000000002</ele>
   </trkpt>
   <trkpt lat="34.41718" lon="-111.43690000000001">
    <ele>1807.5500000000002</ele>
   </trkpt>
   <trkpt lat="34.41705" lon="-111.43688">
    <ele>1808.38</ele>
   </trkpt>
   <trkpt lat="34.41695" lon="-111.4368">
    <ele>1810.1</ele>
   </trkpt>
   <trkpt lat="34.416760000000004" lon="-111.43675">
    <ele>1810.92</ele>
   </trkpt>
   <trkpt lat="34.4166" lon="-111.43662">
    <ele>1813.1800000000003</ele>
   </trkpt>
   <trkpt lat="34.41649" lon="-111.43666">
    <ele>1814.7400000000002</ele>
   </trkpt>
   <trkpt lat="34.41651" lon="-111.43652000000002">
    <ele>1815.4200000000003</ele>
   </trkpt>
   <trkpt lat="34.416540000000005" lon="-111.43648">
    <ele>1816.04</ele>
   </trkpt>
   <trkpt lat="34.41668" lon="-111.43651000000001">
    <ele>1816.6000000000001</ele>
   </trkpt>
   <trkpt lat="34.416760000000004" lon="-111.43649">
    <ele>1817.29</ele>
   </trkpt>
   <trkpt lat="34.41698" lon="-111.4364">
    <ele>1819.91</ele>
   </trkpt>
   <trkpt lat="34.41704" lon="-111.43641000000001">
    <ele>1820.28</ele>
   </trkpt>
   <trkpt lat="34.41705" lon="-111.43635">
    <ele>1820.5500000000002</ele>
   </trkpt>
   <trkpt lat="34.416720000000005" lon="-111.43635">
    <ele>1820.8600000000001</ele>
   </trkpt>
   <trkpt lat="34.41659" lon="-111.43631">
    <ele>1821.2700000000002</ele>
   </trkpt>
   <trkpt lat="34.41651" lon="-111.43623000000001">
    <ele>1821.97</ele>
   </trkpt>
   <trkpt lat="34.41635" lon="-111.43618000000001">
    <ele>1823.8100000000002</ele>
   </trkpt>
   <trkpt lat="34.41635" lon="-111.43613">
    <ele>1824.1100000000001</ele>
   </trkpt>
   <trkpt lat="34.416380000000004" lon="-111.43608">
    <ele>1824.3300000000002</ele>
   </trkpt>
   <trkpt lat="34.416650000000004" lon="-111.43617">
    <ele>1826.1</ele>
   </trkpt>
   <trkpt lat="34.416650000000004" lon="-111.43609000000001">
    <ele>1826.54</ele>
   </trkpt>
   <trkpt lat="34.416410000000006" lon="-111.43595">
    <ele>1828.6000000000001</ele>
   </trkpt>
   <trkpt lat="34.41631" lon="-111.43594">
    <ele>1829.44</ele>
   </trkpt>
   <trkpt lat="34.41631" lon="-111.4359">
    <ele>1829.44</ele>
   </trkpt>
   <trkpt lat="34.41651" lon="-111.43587000000001">
    <ele>1831.3300000000002</ele>
   </trkpt>
   <trkpt lat="34.416500000000006" lon="-111.43581">
    <ele>1831.3300000000002</ele>
   </trkpt>
   <trkpt lat="34.41631" lon="-111.43563">
    <ele>1834.3300000000002</ele>
   </trkpt>
   <trkpt lat="34.416320000000006" lon="-111.43560000000001">
    <ele>1834.66</ele>
   </trkpt>
   <trkpt lat="34.416380000000004" lon="-111.43560000000001">
    <ele>1834.93</ele>
   </trkpt>
   <trkpt lat="34.41655" lon="-111.43569000000001">
    <ele>1835.5700000000002</ele>
   </trkpt>
   <trkpt lat="34.41695" lon="-111.43577">
    <ele>1837.97</ele>
   </trkpt>
   <trkpt lat="34.41713" lon="-111.43581">
    <ele>1840.3500000000001</ele>
   </trkpt>
   <trkpt lat="34.417280000000005" lon="-111.43581">
    <ele>1841.0000000000002</ele>
   </trkpt>
   <trkpt lat="34.41729" lon="-111.43577">
    <ele>1841.0000000000002</ele>
   </trkpt>
   <trkpt lat="34.41707" lon="-111.43567000000002">
    <ele>1842.69</ele>
   </trkpt>
   <trkpt lat="34.416430000000005" lon="-111.43523">
    <ele>1848.3700000000001</ele>
   </trkpt>
   <trkpt lat="34.41642" lon="-111.43518">
    <ele>1848.3700000000001</ele>
   </trkpt>
   <trkpt lat="34.41666" lon="-111.43518">
    <ele>1851.69</ele>
   </trkpt>
   <trkpt lat="34.41677" lon="-111.43505">
    <ele>1853.8500000000001</ele>
   </trkpt>
   <trkpt lat="34.416900000000005" lon="-111.43509">
    <ele>1854.66</ele>
   </trkpt>
   <trkpt lat="34.417170000000006" lon="-111.43509">
    <ele>1857.3700000000001</ele>
   </trkpt>
   <trkpt lat="34.417300000000004" lon="-111.43505">
    <ele>1858.0400000000002</ele>
   </trkpt>
   <trkpt lat="34.417370000000005" lon="-111.43505">
    <ele>1858.9400000000003</ele>
   </trkpt>
   <trkpt lat="34.41743" lon="-111.4351">
    <ele>1859.29</ele>
   </trkpt>
   <trkpt lat="34.41751" lon="-111.43509">
    <ele>1859.6800000000003</ele>
   </trkpt>
   <trkpt lat="34.41751" lon="-111.43502000000001">
    <ele>1860.9700000000003</ele>
   </trkpt>
   <trkpt lat="34.41742" lon="-111.435">
    <ele>1860.9700000000003</ele>
   </trkpt>
   <trkpt lat="34.417300000000004" lon="-111.43487">
    <ele>1862.63</ele>
   </trkpt>
   <trkpt lat="34.417120000000004" lon="-111.43487">
    <ele>1864.6000000000001</ele>
   </trkpt>
   <trkpt lat="34.41705" lon="-111.43483">
    <ele>1865.0300000000002</ele>
   </trkpt>
   <trkpt lat="34.41706" lon="-111.4347">
    <ele>1866.42</ele>
   </trkpt>
   <trkpt lat="34.417080000000006" lon="-111.43465">
    <ele>1866.84</ele>
   </trkpt>
   <trkpt lat="34.41707" lon="-111.43461">
    <ele>1866.84</ele>
   </trkpt>
   <trkpt lat="34.41695" lon="-111.43452">
    <ele>1868.3100000000002</ele>
   </trkpt>
   <trkpt lat="34.41682" lon="-111.43451">
    <ele>1868.65</ele>
   </trkpt>
   <trkpt lat="34.416700000000006" lon="-111.43452">
    <ele>1869.7700000000002</ele>
   </trkpt>
   <trkpt lat="34.416380000000004" lon="-111.43448000000001">
    <ele>1870.99</ele>
   </trkpt>
   <trkpt lat="34.41595" lon="-111.43424">
    <ele>1876.57</ele>
   </trkpt>
   <trkpt lat="34.415710000000004" lon="-111.43424">
    <ele>1875.7700000000002</ele>
   </trkpt>
   <trkpt lat="34.41559" lon="-111.43438">
    <ele>1875.13</ele>
   </trkpt>
   <trkpt lat="34.41552" lon="-111.43442">
    <ele>1874.4</ele>
   </trkpt>
   <trkpt lat="34.415440000000004" lon="-111.43439000000001">
    <ele>1873.8300000000002</ele>
   </trkpt>
   <trkpt lat="34.41534" lon="-111.43433">
    <ele>1873.5000000000002</ele>
   </trkpt>
   <trkpt lat="34.41516" lon="-111.43429">
    <ele>1871.9200000000003</ele>
   </trkpt>
   <trkpt lat="34.415130000000005" lon="-111.43424">
    <ele>1871.7700000000002</ele>
   </trkpt>
   <trkpt lat="34.414910000000006" lon="-111.43415">
    <ele>1871.69</ele>
   </trkpt>
   <trkpt lat="34.414840000000005" lon="-111.43411">
    <ele>1871.46</ele>
   </trkpt>
   <trkpt lat="34.41478" lon="-111.43396000000001">
    <ele>1869.94</ele>
   </trkpt>
   <trkpt lat="34.41467" lon="-111.43394">
    <ele>1868.69</ele>
   </trkpt>
   <trkpt lat="34.414530000000006" lon="-111.43398">
    <ele>1868.0</ele>
   </trkpt>
   <trkpt lat="34.414390000000004" lon="-111.43398">
    <ele>1867.8000000000002</ele>
   </trkpt>
   <trkpt lat="34.41423" lon="-111.43376">
    <ele>1869.5100000000002</ele>
   </trkpt>
   <trkpt lat="34.41395" lon="-111.43358">
    <ele>1871.2700000000002</ele>
   </trkpt>
   <trkpt lat="34.41393" lon="-111.43362">
    <ele>1871.2700000000002</ele>
   </trkpt>
   <trkpt lat="34.41393" lon="-111.43371">
    <ele>1871.0300000000002</ele>
   </trkpt>
   <trkpt lat="34.41398" lon="-111.43390000000001">
    <ele>1869.16</ele>
   </trkpt>
   <trkpt lat="34.41398" lon="-111.43403">
    <ele>1867.69</ele>
   </trkpt>
   <trkpt lat="34.41387" lon="-111.43433">
    <ele>1863.3500000000001</ele>
   </trkpt>
   <trkpt lat="34.413790000000006" lon="-111.43474">
    <ele>1860.2500000000002</ele>
   </trkpt>
   <trkpt lat="34.41375" lon="-111.43484000000001">
    <ele>1860.1100000000001</ele>
   </trkpt>
   <trkpt lat="34.41367" lon="-111.43497">
    <ele>1860.5500000000002</ele>
   </trkpt>
   <trkpt lat="34.413500000000006" lon="-111.43505">
    <ele>1862.0100000000002</ele>
   </trkpt>
   <trkpt lat="34.41328" lon="-111.43523">
    <ele>1861.2700000000002</ele>
   </trkpt>
   <trkpt lat="34.41306" lon="-111.43529000000001">
    <ele>1858.8300000000002</ele>
   </trkpt>
   <trkpt lat="34.412870000000005" lon="-111.43532">
    <ele>1856.0400000000002</ele>
   </trkpt>
   <trkpt lat="34.41252" lon="-111.43524000000001">
    <ele>1852.4300000000003</ele>
   </trkpt>
   <trkpt lat="34.41226" lon="-111.43524000000001">
    <ele>1849.02</ele>
   </trkpt>
   <trkpt lat="34.41221" lon="-111.43518">
    <ele>1848.51</ele>
   </trkpt>
   <trkpt lat="34.41221" lon="-111.43509">
    <ele>1847.59</ele>
   </trkpt>
   <trkpt lat="34.41218" lon="-111.43505">
    <ele>1847.59</ele>
   </trkpt>
   <trkpt lat="34.412130000000005" lon="-111.43506000000001">
    <ele>1847.59</ele>
   </trkpt>
   <trkpt lat="34.411910000000006" lon="-111.43523">
    <ele>1844.95</ele>
   </trkpt>
   <trkpt lat="34.411820000000006" lon="-111.43523">
    <ele>1843.49</ele>
   </trkpt>
   <trkpt lat="34.411770000000004" lon="-111.43514">
    <ele>1842.5900000000001</ele>
   </trkpt>
   <trkpt lat="34.41171" lon="-111.43511000000001">
    <ele>1841.83</ele>
   </trkpt>
   <trkpt lat="34.41161" lon="-111.43518">
    <ele>1841.38</ele>
   </trkpt>
   <trkpt lat="34.41132" lon="-111.43511000000001">
    <ele>1841.1800000000003</ele>
   </trkpt>
   <trkpt lat="34.4112" lon="-111.43502000000001">
    <ele>1840.6100000000001</ele>
   </trkpt>
   <trkpt lat="34.41113" lon="-111.43487">
    <ele>1839.42</ele>
   </trkpt>
   <trkpt lat="34.41107" lon="-111.43483">
    <ele>1839.17</ele>
   </trkpt>
   <trkpt lat="34.41102" lon="-111.43483">
    <ele>1839.17</ele>
   </trkpt>
   <trkpt lat="34.411" lon="-111.43491">
    <ele>1839.0600000000002</ele>
   </trkpt>
   <trkpt lat="34.411" lon="-111.43545">
    <ele>1838.1600000000003</ele>
   </trkpt>
   <trkpt lat="34.41093" lon="-111.43581">
    <ele>1837.76</ele>
   </trkpt>
   <trkpt lat="34.410900000000005" lon="-111.43587000000001">
    <ele>1837.8500000000001</ele>
   </trkpt>
   <trkpt lat="34.410830000000004" lon="-111.43586">
    <ele>1838.3400000000001</ele>
   </trkpt>
   <trkpt lat="34.410700000000006" lon="-111.43572">
    <ele>1840.1100000000001</ele>
   </trkpt>
   <trkpt lat="34.41064" lon="-111.43559">
    <ele>1840.95</ele>
   </trkpt>
   <trkpt lat="34.410560000000004" lon="-111.43528">
    <ele>1841.7800000000002</ele>
   </trkpt>
   <trkpt lat="34.41049" lon="-111.43514">
    <ele>1841.46</ele>
   </trkpt>
   <trkpt lat="34.4101" lon="-111.43465">
    <ele>1842.3100000000002</ele>
   </trkpt>
   <trkpt lat="34.410030000000006" lon="-111.4347">
    <ele>1842.3100000000002</ele>
   </trkpt>
   <trkpt lat="34.410050000000005" lon="-111.43514">
    <ele>1846.57</ele>
   </trkpt>
   <trkpt lat="34.41002" lon="-111.4355">
    <ele>1846.68</ele>
   </trkpt>
   <trkpt lat="34.40997" lon="-111.43554">
    <ele>1846.69</ele>
   </trkpt>
   <trkpt lat="34.40979" lon="-111.43564">
    <ele>1846.88</ele>
   </trkpt>
   <trkpt lat="34.40963" lon="-111.43585">
    <ele>1847.64</ele>
   </trkpt>
   <trkpt lat="34.409510000000004" lon="-111.43610000000001">
    <ele>1848.1900000000003</ele>
   </trkpt>
   <trkpt lat="34.40935" lon="-111.43626">
    <ele>1849.17</ele>
   </trkpt>
   <trkpt lat="34.40914" lon="-111.4363">
    <ele>1849.3700000000001</ele>
   </trkpt>
   <trkpt lat="34.408950000000004" lon="-111.43639">
    <ele>1849.97</ele>
   </trkpt>
   <trkpt lat="34.408820000000006" lon="-111.43635">
    <ele>1850.2</ele>
   </trkpt>
   <trkpt lat="34.40807" lon="-111.43635">
    <ele>1850.38</ele>
   </trkpt>
   <trkpt lat="34.407970000000006" lon="-111.4363">
    <ele>1850.89</ele>
   </trkpt>
   <trkpt lat="34.40764" lon="-111.43603">
    <ele>1853.7200000000003</ele>
   </trkpt>
   <trkpt lat="34.407610000000005" lon="-111.43594">
    <ele>1854.0500000000002</ele>
   </trkpt>
   <trkpt lat="34.407630000000005" lon="-111.4359">
    <ele>1854.6100000000001</ele>
   </trkpt>
   <trkpt lat="34.407680000000006" lon="-111.43585">
    <ele>1854.6100000000001</ele>
   </trkpt>
   <trkpt lat="34.40782" lon="-111.43581">
    <ele>1855.6500000000003</ele>
   </trkpt>
   <trkpt lat="34.40798" lon="-111.43573">
    <ele>1856.6200000000001</ele>
   </trkpt>
   <trkpt lat="34.40842" lon="-111.43567000000002">
    <ele>1858.89</ele>
   </trkpt>
   <trkpt lat="34.408570000000005" lon="-111.43568">
    <ele>1859.8100000000002</ele>
   </trkpt>
   <trkpt lat="34.40863" lon="-111.43559">
    <ele>1860.63</ele>
   </trkpt>
   <trkpt lat="34.40863" lon="-111.43554">
    <ele>1861.0000000000002</ele>
   </trkpt>
   <trkpt lat="34.408590000000004" lon="-111.4355">
    <ele>1861.32</ele>
   </trkpt>
   <trkpt lat="34.40833" lon="-111.43536">
    <ele>1863.02</ele>
   </trkpt>
   <trkpt lat="34.408190000000005" lon="-111.43523">
    <ele>1864.1600000000003</ele>
   </trkpt>
   <trkpt lat="34.40775" lon="-111.43474">
    <ele>1868.2900000000002</ele>
   </trkpt>
   <trkpt lat="34.408120000000004" lon="-111.43474">
    <ele>1869.69</ele>
   </trkpt>
   <trkpt lat="34.40829" lon="-111.43466000000001">
    <ele>1870.75</ele>
   </trkpt>
   <trkpt lat="34.40843" lon="-111.43457000000001">
    <ele>1872.4</ele>
   </trkpt>
   <trkpt lat="34.40854" lon="-111.43455000000002">
    <ele>1873.5600000000002</ele>
   </trkpt>
   <trkpt lat="34.408660000000005" lon="-111.43447">
    <ele>1874.8600000000001</ele>
   </trkpt>
   <trkpt lat="34.40872" lon="-111.43433">
    <ele>1876.27</ele>
   </trkpt>
   <trkpt lat="34.40867" lon="-111.43424">
    <ele>1877.0600000000002</ele>
   </trkpt>
   <trkpt lat="34.40841" lon="-111.43407">
    <ele>1878.8300000000002</ele>
   </trkpt>
   <trkpt lat="34.408280000000005" lon="-111.43406">
    <ele>1879.0300000000002</ele>
   </trkpt>
   <trkpt lat="34.407990000000005" lon="-111.43388">
    <ele>1880.93</ele>
   </trkpt>
   <trkpt lat="34.407900000000005" lon="-111.4338">
    <ele>1881.5700000000002</ele>
   </trkpt>
   <trkpt lat="34.40776" lon="-111.43344">
    <ele>1885.5400000000002</ele>
   </trkpt>
   <trkpt lat="34.407790000000006" lon="-111.43339">
    <ele>1885.5400000000002</ele>
   </trkpt>
   <trkpt lat="34.40784" lon="-111.43335">
    <ele>1885.99</ele>
   </trkpt>
   <trkpt lat="34.40829" lon="-111.43336000000001">
    <ele>1888.2900000000002</ele>
   </trkpt>
   <trkpt lat="34.40847" lon="-111.43341000000001">
    <ele>1888.71</ele>
   </trkpt>
   <trkpt lat="34.408570000000005" lon="-111.43339">
    <ele>1889.3600000000001</ele>
   </trkpt>
   <trkpt lat="34.4086" lon="-111.4333">
    <ele>1890.24</ele>
   </trkpt>
   <trkpt lat="34.408590000000004" lon="-111.43321">
    <ele>1891.0000000000002</ele>
   </trkpt>
   <trkpt lat="34.4082" lon="-111.43303">
    <ele>1892.7800000000002</ele>
   </trkpt>
   <trkpt lat="34.40753" lon="-111.43262000000001">
    <ele>1892.3500000000001</ele>
   </trkpt>
   <trkpt lat="34.40742" lon="-111.4325">
    <ele>1892.21</ele>
   </trkpt>
   <trkpt lat="34.40733" lon="-111.43227">
    <ele>1893.66</ele>
   </trkpt>
   <trkpt lat="34.40731" lon="-111.43209">
    <ele>1895.22</ele>
   </trkpt>
   <trkpt lat="34.40724" lon="-111.43192">
    <ele>1897.7700000000002</ele>
   </trkpt>
   <trkpt lat="34.407180000000004" lon="-111.43187">
    <ele>1898.3400000000001</ele>
   </trkpt>
   <trkpt lat="34.407140000000005" lon="-111.43178">
    <ele>1899.3500000000001</ele>
   </trkpt>
   <trkpt lat="34.407140000000005" lon="-111.43169">
    <ele>1899.91</ele>
   </trkpt>
   <trkpt lat="34.407070000000004" lon="-111.4316">
    <ele>1899.88</ele>
   </trkpt>
   <trkpt lat="34.406960000000005" lon="-111.43169">
    <ele>1899.5100000000002</ele>
   </trkpt>
   <trkpt lat="34.4069" lon="-111.43169">
    <ele>1899.4</ele>
   </trkpt>
   <trkpt lat="34.40673" lon="-111.43156">
    <ele>1899.6200000000001</ele>
   </trkpt>
   <trkpt lat="34.40664" lon="-111.43151">
    <ele>1900.16</ele>
   </trkpt>
   <trkpt lat="34.406530000000004" lon="-111.43148000000001">
    <ele>1901.3600000000001</ele>
   </trkpt>
   <trkpt lat="34.406490000000005" lon="-111.43142">
    <ele>1901.7400000000002</ele>
   </trkpt>
   <trkpt lat="34.40634" lon="-111.43142">
    <ele>1902.4</ele>
   </trkpt>
   <trkpt lat="34.40619" lon="-111.43151">
    <ele>1903.5300000000002</ele>
   </trkpt>
   <trkpt lat="34.40603" lon="-111.43152">
    <ele>1905.1000000000001</ele>
   </trkpt>
   <trkpt lat="34.40545" lon="-111.43133">
    <ele>1908.3</ele>
   </trkpt>
   <trkpt lat="34.40513" lon="-111.43099000000001">
    <ele>1910.3000000000002</ele>
   </trkpt>
   <trkpt lat="34.40509" lon="-111.43085">
    <ele>1910.8500000000001</ele>
   </trkpt>
   <trkpt lat="34.40511" lon="-111.43063000000001">
    <ele>1911.4400000000003</ele>
   </trkpt>
   <trkpt lat="34.405210000000004" lon="-111.43026">
    <ele>1913.4400000000003</ele>
   </trkpt>
   <trkpt lat="34.405170000000005" lon="-111.42999">
    <ele>1914.7500000000002</ele>
   </trkpt>
   <trkpt lat="34.405170000000005" lon="-111.42951000000001">
    <ele>1916.9</ele>
   </trkpt>
   <trkpt lat="34.40513" lon="-111.42927">
    <ele>1917.1000000000001</ele>
   </trkpt>
   <trkpt lat="34.40504" lon="-111.42918">
    <ele>1916.7200000000003</ele>
   </trkpt>
   <trkpt lat="34.404900000000005" lon="-111.42923">
    <ele>1916.2700000000002</ele>
   </trkpt>
   <trkpt lat="34.40471" lon="-111.42937">
    <ele>1914.95</ele>
   </trkpt>
   <trkpt lat="34.40455" lon="-111.42937">
    <ele>1913.85</ele>
   </trkpt>
   <trkpt lat="34.40446" lon="-111.42947000000001">
    <ele>1913.31</ele>
   </trkpt>
   <trkpt lat="34.40435" lon="-111.4295">
    <ele>1913.0300000000002</ele>
   </trkpt>
   <trkpt lat="34.40417" lon="-111.42936">
    <ele>1912.8200000000002</ele>
   </trkpt>
   <trkpt lat="34.40399" lon="-111.42901">
    <ele>1912.5900000000001</ele>
   </trkpt>
   <trkpt lat="34.403980000000004" lon="-111.429">
    <ele>1912.5900000000001</ele>
   </trkpt>
   <trkpt lat="34.4039" lon="-111.429">
    <ele>1912.17</ele>
   </trkpt>
   <trkpt lat="34.40384" lon="-111.42909">
    <ele>1911.96</ele>
   </trkpt>
   <trkpt lat="34.40379" lon="-111.42923">
    <ele>1911.0000000000002</ele>
   </trkpt>
   <trkpt lat="34.403780000000005" lon="-111.42946">
    <ele>1909.04</ele>
   </trkpt>
   <trkpt lat="34.40373" lon="-111.42968">
    <ele>1906.9000000000003</ele>
   </trkpt>
   <trkpt lat="34.403650000000006" lon="-111.4299">
    <ele>1904.4900000000002</ele>
   </trkpt>
   <trkpt lat="34.403490000000005" lon="-111.43026">
    <ele>1900.51</ele>
   </trkpt>
   <trkpt lat="34.40325" lon="-111.43066">
    <ele>1897.4100000000003</ele>
   </trkpt>
   <trkpt lat="34.40306" lon="-111.43089">
    <ele>1894.74</ele>
   </trkpt>
   <trkpt lat="34.40283" lon="-111.43103">
    <ele>1893.2000000000003</ele>
   </trkpt>
   <trkpt lat="34.402640000000005" lon="-111.43111">
    <ele>1891.13</ele>
   </trkpt>
   <trkpt lat="34.40231" lon="-111.43115">
    <ele>1889.6000000000001</ele>
   </trkpt>
   <trkpt lat="34.40216" lon="-111.43109000000001">
    <ele>1889.3600000000001</ele>
   </trkpt>
   <trkpt lat="34.401920000000004" lon="-111.43093">
    <ele>1889.7400000000002</ele>
   </trkpt>
   <trkpt lat="34.40171" lon="-111.43066">
    <ele>1889.3500000000001</ele>
   </trkpt>
   <trkpt lat="34.40158" lon="-111.43053">
    <ele>1889.25</ele>
   </trkpt>
   <trkpt lat="34.401270000000004" lon="-111.43013">
    <ele>1887.7800000000002</ele>
   </trkpt>
   <trkpt lat="34.401160000000004" lon="-111.42991">
    <ele>1887.52</ele>
   </trkpt>
   <trkpt lat="34.40108" lon="-111.42999">
    <ele>1887.7800000000002</ele>
   </trkpt>
   <trkpt lat="34.400850000000005" lon="-111.43">
    <ele>1888.7600000000002</ele>
   </trkpt>
   <trkpt lat="34.400690000000004" lon="-111.43022">
    <ele>1888.9300000000003</ele>
   </trkpt>
   <trkpt lat="34.40063" lon="-111.43021">
    <ele>1888.77</ele>
   </trkpt>
   <trkpt lat="34.400110000000005" lon="-111.42994000000002">
    <ele>1888.88</ele>
   </trkpt>
   <trkpt lat="34.399950000000004" lon="-111.42981">
    <ele>1889.1200000000001</ele>
   </trkpt>
   <trkpt lat="34.39992" lon="-111.42951000000001">
    <ele>1889.3200000000002</ele>
   </trkpt>
   <trkpt lat="34.39987" lon="-111.4295">
    <ele>1889.0700000000002</ele>
   </trkpt>
   <trkpt lat="34.399820000000005" lon="-111.42954">
    <ele>1888.75</ele>
   </trkpt>
   <trkpt lat="34.39963" lon="-111.4299">
    <ele>1886.57</ele>
   </trkpt>
   <trkpt lat="34.39949" lon="-111.42977">
    <ele>1885.42</ele>
   </trkpt>
   <trkpt lat="34.39941" lon="-111.42981">
    <ele>1884.8300000000002</ele>
   </trkpt>
   <trkpt lat="34.39927" lon="-111.43026">
    <ele>1881.1200000000001</ele>
   </trkpt>
   <trkpt lat="34.39909" lon="-111.43053">
    <ele>1879.0600000000002</ele>
   </trkpt>
   <trkpt lat="34.39875" lon="-111.4308">
    <ele>1876.7600000000002</ele>
   </trkpt>
   <trkpt lat="34.39842" lon="-111.43084">
    <ele>1876.1100000000001</ele>
   </trkpt>
   <trkpt lat="34.398320000000005" lon="-111.43081000000001">
    <ele>1875.39</ele>
   </trkpt>
   <trkpt lat="34.398050000000005" lon="-111.43008">
    <ele>1874.95</ele>
   </trkpt>
   <trkpt lat="34.39799" lon="-111.42999">
    <ele>1875.05</ele>
   </trkpt>
   <trkpt lat="34.39782" lon="-111.42995">
    <ele>1875.2700000000002</ele>
   </trkpt>
   <trkpt lat="34.39762" lon="-111.43017">
    <ele>1875.64</ele>
   </trkpt>
   <trkpt lat="34.39753" lon="-111.43021">
    <ele>1875.5100000000002</ele>
   </trkpt>
   <trkpt lat="34.39734" lon="-111.43026">
    <ele>1874.74</ele>
   </trkpt>
   <trkpt lat="34.39707" lon="-111.43023000000001">
    <ele>1875.2300000000002</ele>
   </trkpt>
   <trkpt lat="34.39681" lon="-111.43026">
    <ele>1875.8700000000001</ele>
   </trkpt>
   <trkpt lat="34.3967" lon="-111.43023000000001">
    <ele>1876.39</ele>
   </trkpt>
   <trkpt lat="34.39659" lon="-111.43026">
    <ele>1877.01</ele>
   </trkpt>
   <trkpt lat="34.39647" lon="-111.43039">
    <ele>1878.21</ele>
   </trkpt>
   <trkpt lat="34.39636" lon="-111.43044">
    <ele>1878.93</ele>
   </trkpt>
   <trkpt lat="34.396100000000004" lon="-111.43066">
    <ele>1881.0500000000002</ele>
   </trkpt>
   <trkpt lat="34.39602" lon="-111.43066">
    <ele>1880.84</ele>
   </trkpt>
   <trkpt lat="34.395880000000005" lon="-111.43048">
    <ele>1880.92</ele>
   </trkpt>
   <trkpt lat="34.395810000000004" lon="-111.43049">
    <ele>1880.8700000000001</ele>
   </trkpt>
   <trkpt lat="34.395810000000004" lon="-111.43075">
    <ele>1879.4400000000003</ele>
   </trkpt>
   <trkpt lat="34.39576" lon="-111.43084">
    <ele>1879.18</ele>
   </trkpt>
   <trkpt lat="34.395590000000006" lon="-111.43095000000001">
    <ele>1878.5800000000002</ele>
   </trkpt>
   <trkpt lat="34.395050000000005" lon="-111.43144000000001">
    <ele>1879.7500000000002</ele>
   </trkpt>
   <trkpt lat="34.394760000000005" lon="-111.4316">
    <ele>1880.57</ele>
   </trkpt>
   <trkpt lat="34.39461" lon="-111.43178">
    <ele>1880.84</ele>
   </trkpt>
   <trkpt lat="34.39415" lon="-111.43211000000001">
    <ele>1879.99</ele>
   </trkpt>
   <trkpt lat="34.393980000000006" lon="-111.43227">
    <ele>1879.6200000000001</ele>
   </trkpt>
   <trkpt lat="34.39383" lon="-111.43236">
    <ele>1879.6800000000003</ele>
   </trkpt>
   <trkpt lat="34.393550000000005" lon="-111.43241">
    <ele>1879.7</ele>
   </trkpt>
   <trkpt lat="34.39332" lon="-111.43237">
    <ele>1878.54</ele>
   </trkpt>
   <trkpt lat="34.39321" lon="-111.43232">
    <ele>1878.3200000000002</ele>
   </trkpt>
   <trkpt lat="34.39312" lon="-111.43220000000001">
    <ele>1878.38</ele>
   </trkpt>
   <trkpt lat="34.39303" lon="-111.43219">
    <ele>1878.14</ele>
   </trkpt>
   <trkpt lat="34.39287" lon="-111.43227">
    <ele>1877.6500000000003</ele>
   </trkpt>
   <trkpt lat="34.39264" lon="-111.43245">
    <ele>1877.21</ele>
   </trkpt>
   <trkpt lat="34.392590000000006" lon="-111.43254">
    <ele>1876.92</ele>
   </trkpt>
   <trkpt lat="34.392480000000006" lon="-111.43259">
    <ele>1876.21</ele>
   </trkpt>
   <trkpt lat="34.39233" lon="-111.43272">
    <ele>1875.7</ele>
   </trkpt>
   <trkpt lat="34.39227" lon="-111.43272">
    <ele>1875.66</ele>
   </trkpt>
   <trkpt lat="34.39213" lon="-111.43268">
    <ele>1875.7500000000002</ele>
   </trkpt>
   <trkpt lat="34.392070000000004" lon="-111.43272">
    <ele>1876.1000000000001</ele>
   </trkpt>
   <trkpt lat="34.392010000000006" lon="-111.43277">
    <ele>1876.1000000000001</ele>
   </trkpt>
   <trkpt lat="34.39186" lon="-111.43280000000001">
    <ele>1877.1700000000003</ele>
   </trkpt>
   <trkpt lat="34.39161" lon="-111.43276000000002">
    <ele>1879.3700000000001</ele>
   </trkpt>
   <trkpt lat="34.39143" lon="-111.43281">
    <ele>1879.97</ele>
   </trkpt>
   <trkpt lat="34.391220000000004" lon="-111.43281">
    <ele>1880.9</ele>
   </trkpt>
   <trkpt lat="34.39116" lon="-111.43272">
    <ele>1881.3500000000001</ele>
   </trkpt>
   <trkpt lat="34.39087" lon="-111.43268">
    <ele>1882.17</ele>
   </trkpt>
   <trkpt lat="34.39049" lon="-111.43321">
    <ele>1879.18</ele>
   </trkpt>
   <trkpt lat="34.390330000000006" lon="-111.43326">
    <ele>1878.6</ele>
   </trkpt>
   <trkpt lat="34.39011" lon="-111.43321">
    <ele>1877.5300000000002</ele>
   </trkpt>
   <trkpt lat="34.389900000000004" lon="-111.43321">
    <ele>1875.4700000000003</ele>
   </trkpt>
   <trkpt lat="34.389790000000005" lon="-111.43317">
    <ele>1874.74</ele>
   </trkpt>
   <trkpt lat="34.3898" lon="-111.43322">
    <ele>1874.4</ele>
   </trkpt>
   <trkpt lat="34.38991" lon="-111.4333">
    <ele>1873.7</ele>
   </trkpt>
   <trkpt lat="34.390100000000004" lon="-111.43335">
    <ele>1873.1200000000001</ele>
   </trkpt>
   <trkpt lat="34.39023" lon="-111.4334">
    <ele>1872.47</ele>
   </trkpt>
   <trkpt lat="34.39022" lon="-111.43344">
    <ele>1872.47</ele>
   </trkpt>
   <trkpt lat="34.39016" lon="-111.43345000000001">
    <ele>1871.5600000000002</ele>
   </trkpt>
   <trkpt lat="34.39007" lon="-111.4334">
    <ele>1871.0400000000002</ele>
   </trkpt>
   <trkpt lat="34.389810000000004" lon="-111.43336000000001">
    <ele>1869.4400000000003</ele>
   </trkpt>
   <trkpt lat="34.389540000000004" lon="-111.43336000000001">
    <ele>1866.94</ele>
   </trkpt>
   <trkpt lat="34.38935" lon="-111.43335">
    <ele>1865.8300000000002</ele>
   </trkpt>
   <trkpt lat="34.38918" lon="-111.43339">
    <ele>1864.8200000000002</ele>
   </trkpt>
   <trkpt lat="34.388920000000006" lon="-111.43335">
    <ele>1862.4900000000002</ele>
   </trkpt>
   <trkpt lat="34.38884" lon="-111.43339">
    <ele>1860.5</ele>
   </trkpt>
   <trkpt lat="34.388830000000006" lon="-111.43344">
    <ele>1860.5</ele>
   </trkpt>
   <trkpt lat="34.388870000000004" lon="-111.43349">
    <ele>1859.49</ele>
   </trkpt>
   <trkpt lat="34.389100000000006" lon="-111.43362">
    <ele>1857.94</ele>
   </trkpt>
   <trkpt lat="34.38933" lon="-111.43362">
    <ele>1857.0600000000002</ele>
   </trkpt>
   <trkpt lat="34.389860000000006" lon="-111.43388">
    <ele>1854.3100000000002</ele>
   </trkpt>
   <trkpt lat="34.39007" lon="-111.43393">
    <ele>1852.91</ele>
   </trkpt>
   <trkpt lat="34.390080000000005" lon="-111.43397">
    <ele>1852.91</ele>
   </trkpt>
   <trkpt lat="34.389880000000005" lon="-111.43402">
    <ele>1850.74</ele>
   </trkpt>
   <trkpt lat="34.38973" lon="-111.43399000000001">
    <ele>1849.7400000000002</ele>
   </trkpt>
   <trkpt lat="34.389480000000006" lon="-111.43406">
    <ele>1847.38</ele>
   </trkpt>
   <trkpt lat="34.389300000000006" lon="-111.43402">
    <ele>1846.0</ele>
   </trkpt>
   <trkpt lat="34.38902" lon="-111.43411">
    <ele>1844.41</ele>
   </trkpt>
   <trkpt lat="34.388940000000005" lon="-111.43407">
    <ele>1844.03</ele>
   </trkpt>
   <trkpt lat="34.3889" lon="-111.43411">
    <ele>1842.3200000000002</ele>
   </trkpt>
   <trkpt lat="34.388920000000006" lon="-111.43415">
    <ele>1842.3200000000002</ele>
   </trkpt>
   <trkpt lat="34.389" lon="-111.43424">
    <ele>1841.9500000000003</ele>
   </trkpt>
   <trkpt lat="34.38928" lon="-111.43429">
    <ele>1839.8</ele>
   </trkpt>
   <trkpt lat="34.389500000000005" lon="-111.43442">
    <ele>1838.42</ele>
   </trkpt>
   <trkpt lat="34.389770000000006" lon="-111.43444000000001">
    <ele>1835.53</ele>
   </trkpt>
   <trkpt lat="34.390060000000005" lon="-111.43451">
    <ele>1832.3700000000001</ele>
   </trkpt>
   <trkpt lat="34.39011" lon="-111.43456">
    <ele>1830.39</ele>
   </trkpt>
   <trkpt lat="34.390080000000005" lon="-111.43461">
    <ele>1830.39</ele>
   </trkpt>
   <trkpt lat="34.38994" lon="-111.43469">
    <ele>1828.19</ele>
   </trkpt>
   <trkpt lat="34.389720000000004" lon="-111.43474">
    <ele>1825.93</ele>
   </trkpt>
   <trkpt lat="34.389430000000004" lon="-111.43505">
    <ele>1822.6100000000001</ele>
   </trkpt>
   <trkpt lat="34.38933" lon="-111.43505">
    <ele>1821.95</ele>
   </trkpt>
   <trkpt lat="34.3892" lon="-111.43515000000001">
    <ele>1820.93</ele>
   </trkpt>
   <trkpt lat="34.38906" lon="-111.43518">
    <ele>1820.3600000000001</ele>
   </trkpt>
   <trkpt lat="34.388960000000004" lon="-111.43515000000001">
    <ele>1818.88</ele>
   </trkpt>
   <trkpt lat="34.38895" lon="-111.43520000000001">
    <ele>1818.88</ele>
   </trkpt>
   <trkpt lat="34.38906" lon="-111.43529000000001">
    <ele>1818.5200000000002</ele>
   </trkpt>
   <trkpt lat="34.38931" lon="-111.43536">
    <ele>1815.6200000000001</ele>
   </trkpt>
   <trkpt lat="34.38953" lon="-111.43533000000001">
    <ele>1814.8700000000001</ele>
   </trkpt>
   <trkpt lat="34.38953" lon="-111.43536">
    <ele>1813.65</ele>
   </trkpt>
   <trkpt lat="34.389500000000005" lon="-111.43541">
    <ele>1813.65</ele>
   </trkpt>
   <trkpt lat="34.38937" lon="-111.4355">
    <ele>1812.9800000000002</ele>
   </trkpt>
   <trkpt lat="34.389320000000005" lon="-111.43555">
    <ele>1812.21</ele>
   </trkpt>
   <trkpt lat="34.389190000000006" lon="-111.43563">
    <ele>1810.88</ele>
   </trkpt>
   <trkpt lat="34.389050000000005" lon="-111.43577">
    <ele>1807.8</ele>
   </trkpt>
   <trkpt lat="34.38882" lon="-111.4359">
    <ele>1806.0300000000002</ele>
   </trkpt>
   <trkpt lat="34.388650000000005" lon="-111.43594">
    <ele>1804.1100000000001</ele>
   </trkpt>
   <trkpt lat="34.38866" lon="-111.43596000000001">
    <ele>1804.1100000000001</ele>
   </trkpt>
   <trkpt lat="34.38875" lon="-111.43599">
    <ele>1803.17</ele>
   </trkpt>
   <trkpt lat="34.388960000000004" lon="-111.43612">
    <ele>1801.22</ele>
   </trkpt>
   <trkpt lat="34.388940000000005" lon="-111.43617">
    <ele>1801.22</ele>
   </trkpt>
   <trkpt lat="34.38868" lon="-111.43621">
    <ele>1798.2600000000002</ele>
   </trkpt>
   <trkpt lat="34.38857" lon="-111.43626">
    <ele>1795.8</ele>
   </trkpt>
   <trkpt lat="34.38828" lon="-111.43648">
    <ele>1792.58</ele>
   </trkpt>
   <trkpt lat="34.388090000000005" lon="-111.43654000000001">
    <ele>1791.8300000000002</ele>
   </trkpt>
   <trkpt lat="34.387820000000005" lon="-111.43653">
    <ele>1790.2300000000002</ele>
   </trkpt>
   <trkpt lat="34.387750000000004" lon="-111.43653">
    <ele>1790.2300000000002</ele>
   </trkpt>
   <trkpt lat="34.387640000000005" lon="-111.43666">
    <ele>1789.2800000000002</ele>
   </trkpt>
   <trkpt lat="34.387600000000006" lon="-111.43666">
    <ele>1789.0400000000002</ele>
   </trkpt>
   <trkpt lat="34.38734" lon="-111.43652000000002">
    <ele>1785.8500000000001</ele>
   </trkpt>
   <trkpt lat="34.38723" lon="-111.43653">
    <ele>1785.09</ele>
   </trkpt>
   <trkpt lat="34.38703" lon="-111.43684">
    <ele>1783.0400000000002</ele>
   </trkpt>
   <trkpt lat="34.386900000000004" lon="-111.43715">
    <ele>1781.21</ele>
   </trkpt>
   <trkpt lat="34.38685" lon="-111.43715">
    <ele>1780.0600000000002</ele>
   </trkpt>
   <trkpt lat="34.38667" lon="-111.43708000000001">
    <ele>1779.03</ele>
   </trkpt>
   <trkpt lat="34.386610000000005" lon="-111.43708000000001">
    <ele>1778.46</ele>
   </trkpt>
   <trkpt lat="34.38646" lon="-111.43712000000001">
    <ele>1777.6200000000001</ele>
   </trkpt>
   <trkpt lat="34.386320000000005" lon="-111.43712000000001">
    <ele>1777.29</ele>
   </trkpt>
   <trkpt lat="34.386120000000005" lon="-111.43724">
    <ele>1776.75</ele>
   </trkpt>
   <trkpt lat="34.386050000000004" lon="-111.43730000000001">
    <ele>1776.72</ele>
   </trkpt>
   <trkpt lat="34.38598" lon="-111.43729">
    <ele>1776.72</ele>
   </trkpt>
   <trkpt lat="34.38597" lon="-111.43721000000001">
    <ele>1776.55</ele>
   </trkpt>
   <trkpt lat="34.386010000000006" lon="-111.43697">
    <ele>1776.5900000000001</ele>
   </trkpt>
   <trkpt lat="34.386" lon="-111.43688">
    <ele>1776.92</ele>
   </trkpt>
   <trkpt lat="34.38593" lon="-111.4368">
    <ele>1776.92</ele>
   </trkpt>
   <trkpt lat="34.38586" lon="-111.43675">
    <ele>1777.1000000000001</ele>
   </trkpt>
   <trkpt lat="34.38582" lon="-111.43671">
    <ele>1777.1000000000001</ele>
   </trkpt>
   <trkpt lat="34.38582" lon="-111.43663000000001">
    <ele>1777.5</ele>
   </trkpt>
   <trkpt lat="34.38588" lon="-111.43657">
    <ele>1777.5</ele>
   </trkpt>
   <trkpt lat="34.38593" lon="-111.43635">
    <ele>1777.3700000000001</ele>
   </trkpt>
   <trkpt lat="34.38575" lon="-111.43631">
    <ele>1776.67</ele>
   </trkpt>
   <trkpt lat="34.3857" lon="-111.43626">
    <ele>1776.5900000000001</ele>
   </trkpt>
   <trkpt lat="34.38571" lon="-111.43608">
    <ele>1776.46</ele>
   </trkpt>
   <trkpt lat="34.38568" lon="-111.43603">
    <ele>1776.46</ele>
   </trkpt>
   <trkpt lat="34.385630000000006" lon="-111.43604">
    <ele>1776.2700000000002</ele>
   </trkpt>
   <trkpt lat="34.385580000000004" lon="-111.43612">
    <ele>1776.2700000000002</ele>
   </trkpt>
   <trkpt lat="34.38553" lon="-111.43614000000001">
    <ele>1776.25</ele>
   </trkpt>
   <trkpt lat="34.38548" lon="-111.43612">
    <ele>1776.25</ele>
   </trkpt>
   <trkpt lat="34.38542" lon="-111.43604">
    <ele>1776.39</ele>
   </trkpt>
   <trkpt lat="34.38541" lon="-111.43599">
    <ele>1776.5400000000002</ele>
   </trkpt>
   <trkpt lat="34.3855" lon="-111.43585">
    <ele>1778.0300000000002</ele>
   </trkpt>
   <trkpt lat="34.385540000000006" lon="-111.43576000000002">
    <ele>1778.3200000000002</ele>
   </trkpt>
   <trkpt lat="34.385510000000004" lon="-111.43560000000001">
    <ele>1778.5700000000002</ele>
   </trkpt>
   <trkpt lat="34.38548" lon="-111.43560000000001">
    <ele>1778.5700000000002</ele>
   </trkpt>
   <trkpt lat="34.3853" lon="-111.43576000000002">
    <ele>1777.8700000000001</ele>
   </trkpt>
   <trkpt lat="34.385180000000005" lon="-111.43578000000001">
    <ele>1776.94</ele>
   </trkpt>
   <trkpt lat="34.38499" lon="-111.43576000000002">
    <ele>1775.95</ele>
   </trkpt>
   <trkpt lat="34.38487" lon="-111.43576000000002">
    <ele>1775.53</ele>
   </trkpt>
   <trkpt lat="34.38476" lon="-111.43568">
    <ele>1775.0500000000002</ele>
   </trkpt>
   <trkpt lat="34.384620000000005" lon="-111.43581">
    <ele>1774.25</ele>
   </trkpt>
   <trkpt lat="34.384550000000004" lon="-111.43591">
    <ele>1773.45</ele>
   </trkpt>
   <trkpt lat="34.384260000000005" lon="-111.43623000000001">
    <ele>1770.28</ele>
   </trkpt>
   <trkpt lat="34.384040000000006" lon="-111.4364">
    <ele>1768.96</ele>
   </trkpt>
   <trkpt lat="34.384040000000006" lon="-111.43648">
    <ele>1767.4900000000002</ele>
   </trkpt>
   <trkpt lat="34.384100000000004" lon="-111.43648">
    <ele>1767.4900000000002</ele>
   </trkpt>
   <trkpt lat="34.38439" lon="-111.4363">
    <ele>1765.0500000000002</ele>
   </trkpt>
   <trkpt lat="34.38461" lon="-111.43631">
    <ele>1762.55</ele>
   </trkpt>
   <trkpt lat="34.384710000000005" lon="-111.43635">
    <ele>1762.16</ele>
   </trkpt>
   <trkpt lat="34.384750000000004" lon="-111.43648">
    <ele>1761.2800000000002</ele>
   </trkpt>
   <trkpt lat="34.38467" lon="-111.43652000000002">
    <ele>1761.2800000000002</ele>
   </trkpt>
   <trkpt lat="34.38456" lon="-111.43653">
    <ele>1760.39</ele>
   </trkpt>
   <trkpt lat="34.384460000000004" lon="-111.43648">
    <ele>1759.1900000000003</ele>
   </trkpt>
   <trkpt lat="34.384420000000006" lon="-111.43657">
    <ele>1759.1900000000003</ele>
   </trkpt>
   <trkpt lat="34.38403" lon="-111.43698">
    <ele>1752.8100000000002</ele>
   </trkpt>
   <trkpt lat="34.38393" lon="-111.43724">
    <ele>1751.1000000000001</ele>
   </trkpt>
   <trkpt lat="34.383410000000005" lon="-111.43769">
    <ele>1746.3300000000002</ele>
   </trkpt>
   <trkpt lat="34.383280000000006" lon="-111.43774">
    <ele>1744.8300000000002</ele>
   </trkpt>
   <trkpt lat="34.38311" lon="-111.43765">
    <ele>1743.66</ele>
   </trkpt>
   <trkpt lat="34.38284" lon="-111.43757000000001">
    <ele>1740.99</ele>
   </trkpt>
   <trkpt lat="34.38241" lon="-111.43739000000001">
    <ele>1738.3600000000001</ele>
   </trkpt>
   <trkpt lat="34.38228" lon="-111.43742">
    <ele>1738.3600000000001</ele>
   </trkpt>
   <trkpt lat="34.382160000000006" lon="-111.43724">
    <ele>1737.27</ele>
   </trkpt>
   <trkpt lat="34.38208" lon="-111.43717000000001">
    <ele>1736.73</ele>
   </trkpt>
   <trkpt lat="34.381930000000004" lon="-111.43685">
    <ele>1733.1200000000001</ele>
   </trkpt>
   <trkpt lat="34.3819" lon="-111.43688">
    <ele>1732.67</ele>
   </trkpt>
   <trkpt lat="34.3819" lon="-111.43703000000001">
    <ele>1731.8600000000001</ele>
   </trkpt>
   <trkpt lat="34.38194" lon="-111.43729">
    <ele>1729.96</ele>
   </trkpt>
   <trkpt lat="34.382020000000004" lon="-111.43747">
    <ele>1727.66</ele>
   </trkpt>
   <trkpt lat="34.38244" lon="-111.43809">
    <ele>1723.0</ele>
   </trkpt>
   <trkpt lat="34.38271" lon="-111.43836">
    <ele>1719.7900000000002</ele>
   </trkpt>
   <trkpt lat="34.38335" lon="-111.43872">
    <ele>1713.91</ele>
   </trkpt>
   <trkpt lat="34.38369" lon="-111.43899">
    <ele>1710.7</ele>
   </trkpt>
   <trkpt lat="34.38371" lon="-111.43904">
    <ele>1709.95</ele>
   </trkpt>
   <trkpt lat="34.383680000000005" lon="-111.43908">
    <ele>1709.95</ele>
   </trkpt>
   <trkpt lat="34.3834" lon="-111.43908">
    <ele>1707.66</ele>
   </trkpt>
   <trkpt lat="34.383140000000004" lon="-111.43903">
    <ele>1705.5800000000002</ele>
   </trkpt>
   <trkpt lat="34.382760000000005" lon="-111.43904">
    <ele>1703.0500000000002</ele>
   </trkpt>
   <trkpt lat="34.38235" lon="-111.43903">
    <ele>1699.3100000000002</ele>
   </trkpt>
   <trkpt lat="34.38226" lon="-111.43894">
    <ele>1698.5400000000002</ele>
   </trkpt>
   <trkpt lat="34.3819" lon="-111.43894">
    <ele>1696.3500000000001</ele>
   </trkpt>
   <trkpt lat="34.3817" lon="-111.4389">
    <ele>1694.41</ele>
   </trkpt>
   <trkpt lat="34.381530000000005" lon="-111.43881">
    <ele>1692.43</ele>
   </trkpt>
   <trkpt lat="34.38147" lon="-111.43885">
    <ele>1691.99</ele>
   </trkpt>
   <trkpt lat="34.3815" lon="-111.43899">
    <ele>1690.4800000000002</ele>
   </trkpt>
   <trkpt lat="34.381600000000006" lon="-111.43908">
    <ele>1689.45</ele>
   </trkpt>
   <trkpt lat="34.38172" lon="-111.43932000000001">
    <ele>1687.66</ele>
   </trkpt>
   <trkpt lat="34.38172" lon="-111.43939">
    <ele>1686.56</ele>
   </trkpt>
   <trkpt lat="34.38168" lon="-111.43944">
    <ele>1686.0000000000002</ele>
   </trkpt>
   <trkpt lat="34.38141" lon="-111.43939">
    <ele>1684.83</ele>
   </trkpt>
   <trkpt lat="34.381280000000004" lon="-111.43922">
    <ele>1683.66</ele>
   </trkpt>
   <trkpt lat="34.38116" lon="-111.43894">
    <ele>1683.3200000000002</ele>
   </trkpt>
   <trkpt lat="34.381060000000005" lon="-111.43895">
    <ele>1683.5600000000002</ele>
   </trkpt>
   <trkpt lat="34.38098" lon="-111.43908">
    <ele>1684.0300000000002</ele>
   </trkpt>
   <trkpt lat="34.38092" lon="-111.4393">
    <ele>1685.2900000000002</ele>
   </trkpt>
   <trkpt lat="34.38073" lon="-111.43953">
    <ele>1684.97</ele>
   </trkpt>
   <trkpt lat="34.380700000000004" lon="-111.43962">
    <ele>1684.2800000000002</ele>
   </trkpt>
   <trkpt lat="34.380680000000005" lon="-111.43979">
    <ele>1683.9700000000003</ele>
   </trkpt>
   <trkpt lat="34.380590000000005" lon="-111.43993">
    <ele>1683.6100000000001</ele>
   </trkpt>
   <trkpt lat="34.38053" lon="-111.43999000000001">
    <ele>1683.2900000000002</ele>
   </trkpt>
   <trkpt lat="34.380230000000005" lon="-111.4402">
    <ele>1684.29</ele>
   </trkpt>
   <trkpt lat="34.38007" lon="-111.44021000000001">
    <ele>1684.02</ele>
   </trkpt>
   <trkpt lat="34.3797" lon="-111.44034">
    <ele>1681.0500000000002</ele>
   </trkpt>
   <trkpt lat="34.379310000000004" lon="-111.44069">
    <ele>1679.8000000000002</ele>
   </trkpt>
   <trkpt lat="34.37896" lon="-111.44078">
    <ele>1679.66</ele>
   </trkpt>
   <trkpt lat="34.37868" lon="-111.44096">
    <ele>1679.51</ele>
   </trkpt>
   <trkpt lat="34.37856" lon="-111.44091">
    <ele>1678.9900000000002</ele>
   </trkpt>
   <trkpt lat="34.378460000000004" lon="-111.44082">
    <ele>1678.0000000000002</ele>
   </trkpt>
   <trkpt lat="34.378370000000004" lon="-111.44065">
    <ele>1677.25</ele>
   </trkpt>
   <trkpt lat="34.37832" lon="-111.44047">
    <ele>1674.9600000000003</ele>
   </trkpt>
   <trkpt lat="34.37829" lon="-111.4402">
    <ele>1673.7400000000002</ele>
   </trkpt>
   <trkpt lat="34.378330000000005" lon="-111.44008000000001">
    <ele>1672.43</ele>
   </trkpt>
   <trkpt lat="34.3783" lon="-111.43999000000001">
    <ele>1672.43</ele>
   </trkpt>
   <trkpt lat="34.37825" lon="-111.43989">
    <ele>1672.43</ele>
   </trkpt>
   <trkpt lat="34.377990000000004" lon="-111.43957">
    <ele>1669.79</ele>
   </trkpt>
   <trkpt lat="34.377860000000005" lon="-111.43932000000001">
    <ele>1668.8600000000001</ele>
   </trkpt>
   <trkpt lat="34.377840000000006" lon="-111.43926">
    <ele>1668.7600000000002</ele>
   </trkpt>
   <trkpt lat="34.37792" lon="-111.43903">
    <ele>1668.7200000000003</ele>
   </trkpt>
   <trkpt lat="34.37765" lon="-111.43912">
    <ele>1668.39</ele>
   </trkpt>
   <trkpt lat="34.37745" lon="-111.43908">
    <ele>1667.2000000000003</ele>
   </trkpt>
   <trkpt lat="34.3774" lon="-111.43903">
    <ele>1667.1100000000001</ele>
   </trkpt>
   <trkpt lat="34.377320000000005" lon="-111.43903">
    <ele>1667.24</ele>
   </trkpt>
   <trkpt lat="34.377300000000005" lon="-111.43908">
    <ele>1667.48</ele>
   </trkpt>
   <trkpt lat="34.3774" lon="-111.43921">
    <ele>1669.45</ele>
   </trkpt>
   <trkpt lat="34.37745" lon="-111.43944">
    <ele>1670.38</ele>
   </trkpt>
   <trkpt lat="34.37745" lon="-111.43957">
    <ele>1670.7200000000003</ele>
   </trkpt>
   <trkpt lat="34.3774" lon="-111.43970000000002">
    <ele>1671.14</ele>
   </trkpt>
   <trkpt lat="34.377390000000005" lon="-111.44002">
    <ele>1672.0300000000002</ele>
   </trkpt>
   <trkpt lat="34.37735" lon="-111.44003000000001">
    <ele>1672.0300000000002</ele>
   </trkpt>
   <trkpt lat="34.37727" lon="-111.43944">
    <ele>1676.66</ele>
   </trkpt>
   <trkpt lat="34.37717" lon="-111.43926">
    <ele>1677.73</ele>
   </trkpt>
   <trkpt lat="34.37711" lon="-111.43926">
    <ele>1678.0700000000002</ele>
   </trkpt>
   <trkpt lat="34.377140000000004" lon="-111.43943000000002">
    <ele>1679.0300000000002</ele>
   </trkpt>
   <trkpt lat="34.37715" lon="-111.43999000000001">
    <ele>1679.13</ele>
   </trkpt>
   <trkpt lat="34.37709" lon="-111.44029">
    <ele>1679.44</ele>
   </trkpt>
   <trkpt lat="34.377050000000004" lon="-111.44038">
    <ele>1679.64</ele>
   </trkpt>
   <trkpt lat="34.376870000000004" lon="-111.44065">
    <ele>1681.48</ele>
   </trkpt>
   <trkpt lat="34.37661" lon="-111.44078">
    <ele>1683.66</ele>
   </trkpt>
   <trkpt lat="34.37637" lon="-111.44073">
    <ele>1684.2800000000002</ele>
   </trkpt>
   <trkpt lat="34.37622" lon="-111.44066000000001">
    <ele>1683.99</ele>
   </trkpt>
   <trkpt lat="34.375960000000006" lon="-111.44051">
    <ele>1683.3300000000002</ele>
   </trkpt>
   <trkpt lat="34.375840000000004" lon="-111.44047">
    <ele>1683.2600000000002</ele>
   </trkpt>
   <trkpt lat="34.375750000000004" lon="-111.44047">
    <ele>1683.21</ele>
   </trkpt>
   <trkpt lat="34.37567" lon="-111.44051">
    <ele>1682.94</ele>
   </trkpt>
   <trkpt lat="34.37554" lon="-111.44051">
    <ele>1682.83</ele>
   </trkpt>
   <trkpt lat="34.37532" lon="-111.44047">
    <ele>1682.8500000000001</ele>
   </trkpt>
   <trkpt lat="34.37507" lon="-111.4406">
    <ele>1681.0900000000001</ele>
   </trkpt>
   <trkpt lat="34.37464" lon="-111.44065">
    <ele>1675.15</ele>
   </trkpt>
   <trkpt lat="34.37453" lon="-111.44064000000002">
    <ele>1674.6100000000001</ele>
   </trkpt>
   <trkpt lat="34.374300000000005" lon="-111.44052">
    <ele>1672.71</ele>
   </trkpt>
   <trkpt lat="34.374230000000004" lon="-111.44046000000002">
    <ele>1672.46</ele>
   </trkpt>
   <trkpt lat="34.37418" lon="-111.44033">
    <ele>1671.9</ele>
   </trkpt>
   <trkpt lat="34.37413" lon="-111.44029">
    <ele>1671.64</ele>
   </trkpt>
   <trkpt lat="34.374010000000006" lon="-111.44029">
    <ele>1671.3500000000001</ele>
   </trkpt>
   <trkpt lat="34.37389" lon="-111.44015">
    <ele>1669.75</ele>
   </trkpt>
   <trkpt lat="34.37384" lon="-111.44013000000001">
    <ele>1669.75</ele>
   </trkpt>
   <trkpt lat="34.373830000000005" lon="-111.44014000000001">
    <ele>1669.75</ele>
   </trkpt>
   <trkpt lat="34.37384" lon="-111.44013000000001">
    <ele>1670.0700000000002</ele>
   </trkpt>
   <trkpt lat="34.37382" lon="-111.44015">
    <ele>1670.0700000000002</ele>
   </trkpt>
   <trkpt lat="34.373810000000006" lon="-111.4402">
    <ele>1668.8700000000001</ele>
   </trkpt>
   <trkpt lat="34.373850000000004" lon="-111.44038">
    <ele>1668.5200000000002</ele>
   </trkpt>
   <trkpt lat="34.374010000000006" lon="-111.44082">
    <ele>1665.6000000000001</ele>
   </trkpt>
   <trkpt lat="34.37404" lon="-111.44096">
    <ele>1664.5200000000002</ele>
   </trkpt>
   <trkpt lat="34.3742" lon="-111.44109">
    <ele>1663.76</ele>
   </trkpt>
   <trkpt lat="34.37427" lon="-111.44127">
    <ele>1663.0</ele>
   </trkpt>
   <trkpt lat="34.37426" lon="-111.4415">
    <ele>1662.2500000000002</ele>
   </trkpt>
   <trkpt lat="34.37429" lon="-111.44172">
    <ele>1659.8000000000002</ele>
   </trkpt>
   <trkpt lat="34.374340000000004" lon="-111.44181">
    <ele>1659.48</ele>
   </trkpt>
   <trkpt lat="34.37462" lon="-111.44203">
    <ele>1656.3600000000001</ele>
   </trkpt>
   <trkpt lat="34.37465" lon="-111.44212">
    <ele>1656.3600000000001</ele>
   </trkpt>
   <trkpt lat="34.37465" lon="-111.44218000000001">
    <ele>1656.3600000000001</ele>
   </trkpt>
   <trkpt lat="34.3746" lon="-111.44226">
    <ele>1653.89</ele>
   </trkpt>
   <trkpt lat="34.374430000000004" lon="-111.44227000000001">
    <ele>1652.4900000000002</ele>
   </trkpt>
   <trkpt lat="34.37435" lon="-111.44235">
    <ele>1651.24</ele>
   </trkpt>
   <trkpt lat="34.37438" lon="-111.44244">
    <ele>1650.5400000000002</ele>
   </trkpt>
   <trkpt lat="34.37464" lon="-111.44257">
    <ele>1648.2200000000003</ele>
   </trkpt>
   <trkpt lat="34.374460000000006" lon="-111.4427">
    <ele>1647.34</ele>
   </trkpt>
   <trkpt lat="34.374300000000005" lon="-111.44279">
    <ele>1646.29</ele>
   </trkpt>
   <trkpt lat="34.37427" lon="-111.44284">
    <ele>1644.6900000000003</ele>
   </trkpt>
   <trkpt lat="34.37426" lon="-111.44288">
    <ele>1644.6900000000003</ele>
   </trkpt>
   <trkpt lat="34.374300000000005" lon="-111.44304000000001">
    <ele>1643.5300000000002</ele>
   </trkpt>
   <trkpt lat="34.37431" lon="-111.4432">
    <ele>1643.5300000000002</ele>
   </trkpt>
   <trkpt lat="34.374340000000004" lon="-111.44335000000001">
    <ele>1641.5900000000001</ele>
   </trkpt>
   <trkpt lat="34.374370000000006" lon="-111.44336000000001">
    <ele>1641.5900000000001</ele>
   </trkpt>
   <trkpt lat="34.374340000000004" lon="-111.4436">
    <ele>1640.03</ele>
   </trkpt>
   <trkpt lat="34.37445" lon="-111.44385000000001">
    <ele>1639.73</ele>
   </trkpt>
   <trkpt lat="34.37447" lon="-111.44404000000002">
    <ele>1639.1100000000001</ele>
   </trkpt>
   <trkpt lat="34.37447" lon="-111.44403000000001">
    <ele>1639.1200000000001</ele>
   </trkpt>
   <trkpt lat="34.37449" lon="-111.44446">
    <ele>1637.64</ele>
   </trkpt>
   <trkpt lat="34.37455" lon="-111.44499">
    <ele>1634.88</ele>
   </trkpt>
   <trkpt lat="34.37454" lon="-111.44508">
    <ele>1634.5500000000002</ele>
   </trkpt>
   <trkpt lat="34.374480000000005" lon="-111.44526">
    <ele>1633.73</ele>
   </trkpt>
   <trkpt lat="34.37426" lon="-111.44548">
    <ele>1632.5900000000001</ele>
   </trkpt>
   <trkpt lat="34.37391" lon="-111.44588">
    <ele>1631.2700000000002</ele>
   </trkpt>
   <trkpt lat="34.37379" lon="-111.44606">
    <ele>1630.91</ele>
   </trkpt>
   <trkpt lat="34.37362" lon="-111.44636000000001">
    <ele>1630.9600000000003</ele>
   </trkpt>
   <trkpt lat="34.37416" lon="-111.44684000000001">
    <ele>1632.03</ele>
   </trkpt>
   <trkpt lat="34.37458000046515" lon="-111.44714499853367">
    <ele>1634.13</ele>
   </trkpt>
   <trkpt lat="34.375" lon="-111.44745">
    <ele>1635.7</ele>
   </trkpt>
   <trkpt lat="34.37545" lon="-111.44784000000001">
    <ele>1638.74</ele>
   </trkpt>
   <trkpt lat="34.3753" lon="-111.44812">
    <ele>1634.5500000000002</ele>
   </trkpt>
   <trkpt lat="34.375265003003555" lon="-111.44898000046132">
    <ele>1628.69</ele>
   </trkpt>
   <trkpt lat="34.37523" lon="-111.44984000000001">
    <ele>1624.7300000000002</ele>
   </trkpt>
   <trkpt lat="34.3752" lon="-111.45018">
    <ele>1623.5300000000002</ele>
   </trkpt>
   <trkpt lat="34.37521" lon="-111.45086">
    <ele>1623.2700000000002</ele>
   </trkpt>
   <trkpt lat="34.37532" lon="-111.45105000000001">
    <ele>1623.22</ele>
   </trkpt>
   <trkpt lat="34.37588" lon="-111.45125000000002">
    <ele>1623.4100000000003</ele>
   </trkpt>
   <trkpt lat="34.37615" lon="-111.45136000000001">
    <ele>1624.27</ele>
   </trkpt>
   <trkpt lat="34.37695" lon="-111.45179">
    <ele>1627.16</ele>
   </trkpt>
   <trkpt lat="34.37747" lon="-111.45202">
    <ele>1629.8300000000002</ele>
   </trkpt>
   <trkpt lat="34.377750000000006" lon="-111.45212000000001">
    <ele>1630.5</ele>
   </trkpt>
   <trkpt lat="34.37841666685677" lon="-111.45226666433489">
    <ele>1632.0700000000002</ele>
   </trkpt>
   <trkpt lat="34.37908333353857" lon="-111.45241333100483">
    <ele>1633.1100000000001</ele>
   </trkpt>
   <trkpt lat="34.37975" lon="-111.45256">
    <ele>1635.1000000000001</ele>
   </trkpt>
   <trkpt lat="34.38031500003286" lon="-111.45262499956326">
    <ele>1637.16</ele>
   </trkpt>
   <trkpt lat="34.380880000000005" lon="-111.45269">
    <ele>1638.6200000000001</ele>
   </trkpt>
   <trkpt lat="34.38129" lon="-111.45263000000001">
    <ele>1639.9</ele>
   </trkpt>
   <trkpt lat="34.382130000000004" lon="-111.45243">
    <ele>1640.38</ele>
   </trkpt>
   <trkpt lat="34.382400000000004" lon="-111.45265">
    <ele>1639.68</ele>
   </trkpt>
   <trkpt lat="34.382740000000005" lon="-111.453">
    <ele>1638.3100000000002</ele>
   </trkpt>
   <trkpt lat="34.38335" lon="-111.45372">
    <ele>1637.6200000000001</ele>
   </trkpt>
   <trkpt lat="34.38378" lon="-111.45418000000001">
    <ele>1637.68</ele>
   </trkpt>
   <trkpt lat="34.383990000000004" lon="-111.45439">
    <ele>1637.88</ele>
   </trkpt>
   <trkpt lat="34.384260000000005" lon="-111.45453">
    <ele>1638.1000000000001</ele>
   </trkpt>
   <trkpt lat="34.384620000000005" lon="-111.4547">
    <ele>1638.7800000000002</ele>
   </trkpt>
   <trkpt lat="34.38479" lon="-111.45476000000001">
    <ele>1639.5000000000002</ele>
   </trkpt>
   <trkpt lat="34.38524" lon="-111.45484">
    <ele>1640.18</ele>
   </trkpt>
   <trkpt lat="34.38601666661132" lon="-111.45483666672877">
    <ele>1642.0</ele>
   </trkpt>
   <trkpt lat="34.386793333222535" lon="-111.45483333339568">
    <ele>1643.52</ele>
   </trkpt>
   <trkpt lat="34.387570000000004" lon="-111.45483000000002">
    <ele>1645.34</ele>
   </trkpt>
  </trkseg>
 </trk>
</gpx>
