<?xml version="1.0" ?><gpx xmlns="http://www.topografix.com/GPX/1/1" creator="GaiaGPS" version="1.1" xmlns:xsi="http://www.w3.org/2001/XMLSchema-instance" xsi:schemaLocation="http://www.topografix.com/GPX/1/1 http://www.topografix.com/GPX/1/1/gpx.xsd"><wpt lat="37.609555807494715" lon="-107.84599036505027"><time>2026-07-25T21:12:31Z</time><name>#11 Elbert Creek</name><desc>Full aid station, drop bags, pacers and crew</desc></wpt><wpt lat="37.67921" lon="-108.05764999999997"><time>2026-07-25T21:12:31Z</time><name>#7 Burnett</name><desc>Light aid no crew/pacers</desc></wpt><wpt lat="37.636511" lon="-108.06347499999998"><time>2026-07-25T21:12:31Z</time><name>#8 Ryman</name><desc>Crew, Pacers, full aid</desc></wpt><wpt lat="37.6193017623" lon="-107.99300170340001"><time>2026-07-25T21:12:31Z</time><name>#9 Coral</name><desc>Full aid station, drop bags, crew and pacers</desc></wpt><wpt lat="37.57507" lon="-107.94135900000003"><time>2026-07-25T21:12:31Z</time><name>#10 Big Lick</name><desc>Remote aid station light snack. no crew, pacers or drop bags</desc></wpt><wpt lat="37.660467" lon="-107.80118199999998"><time>2026-07-25T21:12:31Z</time><name>#2 EMT</name><desc>No crew, full aid staion</desc></wpt><wpt lat="37.733794" lon="-107.809527"><time>2026-07-25T21:12:31Z</time><name>#3 Engine Creek</name><desc>backcountry aid station, water, light snacks, no crew</desc><sym>water-24</sym></wpt><wpt lat="37.796301" lon="-107.93739099999999"><time>2026-07-25T21:12:31Z</time><name>#5 Cross Mountain</name><desc>Crew, Pacers, full aid. can move to other side of high if needed but too much snow to scout right now</desc></wpt><wpt lat="37.781037" lon="-108.029338"><time>2026-07-25T21:12:31Z</time><name>#6 Calico</name><desc>Full aid, no crew</desc></wpt><wpt lat="37.670227" lon="-107.83532400000001"><time>2026-07-25T21:12:31Z</time><name>#1 Cascade</name><desc>Light aid, no crew</desc></wpt><wpt lat="37.7254" lon="-107.86192"><time>2026-07-25T21:12:31Z</time><name>#4 Middle of Nowhere</name><desc>Full Aid, drop bags</desc></wpt><trk><name>Race Route 2026 (updated Aug 13)</name><desc></desc><extensions><line xmlns="http://www.topografix.com/GPX/gpx_style/0/2"><color>F42410</color></line></extensions><trkseg><trkpt lat="37.63241114033955" lon="-107.80736134286352"><ele>2670.0</ele></trkpt><trkpt lat="37.632384568433835" lon="-107.80720177437742"><ele>2670.0</ele></trkpt><trkpt lat="37.63234314845631" lon="-107.80698456183617"><ele>2670.0</ele></trkpt><trkpt lat="37.63222315248028" lon="-107.80685842281355"><ele>2670.0</ele></trkpt><trkpt lat="37.632093565616366" lon="-107.8068906571756"><ele>2670.0</ele></trkpt><trkpt lat="37.63202559208332" lon="-107.8069214962313"><ele>2670.0</ele></trkpt><trkpt lat="37.63190983652816" lon="-107.80700595309885"><ele>2670.0</ele></trkpt><trkpt lat="37.63179406847352" lon="-107.80713268332421"><ele>2670.125050077215</ele></trkpt><trkpt lat="37.631692103039" lon="-107.80714676711891"><ele>2671.0</ele></trkpt><trkpt lat="37.631506242531415" lon="-107.80720307202282"><ele>2671.0</ele></trkpt><trkpt lat="37.63140640595655" lon="-107.80721514782304"><ele>2671.0</ele></trkpt><trkpt lat="37.631314010199965" lon="-107.8071932042877"><ele>2671.0</ele></trkpt><trkpt lat="37.631189737912344" lon="-107.80712792475806"><ele>2670.8692439888446</ele></trkpt><trkpt lat="37.63110689502187" lon="-107.80696837971063"><ele>2670.6255234023556</ele></trkpt><trkpt lat="37.63104848924996" lon="-107.80674540234146"><ele>2671.0</ele></trkpt><trkpt lat="37.630961397109694" lon="-107.80638604102359"><ele>2670.0</ele></trkpt><trkpt lat="37.630826503245615" lon="-107.80591955199736"><ele>2669.0</ele></trkpt><trkpt lat="37.63075055967474" lon="-107.80572048758194"><ele>2669.88392939379</ele></trkpt><trkpt lat="37.630718696368696" lon="-107.8056829444686"><ele>2670.0</ele></trkpt><trkpt lat="37.630684177726145" lon="-107.80567289131203"><ele>2670.0</ele></trkpt><trkpt lat="37.63059814714345" lon="-107.8056809096174"><ele>2669.312975832681</ele></trkpt><trkpt lat="37.63041121627993" lon="-107.80572247946236"><ele>2669.0</ele></trkpt><trkpt lat="37.63030182013335" lon="-107.80575603539671"><ele>2669.0</ele></trkpt><trkpt lat="37.630234903466054" lon="-107.80580566895944"><ele>2669.0</ele></trkpt><trkpt lat="37.630139316065346" lon="-107.80589952527787"><ele>2669.0</ele></trkpt><trkpt lat="37.630032041659874" lon="-107.80609330804293"><ele>2669.0</ele></trkpt><trkpt lat="37.629952914234124" lon="-107.80624820781091"><ele>2669.0</ele></trkpt><trkpt lat="37.62988175237399" lon="-107.80635952827448"><ele>2668.0</ele></trkpt><trkpt lat="37.629784" lon="-107.80648200000002"><ele>2668.0</ele></trkpt><trkpt lat="37.62978291914213" lon="-107.80648256044483"><ele>2668.0</ele></trkpt><trkpt lat="37.629685" lon="-107.80656499999998"><ele>2668.134782167718</ele></trkpt><trkpt lat="37.629685" lon="-107.80656399999998"><ele>2668.1238699182527</ele></trkpt><trkpt lat="37.629612" lon="-107.806625"><ele>2669.0</ele></trkpt><trkpt lat="37.62949004947845" lon="-107.80674351942366"><ele>2669.6319649388834</ele></trkpt><trkpt lat="37.629396" lon="-107.80686500000002"><ele>2670.5566328894347</ele></trkpt><trkpt lat="37.629327" lon="-107.80705699999999"><ele>2672.0</ele></trkpt><trkpt lat="37.629297" lon="-107.807189"><ele>2672.0</ele></trkpt><trkpt lat="37.629244" lon="-107.80730800000003"><ele>2673.0</ele></trkpt><trkpt lat="37.629208" lon="-107.80737799999997"><ele>2674.0</ele></trkpt><trkpt lat="37.629168" lon="-107.80744300000003"><ele>2674.0</ele></trkpt><trkpt lat="37.629118" lon="-107.80751800000002"><ele>2675.0</ele></trkpt><trkpt lat="37.629044" lon="-107.80759"><ele>2675.9533925168216</ele></trkpt><trkpt lat="37.62894" lon="-107.807726"><ele>2676.0499165659394</ele></trkpt><trkpt lat="37.628842" lon="-107.80789900000002"><ele>2678.0</ele></trkpt><trkpt lat="37.628724" lon="-107.80822"><ele>2679.0</ele></trkpt><trkpt lat="37.628606" lon="-107.80848900000001"><ele>2679.0</ele></trkpt><trkpt lat="37.6285" lon="-107.808605"><ele>2680.0</ele></trkpt><trkpt lat="37.628385" lon="-107.80869999999999"><ele>2680.0</ele></trkpt><trkpt lat="37.628241" lon="-107.80883900000003"><ele>2680.0</ele></trkpt><trkpt lat="37.628138" lon="-107.80894"><ele>2679.7413582215086</ele></trkpt><trkpt lat="37.628049" lon="-107.809077"><ele>2679.0</ele></trkpt><trkpt lat="37.62802" lon="-107.809212"><ele>2678.0</ele></trkpt><trkpt lat="37.628012" lon="-107.809328"><ele>2677.0</ele></trkpt><trkpt lat="37.628012153206335" lon="-107.80933034186828"><ele>2677.0</ele></trkpt><trkpt lat="37.628049041476004" lon="-107.8096486993891"><ele>2676.0</ele></trkpt><trkpt lat="37.6281074670716" lon="-107.8100220966478"><ele>2676.0</ele></trkpt><trkpt lat="37.62810930856594" lon="-107.81002695875048"><ele>2676.0</ele></trkpt><trkpt lat="37.62811175104565" lon="-107.81003060288978"><ele>2676.0</ele></trkpt><trkpt lat="37.628164" lon="-107.81017500000002"><ele>2677.0</ele></trkpt><trkpt lat="37.628286" lon="-107.81026099999997"><ele>2678.0</ele></trkpt><trkpt lat="37.628437" lon="-107.810292"><ele>2678.0</ele></trkpt><trkpt lat="37.62843800210282" lon="-107.81029193797666"><ele>2678.0</ele></trkpt><trkpt lat="37.62844429537051" lon="-107.8102943898528"><ele>2678.0</ele></trkpt><trkpt lat="37.628447481780995" lon="-107.81034669292859"><ele>2678.0</ele></trkpt><trkpt lat="37.62843898468605" lon="-107.81044593466214"><ele>2679.0</ele></trkpt><trkpt lat="37.62843154972715" lon="-107.8105813862174"><ele>2679.0076610501856</ele></trkpt><trkpt lat="37.6284336740012" lon="-107.8106739224284"><ele>2680.0</ele></trkpt><trkpt lat="37.62845066819136" lon="-107.81073695434026"><ele>2680.0</ele></trkpt><trkpt lat="37.62848147015112" lon="-107.81078523410253"><ele>2680.2389213508327</ele></trkpt><trkpt lat="37.6284901" lon="-107.8108031"><ele>2681.0</ele></trkpt><trkpt lat="37.6285062" lon="-107.8108187"><ele>2681.0</ele></trkpt><trkpt lat="37.6285224" lon="-107.8108343"><ele>2681.0</ele></trkpt><trkpt lat="37.6285417" lon="-107.8108447"><ele>2681.0</ele></trkpt><trkpt lat="37.6285611" lon="-107.8108551"><ele>2681.0</ele></trkpt><trkpt lat="37.6285828" lon="-107.8108614"><ele>2681.0</ele></trkpt><trkpt lat="37.6286046" lon="-107.8108677"><ele>2681.0</ele></trkpt><trkpt lat="37.6286271" lon="-107.8108741"><ele>2681.0</ele></trkpt><trkpt lat="37.6286496" lon="-107.8108806"><ele>2681.0</ele></trkpt><trkpt lat="37.628671" lon="-107.8108902"><ele>2681.0</ele></trkpt><trkpt lat="37.6286925" lon="-107.8108998"><ele>2681.0</ele></trkpt><trkpt lat="37.628713" lon="-107.8109127"><ele>2681.0</ele></trkpt><trkpt lat="37.6287335" lon="-107.8109256"><ele>2681.0</ele></trkpt><trkpt lat="37.6287507" lon="-107.8109435"><ele>2681.0</ele></trkpt><trkpt lat="37.6287679" lon="-107.8109614"><ele>2681.0</ele></trkpt><trkpt lat="37.6287801" lon="-107.8109842"><ele>2681.0</ele></trkpt><trkpt lat="37.6287924" lon="-107.8110071"><ele>2681.592483982444</ele></trkpt><trkpt lat="37.6288012" lon="-107.8110331"><ele>2682.0</ele></trkpt><trkpt lat="37.6288101" lon="-107.8110591"><ele>2682.0</ele></trkpt><trkpt lat="37.6288174" lon="-107.8110865"><ele>2682.0</ele></trkpt><trkpt lat="37.6288248" lon="-107.8111139"><ele>2682.0</ele></trkpt><trkpt lat="37.6288311" lon="-107.8111425"><ele>2682.0</ele></trkpt><trkpt lat="37.6288375" lon="-107.8111711"><ele>2682.0</ele></trkpt><trkpt lat="37.6288437" lon="-107.811201"><ele>2682.0</ele></trkpt><trkpt lat="37.6288499" lon="-107.811231"><ele>2682.0168621133516</ele></trkpt><trkpt lat="37.6288562" lon="-107.8112624"><ele>2682.9978065965447</ele></trkpt><trkpt lat="37.6288626" lon="-107.8112939"><ele>2683.0</ele></trkpt><trkpt lat="37.6288728" lon="-107.8113557"><ele>2683.8384214751422</ele></trkpt><trkpt lat="37.6288762" lon="-107.8113819"><ele>2684.010256184813</ele></trkpt><trkpt lat="37.6288797" lon="-107.8114082"><ele>2684.5557102910416</ele></trkpt><trkpt lat="37.6288818" lon="-107.8114251"><ele>2685.0</ele></trkpt><trkpt lat="37.6288839" lon="-107.811442"><ele>2685.0</ele></trkpt><trkpt lat="37.6288843" lon="-107.8114512"><ele>2685.0</ele></trkpt><trkpt lat="37.6288847" lon="-107.8114605"><ele>2685.0</ele></trkpt><trkpt lat="37.6288882" lon="-107.8114985"><ele>2686.0</ele></trkpt><trkpt lat="37.6288892" lon="-107.8115261"><ele>2686.0</ele></trkpt><trkpt lat="37.6288902" lon="-107.8115537"><ele>2686.0</ele></trkpt><trkpt lat="37.6288887" lon="-107.8115832"><ele>2686.0</ele></trkpt><trkpt lat="37.6288873" lon="-107.8116127"><ele>2686.0</ele></trkpt><trkpt lat="37.6288846" lon="-107.8116421"><ele>2686.185628870968</ele></trkpt><trkpt lat="37.628882" lon="-107.8116715"><ele>2687.0</ele></trkpt><trkpt lat="37.6288799" lon="-107.8117003"><ele>2687.0</ele></trkpt><trkpt lat="37.6288779" lon="-107.8117292"><ele>2687.0</ele></trkpt><trkpt lat="37.6288778" lon="-107.8117578"><ele>2687.57763967989</ele></trkpt><trkpt lat="37.6288778" lon="-107.8117864"><ele>2688.0</ele></trkpt><trkpt lat="37.6288797" lon="-107.8118153"><ele>2688.257333902642</ele></trkpt><trkpt lat="37.6288816" lon="-107.8118442"><ele>2689.0</ele></trkpt><trkpt lat="37.6288841" lon="-107.8118723"><ele>2689.0</ele></trkpt><trkpt lat="37.6288866" lon="-107.8119004"><ele>2689.223281351384</ele></trkpt><trkpt lat="37.6288886" lon="-107.8119276"><ele>2690.0</ele></trkpt><trkpt lat="37.6288907" lon="-107.8119549"><ele>2690.0</ele></trkpt><trkpt lat="37.6288924" lon="-107.8119806"><ele>2690.0</ele></trkpt><trkpt lat="37.6288942" lon="-107.8120063"><ele>2691.0</ele></trkpt><trkpt lat="37.6288962" lon="-107.8120309"><ele>2691.0</ele></trkpt><trkpt lat="37.6288983" lon="-107.8120556"><ele>2691.456125581637</ele></trkpt><trkpt lat="37.6289029" lon="-107.8121048"><ele>2692.7490117689595</ele></trkpt><trkpt lat="37.6289056" lon="-107.8121294"><ele>2693.0</ele></trkpt><trkpt lat="37.6289083" lon="-107.812154"><ele>2693.0418979558162</ele></trkpt><trkpt lat="37.6289113" lon="-107.8121795"><ele>2694.0</ele></trkpt><trkpt lat="37.6289143" lon="-107.812205"><ele>2694.0</ele></trkpt><trkpt lat="37.6289178" lon="-107.8122313"><ele>2694.6443390571512</ele></trkpt><trkpt lat="37.6289213" lon="-107.8122577"><ele>2695.0</ele></trkpt><trkpt lat="37.6289255" lon="-107.8122844"><ele>2695.0</ele></trkpt><trkpt lat="37.6289297" lon="-107.8123112"><ele>2695.367948942352</ele></trkpt><trkpt lat="37.6289336" lon="-107.8123378"><ele>2696.0</ele></trkpt><trkpt lat="37.6289375" lon="-107.8123644"><ele>2696.8472486399114</ele></trkpt><trkpt lat="37.6289447" lon="-107.8124138"><ele>2697.0</ele></trkpt><trkpt lat="37.628949" lon="-107.812437"><ele>2697.23065386666</ele></trkpt><trkpt lat="37.6289534" lon="-107.8124602"><ele>2698.0</ele></trkpt><trkpt lat="37.6289597" lon="-107.8124836"><ele>2698.0</ele></trkpt><trkpt lat="37.6289661" lon="-107.8125071"><ele>2698.0</ele></trkpt><trkpt lat="37.6289757" lon="-107.8125324"><ele>2698.0</ele></trkpt><trkpt lat="37.6289854" lon="-107.8125578"><ele>2698.8603419023566</ele></trkpt><trkpt lat="37.6289972" lon="-107.8125816"><ele>2699.0</ele></trkpt><trkpt lat="37.629009" lon="-107.8126055"><ele>2699.0833230223507</ele></trkpt><trkpt lat="37.6290231" lon="-107.8126273"><ele>2700.0</ele></trkpt><trkpt lat="37.6290372" lon="-107.8126492"><ele>2700.0</ele></trkpt><trkpt lat="37.6290538" lon="-107.812669"><ele>2700.042637511622</ele></trkpt><trkpt lat="37.6290705" lon="-107.8126889"><ele>2700.970044728834</ele></trkpt><trkpt lat="37.6290892" lon="-107.8127055"><ele>2701.0</ele></trkpt><trkpt lat="37.6291079" lon="-107.8127221"><ele>2701.0</ele></trkpt><trkpt lat="37.6291279" lon="-107.8127353"><ele>2701.1302736047196</ele></trkpt><trkpt lat="37.629148" lon="-107.8127485"><ele>2701.7896043570813</ele></trkpt><trkpt lat="37.6291698" lon="-107.8127578"><ele>2702.0</ele></trkpt><trkpt lat="37.6291917" lon="-107.8127672"><ele>2702.0</ele></trkpt><trkpt lat="37.6292151" lon="-107.8127748"><ele>2702.138503139799</ele></trkpt><trkpt lat="37.6292385" lon="-107.8127825"><ele>2703.0</ele></trkpt><trkpt lat="37.629262" lon="-107.8127918"><ele>2703.0</ele></trkpt><trkpt lat="37.6292855" lon="-107.8128012"><ele>2703.2574845980853</ele></trkpt><trkpt lat="37.6293062" lon="-107.8128152"><ele>2704.0</ele></trkpt><trkpt lat="37.629327" lon="-107.8128292"><ele>2704.0</ele></trkpt><trkpt lat="37.6293404" lon="-107.8128493"><ele>2704.0</ele></trkpt><trkpt lat="37.6293538" lon="-107.8128695"><ele>2704.0</ele></trkpt><trkpt lat="37.6293546" lon="-107.8128934"><ele>2704.5004354841076</ele></trkpt><trkpt lat="37.6293555" lon="-107.8129173"><ele>2705.0</ele></trkpt><trkpt lat="37.6293452" lon="-107.8129373"><ele>2705.54632376926</ele></trkpt><trkpt lat="37.629335" lon="-107.8129573"><ele>2706.0</ele></trkpt><trkpt lat="37.6293192" lon="-107.8129723"><ele>2706.1774419914</ele></trkpt><trkpt lat="37.6293035" lon="-107.8129874"><ele>2706.9623632627417</ele></trkpt><trkpt lat="37.6292848" lon="-107.8129995"><ele>2707.348791571301</ele></trkpt><trkpt lat="37.6292662" lon="-107.8130117"><ele>2708.0</ele></trkpt><trkpt lat="37.629246" lon="-107.8130224"><ele>2708.0</ele></trkpt><trkpt lat="37.6292259" lon="-107.8130331"><ele>2708.010927360039</ele></trkpt><trkpt lat="37.6291835" lon="-107.8130537"><ele>2709.0</ele></trkpt><trkpt lat="37.6291612" lon="-107.8130639"><ele>2710.0</ele></trkpt><trkpt lat="37.6291389" lon="-107.8130741"><ele>2710.0</ele></trkpt><trkpt lat="37.6291164" lon="-107.813085"><ele>2710.8249438953853</ele></trkpt><trkpt lat="37.6290939" lon="-107.8130959"><ele>2711.0</ele></trkpt><trkpt lat="37.6290723" lon="-107.8131087"><ele>2711.5341427200474</ele></trkpt><trkpt lat="37.6290508" lon="-107.8131215"><ele>2712.0</ele></trkpt><trkpt lat="37.6290335" lon="-107.8131375"><ele>2712.0</ele></trkpt><trkpt lat="37.6290163" lon="-107.8131536"><ele>2712.0</ele></trkpt><trkpt lat="37.6290044" lon="-107.8131718"><ele>2712.623768000334</ele></trkpt><trkpt lat="37.6289926" lon="-107.8131901"><ele>2713.0</ele></trkpt><trkpt lat="37.6289849" lon="-107.8132113"><ele>2713.6106580865344</ele></trkpt><trkpt lat="37.6289772" lon="-107.8132326"><ele>2714.0357081572665</ele></trkpt><trkpt lat="37.6289734" lon="-107.8132581"><ele>2714.496687360108</ele></trkpt><trkpt lat="37.6289696" lon="-107.8132837"><ele>2715.0</ele></trkpt><trkpt lat="37.6289688" lon="-107.8133121"><ele>2715.0</ele></trkpt><trkpt lat="37.628968" lon="-107.8133405"><ele>2715.193480370137</ele></trkpt><trkpt lat="37.6289701" lon="-107.8133692"><ele>2715.6980294715613</ele></trkpt><trkpt lat="37.6289723" lon="-107.813398"><ele>2716.0</ele></trkpt><trkpt lat="37.6289807" lon="-107.813456"><ele>2716.0</ele></trkpt><trkpt lat="37.6289851" lon="-107.8134844"><ele>2716.0</ele></trkpt><trkpt lat="37.6289896" lon="-107.8135128"><ele>2716.0</ele></trkpt><trkpt lat="37.628995" lon="-107.8135408"><ele>2716.7250949767886</ele></trkpt><trkpt lat="37.6290004" lon="-107.8135688"><ele>2717.0</ele></trkpt><trkpt lat="37.6290062" lon="-107.813597"><ele>2717.0</ele></trkpt><trkpt lat="37.629012" lon="-107.8136253"><ele>2717.0</ele></trkpt><trkpt lat="37.6290161" lon="-107.8136545"><ele>2717.0</ele></trkpt><trkpt lat="37.6290203" lon="-107.8136837"><ele>2717.0</ele></trkpt><trkpt lat="37.6290244" lon="-107.8137126"><ele>2717.072359444906</ele></trkpt><trkpt lat="37.6290286" lon="-107.8137416"><ele>2720.058841031976</ele></trkpt><trkpt lat="37.6290337" lon="-107.8137688"><ele>2721.7029676083475</ele></trkpt><trkpt lat="37.6290388" lon="-107.813796"><ele>2719.4525257074692</ele></trkpt><trkpt lat="37.6290442" lon="-107.8138238"><ele>2717.139781831298</ele></trkpt><trkpt lat="37.6290497" lon="-107.8138517"><ele>2717.0</ele></trkpt><trkpt lat="37.6290559" lon="-107.8138795"><ele>2717.0</ele></trkpt><trkpt lat="37.6290621" lon="-107.8139073"><ele>2717.751600213349</ele></trkpt><trkpt lat="37.6290689" lon="-107.8139335"><ele>2718.0</ele></trkpt><trkpt lat="37.6290757" lon="-107.8139597"><ele>2719.0</ele></trkpt><trkpt lat="37.6290887" lon="-107.8140085"><ele>2719.4678620449267</ele></trkpt><trkpt lat="37.6290957" lon="-107.8140319"><ele>2720.0</ele></trkpt><trkpt lat="37.6291027" lon="-107.8140554"><ele>2720.6535604628734</ele></trkpt><trkpt lat="37.6291095" lon="-107.8140783"><ele>2721.0</ele></trkpt><trkpt lat="37.6291163" lon="-107.8141013"><ele>2721.792655502446</ele></trkpt><trkpt lat="37.6291232" lon="-107.8141238"><ele>2722.0</ele></trkpt><trkpt lat="37.6291301" lon="-107.8141463"><ele>2722.0</ele></trkpt><trkpt lat="37.6291367" lon="-107.8141687"><ele>2722.468225232691</ele></trkpt><trkpt lat="37.6291434" lon="-107.8141911"><ele>2722.997668099331</ele></trkpt><trkpt lat="37.6291497" lon="-107.8142129"><ele>2723.264727781149</ele></trkpt><trkpt lat="37.629156" lon="-107.8142348"><ele>2724.0</ele></trkpt><trkpt lat="37.6291624" lon="-107.8142568"><ele>2724.0526940104965</ele></trkpt><trkpt lat="37.6291688" lon="-107.8142788"><ele>2725.0</ele></trkpt><trkpt lat="37.6291748" lon="-107.8143017"><ele>2725.131972409319</ele></trkpt><trkpt lat="37.6291808" lon="-107.8143247"><ele>2726.0</ele></trkpt><trkpt lat="37.6291968" lon="-107.8143679"><ele>2726.2468637766488</ele></trkpt><trkpt lat="37.6292086" lon="-107.814387"><ele>2727.0785386458983</ele></trkpt><trkpt lat="37.6292205" lon="-107.8144061"><ele>2727.9973650490865</ele></trkpt><trkpt lat="37.6292354" lon="-107.8144238"><ele>2728.0</ele></trkpt><trkpt lat="37.6292503" lon="-107.8144416"><ele>2728.0</ele></trkpt><trkpt lat="37.6292666" lon="-107.8144593"><ele>2728.0</ele></trkpt><trkpt lat="37.629283" lon="-107.814477"><ele>2728.0</ele></trkpt><trkpt lat="37.6292997" lon="-107.8144943"><ele>2728.1908250338115</ele></trkpt><trkpt lat="37.6293164" lon="-107.8145116"><ele>2729.0</ele></trkpt><trkpt lat="37.6293331" lon="-107.8145284"><ele>2729.0</ele></trkpt><trkpt lat="37.6293499" lon="-107.8145453"><ele>2729.0</ele></trkpt><trkpt lat="37.629367" lon="-107.8145616"><ele>2729.0</ele></trkpt><trkpt lat="37.6293841" lon="-107.814578"><ele>2729.0</ele></trkpt><trkpt lat="37.6294017" lon="-107.8145938"><ele>2729.0</ele></trkpt><trkpt lat="37.6294194" lon="-107.8146096"><ele>2729.0</ele></trkpt><trkpt lat="37.629437" lon="-107.8146257"><ele>2729.0</ele></trkpt><trkpt lat="37.6294546" lon="-107.8146419"><ele>2729.0</ele></trkpt><trkpt lat="37.6294721" lon="-107.814659"><ele>2729.0</ele></trkpt><trkpt lat="37.6294896" lon="-107.8146762"><ele>2729.0</ele></trkpt><trkpt lat="37.6295068" lon="-107.8146952"><ele>2729.0</ele></trkpt><trkpt lat="37.6295241" lon="-107.8147142"><ele>2729.1059621713675</ele></trkpt><trkpt lat="37.6295416" lon="-107.814734"><ele>2730.0</ele></trkpt><trkpt lat="37.6295591" lon="-107.8147539"><ele>2730.0</ele></trkpt><trkpt lat="37.629577" lon="-107.8147732"><ele>2730.0</ele></trkpt><trkpt lat="37.629595" lon="-107.8147925"><ele>2730.0</ele></trkpt><trkpt lat="37.629613" lon="-107.814811"><ele>2730.0</ele></trkpt><trkpt lat="37.629631" lon="-107.8148295"><ele>2730.0</ele></trkpt><trkpt lat="37.6296488" lon="-107.8148481"><ele>2730.0</ele></trkpt><trkpt lat="37.6296666" lon="-107.8148668"><ele>2730.0</ele></trkpt><trkpt lat="37.629684" lon="-107.8148865"><ele>2730.0</ele></trkpt><trkpt lat="37.6297014" lon="-107.8149062"><ele>2730.0</ele></trkpt><trkpt lat="37.6297176" lon="-107.814928"><ele>2730.0</ele></trkpt><trkpt lat="37.6297339" lon="-107.8149498"><ele>2730.0</ele></trkpt><trkpt lat="37.6297493" lon="-107.8149735"><ele>2730.241872986757</ele></trkpt><trkpt lat="37.6297647" lon="-107.8149973"><ele>2731.0</ele></trkpt><trkpt lat="37.6297788" lon="-107.815021"><ele>2731.0</ele></trkpt><trkpt lat="37.6297929" lon="-107.8150447"><ele>2731.758282097988</ele></trkpt><trkpt lat="37.6298061" lon="-107.8150672"><ele>2732.0</ele></trkpt><trkpt lat="37.6298193" lon="-107.8150898"><ele>2732.0</ele></trkpt><trkpt lat="37.6298459" lon="-107.8151334"><ele>2733.0</ele></trkpt><trkpt lat="37.6298598" lon="-107.8151546"><ele>2733.0</ele></trkpt><trkpt lat="37.6298737" lon="-107.8151759"><ele>2733.0</ele></trkpt><trkpt lat="37.6298887" lon="-107.8151974"><ele>2733.0</ele></trkpt><trkpt lat="37.6299037" lon="-107.815219"><ele>2733.0</ele></trkpt><trkpt lat="37.6299192" lon="-107.8152419"><ele>2733.0</ele></trkpt><trkpt lat="37.6299348" lon="-107.8152648"><ele>2733.0</ele></trkpt><trkpt lat="37.6299501" lon="-107.8152895"><ele>2733.0</ele></trkpt><trkpt lat="37.6299655" lon="-107.8153143"><ele>2733.0</ele></trkpt><trkpt lat="37.6299796" lon="-107.8153411"><ele>2733.0</ele></trkpt><trkpt lat="37.6299938" lon="-107.8153679"><ele>2733.0</ele></trkpt><trkpt lat="37.6300057" lon="-107.8153971"><ele>2733.0</ele></trkpt><trkpt lat="37.6300177" lon="-107.8154263"><ele>2733.0</ele></trkpt><trkpt lat="37.6300333" lon="-107.8154865"><ele>2734.0</ele></trkpt><trkpt lat="37.6300362" lon="-107.8155159"><ele>2734.0</ele></trkpt><trkpt lat="37.6300391" lon="-107.8155453"><ele>2735.0</ele></trkpt><trkpt lat="37.6300359" lon="-107.8155716"><ele>2735.0</ele></trkpt><trkpt lat="37.6300328" lon="-107.815598"><ele>2735.5439310218208</ele></trkpt><trkpt lat="37.6300248" lon="-107.8156205"><ele>2736.0</ele></trkpt><trkpt lat="37.6300169" lon="-107.815643"><ele>2736.0</ele></trkpt><trkpt lat="37.6300064" lon="-107.8156635"><ele>2736.0</ele></trkpt><trkpt lat="37.629996" lon="-107.815684"><ele>2736.515089656941</ele></trkpt><trkpt lat="37.6299834" lon="-107.8157045"><ele>2737.0</ele></trkpt><trkpt lat="37.6299709" lon="-107.8157251"><ele>2737.0</ele></trkpt><trkpt lat="37.6299583" lon="-107.815746"><ele>2737.0</ele></trkpt><trkpt lat="37.6299457" lon="-107.8157669"><ele>2737.415241528768</ele></trkpt><trkpt lat="37.6299344" lon="-107.8157888"><ele>2737.685050686525</ele></trkpt><trkpt lat="37.6299232" lon="-107.8158107"><ele>2737.881869247984</ele></trkpt><trkpt lat="37.6299139" lon="-107.8158335"><ele>2738.0</ele></trkpt><trkpt lat="37.6299047" lon="-107.8158563"><ele>2738.0</ele></trkpt><trkpt lat="37.6298966" lon="-107.8158797"><ele>2738.0</ele></trkpt><trkpt lat="37.6298885" lon="-107.8159032"><ele>2738.5683608691565</ele></trkpt><trkpt lat="37.62988" lon="-107.8159258"><ele>2738.8636953140795</ele></trkpt><trkpt lat="37.6298715" lon="-107.8159485"><ele>2739.0</ele></trkpt><trkpt lat="37.6298625" lon="-107.8159701"><ele>2739.18655187885</ele></trkpt><trkpt lat="37.6298536" lon="-107.8159918"><ele>2739.8963411916047</ele></trkpt><trkpt lat="37.6298442" lon="-107.8160127"><ele>2740.0</ele></trkpt><trkpt lat="37.6298348" lon="-107.8160336"><ele>2740.0</ele></trkpt><trkpt lat="37.6298244" lon="-107.8160545"><ele>2740.0</ele></trkpt><trkpt lat="37.629814" lon="-107.8160754"><ele>2740.7923835739493</ele></trkpt><trkpt lat="37.6298026" lon="-107.816097"><ele>2741.0</ele></trkpt><trkpt lat="37.6297913" lon="-107.8161187"><ele>2741.0</ele></trkpt><trkpt lat="37.6297785" lon="-107.81614"><ele>2741.8029617783614</ele></trkpt><trkpt lat="37.6297658" lon="-107.8161614"><ele>2742.0</ele></trkpt><trkpt lat="37.6297521" lon="-107.8161823"><ele>2742.0</ele></trkpt><trkpt lat="37.6297384" lon="-107.8162033"><ele>2742.752955591306</ele></trkpt><trkpt lat="37.6297242" lon="-107.8162242"><ele>2743.0</ele></trkpt><trkpt lat="37.62971" lon="-107.8162452"><ele>2743.705637120176</ele></trkpt><trkpt lat="37.6296966" lon="-107.8162664"><ele>2744.0</ele></trkpt><trkpt lat="37.6296833" lon="-107.8162876"><ele>2744.0</ele></trkpt><trkpt lat="37.6296587" lon="-107.8163292"><ele>2744.6203208537772</ele></trkpt><trkpt lat="37.629648" lon="-107.81635"><ele>2745.0</ele></trkpt><trkpt lat="37.6296374" lon="-107.8163709"><ele>2745.563681706786</ele></trkpt><trkpt lat="37.6296283" lon="-107.8163922"><ele>2746.0</ele></trkpt><trkpt lat="37.6296193" lon="-107.8164135"><ele>2746.54898559954</ele></trkpt><trkpt lat="37.629612" lon="-107.8164364"><ele>2747.0</ele></trkpt><trkpt lat="37.6296047" lon="-107.8164594"><ele>2747.0</ele></trkpt><trkpt lat="37.6295974" lon="-107.8164836"><ele>2747.815882381983</ele></trkpt><trkpt lat="37.6295902" lon="-107.8165079"><ele>2748.0</ele></trkpt><trkpt lat="37.629582" lon="-107.816533"><ele>2748.0</ele></trkpt><trkpt lat="37.6295739" lon="-107.8165582"><ele>2748.225742548586</ele></trkpt><trkpt lat="37.6295668" lon="-107.8165844"><ele>2749.0</ele></trkpt><trkpt lat="37.6295597" lon="-107.8166106"><ele>2749.0</ele></trkpt><trkpt lat="37.6295568" lon="-107.8166372"><ele>2749.7579224654596</ele></trkpt><trkpt lat="37.629554" lon="-107.8166638"><ele>2750.0</ele></trkpt><trkpt lat="37.6295577" lon="-107.8166891"><ele>2750.0</ele></trkpt><trkpt lat="37.6295615" lon="-107.8167145"><ele>2750.5766023113392</ele></trkpt><trkpt lat="37.6295721" lon="-107.8167362"><ele>2751.0</ele></trkpt><trkpt lat="37.6295827" lon="-107.816758"><ele>2751.603849244304</ele></trkpt><trkpt lat="37.6295971" lon="-107.8167779"><ele>2752.0</ele></trkpt><trkpt lat="37.6296115" lon="-107.8167979"><ele>2752.0</ele></trkpt><trkpt lat="37.6296248" lon="-107.8168191"><ele>2752.0</ele></trkpt><trkpt lat="37.6296381" lon="-107.8168404"><ele>2752.4439675733447</ele></trkpt><trkpt lat="37.6296488" lon="-107.816864"><ele>2753.0</ele></trkpt><trkpt lat="37.6296596" lon="-107.8168876"><ele>2753.0</ele></trkpt><trkpt lat="37.6296672" lon="-107.8169134"><ele>2753.0</ele></trkpt><trkpt lat="37.6296749" lon="-107.8169393"><ele>2753.053041635547</ele></trkpt><trkpt lat="37.6296795" lon="-107.8169655"><ele>2754.0</ele></trkpt><trkpt lat="37.6296842" lon="-107.8169917"><ele>2754.0</ele></trkpt><trkpt lat="37.6296873" lon="-107.8170162"><ele>2754.6368413870223</ele></trkpt><trkpt lat="37.6296904" lon="-107.8170408"><ele>2755.0</ele></trkpt><trkpt lat="37.6296922" lon="-107.8170652"><ele>2755.0</ele></trkpt><trkpt lat="37.6296941" lon="-107.8170896"><ele>2756.0</ele></trkpt><trkpt lat="37.6296951" lon="-107.8171132"><ele>2756.1573690306395</ele></trkpt><trkpt lat="37.6296962" lon="-107.8171368"><ele>2757.0</ele></trkpt><trkpt lat="37.6296964" lon="-107.8171838"><ele>2758.0</ele></trkpt><trkpt lat="37.6296955" lon="-107.8172075"><ele>2758.0</ele></trkpt><trkpt lat="37.6296946" lon="-107.8172313"><ele>2758.661227947101</ele></trkpt><trkpt lat="37.6296932" lon="-107.8172553"><ele>2759.0</ele></trkpt><trkpt lat="37.6296918" lon="-107.8172794"><ele>2759.9028504183516</ele></trkpt><trkpt lat="37.6296898" lon="-107.8173037"><ele>2760.0353124975227</ele></trkpt><trkpt lat="37.6296879" lon="-107.8173281"><ele>2761.0</ele></trkpt><trkpt lat="37.6296848" lon="-107.8173517"><ele>2761.0</ele></trkpt><trkpt lat="37.6296817" lon="-107.8173753"><ele>2761.3721143468283</ele></trkpt><trkpt lat="37.6296774" lon="-107.8173981"><ele>2762.0</ele></trkpt><trkpt lat="37.6296731" lon="-107.8174209"><ele>2762.4972283737734</ele></trkpt><trkpt lat="37.6296694" lon="-107.8174432"><ele>2763.0</ele></trkpt><trkpt lat="37.6296658" lon="-107.8174655"><ele>2763.5757390218787</ele></trkpt><trkpt lat="37.6296634" lon="-107.8174873"><ele>2764.0</ele></trkpt><trkpt lat="37.6296611" lon="-107.8175092"><ele>2764.612306631636</ele></trkpt><trkpt lat="37.6296596" lon="-107.8175306"><ele>2765.0</ele></trkpt><trkpt lat="37.6296582" lon="-107.817552"><ele>2765.0</ele></trkpt><trkpt lat="37.6296568" lon="-107.8175952"><ele>2766.0</ele></trkpt><trkpt lat="37.6296553" lon="-107.8176176"><ele>2766.664112783037</ele></trkpt><trkpt lat="37.6296538" lon="-107.8176401"><ele>2767.0</ele></trkpt><trkpt lat="37.6296504" lon="-107.8176627"><ele>2767.765925119631</ele></trkpt><trkpt lat="37.629647" lon="-107.8176854"><ele>2768.0</ele></trkpt><trkpt lat="37.6296413" lon="-107.8177084"><ele>2768.0</ele></trkpt><trkpt lat="37.6296357" lon="-107.8177315"><ele>2768.0</ele></trkpt><trkpt lat="37.6296281" lon="-107.8177546"><ele>2769.0</ele></trkpt><trkpt lat="37.6296206" lon="-107.8177778"><ele>2769.129973902367</ele></trkpt><trkpt lat="37.6296126" lon="-107.8178007"><ele>2770.0</ele></trkpt><trkpt lat="37.6296046" lon="-107.8178237"><ele>2770.0</ele></trkpt><trkpt lat="37.629597" lon="-107.8178463"><ele>2770.3223052802496</ele></trkpt><trkpt lat="37.6295894" lon="-107.817869"><ele>2771.0</ele></trkpt><trkpt lat="37.6295837" lon="-107.8178919"><ele>2771.0</ele></trkpt><trkpt lat="37.6295781" lon="-107.8179148"><ele>2771.5146366576664</ele></trkpt><trkpt lat="37.629576" lon="-107.8179381"><ele>2772.0</ele></trkpt><trkpt lat="37.629574" lon="-107.8179614"><ele>2772.0</ele></trkpt><trkpt lat="37.6295748" lon="-107.8179852"><ele>2772.2236794258624</ele></trkpt><trkpt lat="37.6295756" lon="-107.818009"><ele>2772.935965464501</ele></trkpt><trkpt lat="37.6295755" lon="-107.8180338"><ele>2773.0604386129417</ele></trkpt><trkpt lat="37.6295755" lon="-107.8180587"><ele>2774.0</ele></trkpt><trkpt lat="37.6295738" lon="-107.8180842"><ele>2774.0</ele></trkpt><trkpt lat="37.6295721" lon="-107.8181097"><ele>2774.5976349865086</ele></trkpt><trkpt lat="37.6295695" lon="-107.818135"><ele>2775.0</ele></trkpt><trkpt lat="37.629567" lon="-107.8181604"><ele>2775.0</ele></trkpt><trkpt lat="37.6295639" lon="-107.8181854"><ele>2776.0</ele></trkpt><trkpt lat="37.6295609" lon="-107.8182105"><ele>2776.0</ele></trkpt><trkpt lat="37.6295569" lon="-107.8182361"><ele>2776.1112638646196</ele></trkpt><trkpt lat="37.6295529" lon="-107.8182617"><ele>2776.681348409038</ele></trkpt><trkpt lat="37.6295484" lon="-107.818287"><ele>2777.0</ele></trkpt><trkpt lat="37.6295439" lon="-107.8183123"><ele>2777.484085156999</ele></trkpt><trkpt lat="37.6295391" lon="-107.8183372"><ele>2778.036067851572</ele></trkpt><trkpt lat="37.6295344" lon="-107.8183621"><ele>2778.360327537637</ele></trkpt><trkpt lat="37.6295304" lon="-107.8183862"><ele>2779.0</ele></trkpt><trkpt lat="37.6295264" lon="-107.8184104"><ele>2779.0</ele></trkpt><trkpt lat="37.6295237" lon="-107.8184343"><ele>2779.725091413595</ele></trkpt><trkpt lat="37.629521" lon="-107.8184583"><ele>2780.0</ele></trkpt><trkpt lat="37.6295195" lon="-107.8184821"><ele>2780.9527328712866</ele></trkpt><trkpt lat="37.6295181" lon="-107.8185059"><ele>2781.0618932629004</ele></trkpt><trkpt lat="37.6295178" lon="-107.8185294"><ele>2782.0</ele></trkpt><trkpt lat="37.6295176" lon="-107.8185529"><ele>2782.2522520176135</ele></trkpt><trkpt lat="37.629519" lon="-107.8185756"><ele>2783.0</ele></trkpt><trkpt lat="37.6295205" lon="-107.8185983"><ele>2783.422342065414</ele></trkpt><trkpt lat="37.6295238" lon="-107.8186201"><ele>2784.107560230835</ele></trkpt><trkpt lat="37.6295272" lon="-107.8186419"><ele>2784.6880814517826</ele></trkpt><trkpt lat="37.6295312" lon="-107.8186625"><ele>2785.3599822227843</ele></trkpt><trkpt lat="37.6295352" lon="-107.8186832"><ele>2786.0</ele></trkpt><trkpt lat="37.6295392" lon="-107.8187032"><ele>2786.2567396978848</ele></trkpt><trkpt lat="37.6295432" lon="-107.8187232"><ele>2787.188807253726</ele></trkpt><trkpt lat="37.6295472" lon="-107.8187431"><ele>2788.0763606845308</ele></trkpt><trkpt lat="37.6295512" lon="-107.818763"><ele>2788.897136711117</ele></trkpt><trkpt lat="37.6295554" lon="-107.8187829"><ele>2789.0</ele></trkpt><trkpt lat="37.6295596" lon="-107.8188029"><ele>2789.9030964616686</ele></trkpt><trkpt lat="37.629568" lon="-107.8188431"><ele>2790.7765522482805</ele></trkpt><trkpt lat="37.6295714" lon="-107.8188634"><ele>2791.722600818146</ele></trkpt><trkpt lat="37.6295748" lon="-107.8188838"><ele>2792.6733097243123</ele></trkpt><trkpt lat="37.6295755" lon="-107.8189038"><ele>2793.0</ele></trkpt><trkpt lat="37.6295763" lon="-107.8189238"><ele>2793.0</ele></trkpt><trkpt lat="37.6295715" lon="-107.8189421"><ele>2793.356336062505</ele></trkpt><trkpt lat="37.6295667" lon="-107.8189605"><ele>2794.0</ele></trkpt><trkpt lat="37.6295557" lon="-107.8189767"><ele>2794.002328969416</ele></trkpt><trkpt lat="37.6295448" lon="-107.818993"><ele>2794.762398577761</ele></trkpt><trkpt lat="37.62953" lon="-107.8190065"><ele>2795.0</ele></trkpt><trkpt lat="37.6295152" lon="-107.8190201"><ele>2795.245579216758</ele></trkpt><trkpt lat="37.6294989" lon="-107.8190323"><ele>2796.0</ele></trkpt><trkpt lat="37.6294827" lon="-107.8190446"><ele>2796.2824038630847</ele></trkpt><trkpt lat="37.629465" lon="-107.8190553"><ele>2797.0</ele></trkpt><trkpt lat="37.6294473" lon="-107.8190661"><ele>2797.0</ele></trkpt><trkpt lat="37.6294282" lon="-107.8190758"><ele>2797.2145634029566</ele></trkpt><trkpt lat="37.6294092" lon="-107.8190856"><ele>2798.0</ele></trkpt><trkpt lat="37.6293892" lon="-107.8190944"><ele>2798.0</ele></trkpt><trkpt lat="37.6293693" lon="-107.8191032"><ele>2798.0</ele></trkpt><trkpt lat="37.629349" lon="-107.8191114"><ele>2799.0</ele></trkpt><trkpt lat="37.6293288" lon="-107.8191196"><ele>2799.0</ele></trkpt><trkpt lat="37.6292874" lon="-107.819133"><ele>2799.2868714667857</ele></trkpt><trkpt lat="37.6292664" lon="-107.8191385"><ele>2799.543190044351</ele></trkpt><trkpt lat="37.6292454" lon="-107.8191441"><ele>2800.0</ele></trkpt><trkpt lat="37.6292244" lon="-107.8191491"><ele>2800.0371858491562</ele></trkpt><trkpt lat="37.6292035" lon="-107.8191541"><ele>2800.270202738233</ele></trkpt><trkpt lat="37.6291829" lon="-107.8191592"><ele>2800.891702667017</ele></trkpt><trkpt lat="37.6291624" lon="-107.8191643"><ele>2801.0</ele></trkpt><trkpt lat="37.6291415" lon="-107.8191707"><ele>2801.0094686942</ele></trkpt><trkpt lat="37.6291206" lon="-107.8191772"><ele>2801.638049246082</ele></trkpt><trkpt lat="37.6290994" lon="-107.8191847"><ele>2802.0</ele></trkpt><trkpt lat="37.6290782" lon="-107.8191923"><ele>2802.943903807736</ele></trkpt><trkpt lat="37.6290569" lon="-107.8192021"><ele>2803.0</ele></trkpt><trkpt lat="37.6290357" lon="-107.8192119"><ele>2803.441798651591</ele></trkpt><trkpt lat="37.6290167" lon="-107.8192253"><ele>2804.0</ele></trkpt><trkpt lat="37.6289978" lon="-107.8192388"><ele>2804.1461637252705</ele></trkpt><trkpt lat="37.6289829" lon="-107.8192563"><ele>2805.0</ele></trkpt><trkpt lat="37.628968" lon="-107.8192739"><ele>2805.0</ele></trkpt><trkpt lat="37.6289606" lon="-107.8192937"><ele>2805.7760342755355</ele></trkpt><trkpt lat="37.6289533" lon="-107.8193136"><ele>2806.7034414941445</ele></trkpt><trkpt lat="37.6289561" lon="-107.8193318"><ele>2807.0</ele></trkpt><trkpt lat="37.628959" lon="-107.81935"><ele>2807.0179354209386</ele></trkpt><trkpt lat="37.628971" lon="-107.8193636"><ele>2807.7593584749825</ele></trkpt><trkpt lat="37.6289831" lon="-107.8193773"><ele>2808.0</ele></trkpt><trkpt lat="37.6289989" lon="-107.8193895"><ele>2808.0</ele></trkpt><trkpt lat="37.6290148" lon="-107.8194017"><ele>2808.0</ele></trkpt><trkpt lat="37.6290315" lon="-107.8194155"><ele>2808.140698663178</ele></trkpt><trkpt lat="37.6290482" lon="-107.8194294"><ele>2809.0</ele></trkpt><trkpt lat="37.6290658" lon="-107.8194432"><ele>2809.0</ele></trkpt><trkpt lat="37.6290835" lon="-107.819457"><ele>2809.386365866754</ele></trkpt><trkpt lat="37.6291018" lon="-107.8194713"><ele>2810.0</ele></trkpt><trkpt lat="37.6291201" lon="-107.8194857"><ele>2810.0</ele></trkpt><trkpt lat="37.6291383" lon="-107.8195012"><ele>2810.776063673865</ele></trkpt><trkpt lat="37.6291565" lon="-107.8195167"><ele>2811.0</ele></trkpt><trkpt lat="37.6291747" lon="-107.8195327"><ele>2811.0</ele></trkpt><trkpt lat="37.6291929" lon="-107.8195488"><ele>2811.5372968989927</ele></trkpt><trkpt lat="37.6292116" lon="-107.8195638"><ele>2812.0</ele></trkpt><trkpt lat="37.6292303" lon="-107.8195789"><ele>2812.067317618057</ele></trkpt><trkpt lat="37.6292499" lon="-107.8195924"><ele>2812.745826725387</ele></trkpt><trkpt lat="37.6292696" lon="-107.819606"><ele>2813.0</ele></trkpt><trkpt lat="37.6292898" lon="-107.8196188"><ele>2813.0</ele></trkpt><trkpt lat="37.6293101" lon="-107.8196316"><ele>2813.523315626662</ele></trkpt><trkpt lat="37.629331" lon="-107.8196432"><ele>2814.0</ele></trkpt><trkpt lat="37.629352" lon="-107.8196549"><ele>2814.0</ele></trkpt><trkpt lat="37.6293724" lon="-107.8196648"><ele>2814.070547768846</ele></trkpt><trkpt lat="37.6293928" lon="-107.8196748"><ele>2814.801417463759</ele></trkpt><trkpt lat="37.6294124" lon="-107.8196826"><ele>2815.0</ele></trkpt><trkpt lat="37.6294321" lon="-107.8196905"><ele>2815.0</ele></trkpt><trkpt lat="37.6294521" lon="-107.8196961"><ele>2815.0</ele></trkpt><trkpt lat="37.6294722" lon="-107.8197017"><ele>2815.192598912947</ele></trkpt><trkpt lat="37.6295144" lon="-107.8197083"><ele>2816.0</ele></trkpt><trkpt lat="37.6295363" lon="-107.8197086"><ele>2817.0</ele></trkpt><trkpt lat="37.6295582" lon="-107.819709"><ele>2817.0</ele></trkpt><trkpt lat="37.62958" lon="-107.8197057"><ele>2817.0</ele></trkpt><trkpt lat="37.6296019" lon="-107.8197024"><ele>2817.0</ele></trkpt><trkpt lat="37.6296231" lon="-107.8196944"><ele>2817.5178591091617</ele></trkpt><trkpt lat="37.6296444" lon="-107.8196865"><ele>2818.0</ele></trkpt><trkpt lat="37.6296647" lon="-107.8196742"><ele>2818.0</ele></trkpt><trkpt lat="37.629685" lon="-107.819662"><ele>2818.0</ele></trkpt><trkpt lat="37.629705" lon="-107.8196476"><ele>2818.0</ele></trkpt><trkpt lat="37.6297251" lon="-107.8196333"><ele>2818.0</ele></trkpt><trkpt lat="37.6297459" lon="-107.8196193"><ele>2818.0</ele></trkpt><trkpt lat="37.6297668" lon="-107.8196054"><ele>2818.0</ele></trkpt><trkpt lat="37.6297881" lon="-107.8195922"><ele>2818.832733420655</ele></trkpt><trkpt lat="37.6298094" lon="-107.8195791"><ele>2819.0</ele></trkpt><trkpt lat="37.6298314" lon="-107.8195702"><ele>2819.0</ele></trkpt><trkpt lat="37.6298534" lon="-107.8195614"><ele>2819.5052832605734</ele></trkpt><trkpt lat="37.6298765" lon="-107.819558"><ele>2820.0</ele></trkpt><trkpt lat="37.6298997" lon="-107.8195547"><ele>2820.0</ele></trkpt><trkpt lat="37.6299229" lon="-107.8195552"><ele>2820.0</ele></trkpt><trkpt lat="37.6299461" lon="-107.8195558"><ele>2820.1382265704574</ele></trkpt><trkpt lat="37.6299686" lon="-107.8195592"><ele>2821.0</ele></trkpt><trkpt lat="37.6299912" lon="-107.8195627"><ele>2821.0</ele></trkpt><trkpt lat="37.6300126" lon="-107.81957"><ele>2821.0</ele></trkpt><trkpt lat="37.6300341" lon="-107.8195773"><ele>2821.0</ele></trkpt><trkpt lat="37.6300535" lon="-107.8195891"><ele>2821.0</ele></trkpt><trkpt lat="37.6300729" lon="-107.819601"><ele>2821.631442015363</ele></trkpt><trkpt lat="37.6300907" lon="-107.8196175"><ele>2822.0</ele></trkpt><trkpt lat="37.6301085" lon="-107.8196341"><ele>2822.0</ele></trkpt><trkpt lat="37.6301264" lon="-107.8196523"><ele>2822.0</ele></trkpt><trkpt lat="37.6301444" lon="-107.8196705"><ele>2822.0</ele></trkpt><trkpt lat="37.6301628" lon="-107.8196879"><ele>2822.0173708273956</ele></trkpt><trkpt lat="37.6301813" lon="-107.8197053"><ele>2822.0</ele></trkpt><trkpt lat="37.6302004" lon="-107.8197212"><ele>2822.727416601145</ele></trkpt><trkpt lat="37.6302195" lon="-107.8197372"><ele>2823.0</ele></trkpt><trkpt lat="37.6302394" lon="-107.8197505"><ele>2823.025101552537</ele></trkpt><trkpt lat="37.6302594" lon="-107.8197638"><ele>2823.684282168746</ele></trkpt><trkpt lat="37.6302808" lon="-107.8197733"><ele>2824.0</ele></trkpt><trkpt lat="37.6303023" lon="-107.8197828"><ele>2824.0517247078674</ele></trkpt><trkpt lat="37.6303248" lon="-107.8197882"><ele>2824.8954860946233</ele></trkpt><trkpt lat="37.6303473" lon="-107.8197936"><ele>2825.0</ele></trkpt><trkpt lat="37.6303689" lon="-107.8197978"><ele>2825.0026534937006</ele></trkpt><trkpt lat="37.6303906" lon="-107.8198021"><ele>2825.6214337776782</ele></trkpt><trkpt lat="37.6304095" lon="-107.8198094"><ele>2826.0</ele></trkpt><trkpt lat="37.6304285" lon="-107.8198167"><ele>2826.589295464931</ele></trkpt><trkpt lat="37.6304439" lon="-107.8198291"><ele>2827.0</ele></trkpt><trkpt lat="37.6304594" lon="-107.8198416"><ele>2827.541416657801</ele></trkpt><trkpt lat="37.6304719" lon="-107.8198586"><ele>2828.0</ele></trkpt><trkpt lat="37.6304844" lon="-107.8198756"><ele>2828.0</ele></trkpt><trkpt lat="37.6304935" lon="-107.8198966"><ele>2828.916570821226</ele></trkpt><trkpt lat="37.6305026" lon="-107.8199177"><ele>2829.0</ele></trkpt><trkpt lat="37.6305138" lon="-107.8199637"><ele>2830.0001595614194</ele></trkpt><trkpt lat="37.6305177" lon="-107.8199862"><ele>2830.777475428409</ele></trkpt><trkpt lat="37.6305216" lon="-107.8200087"><ele>2831.097014535385</ele></trkpt><trkpt lat="37.6305239" lon="-107.820031"><ele>2832.0</ele></trkpt><trkpt lat="37.6305262" lon="-107.8200534"><ele>2832.048085838793</ele></trkpt><trkpt lat="37.630526" lon="-107.8200762"><ele>2832.435756152552</ele></trkpt><trkpt lat="37.6305258" lon="-107.8200991"><ele>2833.0</ele></trkpt><trkpt lat="37.6305228" lon="-107.8201223"><ele>2833.0259046730253</ele></trkpt><trkpt lat="37.6305199" lon="-107.8201456"><ele>2833.4774518050253</ele></trkpt><trkpt lat="37.6305136" lon="-107.8201684"><ele>2834.2833833500526</ele></trkpt><trkpt lat="37.6305073" lon="-107.8201913"><ele>2834.667733042616</ele></trkpt><trkpt lat="37.6304975" lon="-107.8202124"><ele>2835.5905574406497</ele></trkpt><trkpt lat="37.6304878" lon="-107.8202336"><ele>2836.0</ele></trkpt><trkpt lat="37.6304751" lon="-107.8202513"><ele>2836.4034288353287</ele></trkpt><trkpt lat="37.6304625" lon="-107.8202691"><ele>2837.0</ele></trkpt><trkpt lat="37.6304472" lon="-107.8202824"><ele>2837.3262357997046</ele></trkpt><trkpt lat="37.6304319" lon="-107.8202958"><ele>2838.0</ele></trkpt><trkpt lat="37.6304142" lon="-107.820304"><ele>2838.0</ele></trkpt><trkpt lat="37.6303965" lon="-107.8203123"><ele>2838.246234879829</ele></trkpt><trkpt lat="37.6303762" lon="-107.820315"><ele>2838.724058885501</ele></trkpt><trkpt lat="37.630356" lon="-107.8203177"><ele>2839.0</ele></trkpt><trkpt lat="37.630334" lon="-107.8203152"><ele>2839.016713817751</ele></trkpt><trkpt lat="37.630312" lon="-107.8203127"><ele>2839.5136545178957</ele></trkpt><trkpt lat="37.6302887" lon="-107.820307"><ele>2839.999778348214</ele></trkpt><trkpt lat="37.6302655" lon="-107.8203014"><ele>2840.0</ele></trkpt><trkpt lat="37.6302422" lon="-107.820295"><ele>2840.0</ele></trkpt><trkpt lat="37.6302189" lon="-107.8202886"><ele>2840.0</ele></trkpt><trkpt lat="37.6301958" lon="-107.820285"><ele>2840.1716263165745</ele></trkpt><trkpt lat="37.6301727" lon="-107.8202815"><ele>2840.9121467248206</ele></trkpt><trkpt lat="37.6301508" lon="-107.8202827"><ele>2841.0</ele></trkpt><trkpt lat="37.6301289" lon="-107.820284"><ele>2841.927359289024</ele></trkpt><trkpt lat="37.6301084" lon="-107.8202914"><ele>2842.0</ele></trkpt><trkpt lat="37.630088" lon="-107.8202989"><ele>2842.0</ele></trkpt><trkpt lat="37.6300693" lon="-107.8203118"><ele>2842.0</ele></trkpt><trkpt lat="37.6300506" lon="-107.8203247"><ele>2842.0</ele></trkpt><trkpt lat="37.6300346" lon="-107.8203422"><ele>2842.63967587566</ele></trkpt><trkpt lat="37.6300187" lon="-107.8203598"><ele>2843.0</ele></trkpt><trkpt lat="37.6300047" lon="-107.8203806"><ele>2843.0</ele></trkpt><trkpt lat="37.6299907" lon="-107.8204015"><ele>2843.0</ele></trkpt><trkpt lat="37.6299777" lon="-107.8204226"><ele>2843.3865874493495</ele></trkpt><trkpt lat="37.6299648" lon="-107.8204437"><ele>2844.0</ele></trkpt><trkpt lat="37.6299541" lon="-107.8204617"><ele>2844.1254692655907</ele></trkpt><trkpt lat="37.6299434" lon="-107.8204797"><ele>2844.047640320845</ele></trkpt><trkpt lat="37.6299352" lon="-107.8204915"><ele>2844.5975601784885</ele></trkpt><trkpt lat="37.629927" lon="-107.8205034"><ele>2845.0009540126352</ele></trkpt><trkpt lat="37.6299188" lon="-107.8205102"><ele>2845.0</ele></trkpt><trkpt lat="37.6299106" lon="-107.8205171"><ele>2845.0</ele></trkpt><trkpt lat="37.6298936" lon="-107.8205305"><ele>2845.0169582583144</ele></trkpt><trkpt lat="37.6298851" lon="-107.8205373"><ele>2845.3362246121687</ele></trkpt><trkpt lat="37.6298715" lon="-107.8205531"><ele>2846.0</ele></trkpt><trkpt lat="37.629858" lon="-107.8205689"><ele>2846.0110557700295</ele></trkpt><trkpt lat="37.6298448" lon="-107.8205878"><ele>2846.8452337972076</ele></trkpt><trkpt lat="37.6298316" lon="-107.8206068"><ele>2847.0</ele></trkpt><trkpt lat="37.6298173" lon="-107.8206266"><ele>2847.0</ele></trkpt><trkpt lat="37.6298031" lon="-107.8206464"><ele>2847.0</ele></trkpt><trkpt lat="37.6297875" lon="-107.8206657"><ele>2847.773426054546</ele></trkpt><trkpt lat="37.629772" lon="-107.8206851"><ele>2848.0</ele></trkpt><trkpt lat="37.6297545" lon="-107.8207032"><ele>2848.4634952535853</ele></trkpt><trkpt lat="37.6297371" lon="-107.8207213"><ele>2849.307016391773</ele></trkpt><trkpt lat="37.6297185" lon="-107.8207365"><ele>2849.741188617667</ele></trkpt><trkpt lat="37.6296999" lon="-107.8207517"><ele>2849.8224783278283</ele></trkpt><trkpt lat="37.6296613" lon="-107.8207775"><ele>2850.0</ele></trkpt><trkpt lat="37.6296411" lon="-107.8207892"><ele>2850.9034907299965</ele></trkpt><trkpt lat="37.6296209" lon="-107.820801"><ele>2851.0213055997156</ele></trkpt><trkpt lat="37.6295996" lon="-107.8208119"><ele>2851.529282417614</ele></trkpt><trkpt lat="37.6295784" lon="-107.8208228"><ele>2852.0</ele></trkpt><trkpt lat="37.6295566" lon="-107.820833"><ele>2852.0</ele></trkpt><trkpt lat="37.6295349" lon="-107.8208433"><ele>2852.066228719056</ele></trkpt><trkpt lat="37.6295127" lon="-107.820853"><ele>2853.0</ele></trkpt><trkpt lat="37.6294906" lon="-107.8208627"><ele>2853.0</ele></trkpt><trkpt lat="37.6294686" lon="-107.8208701"><ele>2853.9758141944253</ele></trkpt><trkpt lat="37.6294466" lon="-107.8208775"><ele>2853.5864639999345</ele></trkpt><trkpt lat="37.6294249" lon="-107.8208837"><ele>2853.942637840655</ele></trkpt><trkpt lat="37.6294033" lon="-107.82089"><ele>2854.1370049811267</ele></trkpt><trkpt lat="37.6293813" lon="-107.8208957"><ele>2854.434645475354</ele></trkpt><trkpt lat="37.6293593" lon="-107.8209014"><ele>2854.7002847287804</ele></trkpt><trkpt lat="37.6293375" lon="-107.8209069"><ele>2854.9862263389014</ele></trkpt><trkpt lat="37.6293158" lon="-107.8209125"><ele>2855.2175822220743</ele></trkpt><trkpt lat="37.6292946" lon="-107.8209191"><ele>2855.5251645152457</ele></trkpt><trkpt lat="37.6292734" lon="-107.8209258"><ele>2855.8374071465805</ele></trkpt><trkpt lat="37.6292526" lon="-107.8209332"><ele>2856.1822721427307</ele></trkpt><trkpt lat="37.6292319" lon="-107.8209406"><ele>2856.5271371379495</ele></trkpt><trkpt lat="37.6292114" lon="-107.8209478"><ele>2856.862681457773</ele></trkpt><trkpt lat="37.629191" lon="-107.820955"><ele>2857.1982257775962</ele></trkpt><trkpt lat="37.6291698" lon="-107.8209623"><ele>2857.538430435583</ele></trkpt><trkpt lat="37.6291486" lon="-107.8209696"><ele>2857.177226280847</ele></trkpt><trkpt lat="37.6291271" lon="-107.8209755"><ele>2857.153595022857</ele></trkpt><trkpt lat="37.6291056" lon="-107.8209815"><ele>2857.6194570411044</ele></trkpt><trkpt lat="37.629063" lon="-107.8209891"><ele>2858.6577586727126</ele></trkpt><trkpt lat="37.6290416" lon="-107.8209902"><ele>2858.8386646760628</ele></trkpt><trkpt lat="37.6290202" lon="-107.8209913"><ele>2858.8899283912033</ele></trkpt><trkpt lat="37.6289983" lon="-107.8209892"><ele>2858.9256760103053</ele></trkpt><trkpt lat="37.6289765" lon="-107.8209872"><ele>2859.0</ele></trkpt><trkpt lat="37.6289536" lon="-107.8209838"><ele>2859.5404030573554</ele></trkpt><trkpt lat="37.6289307" lon="-107.8209805"><ele>2859.386611911934</ele></trkpt><trkpt lat="37.6289063" lon="-107.8209777"><ele>2860.0</ele></trkpt><trkpt lat="37.628882" lon="-107.820975"><ele>2860.0633393577996</ele></trkpt><trkpt lat="37.628858" lon="-107.820973"><ele>2860.0370865776204</ele></trkpt><trkpt lat="37.628834" lon="-107.8209711"><ele>2860.294653969025</ele></trkpt><trkpt lat="37.6288103" lon="-107.8209712"><ele>2860.986205416887</ele></trkpt><trkpt lat="37.6287867" lon="-107.8209713"><ele>2861.0</ele></trkpt><trkpt lat="37.6287632" lon="-107.820975"><ele>2861.0</ele></trkpt><trkpt lat="37.6287397" lon="-107.8209788"><ele>2861.2642354121</ele></trkpt><trkpt lat="37.6287169" lon="-107.8209857"><ele>2861.6289494754747</ele></trkpt><trkpt lat="37.6286941" lon="-107.8209926"><ele>2861.950512782205</ele></trkpt><trkpt lat="37.6286725" lon="-107.8210024"><ele>2862.4072258840315</ele></trkpt><trkpt lat="37.6286509" lon="-107.8210123"><ele>2862.0</ele></trkpt><trkpt lat="37.628631" lon="-107.8210246"><ele>2862.4418208715506</ele></trkpt><trkpt lat="37.6286111" lon="-107.821037"><ele>2862.592766595073</ele></trkpt><trkpt lat="37.6285922" lon="-107.8210515"><ele>2862.6954517336562</ele></trkpt><trkpt lat="37.6285734" lon="-107.8210661"><ele>2863.3758610486984</ele></trkpt><trkpt lat="37.6285544" lon="-107.8210817"><ele>2863.3151545973174</ele></trkpt><trkpt lat="37.6285355" lon="-107.8210974"><ele>2863.834546773229</ele></trkpt><trkpt lat="37.6285162" lon="-107.821114"><ele>2864.0</ele></trkpt><trkpt lat="37.628497" lon="-107.8211306"><ele>2864.3279459742935</ele></trkpt><trkpt lat="37.6284776" lon="-107.8211482"><ele>2864.201998364646</ele></trkpt><trkpt lat="37.6284582" lon="-107.8211659"><ele>2865.0</ele></trkpt><trkpt lat="37.6284388" lon="-107.8211859"><ele>2865.0</ele></trkpt><trkpt lat="37.6284194" lon="-107.8212059"><ele>2865.260823681497</ele></trkpt><trkpt lat="37.6283997" lon="-107.8212287"><ele>2865.953570276033</ele></trkpt><trkpt lat="37.62838" lon="-107.8212516"><ele>2866.0202531557134</ele></trkpt><trkpt lat="37.6283618" lon="-107.8212762"><ele>2866.167230720166</ele></trkpt><trkpt lat="37.6283437" lon="-107.8213008"><ele>2867.0</ele></trkpt><trkpt lat="37.6283306" lon="-107.8213248"><ele>2867.432154880371</ele></trkpt><trkpt lat="37.6283176" lon="-107.8213488"><ele>2868.0</ele></trkpt><trkpt lat="37.6283141" lon="-107.8213693"><ele>2868.506005191244</ele></trkpt><trkpt lat="37.6283106" lon="-107.8213899"><ele>2869.0</ele></trkpt><trkpt lat="37.6283186" lon="-107.8214032"><ele>2869.085859697778</ele></trkpt><trkpt lat="37.6283267" lon="-107.8214166"><ele>2869.7103449604474</ele></trkpt><trkpt lat="37.6283433" lon="-107.8214225"><ele>2869.9853048888035</ele></trkpt><trkpt lat="37.62836" lon="-107.8214285"><ele>2870.211255908921</ele></trkpt><trkpt lat="37.6283796" lon="-107.8214331"><ele>2870.4793006926775</ele></trkpt><trkpt lat="37.6283993" lon="-107.8214378"><ele>2870.698336568661</ele></trkpt><trkpt lat="37.6284203" lon="-107.8214392"><ele>2870.8453080062327</ele></trkpt><trkpt lat="37.6284414" lon="-107.8214406"><ele>2871.0</ele></trkpt><trkpt lat="37.6284639" lon="-107.8214366"><ele>2871.0</ele></trkpt><trkpt lat="37.6284864" lon="-107.8214327"><ele>2871.0</ele></trkpt><trkpt lat="37.6285091" lon="-107.8214256"><ele>2871.0</ele></trkpt><trkpt lat="37.6285319" lon="-107.8214185"><ele>2871.0</ele></trkpt><trkpt lat="37.6285541" lon="-107.821409"><ele>2871.0</ele></trkpt><trkpt lat="37.6285764" lon="-107.8213995"><ele>2870.959413405841</ele></trkpt><trkpt lat="37.6285987" lon="-107.8213893"><ele>2871.0</ele></trkpt><trkpt lat="37.6286211" lon="-107.8213791"><ele>2871.0</ele></trkpt><trkpt lat="37.6286439" lon="-107.8213688"><ele>2871.0</ele></trkpt><trkpt lat="37.6286667" lon="-107.8213586"><ele>2871.00620832099</ele></trkpt><trkpt lat="37.6286905" lon="-107.8213488"><ele>2871.0</ele></trkpt><trkpt lat="37.6287143" lon="-107.8213391"><ele>2871.0</ele></trkpt><trkpt lat="37.628739" lon="-107.8213326"><ele>2871.0</ele></trkpt><trkpt lat="37.6287638" lon="-107.8213261"><ele>2871.0</ele></trkpt><trkpt lat="37.628788" lon="-107.8213274"><ele>2871.0</ele></trkpt><trkpt lat="37.6288123" lon="-107.8213287"><ele>2871.253204565717</ele></trkpt><trkpt lat="37.6288321" lon="-107.8213412"><ele>2872.0</ele></trkpt><trkpt lat="37.6288519" lon="-107.8213538"><ele>2872.0</ele></trkpt><trkpt lat="37.6288625" lon="-107.821375"><ele>2872.2827409147126</ele></trkpt><trkpt lat="37.6288731" lon="-107.8213962"><ele>2872.9976347268826</ele></trkpt><trkpt lat="37.6288732" lon="-107.8214215"><ele>2873.0</ele></trkpt><trkpt lat="37.6288733" lon="-107.8214469"><ele>2874.1224273066036</ele></trkpt><trkpt lat="37.6288679" lon="-107.821471"><ele>2874.7617286660943</ele></trkpt><trkpt lat="37.6288625" lon="-107.8214951"><ele>2875.1351003511054</ele></trkpt><trkpt lat="37.6288576" lon="-107.8215156"><ele>2875.3768538982604</ele></trkpt><trkpt lat="37.6288528" lon="-107.8215362"><ele>2876.2260447366034</ele></trkpt><trkpt lat="37.6288559" lon="-107.8215526"><ele>2876.979106065056</ele></trkpt><trkpt lat="37.628859" lon="-107.821569"><ele>2877.0</ele></trkpt><trkpt lat="37.6288737" lon="-107.8215802"><ele>2877.0</ele></trkpt><trkpt lat="37.6288885" lon="-107.8215914"><ele>2877.0</ele></trkpt><trkpt lat="37.6289099" lon="-107.8215963"><ele>2877.0</ele></trkpt><trkpt lat="37.6289313" lon="-107.8216013"><ele>2877.0</ele></trkpt><trkpt lat="37.628953" lon="-107.8216027"><ele>2877.0</ele></trkpt><trkpt lat="37.6289747" lon="-107.8216042"><ele>2877.0</ele></trkpt><trkpt lat="37.6289951" lon="-107.8216043"><ele>2877.0</ele></trkpt><trkpt lat="37.6290156" lon="-107.8216044"><ele>2877.0</ele></trkpt><trkpt lat="37.6290357" lon="-107.8216035"><ele>2877.2347327469815</ele></trkpt><trkpt lat="37.6290559" lon="-107.8216027"><ele>2877.383233564906</ele></trkpt><trkpt lat="37.6290742" lon="-107.821601"><ele>2877.3040078226477</ele></trkpt><trkpt lat="37.6290926" lon="-107.8215993"><ele>2877.2247820803896</ele></trkpt><trkpt lat="37.6291093" lon="-107.8215944"><ele>2877.8859517819646</ele></trkpt><trkpt lat="37.629126" lon="-107.8215896"><ele>2877.772729315795</ele></trkpt><trkpt lat="37.6291416" lon="-107.821582"><ele>2877.4185436451808</ele></trkpt><trkpt lat="37.6291573" lon="-107.8215745"><ele>2877.019763330112</ele></trkpt><trkpt lat="37.6291727" lon="-107.8215684"><ele>2876.2983166460835</ele></trkpt><trkpt lat="37.6291881" lon="-107.8215623"><ele>2876.0</ele></trkpt><trkpt lat="37.6292054" lon="-107.8215608"><ele>2876.0</ele></trkpt><trkpt lat="37.6292228" lon="-107.8215593"><ele>2875.6368806673618</ele></trkpt><trkpt lat="37.629243" lon="-107.821564"><ele>2875.5796828442253</ele></trkpt><trkpt lat="37.6292633" lon="-107.8215687"><ele>2875.798718719743</ele></trkpt><trkpt lat="37.6292832" lon="-107.8215796"><ele>2876.0</ele></trkpt><trkpt lat="37.6293032" lon="-107.8215906"><ele>2876.245004202297</ele></trkpt><trkpt lat="37.6293202" lon="-107.8216046"><ele>2877.0</ele></trkpt><trkpt lat="37.6293372" lon="-107.8216186"><ele>2877.1242272714153</ele></trkpt><trkpt lat="37.6293519" lon="-107.8216323"><ele>2877.762693547178</ele></trkpt><trkpt lat="37.6293667" lon="-107.821646"><ele>2877.9786543682444</ele></trkpt><trkpt lat="37.6293818" lon="-107.8216589"><ele>2878.0</ele></trkpt><trkpt lat="37.6293969" lon="-107.8216718"><ele>2878.0</ele></trkpt><trkpt lat="37.6294136" lon="-107.8216843"><ele>2878.0</ele></trkpt><trkpt lat="37.6294304" lon="-107.8216968"><ele>2877.818583705299</ele></trkpt><trkpt lat="37.6294487" lon="-107.8217096"><ele>2878.0</ele></trkpt><trkpt lat="37.629467" lon="-107.8217224"><ele>2877.9640450870584</ele></trkpt><trkpt lat="37.6294854" lon="-107.8217351"><ele>2878.5535207819194</ele></trkpt><trkpt lat="37.6295039" lon="-107.8217478"><ele>2879.0</ele></trkpt><trkpt lat="37.6295208" lon="-107.8217614"><ele>2879.0</ele></trkpt><trkpt lat="37.6295378" lon="-107.8217751"><ele>2879.0</ele></trkpt><trkpt lat="37.6295533" lon="-107.8217916"><ele>2879.0</ele></trkpt><trkpt lat="37.6295688" lon="-107.8218082"><ele>2879.0</ele></trkpt><trkpt lat="37.6295856" lon="-107.8218246"><ele>2879.0</ele></trkpt><trkpt lat="37.6296024" lon="-107.8218411"><ele>2879.0</ele></trkpt><trkpt lat="37.6296225" lon="-107.8218545"><ele>2879.0</ele></trkpt><trkpt lat="37.6296426" lon="-107.8218679"><ele>2879.0</ele></trkpt><trkpt lat="37.6296643" lon="-107.8218797"><ele>2879.0</ele></trkpt><trkpt lat="37.6296861" lon="-107.8218916"><ele>2879.0</ele></trkpt><trkpt lat="37.6297083" lon="-107.8219035"><ele>2878.401529600378</ele></trkpt><trkpt lat="37.6297306" lon="-107.8219155"><ele>2878.9607701338828</ele></trkpt><trkpt lat="37.6297522" lon="-107.8219294"><ele>2879.0</ele></trkpt><trkpt lat="37.6297738" lon="-107.8219433"><ele>2879.0</ele></trkpt><trkpt lat="37.6297935" lon="-107.8219601"><ele>2879.0</ele></trkpt><trkpt lat="37.6298133" lon="-107.8219769"><ele>2879.0</ele></trkpt><trkpt lat="37.6298326" lon="-107.8219937"><ele>2879.273120397418</ele></trkpt><trkpt lat="37.6298519" lon="-107.8220106"><ele>2880.0</ele></trkpt><trkpt lat="37.6298717" lon="-107.8220257"><ele>2880.0</ele></trkpt><trkpt lat="37.6298916" lon="-107.8220409"><ele>2880.742994026083</ele></trkpt><trkpt lat="37.6299111" lon="-107.8220565"><ele>2881.0</ele></trkpt><trkpt lat="37.6299307" lon="-107.8220721"><ele>2881.4248720109995</ele></trkpt><trkpt lat="37.6299481" lon="-107.8220897"><ele>2882.0</ele></trkpt><trkpt lat="37.6299656" lon="-107.8221074"><ele>2882.0</ele></trkpt><trkpt lat="37.6299809" lon="-107.8221262"><ele>2882.8192453093757</ele></trkpt><trkpt lat="37.6299963" lon="-107.822145"><ele>2883.0</ele></trkpt><trkpt lat="37.6300107" lon="-107.8221642"><ele>2883.513331131359</ele></trkpt><trkpt lat="37.6300251" lon="-107.8221835"><ele>2884.0</ele></trkpt><trkpt lat="37.6300396" lon="-107.8222028"><ele>2884.632201815024</ele></trkpt><trkpt lat="37.6300541" lon="-107.8222221"><ele>2885.0</ele></trkpt><trkpt lat="37.6300821" lon="-107.8222615"><ele>2886.0113861579594</ele></trkpt><trkpt lat="37.6300947" lon="-107.8222816"><ele>2886.8745572473854</ele></trkpt><trkpt lat="37.6301074" lon="-107.8223017"><ele>2887.0</ele></trkpt><trkpt lat="37.6301188" lon="-107.8223214"><ele>2887.2567398328843</ele></trkpt><trkpt lat="37.6301302" lon="-107.8223412"><ele>2887.9927044125293</ele></trkpt><trkpt lat="37.6301414" lon="-107.8223624"><ele>2888.0</ele></trkpt><trkpt lat="37.6301526" lon="-107.8223837"><ele>2888.780471608974</ele></trkpt><trkpt lat="37.6301642" lon="-107.8224064"><ele>2889.0</ele></trkpt><trkpt lat="37.6301759" lon="-107.8224291"><ele>2889.0</ele></trkpt><trkpt lat="37.6301889" lon="-107.8224519"><ele>2889.0</ele></trkpt><trkpt lat="37.630202" lon="-107.8224747"><ele>2889.021378987003</ele></trkpt><trkpt lat="37.6302174" lon="-107.8224966"><ele>2890.0</ele></trkpt><trkpt lat="37.6302329" lon="-107.8225185"><ele>2890.0</ele></trkpt><trkpt lat="37.6302505" lon="-107.8225401"><ele>2890.0</ele></trkpt><trkpt lat="37.6302681" lon="-107.8225618"><ele>2890.0</ele></trkpt><trkpt lat="37.6302866" lon="-107.8225829"><ele>2890.0</ele></trkpt><trkpt lat="37.6303051" lon="-107.822604"><ele>2890.0</ele></trkpt><trkpt lat="37.6303417" lon="-107.8226452"><ele>2890.0</ele></trkpt><trkpt lat="37.6303575" lon="-107.8226671"><ele>2890.987868871074</ele></trkpt><trkpt lat="37.6303734" lon="-107.822689"><ele>2891.0</ele></trkpt><trkpt lat="37.6303861" lon="-107.8227135"><ele>2891.0</ele></trkpt><trkpt lat="37.6303988" lon="-107.822738"><ele>2891.0</ele></trkpt><trkpt lat="37.6304089" lon="-107.8227641"><ele>2891.6871823660267</ele></trkpt><trkpt lat="37.630419" lon="-107.8227903"><ele>2892.0</ele></trkpt><trkpt lat="37.6304257" lon="-107.8228167"><ele>2892.0</ele></trkpt><trkpt lat="37.6304325" lon="-107.8228431"><ele>2892.0</ele></trkpt><trkpt lat="37.6304324" lon="-107.8228676"><ele>2892.0841092798646</ele></trkpt><trkpt lat="37.6304324" lon="-107.8228921"><ele>2892.6070422052694</ele></trkpt><trkpt lat="37.6304217" lon="-107.8229109"><ele>2893.0</ele></trkpt><trkpt lat="37.630411" lon="-107.8229297"><ele>2893.0</ele></trkpt><trkpt lat="37.6303924" lon="-107.8229394"><ele>2893.0</ele></trkpt><trkpt lat="37.6303738" lon="-107.8229492"><ele>2893.7419507968652</ele></trkpt><trkpt lat="37.6303543" lon="-107.8229551"><ele>2894.0</ele></trkpt><trkpt lat="37.6303348" lon="-107.8229611"><ele>2894.687020410455</ele></trkpt><trkpt lat="37.6303173" lon="-107.8229703"><ele>2895.0</ele></trkpt><trkpt lat="37.6302998" lon="-107.8229796"><ele>2894.974732959059</ele></trkpt><trkpt lat="37.6302852" lon="-107.8229943"><ele>2895.0</ele></trkpt><trkpt lat="37.6302707" lon="-107.823009"><ele>2894.939704500359</ele></trkpt><trkpt lat="37.6302607" lon="-107.8230283"><ele>2894.9360696707226</ele></trkpt><trkpt lat="37.6302507" lon="-107.8230477"><ele>2895.0394308241775</ele></trkpt><trkpt lat="37.6302472" lon="-107.8230692"><ele>2895.6168759533957</ele></trkpt><trkpt lat="37.6302437" lon="-107.8230907"><ele>2895.642463279888</ele></trkpt><trkpt lat="37.6302492" lon="-107.8231107"><ele>2895.3273887402083</ele></trkpt><trkpt lat="37.6302547" lon="-107.8231308"><ele>2895.1165251111343</ele></trkpt><trkpt lat="37.6302689" lon="-107.8231482"><ele>2895.1253591924906</ele></trkpt><trkpt lat="37.6302831" lon="-107.8231657"><ele>2895.9609594903886</ele></trkpt><trkpt lat="37.6303013" lon="-107.8231817"><ele>2896.0</ele></trkpt><trkpt lat="37.6303196" lon="-107.8231978"><ele>2896.0</ele></trkpt><trkpt lat="37.6303375" lon="-107.8232136"><ele>2896.0</ele></trkpt><trkpt lat="37.6303555" lon="-107.8232294"><ele>2896.0</ele></trkpt><trkpt lat="37.6303726" lon="-107.8232446"><ele>2896.0</ele></trkpt><trkpt lat="37.6303897" lon="-107.8232598"><ele>2896.0</ele></trkpt><trkpt lat="37.6304075" lon="-107.8232737"><ele>2896.0</ele></trkpt><trkpt lat="37.6304254" lon="-107.8232877"><ele>2896.0</ele></trkpt><trkpt lat="37.6304447" lon="-107.8232999"><ele>2896.0</ele></trkpt><trkpt lat="37.630464" lon="-107.8233122"><ele>2896.0</ele></trkpt><trkpt lat="37.6304839" lon="-107.8233223"><ele>2896.0</ele></trkpt><trkpt lat="37.6305038" lon="-107.8233325"><ele>2896.0</ele></trkpt><trkpt lat="37.6305242" lon="-107.8233426"><ele>2897.0</ele></trkpt><trkpt lat="37.6305447" lon="-107.8233527"><ele>2897.0</ele></trkpt><trkpt lat="37.6305654" lon="-107.8233634"><ele>2897.0</ele></trkpt><trkpt lat="37.6305861" lon="-107.8233741"><ele>2897.0</ele></trkpt><trkpt lat="37.6306055" lon="-107.8233855"><ele>2897.9326599538326</ele></trkpt><trkpt lat="37.6306249" lon="-107.823397"><ele>2898.0</ele></trkpt><trkpt lat="37.6306427" lon="-107.8234099"><ele>2898.0</ele></trkpt><trkpt lat="37.6306606" lon="-107.8234228"><ele>2898.1750400699675</ele></trkpt><trkpt lat="37.6306781" lon="-107.8234358"><ele>2899.0</ele></trkpt><trkpt lat="37.6306956" lon="-107.8234489"><ele>2899.0</ele></trkpt><trkpt lat="37.6307134" lon="-107.8234623"><ele>2899.0</ele></trkpt><trkpt lat="37.6307312" lon="-107.8234758"><ele>2899.0</ele></trkpt><trkpt lat="37.6307494" lon="-107.8234898"><ele>2899.0</ele></trkpt><trkpt lat="37.6307676" lon="-107.8235039"><ele>2899.0</ele></trkpt><trkpt lat="37.6307867" lon="-107.8235168"><ele>2899.0</ele></trkpt><trkpt lat="37.6308058" lon="-107.8235297"><ele>2899.0</ele></trkpt><trkpt lat="37.6308271" lon="-107.823537"><ele>2899.0</ele></trkpt><trkpt lat="37.6308485" lon="-107.8235443"><ele>2899.201547905235</ele></trkpt><trkpt lat="37.6308711" lon="-107.823544"><ele>2899.93621639257</ele></trkpt><trkpt lat="37.6308937" lon="-107.8235438"><ele>2900.0</ele></trkpt><trkpt lat="37.6309158" lon="-107.8235413"><ele>2900.0</ele></trkpt><trkpt lat="37.6309379" lon="-107.8235388"><ele>2900.3016704870024</ele></trkpt><trkpt lat="37.6309594" lon="-107.8235375"><ele>2900.5514488890767</ele></trkpt><trkpt lat="37.6309809" lon="-107.8235362"><ele>2901.0</ele></trkpt><trkpt lat="37.6310017" lon="-107.8235357"><ele>2901.0</ele></trkpt><trkpt lat="37.6310225" lon="-107.8235352"><ele>2901.0</ele></trkpt><trkpt lat="37.6310427" lon="-107.8235329"><ele>2901.0</ele></trkpt><trkpt lat="37.631063" lon="-107.8235307"><ele>2901.2004175046527</ele></trkpt><trkpt lat="37.6310837" lon="-107.823524"><ele>2901.066957376817</ele></trkpt><trkpt lat="37.6311045" lon="-107.8235174"><ele>2901.6147209960036</ele></trkpt><trkpt lat="37.6311255" lon="-107.8235065"><ele>2901.5822691376197</ele></trkpt><trkpt lat="37.6311466" lon="-107.8234957"><ele>2901.9103730929774</ele></trkpt><trkpt lat="37.6311682" lon="-107.8234823"><ele>2901.979891396928</ele></trkpt><trkpt lat="37.6311898" lon="-107.8234689"><ele>2902.0</ele></trkpt><trkpt lat="37.6312122" lon="-107.8234572"><ele>2901.9302199518916</ele></trkpt><trkpt lat="37.6312347" lon="-107.8234456"><ele>2902.0</ele></trkpt><trkpt lat="37.6312564" lon="-107.8234411"><ele>2902.0</ele></trkpt><trkpt lat="37.6312782" lon="-107.8234367"><ele>2902.0</ele></trkpt><trkpt lat="37.6312941" lon="-107.8234448"><ele>2902.0</ele></trkpt><trkpt lat="37.6313101" lon="-107.823453"><ele>2902.0</ele></trkpt><trkpt lat="37.6313151" lon="-107.8234735"><ele>2902.5688327117823</ele></trkpt><trkpt lat="37.6313201" lon="-107.8234941"><ele>2903.0</ele></trkpt><trkpt lat="37.6313129" lon="-107.823518"><ele>2903.359941281146</ele></trkpt><trkpt lat="37.6313058" lon="-107.823542"><ele>2903.7951395472924</ele></trkpt><trkpt lat="37.6312928" lon="-107.8235626"><ele>2903.826375498347</ele></trkpt><trkpt lat="37.6312798" lon="-107.8235833"><ele>2904.0</ele></trkpt><trkpt lat="37.6312663" lon="-107.8236017"><ele>2904.0</ele></trkpt><trkpt lat="37.6312529" lon="-107.8236202"><ele>2904.0</ele></trkpt><trkpt lat="37.6312384" lon="-107.823638"><ele>2904.2350883558393</ele></trkpt><trkpt lat="37.631224" lon="-107.8236558"><ele>2905.0</ele></trkpt><trkpt lat="37.6312097" lon="-107.8236744"><ele>2904.964845926642</ele></trkpt><trkpt lat="37.6311954" lon="-107.8236931"><ele>2904.9301739879515</ele></trkpt><trkpt lat="37.6311809" lon="-107.8237115"><ele>2904.9295089522125</ele></trkpt><trkpt lat="37.6311664" lon="-107.82373"><ele>2904.970946654109</ele></trkpt><trkpt lat="37.6311501" lon="-107.8237476"><ele>2904.986827644424</ele></trkpt><trkpt lat="37.6311339" lon="-107.8237652"><ele>2905.0</ele></trkpt><trkpt lat="37.6310983" lon="-107.8237992"><ele>2904.982769411444</ele></trkpt><trkpt lat="37.6310803" lon="-107.8238149"><ele>2905.0</ele></trkpt><trkpt lat="37.6310623" lon="-107.8238307"><ele>2905.0</ele></trkpt><trkpt lat="37.6310476" lon="-107.8238454"><ele>2904.994859297561</ele></trkpt><trkpt lat="37.6310329" lon="-107.8238601"><ele>2905.0</ele></trkpt><trkpt lat="37.6310267" lon="-107.8238737"><ele>2905.1576904106073</ele></trkpt><trkpt lat="37.6310206" lon="-107.8238874"><ele>2905.308383824913</ele></trkpt><trkpt lat="37.6310272" lon="-107.823895"><ele>2905.8013180367607</ele></trkpt><trkpt lat="37.6310338" lon="-107.8239026"><ele>2906.0</ele></trkpt><trkpt lat="37.6310509" lon="-107.8239001"><ele>2906.064082606793</ele></trkpt><trkpt lat="37.6310681" lon="-107.8238977"><ele>2906.337985564489</ele></trkpt><trkpt lat="37.6310892" lon="-107.8238924"><ele>2906.4511833766246</ele></trkpt><trkpt lat="37.6311103" lon="-107.8238871"><ele>2906.8439897596836</ele></trkpt><trkpt lat="37.6311314" lon="-107.8238877"><ele>2906.9845753471304</ele></trkpt><trkpt lat="37.6311526" lon="-107.8238883"><ele>2907.0</ele></trkpt><trkpt lat="37.631173" lon="-107.8238966"><ele>2907.0</ele></trkpt><trkpt lat="37.6311934" lon="-107.823905"><ele>2907.0</ele></trkpt><trkpt lat="37.6312134" lon="-107.8239153"><ele>2907.1582050132565</ele></trkpt><trkpt lat="37.6312335" lon="-107.8239257"><ele>2907.9598945096495</ele></trkpt><trkpt lat="37.6312537" lon="-107.8239332"><ele>2908.0758036212</ele></trkpt><trkpt lat="37.631274" lon="-107.8239408"><ele>2909.0</ele></trkpt><trkpt lat="37.631295" lon="-107.8239433"><ele>2909.234661197176</ele></trkpt><trkpt lat="37.631316" lon="-107.8239458"><ele>2909.5796080357395</ele></trkpt><trkpt lat="37.6313378" lon="-107.8239446"><ele>2910.0</ele></trkpt><trkpt lat="37.6313596" lon="-107.8239435"><ele>2910.145583548514</ele></trkpt><trkpt lat="37.631381" lon="-107.8239407"><ele>2910.7153645659764</ele></trkpt><trkpt lat="37.6314024" lon="-107.823938"><ele>2911.0</ele></trkpt><trkpt lat="37.6314428" lon="-107.8239384"><ele>2911.0</ele></trkpt><trkpt lat="37.6314609" lon="-107.8239456"><ele>2911.0</ele></trkpt><trkpt lat="37.6314791" lon="-107.8239529"><ele>2911.0</ele></trkpt><trkpt lat="37.6314942" lon="-107.8239692"><ele>2911.670127075631</ele></trkpt><trkpt lat="37.6315094" lon="-107.8239856"><ele>2912.0</ele></trkpt><trkpt lat="37.6315191" lon="-107.8240083"><ele>2912.0</ele></trkpt><trkpt lat="37.6315288" lon="-107.8240311"><ele>2912.0</ele></trkpt><trkpt lat="37.6315309" lon="-107.8240571"><ele>2912.0</ele></trkpt><trkpt lat="37.6315331" lon="-107.8240831"><ele>2912.978251804132</ele></trkpt><trkpt lat="37.6315279" lon="-107.8241086"><ele>2913.0</ele></trkpt><trkpt lat="37.6315227" lon="-107.8241342"><ele>2913.0</ele></trkpt><trkpt lat="37.631511" lon="-107.8241557"><ele>2913.361657031346</ele></trkpt><trkpt lat="37.6314993" lon="-107.8241772"><ele>2914.0</ele></trkpt><trkpt lat="37.6314849" lon="-107.8241938"><ele>2914.0</ele></trkpt><trkpt lat="37.6314706" lon="-107.8242104"><ele>2914.0</ele></trkpt><trkpt lat="37.6314571" lon="-107.824226"><ele>2914.0</ele></trkpt><trkpt lat="37.6314436" lon="-107.8242417"><ele>2914.3695475202985</ele></trkpt><trkpt lat="37.6314367" lon="-107.8242613"><ele>2915.0</ele></trkpt><trkpt lat="37.6314299" lon="-107.824281"><ele>2915.0</ele></trkpt><trkpt lat="37.6314328" lon="-107.8243038"><ele>2915.2636172799394</ele></trkpt><trkpt lat="37.6314357" lon="-107.8243267"><ele>2916.0</ele></trkpt><trkpt lat="37.6314453" lon="-107.8243496"><ele>2916.0</ele></trkpt><trkpt lat="37.631455" lon="-107.8243725"><ele>2916.036257268205</ele></trkpt><trkpt lat="37.6314642" lon="-107.8243964"><ele>2916.579090062063</ele></trkpt><trkpt lat="37.6314735" lon="-107.8244203"><ele>2917.0</ele></trkpt><trkpt lat="37.6314776" lon="-107.8244463"><ele>2917.0</ele></trkpt><trkpt lat="37.6314817" lon="-107.8244723"><ele>2917.5640979724703</ele></trkpt><trkpt lat="37.6314805" lon="-107.8244975"><ele>2918.0</ele></trkpt><trkpt lat="37.6314794" lon="-107.8245227"><ele>2918.0</ele></trkpt><trkpt lat="37.6314752" lon="-107.8245445"><ele>2918.0</ele></trkpt><trkpt lat="37.631471" lon="-107.8245664"><ele>2918.5696327804444</ele></trkpt><trkpt lat="37.6314641" lon="-107.8245856"><ele>2919.0</ele></trkpt><trkpt lat="37.6314573" lon="-107.8246049"><ele>2919.2958943289705</ele></trkpt><trkpt lat="37.6314475" lon="-107.824619"><ele>2919.953001955524</ele></trkpt><trkpt lat="37.6314378" lon="-107.8246332"><ele>2920.0</ele></trkpt><trkpt lat="37.6314279" lon="-107.8246398"><ele>2920.0</ele></trkpt><trkpt lat="37.6314181" lon="-107.8246465"><ele>2920.058495114566</ele></trkpt><trkpt lat="37.6314121" lon="-107.8246471"><ele>2920.1581698331274</ele></trkpt><trkpt lat="37.6314061" lon="-107.8246478"><ele>2920.282042921168</ele></trkpt><trkpt lat="37.6314036" lon="-107.8246466"><ele>2920.239255182445</ele></trkpt><trkpt lat="37.6314011" lon="-107.8246455"><ele>2920.187991466839</ele></trkpt><trkpt lat="37.6313894" lon="-107.8246449"><ele>2920.160029440187</ele></trkpt><trkpt lat="37.6313761" lon="-107.8246441"><ele>2920.7551379060337</ele></trkpt><trkpt lat="37.6313629" lon="-107.8246433"><ele>2921.0</ele></trkpt><trkpt lat="37.6313464" lon="-107.8246358"><ele>2920.8596781252404</ele></trkpt><trkpt lat="37.6313299" lon="-107.8246284"><ele>2921.0</ele></trkpt><trkpt lat="37.6313118" lon="-107.8246181"><ele>2921.0</ele></trkpt><trkpt lat="37.6312938" lon="-107.8246079"><ele>2921.0</ele></trkpt><trkpt lat="37.6312744" lon="-107.8245989"><ele>2921.0</ele></trkpt><trkpt lat="37.631255" lon="-107.82459"><ele>2921.0</ele></trkpt><trkpt lat="37.6312358" lon="-107.8245863"><ele>2921.4191844723982</ele></trkpt><trkpt lat="37.6312166" lon="-107.8245827"><ele>2922.0</ele></trkpt><trkpt lat="37.631197" lon="-107.8245861"><ele>2922.1092089188196</ele></trkpt><trkpt lat="37.6311774" lon="-107.8245896"><ele>2922.582862649113</ele></trkpt><trkpt lat="37.631158" lon="-107.8245965"><ele>2922.904425955843</ele></trkpt><trkpt lat="37.6311387" lon="-107.8246034"><ele>2923.2259892621078</ele></trkpt><trkpt lat="37.6311202" lon="-107.8246102"><ele>2923.899222496477</ele></trkpt><trkpt lat="37.6311017" lon="-107.824617"><ele>2924.0</ele></trkpt><trkpt lat="37.6310837" lon="-107.8246233"><ele>2924.9385382752257</ele></trkpt><trkpt lat="37.6310658" lon="-107.8246297"><ele>2925.0</ele></trkpt><trkpt lat="37.6310482" lon="-107.8246363"><ele>2925.012470487031</ele></trkpt><trkpt lat="37.6310306" lon="-107.8246429"><ele>2926.0</ele></trkpt><trkpt lat="37.6310117" lon="-107.8246509"><ele>2926.0</ele></trkpt><trkpt lat="37.6309929" lon="-107.824659"><ele>2926.0</ele></trkpt><trkpt lat="37.6309731" lon="-107.8246694"><ele>2926.3018121956848</ele></trkpt><trkpt lat="37.6309533" lon="-107.8246798"><ele>2926.914782520902</ele></trkpt><trkpt lat="37.6309335" lon="-107.8246916"><ele>2927.0</ele></trkpt><trkpt lat="37.6309137" lon="-107.8247034"><ele>2927.0</ele></trkpt><trkpt lat="37.6308745" lon="-107.8247284"><ele>2928.0</ele></trkpt><trkpt lat="37.6308548" lon="-107.8247407"><ele>2928.0</ele></trkpt><trkpt lat="37.6308351" lon="-107.8247531"><ele>2928.202514915727</ele></trkpt><trkpt lat="37.6307963" lon="-107.8247783"><ele>2929.0</ele></trkpt><trkpt lat="37.6307778" lon="-107.8247913"><ele>2929.0</ele></trkpt><trkpt lat="37.6307593" lon="-107.8248044"><ele>2929.6001482614756</ele></trkpt><trkpt lat="37.6307416" lon="-107.8248167"><ele>2930.0097363626314</ele></trkpt><trkpt lat="37.630724" lon="-107.824829"><ele>2930.764220133048</ele></trkpt><trkpt lat="37.6307072" lon="-107.8248401"><ele>2931.0</ele></trkpt><trkpt lat="37.6306905" lon="-107.8248513"><ele>2931.0</ele></trkpt><trkpt lat="37.6306736" lon="-107.8248626"><ele>2931.3472286633564</ele></trkpt><trkpt lat="37.6306567" lon="-107.824874"><ele>2932.0</ele></trkpt><trkpt lat="37.6306386" lon="-107.8248863"><ele>2932.0</ele></trkpt><trkpt lat="37.6306205" lon="-107.8248986"><ele>2932.0</ele></trkpt><trkpt lat="37.6305831" lon="-107.824923"><ele>2932.0464223812714</ele></trkpt><trkpt lat="37.6305641" lon="-107.8249349"><ele>2932.8386539775743</ele></trkpt><trkpt lat="37.6305452" lon="-107.8249469"><ele>2933.0</ele></trkpt><trkpt lat="37.6305262" lon="-107.8249577"><ele>2933.0</ele></trkpt><trkpt lat="37.6305073" lon="-107.8249685"><ele>2933.8830578229768</ele></trkpt><trkpt lat="37.630488" lon="-107.824978"><ele>2934.0</ele></trkpt><trkpt lat="37.6304688" lon="-107.8249875"><ele>2934.223752305018</ele></trkpt><trkpt lat="37.6304491" lon="-107.8249957"><ele>2935.0</ele></trkpt><trkpt lat="37.6304295" lon="-107.8250039"><ele>2935.0</ele></trkpt><trkpt lat="37.630409" lon="-107.8250107"><ele>2935.707137571733</ele></trkpt><trkpt lat="37.6303885" lon="-107.8250175"><ele>2936.0</ele></trkpt><trkpt lat="37.630368" lon="-107.8250236"><ele>2936.0</ele></trkpt><trkpt lat="37.6303476" lon="-107.8250298"><ele>2936.317414170578</ele></trkpt><trkpt lat="37.6303277" lon="-107.8250365"><ele>2937.0</ele></trkpt><trkpt lat="37.6303079" lon="-107.8250433"><ele>2937.4213215539758</ele></trkpt><trkpt lat="37.6302914" lon="-107.8250535"><ele>2938.0</ele></trkpt><trkpt lat="37.6302749" lon="-107.8250637"><ele>2938.0</ele></trkpt><trkpt lat="37.6302669" lon="-107.82508"><ele>2938.433806528282</ele></trkpt><trkpt lat="37.6302589" lon="-107.8250964"><ele>2939.0</ele></trkpt><trkpt lat="37.6302635" lon="-107.8251416"><ele>2939.0</ele></trkpt><trkpt lat="37.6302732" lon="-107.825166"><ele>2939.0</ele></trkpt><trkpt lat="37.6302829" lon="-107.8251905"><ele>2939.586832355708</ele></trkpt><trkpt lat="37.6302958" lon="-107.825212"><ele>2940.0</ele></trkpt><trkpt lat="37.6303087" lon="-107.8252336"><ele>2940.595437937882</ele></trkpt><trkpt lat="37.6303227" lon="-107.8252518"><ele>2940.8379675326278</ele></trkpt><trkpt lat="37.6303367" lon="-107.8252701"><ele>2941.2964612268843</ele></trkpt><trkpt lat="37.6303502" lon="-107.8252866"><ele>2942.0654169600457</ele></trkpt><trkpt lat="37.6303637" lon="-107.8253031"><ele>2942.834372693207</ele></trkpt><trkpt lat="37.630376" lon="-107.8253184"><ele>2942.806437329068</ele></trkpt><trkpt lat="37.6303884" lon="-107.8253337"><ele>2943.260436053388</ele></trkpt><trkpt lat="37.6304003" lon="-107.8253493"><ele>2943.9874487463385</ele></trkpt><trkpt lat="37.6304123" lon="-107.825365"><ele>2944.719121778384</ele></trkpt><trkpt lat="37.6304236" lon="-107.8253837"><ele>2945.0</ele></trkpt><trkpt lat="37.6304349" lon="-107.8254025"><ele>2945.466748443898</ele></trkpt><trkpt lat="37.6304472" lon="-107.8254232"><ele>2946.0</ele></trkpt><trkpt lat="37.6304596" lon="-107.825444"><ele>2946.0</ele></trkpt><trkpt lat="37.6304746" lon="-107.8254659"><ele>2946.4214025959373</ele></trkpt><trkpt lat="37.6304896" lon="-107.8254879"><ele>2947.0</ele></trkpt><trkpt lat="37.6305055" lon="-107.8255089"><ele>2947.0</ele></trkpt><trkpt lat="37.6305215" lon="-107.82553"><ele>2947.0</ele></trkpt><trkpt lat="37.6305383" lon="-107.8255474"><ele>2947.0</ele></trkpt><trkpt lat="37.6305551" lon="-107.8255648"><ele>2947.9678653409246</ele></trkpt><trkpt lat="37.6305723" lon="-107.8255794"><ele>2948.0</ele></trkpt><trkpt lat="37.6305895" lon="-107.825594"><ele>2948.0</ele></trkpt><trkpt lat="37.6306259" lon="-107.825617"><ele>2947.0</ele></trkpt><trkpt lat="37.6306455" lon="-107.8256252"><ele>2947.0</ele></trkpt><trkpt lat="37.6306652" lon="-107.8256335"><ele>2947.0</ele></trkpt><trkpt lat="37.6306854" lon="-107.8256398"><ele>2947.0</ele></trkpt><trkpt lat="37.6307056" lon="-107.8256462"><ele>2947.0</ele></trkpt><trkpt lat="37.6307249" lon="-107.8256508"><ele>2947.0</ele></trkpt><trkpt lat="37.6307443" lon="-107.8256554"><ele>2947.0</ele></trkpt><trkpt lat="37.6307594" lon="-107.8256592"><ele>2947.0</ele></trkpt><trkpt lat="37.6307746" lon="-107.825663"><ele>2947.0</ele></trkpt><trkpt lat="37.6307843" lon="-107.8256662"><ele>2946.8891967992085</ele></trkpt><trkpt lat="37.6307941" lon="-107.8256695"><ele>2946.8817291163177</ele></trkpt><trkpt lat="37.6308016" lon="-107.8256725"><ele>2946.5512033030363</ele></trkpt><trkpt lat="37.6308092" lon="-107.8256756"><ele>2946.2590237966047</ele></trkpt><trkpt lat="37.630821" lon="-107.8256783"><ele>2946.1235519988873</ele></trkpt><trkpt lat="37.6308331" lon="-107.8256782"><ele>2946.0</ele></trkpt><trkpt lat="37.6308453" lon="-107.8256782"><ele>2946.0</ele></trkpt><trkpt lat="37.6308675" lon="-107.8256792"><ele>2946.0</ele></trkpt><trkpt lat="37.6308891" lon="-107.8256796"><ele>2946.0</ele></trkpt><trkpt lat="37.6309031" lon="-107.8256823"><ele>2945.7803007427797</ele></trkpt><trkpt lat="37.6309172" lon="-107.8256851"><ele>2945.636863004882</ele></trkpt><trkpt lat="37.6309362" lon="-107.8256905"><ele>2945.5394556451747</ele></trkpt><trkpt lat="37.6309552" lon="-107.825696"><ele>2945.144839821849</ele></trkpt><trkpt lat="37.6309772" lon="-107.8257027"><ele>2945.0888878486776</ele></trkpt><trkpt lat="37.6309992" lon="-107.8257095"><ele>2945.0</ele></trkpt><trkpt lat="37.6310198" lon="-107.8257184"><ele>2945.188755484298</ele></trkpt><trkpt lat="37.6310404" lon="-107.8257274"><ele>2945.6081858850084</ele></trkpt><trkpt lat="37.6310595" lon="-107.8257378"><ele>2946.0</ele></trkpt><trkpt lat="37.6310786" lon="-107.8257482"><ele>2946.0</ele></trkpt><trkpt lat="37.6310971" lon="-107.8257583"><ele>2946.0</ele></trkpt><trkpt lat="37.6311156" lon="-107.8257684"><ele>2946.0</ele></trkpt><trkpt lat="37.6311325" lon="-107.8257798"><ele>2946.0502028805204</ele></trkpt><trkpt lat="37.6311494" lon="-107.8257913"><ele>2946.586141725071</ele></trkpt><trkpt lat="37.6311646" lon="-107.8258037"><ele>2947.0</ele></trkpt><trkpt lat="37.6311799" lon="-107.8258162"><ele>2947.0</ele></trkpt><trkpt lat="37.6311946" lon="-107.8258304"><ele>2947.0</ele></trkpt><trkpt lat="37.6312093" lon="-107.8258447"><ele>2947.0401002911944</ele></trkpt><trkpt lat="37.6312253" lon="-107.8258622"><ele>2947.0</ele></trkpt><trkpt lat="37.6312413" lon="-107.8258798"><ele>2947.710540657863</ele></trkpt><trkpt lat="37.6312574" lon="-107.8258986"><ele>2948.0</ele></trkpt><trkpt lat="37.6312736" lon="-107.8259175"><ele>2948.5992403102805</ele></trkpt><trkpt lat="37.6312895" lon="-107.8259354"><ele>2949.0</ele></trkpt><trkpt lat="37.6313054" lon="-107.8259534"><ele>2949.14054926252</ele></trkpt><trkpt lat="37.6313212" lon="-107.8259697"><ele>2949.9050235292343</ele></trkpt><trkpt lat="37.631337" lon="-107.8259861"><ele>2950.0</ele></trkpt><trkpt lat="37.6313526" lon="-107.8260015"><ele>2950.0396527233474</ele></trkpt><trkpt lat="37.6313682" lon="-107.8260169"><ele>2950.0185506377907</ele></trkpt><trkpt lat="37.6313827" lon="-107.8260313"><ele>2950.0</ele></trkpt><trkpt lat="37.6313973" lon="-107.8260457"><ele>2950.735894691759</ele></trkpt><trkpt lat="37.6314101" lon="-107.8260594"><ele>2951.0</ele></trkpt><trkpt lat="37.631423" lon="-107.8260731"><ele>2951.0</ele></trkpt><trkpt lat="37.6314355" lon="-107.8260873"><ele>2951.380741546862</ele></trkpt><trkpt lat="37.631448" lon="-107.8261016"><ele>2952.0231061336017</ele></trkpt><trkpt lat="37.6314606" lon="-107.8261159"><ele>2952.0</ele></trkpt><trkpt lat="37.6314732" lon="-107.8261302"><ele>2952.3800264536403</ele></trkpt><trkpt lat="37.6314852" lon="-107.8261445"><ele>2953.0464547551237</ele></trkpt><trkpt lat="37.6314972" lon="-107.8261589"><ele>2953.426668898117</ele></trkpt><trkpt lat="37.6315091" lon="-107.8261747"><ele>2953.4538767645136</ele></trkpt><trkpt lat="37.631521" lon="-107.8261905"><ele>2954.03691752426</ele></trkpt><trkpt lat="37.631533" lon="-107.8262079"><ele>2954.001108907163</ele></trkpt><trkpt lat="37.6315451" lon="-107.8262253"><ele>2954.8120076805353</ele></trkpt><trkpt lat="37.6315563" lon="-107.8262439"><ele>2955.0</ele></trkpt><trkpt lat="37.6315676" lon="-107.8262626"><ele>2955.0</ele></trkpt><trkpt lat="37.6315748" lon="-107.826282"><ele>2955.4544192003086</ele></trkpt><trkpt lat="37.6315821" lon="-107.8263015"><ele>2955.744376946508</ele></trkpt><trkpt lat="37.6315791" lon="-107.8263187"><ele>2956.0</ele></trkpt><trkpt lat="37.6315761" lon="-107.8263359"><ele>2956.0</ele></trkpt><trkpt lat="37.6315627" lon="-107.826346"><ele>2956.0</ele></trkpt><trkpt lat="37.6315494" lon="-107.8263562"><ele>2956.0</ele></trkpt><trkpt lat="37.6315305" lon="-107.8263587"><ele>2956.028898275923</ele></trkpt><trkpt lat="37.6315116" lon="-107.8263612"><ele>2956.1454067202285</ele></trkpt><trkpt lat="37.6314911" lon="-107.8263586"><ele>2956.0242379377596</ele></trkpt><trkpt lat="37.6314706" lon="-107.8263561"><ele>2956.9077294929884</ele></trkpt><trkpt lat="37.6314502" lon="-107.8263507"><ele>2956.780019181967</ele></trkpt><trkpt lat="37.6314298" lon="-107.8263453"><ele>2957.0</ele></trkpt><trkpt lat="37.6314106" lon="-107.8263375"><ele>2957.0</ele></trkpt><trkpt lat="37.6313915" lon="-107.8263297"><ele>2957.0</ele></trkpt><trkpt lat="37.6313729" lon="-107.8263194"><ele>2957.0</ele></trkpt><trkpt lat="37.6313544" lon="-107.8263091"><ele>2957.0</ele></trkpt><trkpt lat="37.6313376" lon="-107.8262974"><ele>2957.0</ele></trkpt><trkpt lat="37.6313208" lon="-107.8262857"><ele>2957.0</ele></trkpt><trkpt lat="37.6313066" lon="-107.8262751"><ele>2957.0</ele></trkpt><trkpt lat="37.6312925" lon="-107.8262646"><ele>2956.6435204269364</ele></trkpt><trkpt lat="37.6312818" lon="-107.8262574"><ele>2956.307976107113</ele></trkpt><trkpt lat="37.6312711" lon="-107.8262503"><ele>2956.0</ele></trkpt><trkpt lat="37.6312636" lon="-107.8262464"><ele>2956.0</ele></trkpt><trkpt lat="37.6312561" lon="-107.8262425"><ele>2956.0</ele></trkpt><trkpt lat="37.6312482" lon="-107.8262387"><ele>2956.0</ele></trkpt><trkpt lat="37.6312404" lon="-107.826235"><ele>2956.0</ele></trkpt><trkpt lat="37.6312314" lon="-107.8262302"><ele>2956.00952106994</ele></trkpt><trkpt lat="37.631227" lon="-107.8262279"><ele>2955.933176463004</ele></trkpt><trkpt lat="37.6312119" lon="-107.8262186"><ele>2955.4997650492005</ele></trkpt><trkpt lat="37.6311969" lon="-107.8262094"><ele>2955.0710139730945</ele></trkpt><trkpt lat="37.6311617" lon="-107.8261858"><ele>2954.971174258273</ele></trkpt><trkpt lat="37.6311436" lon="-107.8261719"><ele>2954.5957518527343</ele></trkpt><trkpt lat="37.6311256" lon="-107.8261581"><ele>2954.6802606936544</ele></trkpt><trkpt lat="37.6311069" lon="-107.8261442"><ele>2954.5763984517407</ele></trkpt><trkpt lat="37.6310882" lon="-107.8261304"><ele>2954.3893471290357</ele></trkpt><trkpt lat="37.6310679" lon="-107.8261182"><ele>2954.703548512922</ele></trkpt><trkpt lat="37.6310476" lon="-107.8261061"><ele>2954.2953281483865</ele></trkpt><trkpt lat="37.6310272" lon="-107.8260983"><ele>2954.920266945138</ele></trkpt><trkpt lat="37.6310069" lon="-107.8260905"><ele>2955.0</ele></trkpt><trkpt lat="37.6309866" lon="-107.8260886"><ele>2955.283030599773</ele></trkpt><trkpt lat="37.6309663" lon="-107.8260868"><ele>2955.3574398579076</ele></trkpt><trkpt lat="37.6309468" lon="-107.8260898"><ele>2955.9916418606263</ele></trkpt><trkpt lat="37.6309273" lon="-107.8260929"><ele>2956.0</ele></trkpt><trkpt lat="37.6309084" lon="-107.8260998"><ele>2956.0</ele></trkpt><trkpt lat="37.6308896" lon="-107.8261068"><ele>2956.2895074137487</ele></trkpt><trkpt lat="37.630871" lon="-107.8261149"><ele>2956.814806162343</ele></trkpt><trkpt lat="37.6308525" lon="-107.826123"><ele>2957.0236873524755</ele></trkpt><trkpt lat="37.6308343" lon="-107.8261315"><ele>2957.4406108451076</ele></trkpt><trkpt lat="37.6308162" lon="-107.82614"><ele>2957.836739555467</ele></trkpt><trkpt lat="37.6307808" lon="-107.8261562"><ele>2958.0</ele></trkpt><trkpt lat="37.6307628" lon="-107.8261626"><ele>2958.0</ele></trkpt><trkpt lat="37.6307449" lon="-107.8261691"><ele>2958.8904683542396</ele></trkpt><trkpt lat="37.6307269" lon="-107.8261737"><ele>2959.0</ele></trkpt><trkpt lat="37.6307089" lon="-107.8261783"><ele>2959.0</ele></trkpt><trkpt lat="37.6306915" lon="-107.826179"><ele>2959.0</ele></trkpt><trkpt lat="37.6306742" lon="-107.8261797"><ele>2959.0</ele></trkpt><trkpt lat="37.6306571" lon="-107.8261764"><ele>2959.0</ele></trkpt><trkpt lat="37.6306401" lon="-107.8261732"><ele>2959.0120146218683</ele></trkpt><trkpt lat="37.6306228" lon="-107.8261714"><ele>2959.334602129229</ele></trkpt><trkpt lat="37.6306056" lon="-107.8261696"><ele>2960.0</ele></trkpt><trkpt lat="37.6305867" lon="-107.8261694"><ele>2960.0</ele></trkpt><trkpt lat="37.6305678" lon="-107.8261693"><ele>2960.0</ele></trkpt><trkpt lat="37.6305483" lon="-107.8261698"><ele>2960.0977163092975</ele></trkpt><trkpt lat="37.6305288" lon="-107.8261704"><ele>2960.253482240252</ele></trkpt><trkpt lat="37.6305086" lon="-107.8261694"><ele>2960.817146696838</ele></trkpt><trkpt lat="37.6304885" lon="-107.8261685"><ele>2961.0</ele></trkpt><trkpt lat="37.6304679" lon="-107.8261665"><ele>2961.0</ele></trkpt><trkpt lat="37.6304474" lon="-107.8261646"><ele>2961.0</ele></trkpt><trkpt lat="37.6304264" lon="-107.8261628"><ele>2961.0</ele></trkpt><trkpt lat="37.6304054" lon="-107.8261611"><ele>2961.0</ele></trkpt><trkpt lat="37.6303838" lon="-107.8261621"><ele>2961.0</ele></trkpt><trkpt lat="37.6303622" lon="-107.8261632"><ele>2961.352846937132</ele></trkpt><trkpt lat="37.63034" lon="-107.8261674"><ele>2962.0</ele></trkpt><trkpt lat="37.6303178" lon="-107.8261717"><ele>2962.0</ele></trkpt><trkpt lat="37.6302982" lon="-107.8261767"><ele>2962.082324828782</ele></trkpt><trkpt lat="37.6302786" lon="-107.8261818"><ele>2962.784760747105</ele></trkpt><trkpt lat="37.6302643" lon="-107.8261862"><ele>2962.9898156085983</ele></trkpt><trkpt lat="37.63025" lon="-107.8261907"><ele>2963.0</ele></trkpt><trkpt lat="37.6302404" lon="-107.8261949"><ele>2963.2180777523736</ele></trkpt><trkpt lat="37.6302309" lon="-107.8261992"><ele>2963.595659520477</ele></trkpt><trkpt lat="37.6302229" lon="-107.8262032"><ele>2963.782073030714</ele></trkpt><trkpt lat="37.6302149" lon="-107.8262072"><ele>2963.968486542348</ele></trkpt><trkpt lat="37.630207" lon="-107.8262112"><ele>2964.0</ele></trkpt><trkpt lat="37.6301904" lon="-107.826214"><ele>2964.0</ele></trkpt><trkpt lat="37.6301738" lon="-107.8262169"><ele>2964.197991964975</ele></trkpt><trkpt lat="37.630154" lon="-107.8262185"><ele>2964.495104711503</ele></trkpt><trkpt lat="37.6301343" lon="-107.8262202"><ele>2964.5743304532953</ele></trkpt><trkpt lat="37.6301142" lon="-107.8262253"><ele>2964.8120076805353</ele></trkpt><trkpt lat="37.6300941" lon="-107.8262305"><ele>2965.0</ele></trkpt><trkpt lat="37.6300742" lon="-107.8262381"><ele>2965.0</ele></trkpt><trkpt lat="37.6300544" lon="-107.8262458"><ele>2965.0</ele></trkpt><trkpt lat="37.6300345" lon="-107.8262558"><ele>2965.0</ele></trkpt><trkpt lat="37.6300146" lon="-107.8262659"><ele>2965.0</ele></trkpt><trkpt lat="37.629995" lon="-107.8262778"><ele>2965.2586850132793</ele></trkpt><trkpt lat="37.6299754" lon="-107.8262898"><ele>2965.8179255463183</ele></trkpt><trkpt lat="37.6299564" lon="-107.8263023"><ele>2965.841908456803</ele></trkpt><trkpt lat="37.6299374" lon="-107.8263148"><ele>2965.9830099917017</ele></trkpt><trkpt lat="37.6299187" lon="-107.8263274"><ele>2966.0</ele></trkpt><trkpt lat="37.6299001" lon="-107.8263401"><ele>2966.0</ele></trkpt><trkpt lat="37.6298816" lon="-107.8263525"><ele>2966.492281171252</ele></trkpt><trkpt lat="37.6298631" lon="-107.826365"><ele>2967.0</ele></trkpt><trkpt lat="37.6298451" lon="-107.826379"><ele>2967.0</ele></trkpt><trkpt lat="37.6298271" lon="-107.8263931"><ele>2967.0</ele></trkpt><trkpt lat="37.62981" lon="-107.8264092"><ele>2967.0</ele></trkpt><trkpt lat="37.629793" lon="-107.8264254"><ele>2967.0</ele></trkpt><trkpt lat="37.629777" lon="-107.8264423"><ele>2967.0</ele></trkpt><trkpt lat="37.629761" lon="-107.8264592"><ele>2967.0</ele></trkpt><trkpt lat="37.6297461" lon="-107.826476"><ele>2967.0</ele></trkpt><trkpt lat="37.6297313" lon="-107.8264929"><ele>2966.4903554432094</ele></trkpt><trkpt lat="37.6297203" lon="-107.8265131"><ele>2966.0</ele></trkpt><trkpt lat="37.6297093" lon="-107.8265334"><ele>2966.0</ele></trkpt><trkpt lat="37.6297011" lon="-107.8265574"><ele>2966.082868570269</ele></trkpt><trkpt lat="37.6296929" lon="-107.8265814"><ele>2966.863290958265</ele></trkpt><trkpt lat="37.6296848" lon="-107.826605"><ele>2967.0</ele></trkpt><trkpt lat="37.6296768" lon="-107.8266287"><ele>2967.0</ele></trkpt><trkpt lat="37.6296676" lon="-107.826651"><ele>2967.0</ele></trkpt><trkpt lat="37.6296584" lon="-107.8266734"><ele>2967.0</ele></trkpt><trkpt lat="37.6296479" lon="-107.8266942"><ele>2967.0</ele></trkpt><trkpt lat="37.6296374" lon="-107.8267151"><ele>2967.0224406995903</ele></trkpt><trkpt lat="37.6296271" lon="-107.8267345"><ele>2967.8358548562883</ele></trkpt><trkpt lat="37.6296169" lon="-107.8267539"><ele>2968.0</ele></trkpt><trkpt lat="37.6296071" lon="-107.8267725"><ele>2968.0</ele></trkpt><trkpt lat="37.6295973" lon="-107.8267911"><ele>2968.180198826827</ele></trkpt><trkpt lat="37.6295871" lon="-107.8268107"><ele>2969.0</ele></trkpt><trkpt lat="37.6295769" lon="-107.8268304"><ele>2969.0047402515934</ele></trkpt><trkpt lat="37.6295666" lon="-107.8268507"><ele>2969.0</ele></trkpt><trkpt lat="37.6295564" lon="-107.826871"><ele>2969.9038087115623</ele></trkpt><trkpt lat="37.629537" lon="-107.8269122"><ele>2970.0</ele></trkpt><trkpt lat="37.6295271" lon="-107.8269337"><ele>2970.0</ele></trkpt><trkpt lat="37.6295173" lon="-107.8269552"><ele>2970.827813120093</ele></trkpt><trkpt lat="37.6295067" lon="-107.8269774"><ele>2971.0</ele></trkpt><trkpt lat="37.6294962" lon="-107.8269996"><ele>2971.0</ele></trkpt><trkpt lat="37.6294851" lon="-107.8270215"><ele>2971.9176170667633</ele></trkpt><trkpt lat="37.6294741" lon="-107.8270435"><ele>2972.0</ele></trkpt><trkpt lat="37.6294641" lon="-107.8270663"><ele>2972.0054483911954</ele></trkpt><trkpt lat="37.6294542" lon="-107.8270891"><ele>2973.012549070925</ele></trkpt><trkpt lat="37.6294462" lon="-107.8271124"><ele>2973.153864106629</ele></trkpt><trkpt lat="37.6294383" lon="-107.8271357"><ele>2974.059667962667</ele></trkpt><trkpt lat="37.6294333" lon="-107.8271574"><ele>2974.251016107388</ele></trkpt><trkpt lat="37.6294283" lon="-107.8271792"><ele>2975.0</ele></trkpt><trkpt lat="37.6294255" lon="-107.8271987"><ele>2975.1757356091402</ele></trkpt><trkpt lat="37.6294227" lon="-107.8272182"><ele>2976.084501476027</ele></trkpt><trkpt lat="37.6294216" lon="-107.8272366"><ele>2976.942003626842</ele></trkpt><trkpt lat="37.6294205" lon="-107.8272551"><ele>2977.162017993142</ele></trkpt><trkpt lat="37.6294204" lon="-107.8272742"><ele>2977.754083975122</ele></trkpt><trkpt lat="37.6294204" lon="-107.8272933"><ele>2978.5844151466154</ele></trkpt><trkpt lat="37.6294207" lon="-107.8273145"><ele>2979.0</ele></trkpt><trkpt lat="37.629421" lon="-107.8273358"><ele>2979.5650587021373</ele></trkpt><trkpt lat="37.629421" lon="-107.8273592"><ele>2980.0</ele></trkpt><trkpt lat="37.6294211" lon="-107.8273827"><ele>2980.750757120084</ele></trkpt><trkpt lat="37.6294204" lon="-107.8274075"><ele>2981.0</ele></trkpt><trkpt lat="37.6294197" lon="-107.8274324"><ele>2981.0</ele></trkpt><trkpt lat="37.6294181" lon="-107.8274575"><ele>2981.0</ele></trkpt><trkpt lat="37.6294165" lon="-107.8274827"><ele>2981.0</ele></trkpt><trkpt lat="37.6294133" lon="-107.8275039"><ele>2981.0</ele></trkpt><trkpt lat="37.6294101" lon="-107.8275252"><ele>2981.0</ele></trkpt><trkpt lat="37.6294059" lon="-107.8275344"><ele>2981.0</ele></trkpt><trkpt lat="37.6294017" lon="-107.8275436"><ele>2981.0</ele></trkpt><trkpt lat="37.6293984" lon="-107.8275367"><ele>2981.0</ele></trkpt><trkpt lat="37.6293951" lon="-107.8275298"><ele>2981.0</ele></trkpt><trkpt lat="37.6293934" lon="-107.8275172"><ele>2981.0</ele></trkpt><trkpt lat="37.6293918" lon="-107.8275047"><ele>2981.0</ele></trkpt><trkpt lat="37.6293906" lon="-107.8274954"><ele>2981.0</ele></trkpt><trkpt lat="37.6293895" lon="-107.8274861"><ele>2981.0</ele></trkpt><trkpt lat="37.6294429" lon="-107.8276125"><ele>2981.280466872185</ele></trkpt><trkpt lat="37.6294558" lon="-107.8276143"><ele>2981.3288494806784</ele></trkpt><trkpt lat="37.6294687" lon="-107.8276161"><ele>2981.0</ele></trkpt><trkpt lat="37.629483" lon="-107.8276085"><ele>2981.0</ele></trkpt><trkpt lat="37.6294974" lon="-107.8276009"><ele>2981.0</ele></trkpt><trkpt lat="37.6295135" lon="-107.8275895"><ele>2981.0</ele></trkpt><trkpt lat="37.6295296" lon="-107.8275782"><ele>2981.0</ele></trkpt><trkpt lat="37.6295479" lon="-107.8275643"><ele>2981.0</ele></trkpt><trkpt lat="37.6295663" lon="-107.8275505"><ele>2980.570803911425</ele></trkpt><trkpt lat="37.6295858" lon="-107.8275355"><ele>2980.8185670749235</ele></trkpt><trkpt lat="37.6296054" lon="-107.8275205"><ele>2980.2403912243326</ele></trkpt><trkpt lat="37.6296247" lon="-107.8275054"><ele>2980.5844960818786</ele></trkpt><trkpt lat="37.629644" lon="-107.8274904"><ele>2980.76994090667</ele></trkpt><trkpt lat="37.6296627" lon="-107.8274759"><ele>2980.09419192886</ele></trkpt><trkpt lat="37.6296815" lon="-107.8274615"><ele>2980.0</ele></trkpt><trkpt lat="37.6297007" lon="-107.8274491"><ele>2980.0</ele></trkpt><trkpt lat="37.6297199" lon="-107.8274367"><ele>2980.0</ele></trkpt><trkpt lat="37.6297398" lon="-107.8274266"><ele>2980.0</ele></trkpt><trkpt lat="37.6297597" lon="-107.8274166"><ele>2980.0</ele></trkpt><trkpt lat="37.6297799" lon="-107.827408"><ele>2980.0</ele></trkpt><trkpt lat="37.6298002" lon="-107.8273995"><ele>2980.0</ele></trkpt><trkpt lat="37.6298206" lon="-107.8273907"><ele>2980.0</ele></trkpt><trkpt lat="37.629841" lon="-107.827382"><ele>2980.0</ele></trkpt><trkpt lat="37.6298612" lon="-107.827372"><ele>2980.0</ele></trkpt><trkpt lat="37.6298815" lon="-107.827362"><ele>2979.929651976693</ele></trkpt><trkpt lat="37.6299016" lon="-107.8273523"><ele>2979.3340144352987</ele></trkpt><trkpt lat="37.6299217" lon="-107.8273426"><ele>2979.0360733278717</ele></trkpt><trkpt lat="37.6299414" lon="-107.8273342"><ele>2979.0</ele></trkpt><trkpt lat="37.6299611" lon="-107.8273259"><ele>2979.0</ele></trkpt><trkpt lat="37.6299804" lon="-107.8273186"><ele>2979.0</ele></trkpt><trkpt lat="37.6299998" lon="-107.8273113"><ele>2979.0</ele></trkpt><trkpt lat="37.6300184" lon="-107.8273044"><ele>2979.0</ele></trkpt><trkpt lat="37.630037" lon="-107.8272976"><ele>2979.0</ele></trkpt><trkpt lat="37.6300547" lon="-107.8272925"><ele>2979.0</ele></trkpt><trkpt lat="37.6300725" lon="-107.8272875"><ele>2979.0</ele></trkpt><trkpt lat="37.6300887" lon="-107.8272839"><ele>2978.5548286903945</ele></trkpt><trkpt lat="37.630105" lon="-107.8272804"><ele>2978.0087085102477</ele></trkpt><trkpt lat="37.6301229" lon="-107.8272785"><ele>2978.0</ele></trkpt><trkpt lat="37.6301408" lon="-107.8272767"><ele>2978.0</ele></trkpt><trkpt lat="37.630161" lon="-107.8272757"><ele>2978.0</ele></trkpt><trkpt lat="37.6301813" lon="-107.8272748"><ele>2977.730437120682</ele></trkpt><trkpt lat="37.6302022" lon="-107.8272739"><ele>2977.0</ele></trkpt><trkpt lat="37.6302232" lon="-107.827273"><ele>2977.0</ele></trkpt><trkpt lat="37.6302434" lon="-107.827272"><ele>2977.0</ele></trkpt><trkpt lat="37.6302636" lon="-107.8272711"><ele>2977.0</ele></trkpt><trkpt lat="37.6302797" lon="-107.8272682"><ele>2977.0</ele></trkpt><trkpt lat="37.6302959" lon="-107.8272654"><ele>2977.0</ele></trkpt><trkpt lat="37.6303058" lon="-107.8272604"><ele>2977.0</ele></trkpt><trkpt lat="37.6303158" lon="-107.8272554"><ele>2977.0</ele></trkpt><trkpt lat="37.6303236" lon="-107.8272541"><ele>2977.0</ele></trkpt><trkpt lat="37.6303315" lon="-107.8272528"><ele>2977.0</ele></trkpt><trkpt lat="37.6303412" lon="-107.8272586"><ele>2977.0</ele></trkpt><trkpt lat="37.630351" lon="-107.8272645"><ele>2977.0</ele></trkpt><trkpt lat="37.6303625" lon="-107.8272756"><ele>2977.0</ele></trkpt><trkpt lat="37.6303741" lon="-107.8272867"><ele>2977.0</ele></trkpt><trkpt lat="37.6304011" lon="-107.8273069"><ele>2977.0</ele></trkpt><trkpt lat="37.6304148" lon="-107.8273138"><ele>2977.0</ele></trkpt><trkpt lat="37.6304286" lon="-107.8273208"><ele>2977.0</ele></trkpt><trkpt lat="37.6304386" lon="-107.8273255"><ele>2977.0</ele></trkpt><trkpt lat="37.6304487" lon="-107.8273302"><ele>2977.0</ele></trkpt><trkpt lat="37.6304559" lon="-107.827332"><ele>2977.0</ele></trkpt><trkpt lat="37.6304632" lon="-107.8273338"><ele>2977.0</ele></trkpt><trkpt lat="37.630466" lon="-107.827334"><ele>2977.0</ele></trkpt><trkpt lat="37.6304688" lon="-107.8273343"><ele>2977.0</ele></trkpt><trkpt lat="37.6304717" lon="-107.8273346"><ele>2977.0</ele></trkpt><trkpt lat="37.6304797" lon="-107.8273368"><ele>2977.0</ele></trkpt><trkpt lat="37.6304878" lon="-107.8273391"><ele>2977.0</ele></trkpt><trkpt lat="37.6304947" lon="-107.8273421"><ele>2977.0</ele></trkpt><trkpt lat="37.6305016" lon="-107.8273452"><ele>2977.0</ele></trkpt><trkpt lat="37.6305098" lon="-107.8273501"><ele>2976.9302845979582</ele></trkpt><trkpt lat="37.630518" lon="-107.827355"><ele>2976.639623065787</ele></trkpt><trkpt lat="37.6305259" lon="-107.8273582"><ele>2976.391025635414</ele></trkpt><trkpt lat="37.6305339" lon="-107.8273615"><ele>2976.237234489061</ele></trkpt><trkpt lat="37.6305418" lon="-107.8273648"><ele>2976.0834433422424</ele></trkpt><trkpt lat="37.6305498" lon="-107.8273681"><ele>2976.0242717478422</ele></trkpt><trkpt lat="37.6305704" lon="-107.8273723"><ele>2976.0</ele></trkpt><trkpt lat="37.6305911" lon="-107.8273766"><ele>2976.0</ele></trkpt><trkpt lat="37.6306129" lon="-107.8273789"><ele>2976.0</ele></trkpt><trkpt lat="37.6306348" lon="-107.8273812"><ele>2976.0</ele></trkpt><trkpt lat="37.6306774" lon="-107.8273822"><ele>2976.0</ele></trkpt><trkpt lat="37.6306982" lon="-107.8273818"><ele>2976.0</ele></trkpt><trkpt lat="37.6307191" lon="-107.8273814"><ele>2976.0</ele></trkpt><trkpt lat="37.6307396" lon="-107.8273819"><ele>2975.1761711724102</ele></trkpt><trkpt lat="37.6307602" lon="-107.8273825"><ele>2975.0</ele></trkpt><trkpt lat="37.6307803" lon="-107.8273841"><ele>2975.0</ele></trkpt><trkpt lat="37.6308004" lon="-107.8273857"><ele>2975.0</ele></trkpt><trkpt lat="37.6308195" lon="-107.8273888"><ele>2975.0</ele></trkpt><trkpt lat="37.6308386" lon="-107.8273919"><ele>2975.0</ele></trkpt><trkpt lat="37.6308558" lon="-107.8273961"><ele>2974.7517109492155</ele></trkpt><trkpt lat="37.6308731" lon="-107.8274003"><ele>2974.4290234311484</ele></trkpt><trkpt lat="37.6308866" lon="-107.8274048"><ele>2974.115329857792</ele></trkpt><trkpt lat="37.6309001" lon="-107.8274093"><ele>2974.0</ele></trkpt><trkpt lat="37.6309091" lon="-107.8274131"><ele>2974.0</ele></trkpt><trkpt lat="37.6309181" lon="-107.8274169"><ele>2974.0</ele></trkpt><trkpt lat="37.6309244" lon="-107.8274221"><ele>2974.0</ele></trkpt><trkpt lat="37.6309308" lon="-107.8274273"><ele>2974.0</ele></trkpt><trkpt lat="37.630937" lon="-107.8274333"><ele>2974.0</ele></trkpt><trkpt lat="37.6309432" lon="-107.8274393"><ele>2974.0</ele></trkpt><trkpt lat="37.6309486" lon="-107.8274419"><ele>2974.0</ele></trkpt><trkpt lat="37.630954" lon="-107.8274446"><ele>2974.0</ele></trkpt><trkpt lat="37.6309595" lon="-107.8274473"><ele>2974.0</ele></trkpt><trkpt lat="37.6309697" lon="-107.8274528"><ele>2974.0</ele></trkpt><trkpt lat="37.6309799" lon="-107.8274584"><ele>2974.0</ele></trkpt><trkpt lat="37.6309941" lon="-107.8274677"><ele>2973.4303477544504</ele></trkpt><trkpt lat="37.6310083" lon="-107.827477"><ele>2973.052999363613</ele></trkpt><trkpt lat="37.6310249" lon="-107.8274872"><ele>2973.0</ele></trkpt><trkpt lat="37.6310416" lon="-107.8274975"><ele>2973.0</ele></trkpt><trkpt lat="37.6310589" lon="-107.8275061"><ele>2972.6943776488865</ele></trkpt><trkpt lat="37.6310763" lon="-107.8275148"><ele>2972.329137349124</ele></trkpt><trkpt lat="37.6310946" lon="-107.8275214"><ele>2972.0613851016096</ele></trkpt><trkpt lat="37.631113" lon="-107.8275281"><ele>2972.0</ele></trkpt><trkpt lat="37.6311317" lon="-107.827535"><ele>2972.0</ele></trkpt><trkpt lat="37.6311504" lon="-107.827542"><ele>2971.1766477072215</ele></trkpt><trkpt lat="37.6311693" lon="-107.8275482"><ele>2971.412713185613</ele></trkpt><trkpt lat="37.6311883" lon="-107.8275545"><ele>2971.0</ele></trkpt><trkpt lat="37.6312275" lon="-107.8275657"><ele>2971.0</ele></trkpt><trkpt lat="37.6312475" lon="-107.8275709"><ele>2971.0</ele></trkpt><trkpt lat="37.6312675" lon="-107.8275762"><ele>2971.0</ele></trkpt><trkpt lat="37.6312869" lon="-107.827582"><ele>2971.0</ele></trkpt><trkpt lat="37.6313063" lon="-107.8275879"><ele>2971.0</ele></trkpt><trkpt lat="37.631325" lon="-107.827594"><ele>2970.727904047817</ele></trkpt><trkpt lat="37.6313437" lon="-107.8276001"><ele>2970.0</ele></trkpt><trkpt lat="37.6313609" lon="-107.8276069"><ele>2970.0</ele></trkpt><trkpt lat="37.6313782" lon="-107.8276138"><ele>2970.0</ele></trkpt><trkpt lat="37.6313945" lon="-107.8276218"><ele>2970.0</ele></trkpt><trkpt lat="37.6314108" lon="-107.8276298"><ele>2970.0</ele></trkpt><trkpt lat="37.6314269" lon="-107.8276395"><ele>2969.8070818712667</ele></trkpt><trkpt lat="37.631443" lon="-107.8276492"><ele>2969.0</ele></trkpt><trkpt lat="37.6314595" lon="-107.8276615"><ele>2969.0478825169625</ele></trkpt><trkpt lat="37.6314761" lon="-107.8276739"><ele>2969.0</ele></trkpt><trkpt lat="37.6314937" lon="-107.8276876"><ele>2969.0</ele></trkpt><trkpt lat="37.6315113" lon="-107.8277013"><ele>2969.0</ele></trkpt><trkpt lat="37.63153" lon="-107.8277156"><ele>2969.0</ele></trkpt><trkpt lat="37.6315487" lon="-107.82773"><ele>2969.0</ele></trkpt><trkpt lat="37.6315684" lon="-107.8277414"><ele>2968.6829807961644</ele></trkpt><trkpt lat="37.6315881" lon="-107.8277528"><ele>2968.245187321469</ele></trkpt><trkpt lat="37.6316083" lon="-107.8277603"><ele>2968.3481925684027</ele></trkpt><trkpt lat="37.6316285" lon="-107.8277678"><ele>2968.0</ele></trkpt><trkpt lat="37.6316457" lon="-107.827774"><ele>2968.0</ele></trkpt><trkpt lat="37.631663" lon="-107.8277803"><ele>2968.0</ele></trkpt><trkpt lat="37.6316744" lon="-107.8277858"><ele>2968.0</ele></trkpt><trkpt lat="37.6316858" lon="-107.8277914"><ele>2968.0</ele></trkpt><trkpt lat="37.631692" lon="-107.8277966"><ele>2968.0</ele></trkpt><trkpt lat="37.6316983" lon="-107.8278018"><ele>2968.0</ele></trkpt><trkpt lat="37.6317045" lon="-107.8278079"><ele>2968.0</ele></trkpt><trkpt lat="37.6317107" lon="-107.827814"><ele>2968.0</ele></trkpt><trkpt lat="37.6317203" lon="-107.8278219"><ele>2968.0</ele></trkpt><trkpt lat="37.6317258" lon="-107.827822"><ele>2968.0</ele></trkpt><trkpt lat="37.6317314" lon="-107.8278222"><ele>2968.0</ele></trkpt><trkpt lat="37.6317361" lon="-107.8278216"><ele>2968.0</ele></trkpt><trkpt lat="37.6317409" lon="-107.827821"><ele>2968.0</ele></trkpt><trkpt lat="37.6317672" lon="-107.8278127"><ele>2968.0</ele></trkpt><trkpt lat="37.6317855" lon="-107.8278036"><ele>2968.0</ele></trkpt><trkpt lat="37.6318038" lon="-107.8277946"><ele>2968.0</ele></trkpt><trkpt lat="37.631821" lon="-107.8277837"><ele>2968.0</ele></trkpt><trkpt lat="37.6318383" lon="-107.8277729"><ele>2968.0</ele></trkpt><trkpt lat="37.6318535" lon="-107.8277647"><ele>2968.0</ele></trkpt><trkpt lat="37.6318688" lon="-107.8277566"><ele>2968.0</ele></trkpt><trkpt lat="37.6318812" lon="-107.8277537"><ele>2968.0</ele></trkpt><trkpt lat="37.6318937" lon="-107.8277508"><ele>2968.0</ele></trkpt><trkpt lat="37.6319067" lon="-107.8277524"><ele>2968.0</ele></trkpt><trkpt lat="37.6319197" lon="-107.8277541"><ele>2968.0</ele></trkpt><trkpt lat="37.6319379" lon="-107.8277583"><ele>2968.0</ele></trkpt><trkpt lat="37.6319561" lon="-107.8277625"><ele>2968.0</ele></trkpt><trkpt lat="37.6319746" lon="-107.8277703"><ele>2968.0</ele></trkpt><trkpt lat="37.6319932" lon="-107.8277782"><ele>2967.3326696555137</ele></trkpt><trkpt lat="37.6320059" lon="-107.8277864"><ele>2967.0</ele></trkpt><trkpt lat="37.6320187" lon="-107.8277947"><ele>2967.0</ele></trkpt><trkpt lat="37.6320273" lon="-107.8278027"><ele>2967.0</ele></trkpt><trkpt lat="37.6320359" lon="-107.8278107"><ele>2967.0</ele></trkpt><trkpt lat="37.6320438" lon="-107.8278254"><ele>2967.218067600181</ele></trkpt><trkpt lat="37.6320476" lon="-107.8278467"><ele>2967.8714220780134</ele></trkpt><trkpt lat="37.6320515" lon="-107.827868"><ele>2968.0</ele></trkpt><trkpt lat="37.6320519" lon="-107.8278939"><ele>2968.0</ele></trkpt><trkpt lat="37.6320524" lon="-107.8279198"><ele>2968.0</ele></trkpt><trkpt lat="37.6320543" lon="-107.8279465"><ele>2968.0</ele></trkpt><trkpt lat="37.6320562" lon="-107.8279732"><ele>2968.0</ele></trkpt><trkpt lat="37.6320599" lon="-107.8279987"><ele>2968.0</ele></trkpt><trkpt lat="37.6320636" lon="-107.8280242"><ele>2968.0</ele></trkpt><trkpt lat="37.6320696" lon="-107.8280716"><ele>2968.9871699187843</ele></trkpt><trkpt lat="37.6320725" lon="-107.828094"><ele>2969.0</ele></trkpt><trkpt lat="37.6320755" lon="-107.8281165"><ele>2969.5346760583234</ele></trkpt><trkpt lat="37.6320763" lon="-107.8281388"><ele>2969.9939935808034</ele></trkpt><trkpt lat="37.6320771" lon="-107.8281611"><ele>2970.0</ele></trkpt><trkpt lat="37.6320746" lon="-107.8281831"><ele>2970.052100693807</ele></trkpt><trkpt lat="37.6320721" lon="-107.8282051"><ele>2971.0</ele></trkpt><trkpt lat="37.6320692" lon="-107.8282267"><ele>2971.0</ele></trkpt><trkpt lat="37.6320664" lon="-107.8282484"><ele>2971.1851557305627</ele></trkpt><trkpt lat="37.6320639" lon="-107.8282691"><ele>2972.0147839893384</ele></trkpt><trkpt lat="37.6320615" lon="-107.8282898"><ele>2972.402780691181</ele></trkpt><trkpt lat="37.6320588" lon="-107.8283086"><ele>2972.955029235601</ele></trkpt><trkpt lat="37.6320561" lon="-107.8283275"><ele>2973.781628444325</ele></trkpt><trkpt lat="37.6320529" lon="-107.8283456"><ele>2974.0</ele></trkpt><trkpt lat="37.6320497" lon="-107.8283638"><ele>2974.4733310579322</ele></trkpt><trkpt lat="37.6320458" lon="-107.8283828"><ele>2975.0</ele></trkpt><trkpt lat="37.632042" lon="-107.8284018"><ele>2975.0</ele></trkpt><trkpt lat="37.632039" lon="-107.8284208"><ele>2975.0</ele></trkpt><trkpt lat="37.6320361" lon="-107.8284398"><ele>2975.0</ele></trkpt><trkpt lat="37.6320363" lon="-107.8284589"><ele>2975.0</ele></trkpt><trkpt lat="37.6320365" lon="-107.828478"><ele>2975.0</ele></trkpt><trkpt lat="37.6320477" lon="-107.828512"><ele>2975.8761457437186</ele></trkpt><trkpt lat="37.6320591" lon="-107.8285273"><ele>2976.0</ele></trkpt><trkpt lat="37.6320705" lon="-107.8285427"><ele>2976.0</ele></trkpt><trkpt lat="37.632082" lon="-107.8285602"><ele>2976.0</ele></trkpt><trkpt lat="37.6320936" lon="-107.8285778"><ele>2976.0</ele></trkpt><trkpt lat="37.6320984" lon="-107.8285971"><ele>2976.0</ele></trkpt><trkpt lat="37.6321032" lon="-107.8286165"><ele>2976.0</ele></trkpt><trkpt lat="37.6320984" lon="-107.828632"><ele>2976.0</ele></trkpt><trkpt lat="37.6320937" lon="-107.8286476"><ele>2976.0</ele></trkpt><trkpt lat="37.6320806" lon="-107.8286547"><ele>2976.0</ele></trkpt><trkpt lat="37.6320676" lon="-107.8286619"><ele>2976.0</ele></trkpt><trkpt lat="37.6320497" lon="-107.8286575"><ele>2976.0</ele></trkpt><trkpt lat="37.6320319" lon="-107.8286531"><ele>2976.0</ele></trkpt><trkpt lat="37.6320129" lon="-107.8286394"><ele>2976.0</ele></trkpt><trkpt lat="37.631994" lon="-107.8286258"><ele>2976.0</ele></trkpt><trkpt lat="37.6319574" lon="-107.828595"><ele>2976.12738540619</ele></trkpt><trkpt lat="37.6319407" lon="-107.8285805"><ele>2976.28403534769</ele></trkpt><trkpt lat="37.6319241" lon="-107.8285661"><ele>2976.4264181517187</ele></trkpt><trkpt lat="37.6319079" lon="-107.828554"><ele>2976.6199255860947</ele></trkpt><trkpt lat="37.6318918" lon="-107.8285419"><ele>2976.8581229899755</ele></trkpt><trkpt lat="37.6318824" lon="-107.8285371"><ele>2976.967156683648</ele></trkpt><trkpt lat="37.6318731" lon="-107.8285323"><ele>2977.0</ele></trkpt><trkpt lat="37.6318393" lon="-107.8285323"><ele>2977.0</ele></trkpt><trkpt lat="37.6318159" lon="-107.8285615"><ele>2977.0</ele></trkpt><trkpt lat="37.6318155" lon="-107.8285863"><ele>2977.0</ele></trkpt><trkpt lat="37.6318151" lon="-107.8286111"><ele>2977.8859550653406</ele></trkpt><trkpt lat="37.631824" lon="-107.8286354"><ele>2978.0</ele></trkpt><trkpt lat="37.6318329" lon="-107.8286597"><ele>2978.0</ele></trkpt><trkpt lat="37.6318467" lon="-107.8286812"><ele>2978.0</ele></trkpt><trkpt lat="37.6318606" lon="-107.8287027"><ele>2978.0</ele></trkpt><trkpt lat="37.631876" lon="-107.8287221"><ele>2978.0520269879844</ele></trkpt><trkpt lat="37.6318915" lon="-107.8287416"><ele>2978.031359106478</ele></trkpt><trkpt lat="37.6319074" lon="-107.8287592"><ele>2978.0</ele></trkpt><trkpt lat="37.6319234" lon="-107.8287768"><ele>2978.0</ele></trkpt><trkpt lat="37.631939" lon="-107.8287947"><ele>2978.330815950233</ele></trkpt><trkpt lat="37.6319546" lon="-107.8288127"><ele>2978.0</ele></trkpt><trkpt lat="37.6319826" lon="-107.8288543"><ele>2978.3322878582403</ele></trkpt><trkpt lat="37.6319936" lon="-107.8288781"><ele>2978.6555654532003</ele></trkpt><trkpt lat="37.6320047" lon="-107.8289019"><ele>2979.0</ele></trkpt><trkpt lat="37.6320135" lon="-107.828927"><ele>2979.0</ele></trkpt><trkpt lat="37.6320224" lon="-107.8289521"><ele>2979.0</ele></trkpt><trkpt lat="37.63204" lon="-107.8290023"><ele>2979.1498903544425</ele></trkpt><trkpt lat="37.6320479" lon="-107.829027"><ele>2979.4971089005035</ele></trkpt><trkpt lat="37.6320559" lon="-107.8290518"><ele>2980.0</ele></trkpt><trkpt lat="37.6320609" lon="-107.8290748"><ele>2980.608332657721</ele></trkpt><trkpt lat="37.6320659" lon="-107.8290979"><ele>2981.0</ele></trkpt><trkpt lat="37.6320677" lon="-107.8291195"><ele>2981.0157796324706</ele></trkpt><trkpt lat="37.6320695" lon="-107.8291411"><ele>2981.6981366048567</ele></trkpt><trkpt lat="37.6320688" lon="-107.8291611"><ele>2982.0</ele></trkpt><trkpt lat="37.6320682" lon="-107.8291812"><ele>2982.0</ele></trkpt><trkpt lat="37.6320676" lon="-107.829198"><ele>2982.349868800491</ele></trkpt><trkpt lat="37.6320671" lon="-107.8292149"><ele>2983.0</ele></trkpt><trkpt lat="37.632068" lon="-107.8292269"><ele>2983.0</ele></trkpt><trkpt lat="37.6320689" lon="-107.8292389"><ele>2983.2437135799437</ele></trkpt><trkpt lat="37.6320717" lon="-107.8292465"><ele>2983.480438718362</ele></trkpt><trkpt lat="37.6320746" lon="-107.8292542"><ele>2983.5976450550756</ele></trkpt><trkpt lat="37.6320767" lon="-107.8292583"><ele>2983.57431516832</ele></trkpt><trkpt lat="37.6320789" lon="-107.8292624"><ele>2983.5871465605933</ele></trkpt><trkpt lat="37.6320799" lon="-107.8292723"><ele>2983.86966705554</ele></trkpt><trkpt lat="37.632081" lon="-107.8292822"><ele>2984.2738732085563</ele></trkpt><trkpt lat="37.6320735" lon="-107.8292923"><ele>2984.744567324873</ele></trkpt><trkpt lat="37.6320661" lon="-107.8293024"><ele>2985.0</ele></trkpt><trkpt lat="37.6320514" lon="-107.8293092"><ele>2985.0</ele></trkpt><trkpt lat="37.6320367" lon="-107.829316"><ele>2985.719211643369</ele></trkpt><trkpt lat="37.6320224" lon="-107.8293228"><ele>2986.0</ele></trkpt><trkpt lat="37.6320081" lon="-107.8293296"><ele>2986.0</ele></trkpt><trkpt lat="37.6319949" lon="-107.8293371"><ele>2986.2554158239473</ele></trkpt><trkpt lat="37.6319818" lon="-107.8293447"><ele>2987.0</ele></trkpt><trkpt lat="37.6319693" lon="-107.8293538"><ele>2987.0</ele></trkpt><trkpt lat="37.6319569" lon="-107.829363"><ele>2987.0</ele></trkpt><trkpt lat="37.6319438" lon="-107.8293751"><ele>2987.1245140040273</ele></trkpt><trkpt lat="37.6319308" lon="-107.8293873"><ele>2987.0653373027976</ele></trkpt><trkpt lat="37.6319164" lon="-107.8294017"><ele>2987.1454485364025</ele></trkpt><trkpt lat="37.631902" lon="-107.8294161"><ele>2987.8900209589156</ele></trkpt><trkpt lat="37.6318856" lon="-107.8294284"><ele>2988.0</ele></trkpt><trkpt lat="37.6318692" lon="-107.8294408"><ele>2988.0</ele></trkpt><trkpt lat="37.6318498" lon="-107.8294459"><ele>2988.0</ele></trkpt><trkpt lat="37.6318305" lon="-107.8294511"><ele>2988.0</ele></trkpt><trkpt lat="37.6318102" lon="-107.8294501"><ele>2988.0</ele></trkpt><trkpt lat="37.63179" lon="-107.8294491"><ele>2988.3455208924074</ele></trkpt><trkpt lat="37.6317691" lon="-107.8294464"><ele>2989.0</ele></trkpt><trkpt lat="37.6317483" lon="-107.8294438"><ele>2989.0</ele></trkpt><trkpt lat="37.6317268" lon="-107.8294407"><ele>2989.0</ele></trkpt><trkpt lat="37.6317054" lon="-107.8294376"><ele>2989.0</ele></trkpt><trkpt lat="37.6316843" lon="-107.8294367"><ele>2989.0</ele></trkpt><trkpt lat="37.6316632" lon="-107.8294358"><ele>2989.0</ele></trkpt><trkpt lat="37.6316447" lon="-107.8294421"><ele>2989.250886977614</ele></trkpt><trkpt lat="37.6316262" lon="-107.8294485"><ele>2989.9759850664996</ele></trkpt><trkpt lat="37.631615" lon="-107.8294613"><ele>2989.3794618309475</ele></trkpt><trkpt lat="37.6316038" lon="-107.8294741"><ele>2989.2518166884156</ele></trkpt><trkpt lat="37.6316022" lon="-107.8294922"><ele>2989.0</ele></trkpt><trkpt lat="37.6316007" lon="-107.8295104"><ele>2989.0</ele></trkpt><trkpt lat="37.6316078" lon="-107.8295315"><ele>2989.0</ele></trkpt><trkpt lat="37.631615" lon="-107.8295526"><ele>2989.0</ele></trkpt><trkpt lat="37.6316259" lon="-107.829575"><ele>2989.0</ele></trkpt><trkpt lat="37.6316369" lon="-107.8295975"><ele>2989.0</ele></trkpt><trkpt lat="37.6316491" lon="-107.8296191"><ele>2989.0</ele></trkpt><trkpt lat="37.6316614" lon="-107.8296408"><ele>2989.0</ele></trkpt><trkpt lat="37.6316749" lon="-107.8296602"><ele>2989.0</ele></trkpt><trkpt lat="37.6316885" lon="-107.8296797"><ele>2989.0</ele></trkpt><trkpt lat="37.6317014" lon="-107.8297008"><ele>2989.0</ele></trkpt><trkpt lat="37.6317144" lon="-107.8297219"><ele>2989.622437831884</ele></trkpt><trkpt lat="37.6317254" lon="-107.829744"><ele>2989.8292774580264</ele></trkpt><trkpt lat="37.6317365" lon="-107.8297661"><ele>2990.0</ele></trkpt><trkpt lat="37.6317462" lon="-107.8297864"><ele>2990.771296284627</ele></trkpt><trkpt lat="37.631756" lon="-107.8298067"><ele>2991.0</ele></trkpt><trkpt lat="37.631765" lon="-107.8298255"><ele>2991.4959317311823</ele></trkpt><trkpt lat="37.6317741" lon="-107.8298443"><ele>2991.628806249057</ele></trkpt><trkpt lat="37.6317824" lon="-107.8298621"><ele>2992.0</ele></trkpt><trkpt lat="37.6317907" lon="-107.8298799"><ele>2992.1287121060304</ele></trkpt><trkpt lat="37.631796" lon="-107.8298974"><ele>2992.944271217566</ele></trkpt><trkpt lat="37.6318013" lon="-107.8299149"><ele>2992.927829381195</ele></trkpt><trkpt lat="37.631801" lon="-107.8299334"><ele>2993.0</ele></trkpt><trkpt lat="37.6318007" lon="-107.829952"><ele>2993.35918628445</ele></trkpt><trkpt lat="37.6317964" lon="-107.8299701"><ele>2993.9918868131617</ele></trkpt><trkpt lat="37.6317921" lon="-107.8299882"><ele>2994.0</ele></trkpt><trkpt lat="37.6317846" lon="-107.8300051"><ele>2994.0</ele></trkpt><trkpt lat="37.6317772" lon="-107.830022"><ele>2994.7510520890355</ele></trkpt><trkpt lat="37.6317634" lon="-107.8300339"><ele>2995.0</ele></trkpt><trkpt lat="37.6317497" lon="-107.8300459"><ele>2995.0</ele></trkpt><trkpt lat="37.6317299" lon="-107.8300517"><ele>2995.0</ele></trkpt><trkpt lat="37.6317101" lon="-107.8300576"><ele>2995.039096858194</ele></trkpt><trkpt lat="37.6316883" lon="-107.830059"><ele>2995.5246229334734</ele></trkpt><trkpt lat="37.6316666" lon="-107.8300604"><ele>2995.4593782043085</ele></trkpt><trkpt lat="37.6316212" lon="-107.8300526"><ele>2995.0</ele></trkpt><trkpt lat="37.6315989" lon="-107.830044"><ele>2995.087238009758</ele></trkpt><trkpt lat="37.6315767" lon="-107.8300354"><ele>2995.0</ele></trkpt><trkpt lat="37.6315569" lon="-107.8300288"><ele>2995.0815134178847</ele></trkpt><trkpt lat="37.6315371" lon="-107.8300222"><ele>2995.819480693443</ele></trkpt><trkpt lat="37.6315226" lon="-107.8300261"><ele>2996.0</ele></trkpt><trkpt lat="37.6315082" lon="-107.83003"><ele>2996.0</ele></trkpt><trkpt lat="37.6314972" lon="-107.8300624"><ele>2996.0</ele></trkpt><trkpt lat="37.631501" lon="-107.8300838"><ele>2996.2341592404014</ele></trkpt><trkpt lat="37.6315049" lon="-107.8301052"><ele>2996.68103066153</ele></trkpt><trkpt lat="37.6315128" lon="-107.8301272"><ele>2996.8880244237575</ele></trkpt><trkpt lat="37.6315208" lon="-107.8301492"><ele>2997.0</ele></trkpt><trkpt lat="37.631531" lon="-107.8301703"><ele>2997.0</ele></trkpt><trkpt lat="37.6315413" lon="-107.8301914"><ele>2997.0</ele></trkpt><trkpt lat="37.6315535" lon="-107.8302119"><ele>2997.0</ele></trkpt><trkpt lat="37.6315657" lon="-107.8302325"><ele>2997.0</ele></trkpt><trkpt lat="37.6315783" lon="-107.830252"><ele>2997.0</ele></trkpt><trkpt lat="37.6315909" lon="-107.8302715"><ele>2997.0</ele></trkpt><trkpt lat="37.6316041" lon="-107.830291"><ele>2997.0</ele></trkpt><trkpt lat="37.6316174" lon="-107.8303105"><ele>2997.0</ele></trkpt><trkpt lat="37.6316462" lon="-107.8303507"><ele>2996.8265530187637</ele></trkpt><trkpt lat="37.6316604" lon="-107.8303726"><ele>2996.0901963380165</ele></trkpt><trkpt lat="37.6316747" lon="-107.8303945"><ele>2997.0</ele></trkpt><trkpt lat="37.6316873" lon="-107.8304191"><ele>2996.407974496484</ele></trkpt><trkpt lat="37.6317" lon="-107.8304437"><ele>2996.4036964979023</ele></trkpt><trkpt lat="37.6317107" lon="-107.8304669"><ele>2997.0</ele></trkpt><trkpt lat="37.6317215" lon="-107.8304902"><ele>2997.570753565058</ele></trkpt><trkpt lat="37.6317341" lon="-107.8305072"><ele>2998.0</ele></trkpt><trkpt lat="37.6317467" lon="-107.8305243"><ele>2998.0</ele></trkpt><trkpt lat="37.6317639" lon="-107.8305365"><ele>2998.0</ele></trkpt><trkpt lat="37.6317812" lon="-107.8305488"><ele>2998.0</ele></trkpt><trkpt lat="37.6318024" lon="-107.8305592"><ele>2997.712788481239</ele></trkpt><trkpt lat="37.6318236" lon="-107.8305696"><ele>2997.0</ele></trkpt><trkpt lat="37.6318459" lon="-107.8305815"><ele>2997.0</ele></trkpt><trkpt lat="37.6318682" lon="-107.8305934"><ele>2997.0</ele></trkpt><trkpt lat="37.631891" lon="-107.8306072"><ele>2997.0</ele></trkpt><trkpt lat="37.6319139" lon="-107.8306211"><ele>2997.0</ele></trkpt><trkpt lat="37.6319369" lon="-107.8306367"><ele>2996.8314430763808</ele></trkpt><trkpt lat="37.63196" lon="-107.8306524"><ele>2996.443593788096</ele></trkpt><trkpt lat="37.6319805" lon="-107.8306705"><ele>2996.1501205570694</ele></trkpt><trkpt lat="37.6320011" lon="-107.8306887"><ele>2996.0</ele></trkpt><trkpt lat="37.6320163" lon="-107.8307044"><ele>2996.0</ele></trkpt><trkpt lat="37.6320316" lon="-107.8307201"><ele>2996.0</ele></trkpt><trkpt lat="37.632047" lon="-107.8307357"><ele>2995.9881171905436</ele></trkpt><trkpt lat="37.6320624" lon="-107.8307513"><ele>2995.0873931890605</ele></trkpt><trkpt lat="37.6320777" lon="-107.8307686"><ele>2995.0</ele></trkpt><trkpt lat="37.632093" lon="-107.830786"><ele>2995.0</ele></trkpt><trkpt lat="37.6321043" lon="-107.8308101"><ele>2995.0</ele></trkpt><trkpt lat="37.6321156" lon="-107.8308342"><ele>2995.0</ele></trkpt><trkpt lat="37.6321212" lon="-107.8308656"><ele>2995.00823856681</ele></trkpt><trkpt lat="37.6321269" lon="-107.830897"><ele>2995.7460858968698</ele></trkpt><trkpt lat="37.6321224" lon="-107.830919"><ele>2996.0</ele></trkpt><trkpt lat="37.6321179" lon="-107.8309411"><ele>2996.0</ele></trkpt><trkpt lat="37.6321135" lon="-107.8309632"><ele>2996.0</ele></trkpt><trkpt lat="37.63210434308567" lon="-107.83098946951017"><ele>2996.0</ele></trkpt><trkpt lat="37.63218" lon="-107.83103"><ele>2995.3013397746417</ele></trkpt><trkpt lat="37.63246" lon="-107.83110999999997"><ele>2994.4555271100253</ele></trkpt><trkpt lat="37.63297" lon="-107.83100999999999"><ele>2993.0</ele></trkpt><trkpt lat="37.63318114453477" lon="-107.83100999999999"><ele>2991.0</ele></trkpt><trkpt lat="37.633221062199375" lon="-107.8310117212838"><ele>2991.0</ele></trkpt><trkpt lat="37.633221" lon="-107.83101199999999"><ele>2991.0</ele></trkpt><trkpt lat="37.633794" lon="-107.831547"><ele>2991.0</ele></trkpt><trkpt lat="37.634442" lon="-107.83201300000002"><ele>2997.0</ele></trkpt><trkpt lat="37.634928" lon="-107.83191799999997"><ele>2999.033216206533</ele></trkpt><trkpt lat="37.635615" lon="-107.83161000000001"><ele>2997.0</ele></trkpt><trkpt lat="37.635804" lon="-107.831477"><ele>2996.0</ele></trkpt><trkpt lat="37.636203" lon="-107.83105699999999"><ele>2993.6680744439363</ele></trkpt><trkpt lat="37.636984" lon="-107.83020999999997"><ele>2989.0</ele></trkpt><trkpt lat="37.637555" lon="-107.829678"><ele>2985.3542151875467</ele></trkpt><trkpt lat="37.63796" lon="-107.82957299999998"><ele>2983.1738645341247</ele></trkpt><trkpt lat="37.638544" lon="-107.82964600000003"><ele>2981.0</ele></trkpt><trkpt lat="37.638942" lon="-107.82952499999999"><ele>2982.0</ele></trkpt><trkpt lat="37.639063" lon="-107.829455"><ele>2983.0</ele></trkpt><trkpt lat="37.639153" lon="-107.82930799999997"><ele>2983.0</ele></trkpt><trkpt lat="37.639373" lon="-107.82880899999998"><ele>2985.0</ele></trkpt><trkpt lat="37.639568" lon="-107.82862799999998"><ele>2985.078331194034</ele></trkpt><trkpt lat="37.639788" lon="-107.82861600000001"><ele>2986.0</ele></trkpt><trkpt lat="37.639995" lon="-107.82866999999999"><ele>2986.0</ele></trkpt><trkpt lat="37.640172" lon="-107.82888700000001"><ele>2988.0</ele></trkpt><trkpt lat="37.640294" lon="-107.82916"><ele>2989.0</ele></trkpt><trkpt lat="37.640615" lon="-107.829748"><ele>2990.0179972533024</ele></trkpt><trkpt lat="37.640975" lon="-107.830239"><ele>2992.172118952498</ele></trkpt><trkpt lat="37.641115" lon="-107.83030300000001"><ele>2993.0</ele></trkpt><trkpt lat="37.641344" lon="-107.830308"><ele>2992.9203818663955</ele></trkpt><trkpt lat="37.64146" lon="-107.83038099999999"><ele>2993.3449640354725</ele></trkpt><trkpt lat="37.641569" lon="-107.83044799999999"><ele>2994.0</ele></trkpt><trkpt lat="37.641841" lon="-107.83074199999999"><ele>2996.0</ele></trkpt><trkpt lat="37.641957" lon="-107.83117600000003"><ele>2998.513657095319</ele></trkpt><trkpt lat="37.642007" lon="-107.83186899999998"><ele>3002.0</ele></trkpt><trkpt lat="37.642088" lon="-107.83289400000001"><ele>3007.0</ele></trkpt><trkpt lat="37.642071" lon="-107.83328599999999"><ele>3009.0</ele></trkpt><trkpt lat="37.642003" lon="-107.83374700000002"><ele>3012.0</ele></trkpt><trkpt lat="37.642019" lon="-107.83406400000001"><ele>3014.0</ele></trkpt><trkpt lat="37.64244" lon="-107.83510899999999"><ele>3020.0</ele></trkpt><trkpt lat="37.642466" lon="-107.83569999999997"><ele>3023.0</ele></trkpt><trkpt lat="37.642249" lon="-107.837647"><ele>3034.0</ele></trkpt><trkpt lat="37.642241" lon="-107.83821499999999"><ele>3037.0</ele></trkpt><trkpt lat="37.642423" lon="-107.839133"><ele>3041.0</ele></trkpt><trkpt lat="37.642975" lon="-107.841568"><ele>3054.0</ele></trkpt><trkpt lat="37.643137" lon="-107.842105"><ele>3057.357086537062</ele></trkpt><trkpt lat="37.643591" lon="-107.84287699999999"><ele>3062.0</ele></trkpt><trkpt lat="37.644156" lon="-107.84398199999998"><ele>3070.0</ele></trkpt><trkpt lat="37.644466" lon="-107.844449"><ele>3072.062194156594</ele></trkpt><trkpt lat="37.644853" lon="-107.845436"><ele>3076.0</ele></trkpt><trkpt lat="37.644976" lon="-107.84564499999999"><ele>3077.0</ele></trkpt><trkpt lat="37.645104" lon="-107.845594"><ele>3078.0</ele></trkpt><trkpt lat="37.645162" lon="-107.84557000000001"><ele>3079.0</ele></trkpt><trkpt lat="37.645237" lon="-107.84544"><ele>3079.013209182769</ele></trkpt><trkpt lat="37.645228" lon="-107.84521999999998"><ele>3080.0</ele></trkpt><trkpt lat="37.64515" lon="-107.84493900000001"><ele>3081.0</ele></trkpt><trkpt lat="37.64508" lon="-107.84463499999998"><ele>3082.0</ele></trkpt><trkpt lat="37.645062" lon="-107.84428400000002"><ele>3083.0</ele></trkpt><trkpt lat="37.645136" lon="-107.843297"><ele>3089.0</ele></trkpt><trkpt lat="37.645101" lon="-107.842964"><ele>3091.0</ele></trkpt><trkpt lat="37.644998" lon="-107.84262100000001"><ele>3093.0</ele></trkpt><trkpt lat="37.644838" lon="-107.84235899999999"><ele>3095.0</ele></trkpt><trkpt lat="37.644479" lon="-107.841835"><ele>3099.7232462218963</ele></trkpt><trkpt lat="37.644328" lon="-107.84147000000002"><ele>3101.357515061827</ele></trkpt><trkpt lat="37.644263" lon="-107.84093000000001"><ele>3105.0</ele></trkpt><trkpt lat="37.644263" lon="-107.839991"><ele>3110.0</ele></trkpt><trkpt lat="37.644319" lon="-107.83959299999998"><ele>3112.0</ele></trkpt><trkpt lat="37.644462" lon="-107.83909699999998"><ele>3115.0</ele></trkpt><trkpt lat="37.644468" lon="-107.83908099999996"><ele>3115.0</ele></trkpt><trkpt lat="37.644583" lon="-107.838775"><ele>3117.0</ele></trkpt><trkpt lat="37.644764" lon="-107.83848599999999"><ele>3119.0</ele></trkpt><trkpt lat="37.645857" lon="-107.83709499999998"><ele>3129.623256890103</ele></trkpt><trkpt lat="37.646764" lon="-107.83597099999997"><ele>3138.0</ele></trkpt><trkpt lat="37.647161" lon="-107.83535499999999"><ele>3141.0</ele></trkpt><trkpt lat="37.648277" lon="-107.83299899999997"><ele>3157.0</ele></trkpt><trkpt lat="37.648548" lon="-107.83273700000001"><ele>3159.0</ele></trkpt><trkpt lat="37.6511" lon="-107.83068600000001"><ele>3178.0</ele></trkpt><trkpt lat="37.651394" lon="-107.83050600000001"><ele>3180.0</ele></trkpt><trkpt lat="37.651696" lon="-107.83040199999999"><ele>3182.0</ele></trkpt><trkpt lat="37.652271" lon="-107.83035799999999"><ele>3186.0</ele></trkpt><trkpt lat="37.654853" lon="-107.82953500000002"><ele>3203.0</ele></trkpt><trkpt lat="37.655376" lon="-107.82950199999999"><ele>3206.0</ele></trkpt><trkpt lat="37.655583" lon="-107.82960600000001"><ele>3207.0</ele></trkpt><trkpt lat="37.656485" lon="-107.830375"><ele>3211.0</ele></trkpt><trkpt lat="37.656731" lon="-107.83041800000001"><ele>3213.0</ele></trkpt><trkpt lat="37.65718" lon="-107.830423"><ele>3214.0</ele></trkpt><trkpt lat="37.6572" lon="-107.83038399999998"><ele>3214.0</ele></trkpt><trkpt lat="37.657431" lon="-107.83045700000002"><ele>3214.0</ele></trkpt><trkpt lat="37.657543" lon="-107.83052800000002"><ele>3214.0</ele></trkpt><trkpt lat="37.658242" lon="-107.831234"><ele>3216.120632060095</ele></trkpt><trkpt lat="37.658519" lon="-107.83180900000002"><ele>3219.005599980718</ele></trkpt><trkpt lat="37.658977" lon="-107.83230000000003"><ele>3221.131143078208</ele></trkpt><trkpt lat="37.659633" lon="-107.83269899999999"><ele>3221.0</ele></trkpt><trkpt lat="37.659957" lon="-107.83297099999999"><ele>3221.097137673947</ele></trkpt><trkpt lat="37.660653" lon="-107.83337499999999"><ele>3222.0</ele></trkpt><trkpt lat="37.66134" lon="-107.833751"><ele>3221.0592262780388</ele></trkpt><trkpt lat="37.661482" lon="-107.83394199999998"><ele>3221.0</ele></trkpt><trkpt lat="37.661931" lon="-107.83502799999997"><ele>3217.0</ele></trkpt><trkpt lat="37.66206" lon="-107.83573100000001"><ele>3216.0</ele></trkpt><trkpt lat="37.662134" lon="-107.83600899999999"><ele>3215.3678963463753</ele></trkpt><trkpt lat="37.662324" lon="-107.836479"><ele>3215.0</ele></trkpt><trkpt lat="37.662768" lon="-107.83733000000001"><ele>3212.0</ele></trkpt><trkpt lat="37.663217" lon="-107.83796799999999"><ele>3210.0375627638123</ele></trkpt><trkpt lat="37.663498" lon="-107.838529"><ele>3209.2059868443757</ele></trkpt><trkpt lat="37.663977" lon="-107.83889499999998"><ele>3206.0</ele></trkpt><trkpt lat="37.664435" lon="-107.839609"><ele>3206.486641741655</ele></trkpt><trkpt lat="37.664768" lon="-107.84025300000002"><ele>3203.8508893712424</ele></trkpt><trkpt lat="37.66485" lon="-107.84030200000001"><ele>3203.0</ele></trkpt><trkpt lat="37.665027" lon="-107.84024799999997"><ele>3202.317193243187</ele></trkpt><trkpt lat="37.665255" lon="-107.840079"><ele>3202.4412224004045</ele></trkpt><trkpt lat="37.665653" lon="-107.84005100000002"><ele>3199.1363278226927</ele></trkpt><trkpt lat="37.665778" lon="-107.83998600000001"><ele>3199.0</ele></trkpt><trkpt lat="37.665833" lon="-107.83983899999998"><ele>3199.0</ele></trkpt><trkpt lat="37.6658" lon="-107.83870300000001"><ele>3203.0</ele></trkpt><trkpt lat="37.665808" lon="-107.838458"><ele>3202.0</ele></trkpt><trkpt lat="37.666084" lon="-107.83818300000001"><ele>3199.0</ele></trkpt><trkpt lat="37.66614" lon="-107.83801800000003"><ele>3198.0</ele></trkpt><trkpt lat="37.666214" lon="-107.837603"><ele>3195.042528434955</ele></trkpt><trkpt lat="37.666214" lon="-107.83759600000002"><ele>3195.0</ele></trkpt><trkpt lat="37.666196" lon="-107.83727199999998"><ele>3194.0</ele></trkpt><trkpt lat="37.666301" lon="-107.83660299999997"><ele>3192.0</ele></trkpt><trkpt lat="37.666622" lon="-107.83539100000002"><ele>3189.0</ele></trkpt><trkpt lat="37.66677" lon="-107.83502299999998"><ele>3188.0</ele></trkpt><trkpt lat="37.666796" lon="-107.83436"><ele>3186.0</ele></trkpt><trkpt lat="37.666922" lon="-107.833751"><ele>3184.0</ele></trkpt><trkpt lat="37.667043" lon="-107.83359200000001"><ele>3184.0</ele></trkpt><trkpt lat="37.667239" lon="-107.83356400000002"><ele>3183.0</ele></trkpt><trkpt lat="37.667404" lon="-107.833575"><ele>3183.0</ele></trkpt><trkpt lat="37.667703" lon="-107.83376699999997"><ele>3181.0</ele></trkpt><trkpt lat="37.66796" lon="-107.83400899999998"><ele>3179.0</ele></trkpt><trkpt lat="37.668598" lon="-107.83414600000003"><ele>3178.0</ele></trkpt><trkpt lat="37.668789" lon="-107.83424400000001"><ele>3178.0</ele></trkpt><trkpt lat="37.669088" lon="-107.83476000000002"><ele>3174.0</ele></trkpt><trkpt lat="37.669353" lon="-107.83495800000003"><ele>3173.3622714672238</ele></trkpt><trkpt lat="37.670391" lon="-107.83546799999999"><ele>3171.0</ele></trkpt><trkpt lat="37.671094" lon="-107.83606600000002"><ele>3167.3618966346994</ele></trkpt><trkpt lat="37.671428" lon="-107.836431"><ele>3167.708114881825</ele></trkpt><trkpt lat="37.671806" lon="-107.83699200000001"><ele>3164.0</ele></trkpt><trkpt lat="37.672353" lon="-107.83790299999998"><ele>3162.0</ele></trkpt><trkpt lat="37.672496" lon="-107.83860500000003"><ele>3159.0783926305976</ele></trkpt><trkpt lat="37.67254" lon="-107.83904899999999"><ele>3158.0</ele></trkpt><trkpt lat="37.672544" lon="-107.83945"><ele>3157.0</ele></trkpt><trkpt lat="37.67243" lon="-107.840037"><ele>3155.0</ele></trkpt><trkpt lat="37.672414" lon="-107.84038800000002"><ele>3153.021996973981</ele></trkpt><trkpt lat="37.672462" lon="-107.84088099999997"><ele>3152.0</ele></trkpt><trkpt lat="37.672739" lon="-107.84145899999999"><ele>3151.0</ele></trkpt><trkpt lat="37.672974" lon="-107.84223099999997"><ele>3150.0</ele></trkpt><trkpt lat="37.673" lon="-107.842532"><ele>3149.0</ele></trkpt><trkpt lat="37.672887" lon="-107.84302000000002"><ele>3146.6434081296125</ele></trkpt><trkpt lat="37.672609" lon="-107.84360200000003"><ele>3146.0</ele></trkpt><trkpt lat="37.67247" lon="-107.84381000000002"><ele>3145.0</ele></trkpt><trkpt lat="37.672358" lon="-107.84421099999997"><ele>3143.0</ele></trkpt><trkpt lat="37.6722" lon="-107.844426"><ele>3142.0</ele></trkpt><trkpt lat="37.67211" lon="-107.84461099999999"><ele>3141.0</ele></trkpt><trkpt lat="37.672023" lon="-107.84485799999999"><ele>3140.0</ele></trkpt><trkpt lat="37.671923" lon="-107.84567500000003"><ele>3138.0481711868197</ele></trkpt><trkpt lat="37.671915" lon="-107.84713399999998"><ele>3135.0</ele></trkpt><trkpt lat="37.671802" lon="-107.84731"><ele>3135.0</ele></trkpt><trkpt lat="37.67175" lon="-107.84763299999997"><ele>3132.6299504179538</ele></trkpt><trkpt lat="37.671502" lon="-107.84817099999998"><ele>3130.908734704143</ele></trkpt><trkpt lat="37.671315" lon="-107.84851100000003"><ele>3129.599096175749</ele></trkpt><trkpt lat="37.671285" lon="-107.84860400000002"><ele>3129.0</ele></trkpt><trkpt lat="37.671368" lon="-107.84869700000002"><ele>3130.0</ele></trkpt><trkpt lat="37.671489" lon="-107.84867600000001"><ele>3130.0904611567967</ele></trkpt><trkpt lat="37.671724" lon="-107.84859899999998"><ele>3133.737103425432</ele></trkpt><trkpt lat="37.67191" lon="-107.84857699999998"><ele>3134.3878584209174</ele></trkpt><trkpt lat="37.672127" lon="-107.84882399999998"><ele>3135.0365688921956</ele></trkpt><trkpt lat="37.672288" lon="-107.84884"><ele>3134.0</ele></trkpt><trkpt lat="37.672562" lon="-107.84875799999998"><ele>3135.0</ele></trkpt><trkpt lat="37.672766" lon="-107.848456"><ele>3137.58635016717</ele></trkpt><trkpt lat="37.672905" lon="-107.848253"><ele>3139.2906601299555</ele></trkpt><trkpt lat="37.67307" lon="-107.84816000000001"><ele>3139.0431182230823</ele></trkpt><trkpt lat="37.673239" lon="-107.848165"><ele>3139.2761351112276</ele></trkpt><trkpt lat="37.673421" lon="-107.84859899999998"><ele>3142.4256392420893</ele></trkpt><trkpt lat="37.673443" lon="-107.848818"><ele>3144.0</ele></trkpt><trkpt lat="37.673443" lon="-107.849043"><ele>3144.0</ele></trkpt><trkpt lat="37.673495" lon="-107.84912500000002"><ele>3144.0</ele></trkpt><trkpt lat="37.673647" lon="-107.84908100000001"><ele>3144.980967461764</ele></trkpt><trkpt lat="37.673829" lon="-107.84894400000002"><ele>3146.174931202084</ele></trkpt><trkpt lat="37.673986" lon="-107.8485"><ele>3143.0</ele></trkpt><trkpt lat="37.674363" lon="-107.84801700000003"><ele>3142.99559324421</ele></trkpt><trkpt lat="37.674442" lon="-107.84769900000003"><ele>3142.1499600190605</ele></trkpt><trkpt lat="37.674572" lon="-107.84751799999998"><ele>3141.1141842327897</ele></trkpt><trkpt lat="37.67521" lon="-107.84732099999997"><ele>3137.0</ele></trkpt><trkpt lat="37.6759" lon="-107.84709599999996"><ele>3135.0531694381525</ele></trkpt><trkpt lat="37.676183" lon="-107.84702500000003"><ele>3135.0</ele></trkpt><trkpt lat="37.676799" lon="-107.847014"><ele>3134.0</ele></trkpt><trkpt lat="37.676946" lon="-107.847151"><ele>3133.9856501011877</ele></trkpt><trkpt lat="37.677294" lon="-107.84769399999999"><ele>3132.2615518294</ele></trkpt><trkpt lat="37.677411" lon="-107.84773200000001"><ele>3133.0</ele></trkpt><trkpt lat="37.677498" lon="-107.84764999999999"><ele>3133.0577160278503</ele></trkpt><trkpt lat="37.677658" lon="-107.84733699999998"><ele>3135.0</ele></trkpt><trkpt lat="37.677975" lon="-107.847036"><ele>3136.0</ele></trkpt><trkpt lat="37.678092" lon="-107.84672799999998"><ele>3137.0</ele></trkpt><trkpt lat="37.678374" lon="-107.846542"><ele>3136.0</ele></trkpt><trkpt lat="37.678618" lon="-107.84648700000002"><ele>3137.0</ele></trkpt><trkpt lat="37.679499" lon="-107.84655800000002"><ele>3139.0</ele></trkpt><trkpt lat="37.679859" lon="-107.84669500000001"><ele>3139.0</ele></trkpt><trkpt lat="37.680671" lon="-107.847107"><ele>3141.0</ele></trkpt><trkpt lat="37.6815" lon="-107.84764999999999"><ele>3143.0</ele></trkpt><trkpt lat="37.681613" lon="-107.847847"><ele>3143.0</ele></trkpt><trkpt lat="37.68173" lon="-107.847869"><ele>3143.6928250383626</ele></trkpt><trkpt lat="37.681865" lon="-107.847803"><ele>3144.1448925765744</ele></trkpt><trkpt lat="37.682954" lon="-107.84792099999999"><ele>3147.0</ele></trkpt><trkpt lat="37.68321" lon="-107.84812099999999"><ele>3147.0</ele></trkpt><trkpt lat="37.683336" lon="-107.84810500000003"><ele>3148.9892261350656</ele></trkpt><trkpt lat="37.683679" lon="-107.84795700000001"><ele>3150.0</ele></trkpt><trkpt lat="37.683888" lon="-107.84802300000001"><ele>3151.0</ele></trkpt><trkpt lat="37.684261" lon="-107.84832399999999"><ele>3156.3721443545073</ele></trkpt><trkpt lat="37.684747" lon="-107.84875799999998"><ele>3158.9119381322525</ele></trkpt><trkpt lat="37.685012" lon="-107.84917999999999"><ele>3161.187872478249</ele></trkpt><trkpt lat="37.685164" lon="-107.849646"><ele>3164.0</ele></trkpt><trkpt lat="37.685294" lon="-107.85038099999997"><ele>3167.0</ele></trkpt><trkpt lat="37.685368" lon="-107.85061200000001"><ele>3167.7530028888777</ele></trkpt><trkpt lat="37.685337" lon="-107.85109999999997"><ele>3169.1859211381525</ele></trkpt><trkpt lat="37.68542" lon="-107.85169200000001"><ele>3173.8945281784563</ele></trkpt><trkpt lat="37.685693" lon="-107.85204299999998"><ele>3175.0</ele></trkpt><trkpt lat="37.685681" lon="-107.85230100000001"><ele>3174.0</ele></trkpt><trkpt lat="37.685745" lon="-107.85252600000001"><ele>3175.831957409624</ele></trkpt><trkpt lat="37.686054" lon="-107.85279500000001"><ele>3168.96435208398</ele></trkpt><trkpt lat="37.68608" lon="-107.85293200000001"><ele>3168.8126002750605</ele></trkpt><trkpt lat="37.685993" lon="-107.85322500000001"><ele>3166.554731665179</ele></trkpt><trkpt lat="37.686036" lon="-107.85338200000001"><ele>3167.0091309366844</ele></trkpt><trkpt lat="37.686153" lon="-107.85368299999999"><ele>3170.2644628761336</ele></trkpt><trkpt lat="37.68631" lon="-107.85382600000003"><ele>3165.1999851278747</ele></trkpt><trkpt lat="37.686462" lon="-107.85378700000001"><ele>3171.3447476867586</ele></trkpt><trkpt lat="37.686614" lon="-107.85357399999998"><ele>3168.359345161252</ele></trkpt><trkpt lat="37.686726" lon="-107.85334899999998"><ele>3166.9487113538107</ele></trkpt><trkpt lat="37.687116" lon="-107.852529"><ele>3170.6532757338136</ele></trkpt><trkpt lat="37.687711" lon="-107.852126"><ele>3169.0</ele></trkpt><trkpt lat="37.688428" lon="-107.85157200000003"><ele>3171.0</ele></trkpt><trkpt lat="37.689084" lon="-107.851609"><ele>3173.0</ele></trkpt><trkpt lat="37.689623" lon="-107.85146400000002"><ele>3174.0</ele></trkpt><trkpt lat="37.691382" lon="-107.85146400000002"><ele>3179.811067873612</ele></trkpt><trkpt lat="37.691962" lon="-107.85136399999999"><ele>3182.3603406222537</ele></trkpt><trkpt lat="37.69245" lon="-107.85127999999997"><ele>3184.0</ele></trkpt><trkpt lat="37.692748" lon="-107.85133400000001"><ele>3185.972072010925</ele></trkpt><trkpt lat="37.692919" lon="-107.85117200000002"><ele>3188.1366955167778</ele></trkpt><trkpt lat="37.692996" lon="-107.85088100000002"><ele>3189.149090843275</ele></trkpt><trkpt lat="37.692902" lon="-107.85063300000002"><ele>3192.0</ele></trkpt><trkpt lat="37.692928" lon="-107.85047099999997"><ele>3192.0</ele></trkpt><trkpt lat="37.692823" lon="-107.84995000000004"><ele>3196.0</ele></trkpt><trkpt lat="37.692987" lon="-107.84947699999998"><ele>3200.0</ele></trkpt><trkpt lat="37.693754" lon="-107.849085"><ele>3211.076952009444</ele></trkpt><trkpt lat="37.694265" lon="-107.84922399999999"><ele>3213.0</ele></trkpt><trkpt lat="37.694985" lon="-107.84975400000002"><ele>3215.9935058158044</ele></trkpt><trkpt lat="37.695204" lon="-107.85006599999997"><ele>3218.0</ele></trkpt><trkpt lat="37.695469" lon="-107.85034200000001"><ele>3220.8700386087</ele></trkpt><trkpt lat="37.695898" lon="-107.85049200000003"><ele>3223.0</ele></trkpt><trkpt lat="37.696391" lon="-107.85051499999997"><ele>3222.0</ele></trkpt><trkpt lat="37.696893" lon="-107.85034200000001"><ele>3223.2820460692064</ele></trkpt><trkpt lat="37.697294" lon="-107.85026199999999"><ele>3224.0</ele></trkpt><trkpt lat="37.697905" lon="-107.85027300000002"><ele>3220.52061409614</ele></trkpt><trkpt lat="37.698197" lon="-107.85049200000003"><ele>3219.0</ele></trkpt><trkpt lat="37.698279" lon="-107.85081500000001"><ele>3216.224913777318</ele></trkpt><trkpt lat="37.698334" lon="-107.851542"><ele>3213.0</ele></trkpt><trkpt lat="37.698216" lon="-107.85268300000001"><ele>3209.6918764468282</ele></trkpt><trkpt lat="37.698672" lon="-107.85367500000001"><ele>3212.894607211929</ele></trkpt><trkpt lat="37.699423" lon="-107.85414800000001"><ele>3202.0</ele></trkpt><trkpt lat="37.699789" lon="-107.85486800000001"><ele>3200.042803434655</ele></trkpt><trkpt lat="37.699767" lon="-107.85562400000003"><ele>3199.3386082220823</ele></trkpt><trkpt lat="37.700205" lon="-107.85647699999998"><ele>3195.0</ele></trkpt><trkpt lat="37.700755" lon="-107.85801900000001"><ele>3187.0</ele></trkpt><trkpt lat="37.700757" lon="-107.85840100000001"><ele>3185.0</ele></trkpt><trkpt lat="37.70088" lon="-107.85909500000002"><ele>3184.0</ele></trkpt><trkpt lat="37.700938" lon="-107.85942699999998"><ele>3182.0</ele></trkpt><trkpt lat="37.701205" lon="-107.85987499999999"><ele>3178.0</ele></trkpt><trkpt lat="37.701434" lon="-107.86031100000002"><ele>3173.1508561689407</ele></trkpt><trkpt lat="37.701646" lon="-107.86049700000001"><ele>3172.6564056753355</ele></trkpt><trkpt lat="37.701859" lon="-107.86036899999999"><ele>3173.0</ele></trkpt><trkpt lat="37.702075" lon="-107.85972700000002"><ele>3177.0</ele></trkpt><trkpt lat="37.702555" lon="-107.85914500000001"><ele>3181.0</ele></trkpt><trkpt lat="37.703081" lon="-107.85806200000002"><ele>3184.0</ele></trkpt><trkpt lat="37.703251" lon="-107.857482"><ele>3184.934737275018</ele></trkpt><trkpt lat="37.703542" lon="-107.85665799999998"><ele>3189.0</ele></trkpt><trkpt lat="37.703936" lon="-107.8562"><ele>3191.4296642331374</ele></trkpt><trkpt lat="37.704247" lon="-107.85597100000001"><ele>3193.5086230173642</ele></trkpt><trkpt lat="37.704579" lon="-107.85520400000001"><ele>3195.0</ele></trkpt><trkpt lat="37.7046" lon="-107.85504700000001"><ele>3194.0</ele></trkpt><trkpt lat="37.704434" lon="-107.85484400000001"><ele>3193.0</ele></trkpt><trkpt lat="37.70447" lon="-107.85424799999998"><ele>3192.0</ele></trkpt><trkpt lat="37.704833" lon="-107.85360600000001"><ele>3191.0</ele></trkpt><trkpt lat="37.705142" lon="-107.85357599999998"><ele>3192.447012266144</ele></trkpt><trkpt lat="37.705589" lon="-107.85342800000001"><ele>3193.0</ele></trkpt><trkpt lat="37.705669" lon="-107.85305800000003"><ele>3194.0</ele></trkpt><trkpt lat="37.705749" lon="-107.85208699999998"><ele>3197.016658000648</ele></trkpt><trkpt lat="37.705774" lon="-107.85092099999997"><ele>3194.0</ele></trkpt><trkpt lat="37.705416" lon="-107.85045600000001"><ele>3191.0</ele></trkpt><trkpt lat="37.705451" lon="-107.84977400000002"><ele>3186.603151588191</ele></trkpt><trkpt lat="37.705922" lon="-107.84945900000002"><ele>3183.701286157707</ele></trkpt><trkpt lat="37.706202" lon="-107.84877399999999"><ele>3179.0</ele></trkpt><trkpt lat="37.706222" lon="-107.84851900000001"><ele>3178.0</ele></trkpt><trkpt lat="37.70651" lon="-107.84848699999998"><ele>3178.282422754448</ele></trkpt><trkpt lat="37.707049" lon="-107.84878700000002"><ele>3173.107012838657</ele></trkpt><trkpt lat="37.707487" lon="-107.849131"><ele>3171.0</ele></trkpt><trkpt lat="37.708037" lon="-107.849309"><ele>3167.0</ele></trkpt><trkpt lat="37.708233" lon="-107.84955100000002"><ele>3165.0</ele></trkpt><trkpt lat="37.708727" lon="-107.85032799999999"><ele>3161.0</ele></trkpt><trkpt lat="37.708747" lon="-107.85110600000002"><ele>3157.1288409431068</ele></trkpt><trkpt lat="37.70905" lon="-107.85181299999999"><ele>3156.8189881984144</ele></trkpt><trkpt lat="37.709297" lon="-107.85251299999999"><ele>3151.0</ele></trkpt><trkpt lat="37.709256" lon="-107.85323299999999"><ele>3148.0</ele></trkpt><trkpt lat="37.709397" lon="-107.854106"><ele>3145.0927507318556</ele></trkpt><trkpt lat="37.709438" lon="-107.85472400000003"><ele>3142.0</ele></trkpt><trkpt lat="37.709549" lon="-107.85477500000002"><ele>3142.0</ele></trkpt><trkpt lat="37.709619" lon="-107.85464100000002"><ele>3142.0</ele></trkpt><trkpt lat="37.710194" lon="-107.85362800000001"><ele>3155.0</ele></trkpt><trkpt lat="37.71038" lon="-107.853635"><ele>3157.0</ele></trkpt><trkpt lat="37.710518" lon="-107.85389600000002"><ele>3158.0</ele></trkpt><trkpt lat="37.710688" lon="-107.854195"><ele>3160.0</ele></trkpt><trkpt lat="37.710975" lon="-107.85438599999998"><ele>3164.0</ele></trkpt><trkpt lat="37.711288" lon="-107.854355"><ele>3167.0</ele></trkpt><trkpt lat="37.711388" lon="-107.85411799999997"><ele>3168.0</ele></trkpt><trkpt lat="37.711524" lon="-107.85319500000003"><ele>3173.0</ele></trkpt><trkpt lat="37.711817" lon="-107.85297200000002"><ele>3176.0</ele></trkpt><trkpt lat="37.71227" lon="-107.85286000000002"><ele>3182.0</ele></trkpt><trkpt lat="37.712313" lon="-107.85272600000002"><ele>3180.0</ele></trkpt><trkpt lat="37.71229" lon="-107.85263900000001"><ele>3178.0</ele></trkpt><trkpt lat="37.712162" lon="-107.85250400000001"><ele>3175.0</ele></trkpt><trkpt lat="37.71199" lon="-107.85222299999998"><ele>3169.2583615095173</ele></trkpt><trkpt lat="37.711831" lon="-107.85206499999998"><ele>3166.0</ele></trkpt><trkpt lat="37.711701" lon="-107.85179700000003"><ele>3160.3416082155154</ele></trkpt><trkpt lat="37.711681" lon="-107.85170199999999"><ele>3159.0</ele></trkpt><trkpt lat="37.711691" lon="-107.85161900000003"><ele>3157.2442019567825</ele></trkpt><trkpt lat="37.711724" lon="-107.85154399999999"><ele>3155.9969864187387</ele></trkpt><trkpt lat="37.711881" lon="-107.851317"><ele>3153.0</ele></trkpt><trkpt lat="37.712016" lon="-107.85101400000002"><ele>3149.0</ele></trkpt><trkpt lat="37.712045" lon="-107.85081600000001"><ele>3145.8216896005906</ele></trkpt><trkpt lat="37.712013" lon="-107.850462"><ele>3138.0041924944867</ele></trkpt><trkpt lat="37.712013" lon="-107.85037499999999"><ele>3136.0034875590964</ele></trkpt><trkpt lat="37.712039" lon="-107.850234"><ele>3133.698523733765</ele></trkpt><trkpt lat="37.712189" lon="-107.84988699999997"><ele>3128.5271516432986</ele></trkpt><trkpt lat="37.71228" lon="-107.84980300000001"><ele>3126.61246791156</ele></trkpt><trkpt lat="37.712392" lon="-107.84974499999998"><ele>3124.909471999388</ele></trkpt><trkpt lat="37.712579" lon="-107.84956"><ele>3121.1024995592234</ele></trkpt><trkpt lat="37.712445" lon="-107.849626"><ele>3121.6577212739876</ele></trkpt><trkpt lat="37.712411" lon="-107.849582"><ele>3120.313121422194</ele></trkpt><trkpt lat="37.712099" lon="-107.84949899999998"><ele>3116.0</ele></trkpt><trkpt lat="37.712068" lon="-107.84946500000001"><ele>3114.8605262227356</ele></trkpt><trkpt lat="37.712053" lon="-107.84939099999997"><ele>3113.4118762654252</ele></trkpt><trkpt lat="37.712081" lon="-107.84931599999999"><ele>3110.0</ele></trkpt><trkpt lat="37.712134" lon="-107.84925900000002"><ele>3109.0367041422505</ele></trkpt><trkpt lat="37.712499" lon="-107.84911499999998"><ele>3101.7101103415953</ele></trkpt><trkpt lat="37.712712" lon="-107.84899999999999"><ele>3099.189955555368</ele></trkpt><trkpt lat="37.712562" lon="-107.848996"><ele>3098.0035420442</ele></trkpt><trkpt lat="37.712449" lon="-107.84883000000002"><ele>3092.0</ele></trkpt><trkpt lat="37.712449" lon="-107.84878600000002"><ele>3090.2168327122927</ele></trkpt><trkpt lat="37.712491" lon="-107.84871399999997"><ele>3085.861389509868</ele></trkpt><trkpt lat="37.712621" lon="-107.84865200000002"><ele>3081.971980090253</ele></trkpt><trkpt lat="37.712857" lon="-107.84860600000002"><ele>3080.56143454602</ele></trkpt><trkpt lat="37.71298" lon="-107.848544"><ele>3077.938815289177</ele></trkpt><trkpt lat="37.713095" lon="-107.84844099999998"><ele>3075.138667376712</ele></trkpt><trkpt lat="37.713219" lon="-107.84837400000004"><ele>3074.000956658235</ele></trkpt><trkpt lat="37.713501" lon="-107.84827899999999"><ele>3069.588920177892</ele></trkpt><trkpt lat="37.713276" lon="-107.84821099999999"><ele>3067.4198904889636</ele></trkpt><trkpt lat="37.713235" lon="-107.84814699999998"><ele>3064.437274310272</ele></trkpt><trkpt lat="37.713174" lon="-107.84809999999999"><ele>3064.6928063555024</ele></trkpt><trkpt lat="37.713" lon="-107.84801400000003"><ele>3062.2390250684693</ele></trkpt><trkpt lat="37.712797" lon="-107.847871"><ele>3058.574742044788</ele></trkpt><trkpt lat="37.71268" lon="-107.84783299999998"><ele>3057.803813688457</ele></trkpt><trkpt lat="37.712248" lon="-107.84781900000002"><ele>3048.1513664005324</ele></trkpt><trkpt lat="37.712105" lon="-107.84771"><ele>3045.071598222479</ele></trkpt><trkpt lat="37.711557" lon="-107.847465"><ele>3036.6537706665695</ele></trkpt><trkpt lat="37.711383" lon="-107.847374"><ele>3035.4128632894717</ele></trkpt><trkpt lat="37.711543" lon="-107.84732200000002"><ele>3030.657044145558</ele></trkpt><trkpt lat="37.711753" lon="-107.84719000000001"><ele>3023.837841778528</ele></trkpt><trkpt lat="37.711656" lon="-107.847105"><ele>3021.0</ele></trkpt><trkpt lat="37.711515" lon="-107.84690499999999"><ele>3012.555879110936</ele></trkpt><trkpt lat="37.711501" lon="-107.84682700000002"><ele>3008.988213425057</ele></trkpt><trkpt lat="37.711511" lon="-107.84667999999999"><ele>3003.0701191104017</ele></trkpt><trkpt lat="37.711468" lon="-107.84658400000001"><ele>3000.0</ele></trkpt><trkpt lat="37.71131" lon="-107.84642600000001"><ele>2994.1395871352597</ele></trkpt><trkpt lat="37.711264" lon="-107.84630900000002"><ele>2989.804521768638</ele></trkpt><trkpt lat="37.711246" lon="-107.84616499999998"><ele>2987.0</ele></trkpt><trkpt lat="37.711251" lon="-107.84607499999998"><ele>2984.875075554941</ele></trkpt><trkpt lat="37.711275" lon="-107.84599500000002"><ele>2982.541309135131</ele></trkpt><trkpt lat="37.711321" lon="-107.84591899999998"><ele>2980.752553118393</ele></trkpt><trkpt lat="37.71146" lon="-107.84576500000003"><ele>2975.0</ele></trkpt><trkpt lat="37.711525" lon="-107.84573599999999"><ele>2973.056251496072</ele></trkpt><trkpt lat="37.711637" lon="-107.84574900000001"><ele>2971.0</ele></trkpt><trkpt lat="37.711817" lon="-107.84581400000002"><ele>2967.0</ele></trkpt><trkpt lat="37.711887" lon="-107.84581100000003"><ele>2965.4097102675587</ele></trkpt><trkpt lat="37.712018" lon="-107.84574499999997"><ele>2962.8450151470483</ele></trkpt><trkpt lat="37.712076" lon="-107.84569499999998"><ele>2961.0</ele></trkpt><trkpt lat="37.712202" lon="-107.84552300000001"><ele>2958.0</ele></trkpt><trkpt lat="37.712238" lon="-107.84544499999998"><ele>2957.377099693469</ele></trkpt><trkpt lat="37.712267" lon="-107.84520299999997"><ele>2956.0</ele></trkpt><trkpt lat="37.712138" lon="-107.84496200000001"><ele>2955.6253928790884</ele></trkpt><trkpt lat="37.711904" lon="-107.844765"><ele>2954.0</ele></trkpt><trkpt lat="37.711686" lon="-107.84469100000001"><ele>2954.0</ele></trkpt><trkpt lat="37.711336" lon="-107.84457500000002"><ele>2953.9960685301457</ele></trkpt><trkpt lat="37.711229" lon="-107.84459300000003"><ele>2954.8088696901686</ele></trkpt><trkpt lat="37.710981" lon="-107.84466700000002"><ele>2954.0</ele></trkpt><trkpt lat="37.710627" lon="-107.84455300000002"><ele>2949.3443753264837</ele></trkpt><trkpt lat="37.710011" lon="-107.844089"><ele>2933.3729502337974</ele></trkpt><trkpt lat="37.709613" lon="-107.84370899999999"><ele>2922.0</ele></trkpt><trkpt lat="37.709427" lon="-107.84360300000003"><ele>2918.0</ele></trkpt><trkpt lat="37.709312" lon="-107.84358600000002"><ele>2914.900083879009</ele></trkpt><trkpt lat="37.708998" lon="-107.84358500000002"><ele>2910.0</ele></trkpt><trkpt lat="37.708508" lon="-107.84364099999999"><ele>2908.442454043776</ele></trkpt><trkpt lat="37.707905" lon="-107.84379799999999"><ele>2906.0</ele></trkpt><trkpt lat="37.707717" lon="-107.84380699999997"><ele>2905.0</ele></trkpt><trkpt lat="37.707333" lon="-107.84370899999999"><ele>2907.611483732704</ele></trkpt><trkpt lat="37.70719" lon="-107.84369200000003"><ele>2909.0</ele></trkpt><trkpt lat="37.706527" lon="-107.84366899999998"><ele>2910.0</ele></trkpt><trkpt lat="37.706361" lon="-107.84362399999998"><ele>2908.6501966211945</ele></trkpt><trkpt lat="37.70628" lon="-107.84358099999997"><ele>2908.0</ele></trkpt><trkpt lat="37.706013" lon="-107.84337700000003"><ele>2906.078987938055</ele></trkpt><trkpt lat="37.705773" lon="-107.84325899999999"><ele>2901.0</ele></trkpt><trkpt lat="37.705617" lon="-107.84312699999998"><ele>2899.4883178658783</ele></trkpt><trkpt lat="37.705367" lon="-107.84304800000001"><ele>2893.9062296842862</ele></trkpt><trkpt lat="37.705189" lon="-107.843027"><ele>2891.0</ele></trkpt><trkpt lat="37.704958" lon="-107.84295199999997"><ele>2889.0</ele></trkpt><trkpt lat="37.70452" lon="-107.84294"><ele>2886.7734862221405</ele></trkpt><trkpt lat="37.704454" lon="-107.84291100000002"><ele>2885.421988267917</ele></trkpt><trkpt lat="37.703854" lon="-107.842514"><ele>2881.0</ele></trkpt><trkpt lat="37.703518" lon="-107.84240299999999"><ele>2880.8994093562446</ele></trkpt><trkpt lat="37.703213" lon="-107.84225400000003"><ele>2879.0</ele></trkpt><trkpt lat="37.702925" lon="-107.84217899999999"><ele>2879.3083157334477</ele></trkpt><trkpt lat="37.702701" lon="-107.84206899999998"><ele>2878.0</ele></trkpt><trkpt lat="37.702596" lon="-107.84204399999999"><ele>2878.71168230144</ele></trkpt><trkpt lat="37.702094" lon="-107.84204"><ele>2877.0</ele></trkpt><trkpt lat="37.701503" lon="-107.84200199999998"><ele>2875.0</ele></trkpt><trkpt lat="37.700727" lon="-107.84178400000002"><ele>2873.0</ele></trkpt><trkpt lat="37.700359" lon="-107.84178300000002"><ele>2874.0</ele></trkpt><trkpt lat="37.700046" lon="-107.84174999999999"><ele>2871.315466666594</ele></trkpt><trkpt lat="37.699604" lon="-107.84182900000002"><ele>2874.9942670231685</ele></trkpt><trkpt lat="37.699327" lon="-107.84182099999998"><ele>2870.1529526977874</ele></trkpt><trkpt lat="37.699177" lon="-107.84178800000001"><ele>2869.0941354228717</ele></trkpt><trkpt lat="37.69836" lon="-107.84142800000001"><ele>2864.0</ele></trkpt><trkpt lat="37.698061" lon="-107.84135600000002"><ele>2861.0</ele></trkpt><trkpt lat="37.697855" lon="-107.84135300000003"><ele>2862.776774224391</ele></trkpt><trkpt lat="37.697599" lon="-107.84131000000002"><ele>2861.0</ele></trkpt><trkpt lat="37.697294" lon="-107.84130900000002"><ele>2856.0</ele></trkpt><trkpt lat="37.697019" lon="-107.84135000000003"><ele>2854.0</ele></trkpt><trkpt lat="37.696526" lon="-107.841365"><ele>2851.8558205178483</ele></trkpt><trkpt lat="37.696221" lon="-107.84134899999998"><ele>2849.627512176987</ele></trkpt><trkpt lat="37.69579" lon="-107.84116899999998"><ele>2853.0</ele></trkpt><trkpt lat="37.69497" lon="-107.84100000000001"><ele>2844.443350832096</ele></trkpt><trkpt lat="37.694718" lon="-107.84086100000002"><ele>2844.9673163069074</ele></trkpt><trkpt lat="37.694653" lon="-107.84080399999999"><ele>2845.0</ele></trkpt><trkpt lat="37.694562" lon="-107.84067900000002"><ele>2844.0</ele></trkpt><trkpt lat="37.694496" lon="-107.84063400000002"><ele>2845.7905724830925</ele></trkpt><trkpt lat="37.693941" lon="-107.840622"><ele>2844.8677938078235</ele></trkpt><trkpt lat="37.693396" lon="-107.840643"><ele>2849.3012429527007</ele></trkpt><trkpt lat="37.693289" lon="-107.84062799999998"><ele>2850.90396854328</ele></trkpt><trkpt lat="37.692497" lon="-107.84039899999999"><ele>2849.354303288739</ele></trkpt><trkpt lat="37.69193" lon="-107.84029599999997"><ele>2845.5163247971545</ele></trkpt><trkpt lat="37.691086" lon="-107.84006299999999"><ele>2842.580306750743</ele></trkpt><trkpt lat="37.691021" lon="-107.84000700000001"><ele>2841.0857792007737</ele></trkpt><trkpt lat="37.690776" lon="-107.83970999999997"><ele>2833.24457599828</ele></trkpt><trkpt lat="37.690669" lon="-107.839608"><ele>2833.0</ele></trkpt><trkpt lat="37.690317" lon="-107.839336"><ele>2831.741660587552</ele></trkpt><trkpt lat="37.689883" lon="-107.83889699999997"><ele>2832.0</ele></trkpt><trkpt lat="37.68932" lon="-107.838458"><ele>2833.6257399786264</ele></trkpt><trkpt lat="37.689069" lon="-107.83828299999999"><ele>2833.0</ele></trkpt><trkpt lat="37.688987" lon="-107.83824300000003"><ele>2831.8774208016694</ele></trkpt><trkpt lat="37.688632" lon="-107.83825999999999"><ele>2829.669678222388</ele></trkpt><trkpt lat="37.688531" lon="-107.83822900000001"><ele>2829.0</ele></trkpt><trkpt lat="37.688427" lon="-107.838164"><ele>2827.0</ele></trkpt><trkpt lat="37.688316" lon="-107.83813099999998"><ele>2825.742417683156</ele></trkpt><trkpt lat="37.688155" lon="-107.83812899999998"><ele>2823.564635732677</ele></trkpt><trkpt lat="37.687863" lon="-107.838077"><ele>2823.0</ele></trkpt><trkpt lat="37.687656" lon="-107.83801199999999"><ele>2822.0</ele></trkpt><trkpt lat="37.686965" lon="-107.83750399999997"><ele>2818.862622804496</ele></trkpt><trkpt lat="37.686742" lon="-107.83737000000002"><ele>2818.0</ele></trkpt><trkpt lat="37.686419" lon="-107.83721600000001"><ele>2815.0</ele></trkpt><trkpt lat="37.686345" lon="-107.837156"><ele>2815.0</ele></trkpt><trkpt lat="37.686134" lon="-107.83693399999999"><ele>2815.0</ele></trkpt><trkpt lat="37.685928" lon="-107.83660900000001"><ele>2814.0</ele></trkpt><trkpt lat="37.685816" lon="-107.83639399999998"><ele>2813.0154862662744</ele></trkpt><trkpt lat="37.685667" lon="-107.83605299999999"><ele>2811.247408905998</ele></trkpt><trkpt lat="37.685579" lon="-107.83589899999998"><ele>2811.0</ele></trkpt><trkpt lat="37.685487" lon="-107.83577700000001"><ele>2811.0</ele></trkpt><trkpt lat="37.685392" lon="-107.83567600000003"><ele>2810.0</ele></trkpt><trkpt lat="37.684995" lon="-107.83536300000003"><ele>2808.0</ele></trkpt><trkpt lat="37.684811" lon="-107.83518600000002"><ele>2808.0</ele></trkpt><trkpt lat="37.684361" lon="-107.83491200000003"><ele>2806.660960962996</ele></trkpt><trkpt lat="37.684119" lon="-107.83459800000003"><ele>2806.0</ele></trkpt><trkpt lat="37.683766" lon="-107.83423600000003"><ele>2805.0</ele></trkpt><trkpt lat="37.683369" lon="-107.833639"><ele>2802.0</ele></trkpt><trkpt lat="37.683152" lon="-107.83342299999998"><ele>2801.0</ele></trkpt><trkpt lat="37.683029" lon="-107.83327600000001"><ele>2800.0</ele></trkpt><trkpt lat="37.682804" lon="-107.83291099999997"><ele>2798.2528909164967</ele></trkpt><trkpt lat="37.682715" lon="-107.832786"><ele>2798.0</ele></trkpt><trkpt lat="37.682656" lon="-107.832738"><ele>2798.0207880519292</ele></trkpt><trkpt lat="37.682278" lon="-107.83254699999998"><ele>2797.0</ele></trkpt><trkpt lat="37.682075" lon="-107.832383"><ele>2797.0</ele></trkpt><trkpt lat="37.681546" lon="-107.83214700000002"><ele>2795.8758903467387</ele></trkpt><trkpt lat="37.681417" lon="-107.83202599999998"><ele>2796.0</ele></trkpt><trkpt lat="37.681143" lon="-107.83167000000003"><ele>2793.6241337984</ele></trkpt><trkpt lat="37.681013" lon="-107.831549"><ele>2793.0</ele></trkpt><trkpt lat="37.680933" lon="-107.83149900000001"><ele>2792.0</ele></trkpt><trkpt lat="37.680829" lon="-107.83146599999998"><ele>2791.0</ele></trkpt><trkpt lat="37.68048" lon="-107.83142700000002"><ele>2790.0</ele></trkpt><trkpt lat="37.680033" lon="-107.83144700000003"><ele>2789.0</ele></trkpt><trkpt lat="37.679763" lon="-107.83131500000002"><ele>2789.0</ele></trkpt><trkpt lat="37.679658" lon="-107.831297"><ele>2788.8973897132164</ele></trkpt><trkpt lat="37.679227" lon="-107.831298"><ele>2788.0</ele></trkpt><trkpt lat="37.679101" lon="-107.831252"><ele>2788.0</ele></trkpt><trkpt lat="37.67888" lon="-107.83108300000004"><ele>2786.0</ele></trkpt><trkpt lat="37.678761" lon="-107.830917"><ele>2786.0</ele></trkpt><trkpt lat="37.678659" lon="-107.830758"><ele>2785.0</ele></trkpt><trkpt lat="37.678765" lon="-107.830445"><ele>2784.0</ele></trkpt><trkpt lat="37.678952" lon="-107.83005500000002"><ele>2785.0</ele></trkpt><trkpt lat="37.678981" lon="-107.82976500000001"><ele>2785.412713654841</ele></trkpt><trkpt lat="37.679036" lon="-107.82961699999998"><ele>2785.0</ele></trkpt><trkpt lat="37.679044" lon="-107.82959499999998"><ele>2785.0</ele></trkpt><trkpt lat="37.678957" lon="-107.82939299999998"><ele>2785.0</ele></trkpt><trkpt lat="37.678811" lon="-107.82916999999998"><ele>2784.523014873266</ele></trkpt><trkpt lat="37.678706" lon="-107.82905"><ele>2784.0</ele></trkpt><trkpt lat="37.6786" lon="-107.82897300000002"><ele>2783.221092170459</ele></trkpt><trkpt lat="37.678407" lon="-107.82887599999998"><ele>2783.0</ele></trkpt><trkpt lat="37.678271" lon="-107.828779"><ele>2783.0</ele></trkpt><trkpt lat="37.678177" lon="-107.82863199999997"><ele>2783.0</ele></trkpt><trkpt lat="37.678101" lon="-107.82853999999998"><ele>2783.0</ele></trkpt><trkpt lat="37.677971" lon="-107.82842599999998"><ele>2783.0</ele></trkpt><trkpt lat="37.677443" lon="-107.82775200000003"><ele>2783.0</ele></trkpt><trkpt lat="37.677153" lon="-107.82758000000001"><ele>2785.0</ele></trkpt><trkpt lat="37.676865" lon="-107.82753100000002"><ele>2787.0</ele></trkpt><trkpt lat="37.676483" lon="-107.827428"><ele>2788.6171306167134</ele></trkpt><trkpt lat="37.676297" lon="-107.82742000000002"><ele>2788.0</ele></trkpt><trkpt lat="37.676156" lon="-107.82744300000002"><ele>2787.0</ele></trkpt><trkpt lat="37.676082" lon="-107.82747599999999"><ele>2786.0</ele></trkpt><trkpt lat="37.675641" lon="-107.827878"><ele>2783.0</ele></trkpt><trkpt lat="37.675472" lon="-107.82789400000001"><ele>2783.0</ele></trkpt><trkpt lat="37.675336" lon="-107.82785000000001"><ele>2784.0</ele></trkpt><trkpt lat="37.675292" lon="-107.82782700000001"><ele>2784.0</ele></trkpt><trkpt lat="37.675195" lon="-107.82777599999997"><ele>2784.0</ele></trkpt><trkpt lat="37.674779" lon="-107.82763799999998"><ele>2783.8890777267516</ele></trkpt><trkpt lat="37.674548" lon="-107.82739700000002"><ele>2784.0</ele></trkpt><trkpt lat="37.674459" lon="-107.827358"><ele>2784.0</ele></trkpt><trkpt lat="37.67439" lon="-107.827358"><ele>2783.0</ele></trkpt><trkpt lat="37.674208" lon="-107.82743199999999"><ele>2783.0</ele></trkpt><trkpt lat="37.674071" lon="-107.827449"><ele>2782.0</ele></trkpt><trkpt lat="37.673855" lon="-107.82738799999998"><ele>2782.0</ele></trkpt><trkpt lat="37.673662" lon="-107.827271"><ele>2781.0</ele></trkpt><trkpt lat="37.673541" lon="-107.82712600000002"><ele>2781.0</ele></trkpt><trkpt lat="37.673311" lon="-107.82694800000002"><ele>2780.0</ele></trkpt><trkpt lat="37.673188" lon="-107.82676300000003"><ele>2781.433261848986</ele></trkpt><trkpt lat="37.673141" lon="-107.82671499999998"><ele>2781.0</ele></trkpt><trkpt lat="37.672784" lon="-107.82654100000002"><ele>2781.0</ele></trkpt><trkpt lat="37.672688" lon="-107.82643100000001"><ele>2780.0</ele></trkpt><trkpt lat="37.672646" lon="-107.82633399999997"><ele>2781.0</ele></trkpt><trkpt lat="37.67266" lon="-107.82608500000003"><ele>2783.0</ele></trkpt><trkpt lat="37.672645" lon="-107.825782"><ele>2784.3914595931074</ele></trkpt><trkpt lat="37.67281" lon="-107.82484399999998"><ele>2788.0</ele></trkpt><trkpt lat="37.672899" lon="-107.82449500000001"><ele>2790.0</ele></trkpt><trkpt lat="37.673018" lon="-107.82346999999999"><ele>2795.423825453967</ele></trkpt><trkpt lat="37.673074" lon="-107.823193"><ele>2794.0</ele></trkpt><trkpt lat="37.673311" lon="-107.82280800000001"><ele>2795.0</ele></trkpt><trkpt lat="37.673335" lon="-107.82267100000001"><ele>2796.088498864323</ele></trkpt><trkpt lat="37.673313" lon="-107.82258999999999"><ele>2795.3947484442033</ele></trkpt><trkpt lat="37.673275" lon="-107.82252900000003"><ele>2794.0</ele></trkpt><trkpt lat="37.673057" lon="-107.82231100000001"><ele>2790.8901678606817</ele></trkpt><trkpt lat="37.672921" lon="-107.822135"><ele>2790.0</ele></trkpt><trkpt lat="37.672831" lon="-107.82198299999999"><ele>2789.0</ele></trkpt><trkpt lat="37.672746" lon="-107.821776"><ele>2789.728273584632</ele></trkpt><trkpt lat="37.67256" lon="-107.82149500000003"><ele>2789.4573403410614</ele></trkpt><trkpt lat="37.67234" lon="-107.82127600000001"><ele>2788.8420899547637</ele></trkpt><trkpt lat="37.672074" lon="-107.82104300000003"><ele>2786.0</ele></trkpt><trkpt lat="37.671788" lon="-107.82072399999998"><ele>2786.5671544899233</ele></trkpt><trkpt lat="37.671579" lon="-107.820536"><ele>2785.2292926852488</ele></trkpt><trkpt lat="37.671454" lon="-107.82048199999997"><ele>2784.8451719125733</ele></trkpt><trkpt lat="37.671242" lon="-107.82031899999998"><ele>2782.919593638985</ele></trkpt><trkpt lat="37.670889" lon="-107.82010000000002"><ele>2779.6731348951084</ele></trkpt><trkpt lat="37.670758" lon="-107.82007699999997"><ele>2777.8203314289512</ele></trkpt><trkpt lat="37.670053" lon="-107.82002899999998"><ele>2769.0</ele></trkpt><trkpt lat="37.669849" lon="-107.81995799999999"><ele>2766.0</ele></trkpt><trkpt lat="37.669694" lon="-107.81987700000002"><ele>2764.0</ele></trkpt><trkpt lat="37.669588" lon="-107.81977899999998"><ele>2763.0</ele></trkpt><trkpt lat="37.669521" lon="-107.81969100000003"><ele>2763.0</ele></trkpt><trkpt lat="37.669468" lon="-107.81956400000001"><ele>2763.256147255166</ele></trkpt><trkpt lat="37.669405" lon="-107.81927200000001"><ele>2764.164513068704</ele></trkpt><trkpt lat="37.669303" lon="-107.818915"><ele>2767.605565210536</ele></trkpt><trkpt lat="37.669199" lon="-107.81871000000001"><ele>2766.7538065274766</ele></trkpt><trkpt lat="37.669082" lon="-107.81854199999998"><ele>2769.763577086284</ele></trkpt><trkpt lat="37.668999" lon="-107.81834400000002"><ele>2770.795652166009</ele></trkpt><trkpt lat="37.668895" lon="-107.81803400000001"><ele>2768.6256568129866</ele></trkpt><trkpt lat="37.668812" lon="-107.81788699999998"><ele>2767.0</ele></trkpt><trkpt lat="37.66859" lon="-107.817568"><ele>2767.4632407169656</ele></trkpt><trkpt lat="37.668545" lon="-107.81745799999999"><ele>2768.0511698035757</ele></trkpt><trkpt lat="37.668497" lon="-107.81730099999999"><ele>2767.2401098050177</ele></trkpt><trkpt lat="37.66848" lon="-107.81716900000004"><ele>2765.239228401333</ele></trkpt><trkpt lat="37.668505" lon="-107.81694600000003"><ele>2764.7111128959805</ele></trkpt><trkpt lat="37.668494" lon="-107.81685800000002"><ele>2763.752584534522</ele></trkpt><trkpt lat="37.668449" lon="-107.81681000000003"><ele>2766.5427315180814</ele></trkpt><trkpt lat="37.668336" lon="-107.81676800000002"><ele>2768.9301169761457</ele></trkpt><trkpt lat="37.668251" lon="-107.81670700000001"><ele>2769.772923022043</ele></trkpt><trkpt lat="37.668066" lon="-107.816464"><ele>2767.8780721159233</ele></trkpt><trkpt lat="37.667907" lon="-107.81630200000001"><ele>2768.326086924993</ele></trkpt><trkpt lat="37.667601" lon="-107.81590799999998"><ele>2771.0</ele></trkpt><trkpt lat="37.667449" lon="-107.81555300000002"><ele>2773.553220976144</ele></trkpt><trkpt lat="37.666952" lon="-107.814798"><ele>2772.0</ele></trkpt><trkpt lat="37.666766" lon="-107.81442600000003"><ele>2771.0</ele></trkpt><trkpt lat="37.666451" lon="-107.81397900000002"><ele>2769.0</ele></trkpt><trkpt lat="37.666338" lon="-107.81379200000003"><ele>2769.0</ele></trkpt><trkpt lat="37.666133" lon="-107.813356"><ele>2768.0</ele></trkpt><trkpt lat="37.665492" lon="-107.812299"><ele>2766.0648307830506</ele></trkpt><trkpt lat="37.665425" lon="-107.812209"><ele>2765.0</ele></trkpt><trkpt lat="37.665209" lon="-107.81199100000003"><ele>2757.849466236447</ele></trkpt><trkpt lat="37.66486" lon="-107.81171499999999"><ele>2755.4843740032925</ele></trkpt><trkpt lat="37.664763" lon="-107.81158600000003"><ele>2755.1736546172906</ele></trkpt><trkpt lat="37.664644" lon="-107.811262"><ele>2750.0</ele></trkpt><trkpt lat="37.664546" lon="-107.81114600000001"><ele>2749.6296618767083</ele></trkpt><trkpt lat="37.664217" lon="-107.81089199999997"><ele>2747.0</ele></trkpt><trkpt lat="37.664034" lon="-107.81071300000002"><ele>2747.0</ele></trkpt><trkpt lat="37.663825" lon="-107.81043299999999"><ele>2747.0</ele></trkpt><trkpt lat="37.663701" lon="-107.81021199999998"><ele>2745.0</ele></trkpt><trkpt lat="37.66363" lon="-107.81012900000002"><ele>2743.2319539652267</ele></trkpt><trkpt lat="37.663531" lon="-107.810091"><ele>2741.874737402424</ele></trkpt><trkpt lat="37.663307" lon="-107.810112"><ele>2739.122199466452</ele></trkpt><trkpt lat="37.663166" lon="-107.81008300000002"><ele>2739.473697421141</ele></trkpt><trkpt lat="37.66294" lon="-107.80992500000002"><ele>2737.850370496253</ele></trkpt><trkpt lat="37.662837" lon="-107.80981600000001"><ele>2737.0166363038043</ele></trkpt><trkpt lat="37.662744" lon="-107.80965000000003"><ele>2736.8414569866636</ele></trkpt><trkpt lat="37.662408" lon="-107.80891300000002"><ele>2739.0</ele></trkpt><trkpt lat="37.661876" lon="-107.80751399999997"><ele>2751.087729651737</ele></trkpt><trkpt lat="37.661492" lon="-107.80664300000001"><ele>2758.0</ele></trkpt><trkpt lat="37.661376" lon="-107.806287"><ele>2758.0</ele></trkpt><trkpt lat="37.66124" lon="-107.80571299999997"><ele>2760.0</ele></trkpt><trkpt lat="37.661162" lon="-107.80546099999998"><ele>2761.0</ele></trkpt><trkpt lat="37.661046" lon="-107.80526099999997"><ele>2761.6633033210182</ele></trkpt><trkpt lat="37.66072" lon="-107.80489"><ele>2761.0</ele></trkpt><trkpt lat="37.660242" lon="-107.80442900000003"><ele>2755.250846652314</ele></trkpt><trkpt lat="37.660177" lon="-107.80432300000001"><ele>2755.385821065095</ele></trkpt><trkpt lat="37.660148" lon="-107.80424099999999"><ele>2755.717179575935</ele></trkpt><trkpt lat="37.660129" lon="-107.80413900000002"><ele>2754.805687648222</ele></trkpt><trkpt lat="37.660167" lon="-107.80397199999999"><ele>2753.0</ele></trkpt><trkpt lat="37.660123" lon="-107.80392799999998"><ele>2752.4850176653053</ele></trkpt><trkpt lat="37.660097" lon="-107.80384500000002"><ele>2754.0</ele></trkpt><trkpt lat="37.659797" lon="-107.80312200000003"><ele>2759.8798101320863</ele></trkpt><trkpt lat="37.65976" lon="-107.80298299999998"><ele>2760.3133845346147</ele></trkpt><trkpt lat="37.659759" lon="-107.80295000000001"><ele>2760.9809235947964</ele></trkpt><trkpt lat="37.659754" lon="-107.80281400000001"><ele>2761.0</ele></trkpt><trkpt lat="37.659765" lon="-107.80271299999998"><ele>2761.1603728509194</ele></trkpt><trkpt lat="37.659873" lon="-107.802235"><ele>2765.0</ele></trkpt><trkpt lat="37.659989" lon="-107.801941"><ele>2768.0</ele></trkpt><trkpt lat="37.660172" lon="-107.80159100000003"><ele>2768.0</ele></trkpt><trkpt lat="37.660325" lon="-107.80113399999999"><ele>2766.0</ele></trkpt><trkpt lat="37.660437" lon="-107.80116299999997"><ele>2766.0</ele></trkpt><trkpt lat="37.660503" lon="-107.801219"><ele>2766.0</ele></trkpt><trkpt lat="37.660531" lon="-107.801287"><ele>2767.0</ele></trkpt><trkpt lat="37.660555" lon="-107.80146400000001"><ele>2768.9521029882444</ele></trkpt><trkpt lat="37.660548" lon="-107.80160999999998"><ele>2771.0</ele></trkpt><trkpt lat="37.660488" lon="-107.80191500000001"><ele>2773.0</ele></trkpt><trkpt lat="37.660487" lon="-107.80201799999998"><ele>2774.0</ele></trkpt><trkpt lat="37.660509" lon="-107.80212499999999"><ele>2774.9688541237265</ele></trkpt><trkpt lat="37.660588" lon="-107.80224099999998"><ele>2776.038790112147</ele></trkpt><trkpt lat="37.66078" lon="-107.80242199999998"><ele>2779.0</ele></trkpt><trkpt lat="37.661022" lon="-107.80258600000002"><ele>2781.0</ele></trkpt><trkpt lat="37.661218" lon="-107.802817"><ele>2780.093840355519</ele></trkpt><trkpt lat="37.661255" lon="-107.80287800000002"><ele>2779.914156822597</ele></trkpt><trkpt lat="37.661281" lon="-107.80296900000002"><ele>2781.4117825010776</ele></trkpt><trkpt lat="37.661349" lon="-107.803357"><ele>2785.9581871455566</ele></trkpt><trkpt lat="37.661383" lon="-107.80341699999997"><ele>2786.4207046907395</ele></trkpt><trkpt lat="37.661449" lon="-107.80344300000002"><ele>2788.0</ele></trkpt><trkpt lat="37.661521" lon="-107.80339600000002"><ele>2790.0</ele></trkpt><trkpt lat="37.661684" lon="-107.80310500000002"><ele>2795.1405325923115</ele></trkpt><trkpt lat="37.661826" lon="-107.80293599999999"><ele>2798.5000776723027</ele></trkpt><trkpt lat="37.661894" lon="-107.80287900000002"><ele>2800.503245767206</ele></trkpt><trkpt lat="37.661957" lon="-107.80287099999998"><ele>2802.0</ele></trkpt><trkpt lat="37.662007" lon="-107.80291499999998"><ele>2804.0</ele></trkpt><trkpt lat="37.662029" lon="-107.80295999999998"><ele>2804.4507227074355</ele></trkpt><trkpt lat="37.66209" lon="-107.803179"><ele>2807.255886216895</ele></trkpt><trkpt lat="37.662162" lon="-107.80334700000003"><ele>2809.280473381281</ele></trkpt><trkpt lat="37.662238" lon="-107.803473"><ele>2810.8719071450473</ele></trkpt><trkpt lat="37.662296" lon="-107.80352700000003"><ele>2813.0</ele></trkpt><trkpt lat="37.662351" lon="-107.80354499999999"><ele>2814.4069853127003</ele></trkpt><trkpt lat="37.662389" lon="-107.80353300000002"><ele>2815.176588596562</ele></trkpt><trkpt lat="37.662437" lon="-107.80347799999998"><ele>2817.0</ele></trkpt><trkpt lat="37.662546" lon="-107.80318699999998"><ele>2819.886749535799</ele></trkpt><trkpt lat="37.662777" lon="-107.80278800000002"><ele>2822.7710488430375</ele></trkpt><trkpt lat="37.663042" lon="-107.80241999999998"><ele>2826.456235832896</ele></trkpt><trkpt lat="37.663715" lon="-107.80163199999998"><ele>2833.7070965729654</ele></trkpt><trkpt lat="37.663901" lon="-107.80145600000003"><ele>2835.8214019265024</ele></trkpt><trkpt lat="37.664291" lon="-107.80113699999998"><ele>2839.8516840871057</ele></trkpt><trkpt lat="37.664622" lon="-107.800813"><ele>2843.0</ele></trkpt><trkpt lat="37.664965" lon="-107.80042600000002"><ele>2848.2972039487213</ele></trkpt><trkpt lat="37.665844" lon="-107.79926499999999"><ele>2858.017253285031</ele></trkpt><trkpt lat="37.666009" lon="-107.79889100000003"><ele>2859.0</ele></trkpt><trkpt lat="37.666083" lon="-107.79880400000002"><ele>2860.0</ele></trkpt><trkpt lat="37.666134" lon="-107.79879"><ele>2861.0</ele></trkpt><trkpt lat="37.666181" lon="-107.79883000000001"><ele>2861.897994061964</ele></trkpt><trkpt lat="37.666195" lon="-107.79890999999998"><ele>2862.7110793236643</ele></trkpt><trkpt lat="37.666186" lon="-107.79896100000002"><ele>2863.3478682169134</ele></trkpt><trkpt lat="37.666117" lon="-107.79914100000002"><ele>2864.1189442742616</ele></trkpt><trkpt lat="37.666059" lon="-107.799399"><ele>2864.7042828798294</ele></trkpt><trkpt lat="37.665754" lon="-107.80021399999998"><ele>2868.4469311654802</ele></trkpt><trkpt lat="37.665626" lon="-107.80051300000002"><ele>2870.2121536694467</ele></trkpt><trkpt lat="37.665461" lon="-107.80114900000001"><ele>2873.5842906848447</ele></trkpt><trkpt lat="37.665352" lon="-107.801379"><ele>2875.0720883299928</ele></trkpt><trkpt lat="37.665169" lon="-107.80165399999998"><ele>2877.2170348383356</ele></trkpt><trkpt lat="37.665085" lon="-107.80181099999999"><ele>2878.38508105278</ele></trkpt><trkpt lat="37.665006" lon="-107.80201399999999"><ele>2880.1946277501993</ele></trkpt><trkpt lat="37.664967" lon="-107.80217600000003"><ele>2881.4149491153657</ele></trkpt><trkpt lat="37.664962" lon="-107.80234100000001"><ele>2883.0871780196144</ele></trkpt><trkpt lat="37.665019" lon="-107.80257499999999"><ele>2884.476324511692</ele></trkpt><trkpt lat="37.66502" lon="-107.80276500000002"><ele>2886.0</ele></trkpt><trkpt lat="37.665041" lon="-107.80285900000001"><ele>2887.0</ele></trkpt><trkpt lat="37.665164" lon="-107.80307900000003"><ele>2891.0</ele></trkpt><trkpt lat="37.665237" lon="-107.803134"><ele>2892.0</ele></trkpt><trkpt lat="37.665368" lon="-107.80316299999998"><ele>2894.0</ele></trkpt><trkpt lat="37.665564" lon="-107.803177"><ele>2897.0</ele></trkpt><trkpt lat="37.665674" lon="-107.80321900000001"><ele>2899.0</ele></trkpt><trkpt lat="37.665915" lon="-107.80339200000003"><ele>2902.2265143953264</ele></trkpt><trkpt lat="37.666098" lon="-107.80355099999997"><ele>2904.113347601371</ele></trkpt><trkpt lat="37.66614" lon="-107.803608"><ele>2905.0</ele></trkpt><trkpt lat="37.666221" lon="-107.80378300000001"><ele>2907.2417920827866</ele></trkpt><trkpt lat="37.666278" lon="-107.80384400000003"><ele>2909.0</ele></trkpt><trkpt lat="37.666349" lon="-107.803852"><ele>2910.1093761560237</ele></trkpt><trkpt lat="37.666415" lon="-107.80382400000002"><ele>2911.0</ele></trkpt><trkpt lat="37.666536" lon="-107.80373400000002"><ele>2912.5048321367235</ele></trkpt><trkpt lat="37.666635" lon="-107.80362500000001"><ele>2913.345731467286</ele></trkpt><trkpt lat="37.666753" lon="-107.80354799999998"><ele>2915.0</ele></trkpt><trkpt lat="37.666818" lon="-107.80355600000001"><ele>2917.0</ele></trkpt><trkpt lat="37.666875" lon="-107.80361600000003"><ele>2918.7815174786924</ele></trkpt><trkpt lat="37.666993" lon="-107.80395699999997"><ele>2926.023549777414</ele></trkpt><trkpt lat="37.66712" lon="-107.80415600000003"><ele>2929.0</ele></trkpt><trkpt lat="37.667184" lon="-107.80428699999999"><ele>2931.3872696943695</ele></trkpt><trkpt lat="37.66722" lon="-107.80442199999999"><ele>2934.7213880050476</ele></trkpt><trkpt lat="37.667217" lon="-107.80493000000001"><ele>2945.3790968898684</ele></trkpt><trkpt lat="37.667291" lon="-107.80528600000002"><ele>2949.0</ele></trkpt><trkpt lat="37.667389" lon="-107.80553900000001"><ele>2948.0050744688033</ele></trkpt><trkpt lat="37.667676" lon="-107.806152"><ele>2951.0</ele></trkpt><trkpt lat="37.667692" lon="-107.80628000000002"><ele>2952.293656889815</ele></trkpt><trkpt lat="37.667655" lon="-107.80672500000003"><ele>2957.0</ele></trkpt><trkpt lat="37.667659" lon="-107.806871"><ele>2957.0</ele></trkpt><trkpt lat="37.667687" lon="-107.80696499999999"><ele>2958.0</ele></trkpt><trkpt lat="37.667748" lon="-107.80704200000002"><ele>2959.0</ele></trkpt><trkpt lat="37.667829" lon="-107.80706299999997"><ele>2960.0</ele></trkpt><trkpt lat="37.667895" lon="-107.80704100000003"><ele>2961.797272812575</ele></trkpt><trkpt lat="37.668267" lon="-107.806737"><ele>2968.876926829486</ele></trkpt><trkpt lat="37.668448" lon="-107.80663099999998"><ele>2971.0</ele></trkpt><trkpt lat="37.668533" lon="-107.80660899999998"><ele>2972.0</ele></trkpt><trkpt lat="37.668575" lon="-107.80666200000002"><ele>2973.848507140777</ele></trkpt><trkpt lat="37.668518" lon="-107.80694900000003"><ele>2977.0</ele></trkpt><trkpt lat="37.668514" lon="-107.80703900000003"><ele>2978.0</ele></trkpt><trkpt lat="37.668557" lon="-107.80716799999999"><ele>2979.0</ele></trkpt><trkpt lat="37.668645" lon="-107.80725999999999"><ele>2980.9202652177532</ele></trkpt><trkpt lat="37.668905" lon="-107.80746199999999"><ele>2983.0</ele></trkpt><trkpt lat="37.669161" lon="-107.80762500000003"><ele>2986.0</ele></trkpt><trkpt lat="37.669626" lon="-107.80777899999998"><ele>2990.0</ele></trkpt><trkpt lat="37.669749" lon="-107.80784499999999"><ele>2991.0</ele></trkpt><trkpt lat="37.669811" lon="-107.807907"><ele>2991.0</ele></trkpt><trkpt lat="37.669913" lon="-107.80804999999998"><ele>2993.6084478460252</ele></trkpt><trkpt lat="37.670366" lon="-107.80854399999998"><ele>2998.054881710285</ele></trkpt><trkpt lat="37.670463" lon="-107.80858999999998"><ele>2999.0</ele></trkpt><trkpt lat="37.670595" lon="-107.80859599999997"><ele>3000.0</ele></trkpt><trkpt lat="37.670767" lon="-107.80868499999997"><ele>3000.958501987838</ele></trkpt><trkpt lat="37.671583" lon="-107.80852800000002"><ele>3012.9371909907372</ele></trkpt><trkpt lat="37.672584" lon="-107.80884200000003"><ele>3027.0</ele></trkpt><trkpt lat="37.672926" lon="-107.80903699999999"><ele>3035.0</ele></trkpt><trkpt lat="37.673004" lon="-107.80904499999997"><ele>3036.0</ele></trkpt><trkpt lat="37.673099" lon="-107.80896899999999"><ele>3038.193024640903</ele></trkpt><trkpt lat="37.673184" lon="-107.80886299999997"><ele>3040.0</ele></trkpt><trkpt lat="37.67325" lon="-107.808851"><ele>3041.083767887205</ele></trkpt><trkpt lat="37.673498" lon="-107.808944"><ele>3046.0</ele></trkpt><trkpt lat="37.673648" lon="-107.80902600000002"><ele>3049.379741273553</ele></trkpt><trkpt lat="37.673719" lon="-107.80901799999998"><ele>3051.0</ele></trkpt><trkpt lat="37.673757" lon="-107.80895299999997"><ele>3052.935601072386</ele></trkpt><trkpt lat="37.673814" lon="-107.80851899999999"><ele>3057.0</ele></trkpt><trkpt lat="37.673919" lon="-107.80815100000001"><ele>3059.0</ele></trkpt><trkpt lat="37.673979" lon="-107.808021"><ele>3060.006882181391</ele></trkpt><trkpt lat="37.673998" lon="-107.808153"><ele>3062.0</ele></trkpt><trkpt lat="37.674041" lon="-107.80836499999998"><ele>3064.0</ele></trkpt><trkpt lat="37.674084" lon="-107.808403"><ele>3065.189258489758</ele></trkpt><trkpt lat="37.674152" lon="-107.80835100000002"><ele>3067.1930878143758</ele></trkpt><trkpt lat="37.67434" lon="-107.80794100000003"><ele>3072.2625173926353</ele></trkpt><trkpt lat="37.674399" lon="-107.80776900000001"><ele>3074.505261402991</ele></trkpt><trkpt lat="37.674438" lon="-107.80769900000001"><ele>3075.032763082534</ele></trkpt><trkpt lat="37.674492" lon="-107.80763300000001"><ele>3077.212289473042</ele></trkpt><trkpt lat="37.67451" lon="-107.80775299999999"><ele>3077.272132117301</ele></trkpt><trkpt lat="37.674563" lon="-107.80819500000001"><ele>3082.0</ele></trkpt><trkpt lat="37.674599" lon="-107.80826200000001"><ele>3083.0</ele></trkpt><trkpt lat="37.674625" lon="-107.80826300000001"><ele>3084.043355083093</ele></trkpt><trkpt lat="37.674669" lon="-107.80821200000003"><ele>3085.0</ele></trkpt><trkpt lat="37.674903" lon="-107.80773499999998"><ele>3092.4120939467102</ele></trkpt><trkpt lat="37.675082" lon="-107.80726199999998"><ele>3096.0</ele></trkpt><trkpt lat="37.675129" lon="-107.80722100000003"><ele>3097.0</ele></trkpt><trkpt lat="37.675179" lon="-107.80726400000003"><ele>3098.0</ele></trkpt><trkpt lat="37.675275" lon="-107.80762500000003"><ele>3100.9830289191755</ele></trkpt><trkpt lat="37.675318" lon="-107.80803400000002"><ele>3104.0</ele></trkpt><trkpt lat="37.675346" lon="-107.80814900000001"><ele>3105.0</ele></trkpt><trkpt lat="37.675482" lon="-107.80834099999998"><ele>3107.0</ele></trkpt><trkpt lat="37.675583" lon="-107.80842999999999"><ele>3108.229592551825</ele></trkpt><trkpt lat="37.67566" lon="-107.80846200000002"><ele>3109.017503257063</ele></trkpt><trkpt lat="37.675747" lon="-107.80847299999999"><ele>3110.054296942634</ele></trkpt><trkpt lat="37.675811" lon="-107.80843600000003"><ele>3112.0</ele></trkpt><trkpt lat="37.675848" lon="-107.80834400000003"><ele>3113.5432909194915</ele></trkpt><trkpt lat="37.675909" lon="-107.807367"><ele>3118.6462442222983</ele></trkpt><trkpt lat="37.675974" lon="-107.80698699999999"><ele>3122.4735280741006</ele></trkpt><trkpt lat="37.676043" lon="-107.80682999999999"><ele>3125.0</ele></trkpt><trkpt lat="37.676109" lon="-107.80673999999999"><ele>3127.0</ele></trkpt><trkpt lat="37.676566" lon="-107.80625800000001"><ele>3135.3314061127603</ele></trkpt><trkpt lat="37.67671" lon="-107.80587300000002"><ele>3139.0</ele></trkpt><trkpt lat="37.676757" lon="-107.80580299999997"><ele>3140.0</ele></trkpt><trkpt lat="37.67682" lon="-107.80566899999997"><ele>3141.871015411571</ele></trkpt><trkpt lat="37.676838" lon="-107.80583999999999"><ele>3142.3472811672837</ele></trkpt><trkpt lat="37.67685" lon="-107.805949"><ele>3144.046751736575</ele></trkpt><trkpt lat="37.676842" lon="-107.806554"><ele>3147.6090848575486</ele></trkpt><trkpt lat="37.67682" lon="-107.80690099999998"><ele>3151.0</ele></trkpt><trkpt lat="37.676829" lon="-107.80698999999998"><ele>3152.0</ele></trkpt><trkpt lat="37.676855" lon="-107.807031"><ele>3153.0</ele></trkpt><trkpt lat="37.676921" lon="-107.80702100000002"><ele>3154.0</ele></trkpt><trkpt lat="37.67709" lon="-107.80681199999998"><ele>3157.1855707466602</ele></trkpt><trkpt lat="37.677258" lon="-107.80650800000001"><ele>3160.07779179886</ele></trkpt><trkpt lat="37.677444" lon="-107.80623100000003"><ele>3164.0003019321193</ele></trkpt><trkpt lat="37.677831" lon="-107.80575799999997"><ele>3169.817499946803</ele></trkpt><trkpt lat="37.677968" lon="-107.805655"><ele>3171.0</ele></trkpt><trkpt lat="37.677944" lon="-107.80578400000002"><ele>3172.5655776383064</ele></trkpt><trkpt lat="37.677942" lon="-107.806105"><ele>3174.0</ele></trkpt><trkpt lat="37.67795" lon="-107.80618800000002"><ele>3175.00506784134</ele></trkpt><trkpt lat="37.677985" lon="-107.80625099999997"><ele>3176.8342430641765</ele></trkpt><trkpt lat="37.678088" lon="-107.806311"><ele>3178.7513380578407</ele></trkpt><trkpt lat="37.678158" lon="-107.80632600000001"><ele>3179.0</ele></trkpt><trkpt lat="37.678222" lon="-107.806307"><ele>3179.9286393765105</ele></trkpt><trkpt lat="37.678281" lon="-107.806261"><ele>3180.3148356247693</ele></trkpt><trkpt lat="37.678701" lon="-107.80583000000001"><ele>3192.0</ele></trkpt><trkpt lat="37.679134" lon="-107.80553600000002"><ele>3196.0</ele></trkpt><trkpt lat="37.67921" lon="-107.805523"><ele>3197.0</ele></trkpt><trkpt lat="37.679281" lon="-107.80556899999999"><ele>3198.0</ele></trkpt><trkpt lat="37.679315" lon="-107.80563899999999"><ele>3199.0843608666964</ele></trkpt><trkpt lat="37.679329" lon="-107.80570899999998"><ele>3201.0</ele></trkpt><trkpt lat="37.679334" lon="-107.80593099999999"><ele>3201.339024658424</ele></trkpt><trkpt lat="37.679271" lon="-107.80620199999998"><ele>3205.2081009149915</ele></trkpt><trkpt lat="37.679238" lon="-107.80639500000001"><ele>3205.231200357191</ele></trkpt><trkpt lat="37.679359" lon="-107.806242"><ele>3207.0</ele></trkpt><trkpt lat="37.679671" lon="-107.805928"><ele>3212.90733676952</ele></trkpt><trkpt lat="37.679758" lon="-107.80581899999999"><ele>3214.0956088392995</ele></trkpt><trkpt lat="37.679981" lon="-107.80541399999998"><ele>3219.3524637245573</ele></trkpt><trkpt lat="37.6804" lon="-107.80506400000002"><ele>3224.6577961309326</ele></trkpt><trkpt lat="37.680465" lon="-107.80503399999998"><ele>3225.207220457372</ele></trkpt><trkpt lat="37.680552" lon="-107.80503099999999"><ele>3227.0</ele></trkpt><trkpt lat="37.681149" lon="-107.80515600000001"><ele>3231.0</ele></trkpt><trkpt lat="37.681428" lon="-107.80524700000001"><ele>3232.0</ele></trkpt><trkpt lat="37.681567" lon="-107.80526099999997"><ele>3234.0</ele></trkpt><trkpt lat="37.681639" lon="-107.80505700000003"><ele>3238.0489174723625</ele></trkpt><trkpt lat="37.681756" lon="-107.80507799999998"><ele>3241.0</ele></trkpt><trkpt lat="37.681884" lon="-107.80523299999999"><ele>3244.4759652707726</ele></trkpt><trkpt lat="37.681912" lon="-107.80543699999998"><ele>3248.124773768708</ele></trkpt><trkpt lat="37.681968" lon="-107.80566899999997"><ele>3246.0764559946065</ele></trkpt><trkpt lat="37.682091" lon="-107.80577499999998"><ele>3245.746044067747</ele></trkpt><trkpt lat="37.682514" lon="-107.80604299999999"><ele>3253.5743069797754</ele></trkpt><trkpt lat="37.682881" lon="-107.806352"><ele>3260.0651650661293</ele></trkpt><trkpt lat="37.68311" lon="-107.80673200000001"><ele>3262.8820222517543</ele></trkpt><trkpt lat="37.683282" lon="-107.80692199999999"><ele>3265.7993782740086</ele></trkpt><trkpt lat="37.683377" lon="-107.806915"><ele>3267.0</ele></trkpt><trkpt lat="37.683411" lon="-107.80677500000002"><ele>3267.6376711102203</ele></trkpt><trkpt lat="37.683282" lon="-107.806669"><ele>3270.0</ele></trkpt><trkpt lat="37.683199" lon="-107.80661299999997"><ele>3270.170878711165</ele></trkpt><trkpt lat="37.683177" lon="-107.806486"><ele>3271.656932619894</ele></trkpt><trkpt lat="37.683232" lon="-107.80639500000001"><ele>3273.0</ele></trkpt><trkpt lat="37.683227" lon="-107.80626799999999"><ele>3274.148883023555</ele></trkpt><trkpt lat="37.68311" lon="-107.80592999999999"><ele>3276.688331326004</ele></trkpt><trkpt lat="37.683232" lon="-107.806127"><ele>3278.715363839544</ele></trkpt><trkpt lat="37.683388" lon="-107.80624699999998"><ele>3281.0101163107247</ele></trkpt><trkpt lat="37.683567" lon="-107.80639500000001"><ele>3284.9291933639906</ele></trkpt><trkpt lat="37.683762" lon="-107.80659200000002"><ele>3284.220531618831</ele></trkpt><trkpt lat="37.68394" lon="-107.80664100000001"><ele>3288.0</ele></trkpt><trkpt lat="37.684007" lon="-107.80658499999998"><ele>3289.0</ele></trkpt><trkpt lat="37.684023" lon="-107.80645099999998"><ele>3290.7371655120514</ele></trkpt><trkpt lat="37.683962" lon="-107.806423"><ele>3292.0</ele></trkpt><trkpt lat="37.683839" lon="-107.80637999999999"><ele>3293.4279606863556</ele></trkpt><trkpt lat="37.683723" lon="-107.80624"><ele>3296.0</ele></trkpt><trkpt lat="37.683745" lon="-107.80614800000001"><ele>3298.0550814083717</ele></trkpt><trkpt lat="37.683867" lon="-107.806127"><ele>3300.0</ele></trkpt><trkpt lat="37.683806" lon="-107.806036"><ele>3303.0</ele></trkpt><trkpt lat="37.68365" lon="-107.80596500000001"><ele>3303.6747288094866</ele></trkpt><trkpt lat="37.683567" lon="-107.805838"><ele>3305.1776038153694</ele></trkpt><trkpt lat="37.683483" lon="-107.80554999999998"><ele>3310.0</ele></trkpt><trkpt lat="37.683472" lon="-107.80534599999999"><ele>3312.233897956088</ele></trkpt><trkpt lat="37.683556" lon="-107.80517700000001"><ele>3314.1098687993363</ele></trkpt><trkpt lat="37.6837" lon="-107.80506400000002"><ele>3315.0</ele></trkpt><trkpt lat="37.683879" lon="-107.80495200000001"><ele>3319.568901894983</ele></trkpt><trkpt lat="37.683922" lon="-107.80481199999997"><ele>3322.0</ele></trkpt><trkpt lat="37.68399" lon="-107.80460299999999"><ele>3324.9312702950947</ele></trkpt><trkpt lat="37.683719" lon="-107.80446799999999"><ele>3329.0</ele></trkpt><trkpt lat="37.683748" lon="-107.80433399999998"><ele>3330.09550519615</ele></trkpt><trkpt lat="37.683583" lon="-107.80434600000001"><ele>3331.439097772056</ele></trkpt><trkpt lat="37.683327" lon="-107.804621"><ele>3330.5507006831467</ele></trkpt><trkpt lat="37.683194" lon="-107.80467699999997"><ele>3333.774812016024</ele></trkpt><trkpt lat="37.683117" lon="-107.80451499999998"><ele>3337.0</ele></trkpt><trkpt lat="37.683089" lon="-107.80437899999998"><ele>3339.0</ele></trkpt><trkpt lat="37.683078" lon="-107.80424399999998"><ele>3342.0</ele></trkpt><trkpt lat="37.683109" lon="-107.80408599999998"><ele>3344.0</ele></trkpt><trkpt lat="37.683174" lon="-107.803942"><ele>3346.0</ele></trkpt><trkpt lat="37.683454" lon="-107.80353400000001"><ele>3349.0</ele></trkpt><trkpt lat="37.683602" lon="-107.80334499999998"><ele>3351.6432961784303</ele></trkpt><trkpt lat="37.683644" lon="-107.80326100000002"><ele>3352.0</ele></trkpt><trkpt lat="37.683664" lon="-107.803179"><ele>3353.0</ele></trkpt><trkpt lat="37.68368" lon="-107.802862"><ele>3353.0</ele></trkpt><trkpt lat="37.6837" lon="-107.80274700000001"><ele>3354.0</ele></trkpt><trkpt lat="37.683773" lon="-107.80253500000003"><ele>3356.713048133999</ele></trkpt><trkpt lat="37.683918" lon="-107.80218000000002"><ele>3362.8355275381223</ele></trkpt><trkpt lat="37.6841" lon="-107.801965"><ele>3368.0</ele></trkpt><trkpt lat="37.68413" lon="-107.80189100000001"><ele>3369.8015757456005</ele></trkpt><trkpt lat="37.684164" lon="-107.801714"><ele>3372.7381237540394</ele></trkpt><trkpt lat="37.684376" lon="-107.80129099999999"><ele>3375.0</ele></trkpt><trkpt lat="37.684468" lon="-107.80121400000002"><ele>3374.0</ele></trkpt><trkpt lat="37.684525" lon="-107.80121500000001"><ele>3375.0</ele></trkpt><trkpt lat="37.684546" lon="-107.801243"><ele>3376.0</ele></trkpt><trkpt lat="37.684555" lon="-107.80132200000003"><ele>3376.7633207459003</ele></trkpt><trkpt lat="37.684546" lon="-107.80196000000001"><ele>3382.2333276346326</ele></trkpt><trkpt lat="37.684577" lon="-107.802146"><ele>3383.0588597338647</ele></trkpt><trkpt lat="37.684673" lon="-107.80242499999997"><ele>3385.712125265971</ele></trkpt><trkpt lat="37.684741" lon="-107.80254200000002"><ele>3386.9744219366175</ele></trkpt><trkpt lat="37.685179" lon="-107.80303800000002"><ele>3392.899233478533</ele></trkpt><trkpt lat="37.685254" lon="-107.80308600000001"><ele>3393.5164502972084</ele></trkpt><trkpt lat="37.685442" lon="-107.80313000000001"><ele>3395.0</ele></trkpt><trkpt lat="37.685505" lon="-107.80311"><ele>3396.0</ele></trkpt><trkpt lat="37.68553" lon="-107.80305199999998"><ele>3397.0255146903055</ele></trkpt><trkpt lat="37.685449" lon="-107.80287199999998"><ele>3399.5306545784697</ele></trkpt><trkpt lat="37.685459" lon="-107.80271399999998"><ele>3402.893988267053</ele></trkpt><trkpt lat="37.685448" lon="-107.80266699999999"><ele>3404.0</ele></trkpt><trkpt lat="37.685371" lon="-107.80254200000002"><ele>3405.9097692435607</ele></trkpt><trkpt lat="37.685095" lon="-107.80218500000001"><ele>3411.802126895932</ele></trkpt><trkpt lat="37.685029" lon="-107.80206499999997"><ele>3413.7215528822258</ele></trkpt><trkpt lat="37.684996" lon="-107.80192"><ele>3416.65760807561</ele></trkpt><trkpt lat="37.685026" lon="-107.80180999999999"><ele>3418.0</ele></trkpt><trkpt lat="37.68512" lon="-107.80160599999999"><ele>3421.0</ele></trkpt><trkpt lat="37.685195" lon="-107.80150300000003"><ele>3422.0</ele></trkpt><trkpt lat="37.685396" lon="-107.80132900000001"><ele>3424.439666488208</ele></trkpt><trkpt lat="37.685521" lon="-107.80125599999997"><ele>3426.0</ele></trkpt><trkpt lat="37.685931" lon="-107.801088"><ele>3430.0</ele></trkpt><trkpt lat="37.686453" lon="-107.80096000000003"><ele>3435.0</ele></trkpt><trkpt lat="37.686573" lon="-107.80095299999999"><ele>3437.0</ele></trkpt><trkpt lat="37.686853" lon="-107.80103400000002"><ele>3440.8292892402255</ele></trkpt><trkpt lat="37.686994" lon="-107.80103700000001"><ele>3442.0</ele></trkpt><trkpt lat="37.687108" lon="-107.801065"><ele>3442.0797168655713</ele></trkpt><trkpt lat="37.687286" lon="-107.80107700000002"><ele>3443.0</ele></trkpt><trkpt lat="37.687897" lon="-107.80141400000002"><ele>3444.0</ele></trkpt><trkpt lat="37.68826" lon="-107.80162100000001"><ele>3448.0</ele></trkpt><trkpt lat="37.688475" lon="-107.80191500000001"><ele>3450.0</ele></trkpt><trkpt lat="37.688685" lon="-107.80226600000003"><ele>3452.0</ele></trkpt><trkpt lat="37.688894" lon="-107.80246599999998"><ele>3453.451625956688</ele></trkpt><trkpt lat="37.688928" lon="-107.80239399999999"><ele>3455.232994484783</ele></trkpt><trkpt lat="37.688838" lon="-107.80218000000002"><ele>3455.9974615201604</ele></trkpt><trkpt lat="37.688741" lon="-107.801829"><ele>3456.2759769149125</ele></trkpt><trkpt lat="37.68869" lon="-107.80158599999999"><ele>3456.6090478380265</ele></trkpt><trkpt lat="37.688815" lon="-107.80180000000001"><ele>3458.813120712784</ele></trkpt><trkpt lat="37.688917" lon="-107.80201499999998"><ele>3459.3010550899658</ele></trkpt><trkpt lat="37.689126" lon="-107.80219399999999"><ele>3460.955728085189</ele></trkpt><trkpt lat="37.689359" lon="-107.80223000000001"><ele>3462.3019858195626</ele></trkpt><trkpt lat="37.689557" lon="-107.80218000000002"><ele>3464.0</ele></trkpt><trkpt lat="37.689693" lon="-107.80208700000003"><ele>3466.114306132309</ele></trkpt><trkpt lat="37.689534" lon="-107.802008"><ele>3469.0</ele></trkpt><trkpt lat="37.689342" lon="-107.80180000000001"><ele>3470.3278909846017</ele></trkpt><trkpt lat="37.689274" lon="-107.80138499999998"><ele>3472.943048541129</ele></trkpt><trkpt lat="37.689325" lon="-107.80130700000001"><ele>3474.0</ele></trkpt><trkpt lat="37.68941" lon="-107.80147099999999"><ele>3475.6745351869613</ele></trkpt><trkpt lat="37.689551" lon="-107.80158599999999"><ele>3477.0</ele></trkpt><trkpt lat="37.6895" lon="-107.80127800000002"><ele>3478.0</ele></trkpt><trkpt lat="37.689579" lon="-107.80127800000002"><ele>3480.0</ele></trkpt><trkpt lat="37.689687" lon="-107.801421"><ele>3482.0</ele></trkpt><trkpt lat="37.689783" lon="-107.80147799999997"><ele>3481.819130122189</ele></trkpt><trkpt lat="37.689941" lon="-107.80145700000003"><ele>3482.971771648392</ele></trkpt><trkpt lat="37.68988" lon="-107.801308"><ele>3484.4183374219574</ele></trkpt><trkpt lat="37.689907" lon="-107.80121099999997"><ele>3485.8862401167758</ele></trkpt><trkpt lat="37.689964" lon="-107.80116399999997"><ele>3486.261942619223</ele></trkpt><trkpt lat="37.690254" lon="-107.80109299999998"><ele>3485.5619363547303</ele></trkpt><trkpt lat="37.690361" lon="-107.801038"><ele>3484.998750578612</ele></trkpt><trkpt lat="37.690492" lon="-107.80093799999997"><ele>3484.3384127984755</ele></trkpt><trkpt lat="37.690685" lon="-107.80086399999999"><ele>3483.0</ele></trkpt><trkpt lat="37.690794" lon="-107.80077399999999"><ele>3483.0</ele></trkpt><trkpt lat="37.691007" lon="-107.80045999999999"><ele>3483.0</ele></trkpt><trkpt lat="37.691077" lon="-107.80039299999999"><ele>3482.0</ele></trkpt><trkpt lat="37.691313" lon="-107.80023399999999"><ele>3483.470365155954</ele></trkpt><trkpt lat="37.691554" lon="-107.800118"><ele>3485.0</ele></trkpt><trkpt lat="37.69163" lon="-107.80009999999999"><ele>3484.0</ele></trkpt><trkpt lat="37.691708" lon="-107.80010600000003"><ele>3483.0</ele></trkpt><trkpt lat="37.691918" lon="-107.80016"><ele>3483.0</ele></trkpt><trkpt lat="37.691986" lon="-107.80014900000003"><ele>3484.3829157985747</ele></trkpt><trkpt lat="37.692081" lon="-107.80003699999997"><ele>3487.977852024138</ele></trkpt><trkpt lat="37.692134" lon="-107.80000999999999"><ele>3489.0</ele></trkpt><trkpt lat="37.692208" lon="-107.80003999999997"><ele>3490.457409542054</ele></trkpt><trkpt lat="37.692252" lon="-107.800118"><ele>3491.0</ele></trkpt><trkpt lat="37.692311" lon="-107.80028500000003"><ele>3491.5681122203086</ele></trkpt><trkpt lat="37.692487" lon="-107.800569"><ele>3495.8889234047383</ele></trkpt><trkpt lat="37.692668" lon="-107.80075699999998"><ele>3498.0</ele></trkpt><trkpt lat="37.692723" lon="-107.80078900000001"><ele>3498.9163758153254</ele></trkpt><trkpt lat="37.692847" lon="-107.80084799999997"><ele>3500.8690005086105</ele></trkpt><trkpt lat="37.692796" lon="-107.80069900000001"><ele>3502.8172802110016</ele></trkpt><trkpt lat="37.692797" lon="-107.800611"><ele>3504.0</ele></trkpt><trkpt lat="37.692754" lon="-107.80041399999999"><ele>3503.727098142862</ele></trkpt><trkpt lat="37.692649" lon="-107.80023299999999"><ele>3506.7245903318717</ele></trkpt><trkpt lat="37.692781" lon="-107.80032900000003"><ele>3509.0</ele></trkpt><trkpt lat="37.692856" lon="-107.80034999999998"><ele>3509.6454167362895</ele></trkpt><trkpt lat="37.693068" lon="-107.800456"><ele>3512.0</ele></trkpt><trkpt lat="37.693153" lon="-107.800452"><ele>3513.0</ele></trkpt><trkpt lat="37.693305" lon="-107.800366"><ele>3512.020662368327</ele></trkpt><trkpt lat="37.6935" lon="-107.800366"><ele>3515.6930041263695</ele></trkpt><trkpt lat="37.693745" lon="-107.80022300000002"><ele>3519.0</ele></trkpt><trkpt lat="37.693838" lon="-107.800187"><ele>3520.0</ele></trkpt><trkpt lat="37.693967" lon="-107.80012699999997"><ele>3521.0</ele></trkpt><trkpt lat="37.694002" lon="-107.80008199999997"><ele>3521.605310427822</ele></trkpt><trkpt lat="37.694103" lon="-107.800025"><ele>3522.0</ele></trkpt><trkpt lat="37.694319" lon="-107.79992400000003"><ele>3523.0</ele></trkpt><trkpt lat="37.694446" lon="-107.79990199999997"><ele>3525.0</ele></trkpt><trkpt lat="37.694531" lon="-107.79993200000001"><ele>3526.270788753405</ele></trkpt><trkpt lat="37.694642" lon="-107.79995300000002"><ele>3529.0</ele></trkpt><trkpt lat="37.694806" lon="-107.79988000000003"><ele>3531.0149697088373</ele></trkpt><trkpt lat="37.694952" lon="-107.79979500000002"><ele>3532.0046764147896</ele></trkpt><trkpt lat="37.695041" lon="-107.79978599999998"><ele>3533.0</ele></trkpt><trkpt lat="37.695119" lon="-107.79974900000002"><ele>3533.926996623166</ele></trkpt><trkpt lat="37.695212" lon="-107.79971999999998"><ele>3534.0</ele></trkpt><trkpt lat="37.695262" lon="-107.799733"><ele>3534.181342578493</ele></trkpt><trkpt lat="37.695327" lon="-107.79978900000003"><ele>3535.822941448072</ele></trkpt><trkpt lat="37.695425" lon="-107.799827"><ele>3537.0</ele></trkpt><trkpt lat="37.695564" lon="-107.79992800000002"><ele>3540.0</ele></trkpt><trkpt lat="37.695669" lon="-107.79997000000003"><ele>3542.0</ele></trkpt><trkpt lat="37.695711" lon="-107.79997400000002"><ele>3542.3172776968468</ele></trkpt><trkpt lat="37.695749" lon="-107.80000899999999"><ele>3544.0</ele></trkpt><trkpt lat="37.69584" lon="-107.80003299999998"><ele>3545.0594868351136</ele></trkpt><trkpt lat="37.695924" lon="-107.80001700000003"><ele>3546.5997151537117</ele></trkpt><trkpt lat="37.695997" lon="-107.80002400000001"><ele>3548.0</ele></trkpt><trkpt lat="37.696069" lon="-107.79999900000001"><ele>3548.9383022856623</ele></trkpt><trkpt lat="37.696113" lon="-107.799962"><ele>3549.380098554697</ele></trkpt><trkpt lat="37.696141" lon="-107.79988700000001"><ele>3549.094457494095</ele></trkpt><trkpt lat="37.696265" lon="-107.79976899999997"><ele>3550.915118903819</ele></trkpt><trkpt lat="37.696514" lon="-107.799574"><ele>3550.7714055115357</ele></trkpt><trkpt lat="37.6966" lon="-107.79954700000002"><ele>3551.513114312198</ele></trkpt><trkpt lat="37.696706" lon="-107.79951"><ele>3550.867269868181</ele></trkpt><trkpt lat="37.696975" lon="-107.79941500000001"><ele>3552.0</ele></trkpt><trkpt lat="37.697102" lon="-107.79941300000002"><ele>3553.0</ele></trkpt><trkpt lat="37.697224" lon="-107.79938199999998"><ele>3553.0</ele></trkpt><trkpt lat="37.697382" lon="-107.79936399999997"><ele>3553.0</ele></trkpt><trkpt lat="37.697455" lon="-107.79934400000002"><ele>3553.486232444644</ele></trkpt><trkpt lat="37.697558" lon="-107.79928899999999"><ele>3554.0</ele></trkpt><trkpt lat="37.697674" lon="-107.79919999999998"><ele>3555.0</ele></trkpt><trkpt lat="37.697767" lon="-107.79914300000002"><ele>3555.0</ele></trkpt><trkpt lat="37.697885" lon="-107.79911500000003"><ele>3555.3091600453117</ele></trkpt><trkpt lat="37.697941" lon="-107.79907700000001"><ele>3556.0</ele></trkpt><trkpt lat="37.698281" lon="-107.79893300000003"><ele>3559.0</ele></trkpt><trkpt lat="37.698404" lon="-107.798833"><ele>3560.090827879784</ele></trkpt><trkpt lat="37.698459" lon="-107.79879900000003"><ele>3560.0</ele></trkpt><trkpt lat="37.698505" lon="-107.79875400000003"><ele>3560.556635734625</ele></trkpt><trkpt lat="37.698594" lon="-107.79869100000002"><ele>3561.0</ele></trkpt><trkpt lat="37.698702" lon="-107.798631"><ele>3561.769283021828</ele></trkpt><trkpt lat="37.698826" lon="-107.798542"><ele>3562.0</ele></trkpt><trkpt lat="37.698879" lon="-107.79852700000004"><ele>3562.350317971496</ele></trkpt><trkpt lat="37.698936" lon="-107.798516"><ele>3562.847851087836</ele></trkpt><trkpt lat="37.699026" lon="-107.798472"><ele>3563.0</ele></trkpt><trkpt lat="37.699151" lon="-107.798429"><ele>3564.0</ele></trkpt><trkpt lat="37.699183" lon="-107.79840100000001"><ele>3564.0278692858574</ele></trkpt><trkpt lat="37.699282" lon="-107.79832799999997"><ele>3565.0</ele></trkpt><trkpt lat="37.699322" lon="-107.798314"><ele>3565.0</ele></trkpt><trkpt lat="37.699405" lon="-107.79825299999999"><ele>3565.0</ele></trkpt><trkpt lat="37.699512" lon="-107.79820999999998"><ele>3565.1311959348373</ele></trkpt><trkpt lat="37.699604" lon="-107.79817100000002"><ele>3565.3868664903566</ele></trkpt><trkpt lat="37.699715" lon="-107.79808400000002"><ele>3566.0</ele></trkpt><trkpt lat="37.699881" lon="-107.79799000000003"><ele>3566.951655112207</ele></trkpt><trkpt lat="37.699948" lon="-107.79797500000001"><ele>3567.252604444977</ele></trkpt><trkpt lat="37.700058" lon="-107.79791"><ele>3568.0</ele></trkpt><trkpt lat="37.700099" lon="-107.79789199999999"><ele>3568.517654535926</ele></trkpt><trkpt lat="37.700184" lon="-107.79787399999998"><ele>3568.545663287863</ele></trkpt><trkpt lat="37.700211" lon="-107.79786200000001"><ele>3568.0</ele></trkpt><trkpt lat="37.700289" lon="-107.79778799999997"><ele>3569.2190934906757</ele></trkpt><trkpt lat="37.700548" lon="-107.79769099999999"><ele>3570.0</ele></trkpt><trkpt lat="37.700654" lon="-107.79763700000001"><ele>3571.0</ele></trkpt><trkpt lat="37.700691" lon="-107.79759100000001"><ele>3571.0</ele></trkpt><trkpt lat="37.700766" lon="-107.79755899999998"><ele>3572.0</ele></trkpt><trkpt lat="37.700967" lon="-107.79740600000002"><ele>3573.3422144111246</ele></trkpt><trkpt lat="37.701139" lon="-107.79731300000003"><ele>3575.4732260741293</ele></trkpt><trkpt lat="37.701218" lon="-107.79729700000001"><ele>3576.6990680398067</ele></trkpt><trkpt lat="37.701348" lon="-107.79721899999998"><ele>3577.7880401615294</ele></trkpt><trkpt lat="37.701421" lon="-107.79718700000001"><ele>3578.044143187574</ele></trkpt><trkpt lat="37.701559" lon="-107.797188"><ele>3579.0</ele></trkpt><trkpt lat="37.701624" lon="-107.797168"><ele>3578.6436785780825</ele></trkpt><trkpt lat="37.701676" lon="-107.79717800000003"><ele>3578.1097123567015</ele></trkpt><trkpt lat="37.701774" lon="-107.797215"><ele>3578.0</ele></trkpt><trkpt lat="37.701944" lon="-107.79733099999999"><ele>3578.0266362351113</ele></trkpt><trkpt lat="37.701998" lon="-107.79735299999999"><ele>3577.2468025258604</ele></trkpt><trkpt lat="37.702068" lon="-107.79740200000003"><ele>3577.0</ele></trkpt><trkpt lat="37.702129" lon="-107.79744"><ele>3576.4654277711693</ele></trkpt><trkpt lat="37.702169" lon="-107.79748899999998"><ele>3576.5176940922543</ele></trkpt><trkpt lat="37.702221" lon="-107.79753299999999"><ele>3576.5199272047803</ele></trkpt><trkpt lat="37.702438" lon="-107.797687"><ele>3574.833084327258</ele></trkpt><trkpt lat="37.702466" lon="-107.79770300000001"><ele>3574.20986998203</ele></trkpt><trkpt lat="37.702522" lon="-107.797732"><ele>3573.0607992635614</ele></trkpt><trkpt lat="37.702561" lon="-107.79776600000002"><ele>3573.3937646233258</ele></trkpt><trkpt lat="37.702623" lon="-107.79779500000001"><ele>3572.8798233643006</ele></trkpt><trkpt lat="37.702644" lon="-107.797821"><ele>3572.066558193275</ele></trkpt><trkpt lat="37.702679" lon="-107.79783600000002"><ele>3571.633602512221</ele></trkpt><trkpt lat="37.702722" lon="-107.79787799999997"><ele>3571.9407348918785</ele></trkpt><trkpt lat="37.702766" lon="-107.79793899999999"><ele>3571.2681917115115</ele></trkpt><trkpt lat="37.702786" lon="-107.79797400000001"><ele>3571.0</ele></trkpt><trkpt lat="37.702797" lon="-107.798022"><ele>3570.867328139022</ele></trkpt><trkpt lat="37.702791" lon="-107.79805199999998"><ele>3570.344595270196</ele></trkpt><trkpt lat="37.702782" lon="-107.79806400000001"><ele>3570.850596381053</ele></trkpt><trkpt lat="37.702765" lon="-107.79809"><ele>3571.460348062844</ele></trkpt><trkpt lat="37.702769" lon="-107.79811799999999"><ele>3571.959823491611</ele></trkpt><trkpt lat="37.702791" lon="-107.798115"><ele>3571.7770773330703</ele></trkpt><trkpt lat="37.702816" lon="-107.79811000000001"><ele>3571.0</ele></trkpt><trkpt lat="37.702902" lon="-107.79814499999998"><ele>3570.1195680302053</ele></trkpt><trkpt lat="37.702955" lon="-107.79814899999997"><ele>3569.3615921763703</ele></trkpt><trkpt lat="37.702994" lon="-107.798159"><ele>3568.8730460499182</ele></trkpt><trkpt lat="37.703013" lon="-107.79816900000003"><ele>3568.395616040603</ele></trkpt><trkpt lat="37.703063" lon="-107.79817000000003"><ele>3567.4716853834457</ele></trkpt><trkpt lat="37.703247" lon="-107.79824400000001"><ele>3565.865130290578</ele></trkpt><trkpt lat="37.703344" lon="-107.79826600000001"><ele>3564.5271684893005</ele></trkpt><trkpt lat="37.703478" lon="-107.79830500000003"><ele>3562.6317191123962</ele></trkpt><trkpt lat="37.703576" lon="-107.79835600000001"><ele>3561.008491378743</ele></trkpt><trkpt lat="37.703731" lon="-107.79841599999997"><ele>3558.8046940430067</ele></trkpt><trkpt lat="37.703835" lon="-107.798428"><ele>3559.0</ele></trkpt><trkpt lat="37.703945" lon="-107.79845899999998"><ele>3558.0</ele></trkpt><trkpt lat="37.704087" lon="-107.79853100000003"><ele>3560.0</ele></trkpt><trkpt lat="37.704206" lon="-107.79858300000001"><ele>3562.1749162683263</ele></trkpt><trkpt lat="37.704291" lon="-107.798631"><ele>3562.0</ele></trkpt><trkpt lat="37.704367" lon="-107.79864499999996"><ele>3561.4768675542437</ele></trkpt><trkpt lat="37.704502" lon="-107.798699"><ele>3561.4343483747375</ele></trkpt><trkpt lat="37.704524" lon="-107.79872899999998"><ele>3561.4775400433687</ele></trkpt><trkpt lat="37.704585" lon="-107.798791"><ele>3561.154016979843</ele></trkpt><trkpt lat="37.704628" lon="-107.79880300000002"><ele>3560.0153054390103</ele></trkpt><trkpt lat="37.704712" lon="-107.79880700000001"><ele>3559.0</ele></trkpt><trkpt lat="37.704788" lon="-107.79880700000001"><ele>3558.0</ele></trkpt><trkpt lat="37.704851" lon="-107.79877499999998"><ele>3558.5353066655807</ele></trkpt><trkpt lat="37.704922" lon="-107.79876300000001"><ele>3558.9833067485843</ele></trkpt><trkpt lat="37.704974" lon="-107.79877699999997"><ele>3559.0</ele></trkpt><trkpt lat="37.705031" lon="-107.79877499999998"><ele>3559.0</ele></trkpt><trkpt lat="37.705204" lon="-107.798809"><ele>3558.0</ele></trkpt><trkpt lat="37.705269" lon="-107.79883699999999"><ele>3556.0</ele></trkpt><trkpt lat="37.705367" lon="-107.79882099999998"><ele>3555.0</ele></trkpt><trkpt lat="37.705696" lon="-107.79882299999997"><ele>3556.081322906523</ele></trkpt><trkpt lat="37.705797" lon="-107.79886699999997"><ele>3556.0</ele></trkpt><trkpt lat="37.705882" lon="-107.79892699999999"><ele>3555.0922185037266</ele></trkpt><trkpt lat="37.70596" lon="-107.79902300000003"><ele>3555.0</ele></trkpt><trkpt lat="37.705994" lon="-107.79906900000003"><ele>3553.5516023691744</ele></trkpt><trkpt lat="37.706023" lon="-107.79909499999997"><ele>3553.4483875539154</ele></trkpt><trkpt lat="37.706073" lon="-107.79909099999998"><ele>3554.026697124997</ele></trkpt><trkpt lat="37.706119" lon="-107.79908899999998"><ele>3555.0</ele></trkpt><trkpt lat="37.706164" lon="-107.79910699999999"><ele>3555.0</ele></trkpt><trkpt lat="37.706213" lon="-107.79910699999999"><ele>3555.0</ele></trkpt><trkpt lat="37.706265" lon="-107.79909900000001"><ele>3555.0</ele></trkpt><trkpt lat="37.70633" lon="-107.79911500000003"><ele>3555.0</ele></trkpt><trkpt lat="37.706398" lon="-107.79916500000002"><ele>3554.1749172164077</ele></trkpt><trkpt lat="37.706482" lon="-107.799193"><ele>3555.0</ele></trkpt><trkpt lat="37.706633" lon="-107.79921300000001"><ele>3555.9953375109426</ele></trkpt><trkpt lat="37.706757" lon="-107.79925000000003"><ele>3556.264238332612</ele></trkpt><trkpt lat="37.706896" lon="-107.79932600000001"><ele>3558.0</ele></trkpt><trkpt lat="37.70704" lon="-107.799396"><ele>3559.0</ele></trkpt><trkpt lat="37.707152" lon="-107.79940799999997"><ele>3559.0</ele></trkpt><trkpt lat="37.707253" lon="-107.79943000000003"><ele>3559.0</ele></trkpt><trkpt lat="37.707356" lon="-107.79941400000001"><ele>3559.0</ele></trkpt><trkpt lat="37.707519" lon="-107.79943400000002"><ele>3559.0</ele></trkpt><trkpt lat="37.707626" lon="-107.79947199999998"><ele>3560.0</ele></trkpt><trkpt lat="37.707707" lon="-107.799486"><ele>3559.670308267232</ele></trkpt><trkpt lat="37.70777" lon="-107.79949599999998"><ele>3560.0</ele></trkpt><trkpt lat="37.707838" lon="-107.799486"><ele>3560.0</ele></trkpt><trkpt lat="37.707901" lon="-107.799466"><ele>3559.738240711391</ele></trkpt><trkpt lat="37.707971" lon="-107.79949199999999"><ele>3560.0</ele></trkpt><trkpt lat="37.708063" lon="-107.79948200000001"><ele>3560.483894756064</ele></trkpt><trkpt lat="37.708126" lon="-107.799488"><ele>3560.7635150225833</ele></trkpt><trkpt lat="37.708199" lon="-107.799512"><ele>3561.8819960881956</ele></trkpt><trkpt lat="37.708321" lon="-107.79949399999998"><ele>3562.0</ele></trkpt><trkpt lat="37.708455" lon="-107.79948000000002"><ele>3562.1626809365557</ele></trkpt><trkpt lat="37.708548" lon="-107.79945600000002"><ele>3562.2435601484867</ele></trkpt><trkpt lat="37.708691" lon="-107.79944799999998"><ele>3562.0</ele></trkpt><trkpt lat="37.708786" lon="-107.79942800000003"><ele>3561.0</ele></trkpt><trkpt lat="37.70886" lon="-107.79944"><ele>3561.526552889496</ele></trkpt><trkpt lat="37.708961" lon="-107.79943200000002"><ele>3561.153725868091</ele></trkpt><trkpt lat="37.709106" lon="-107.79943800000001"><ele>3561.101795124631</ele></trkpt><trkpt lat="37.709219" lon="-107.79942800000003"><ele>3560.9673123573884</ele></trkpt><trkpt lat="37.709421" lon="-107.79942800000003"><ele>3559.0</ele></trkpt><trkpt lat="37.709533" lon="-107.79939000000002"><ele>3559.0</ele></trkpt><trkpt lat="37.710019" lon="-107.79933499999999"><ele>3558.0</ele></trkpt><trkpt lat="37.710338" lon="-107.79927499999997"><ele>3553.8369955546223</ele></trkpt><trkpt lat="37.710397" lon="-107.79926599999999"><ele>3553.0770371706253</ele></trkpt><trkpt lat="37.710435" lon="-107.79925000000003"><ele>3553.0</ele></trkpt><trkpt lat="37.710541" lon="-107.79917699999999"><ele>3552.0</ele></trkpt><trkpt lat="37.710683" lon="-107.79911700000002"><ele>3549.4736618679017</ele></trkpt><trkpt lat="37.710776" lon="-107.79906699999998"><ele>3548.0</ele></trkpt><trkpt lat="37.710879" lon="-107.79904899999997"><ele>3547.3046321761794</ele></trkpt><trkpt lat="37.71123" lon="-107.79891900000001"><ele>3542.0278947680495</ele></trkpt><trkpt lat="37.711295" lon="-107.79891700000002"><ele>3541.0</ele></trkpt><trkpt lat="37.711364" lon="-107.79889700000001"><ele>3540.0</ele></trkpt><trkpt lat="37.711485" lon="-107.798831"><ele>3541.0</ele></trkpt><trkpt lat="37.711709" lon="-107.79864099999998"><ele>3540.0</ele></trkpt><trkpt lat="37.711837" lon="-107.79860300000001"><ele>3538.184536220916</ele></trkpt><trkpt lat="37.712024" lon="-107.79855499999996"><ele>3537.0</ele></trkpt><trkpt lat="37.712147" lon="-107.798565"><ele>3535.7720091191354</ele></trkpt><trkpt lat="37.712354" lon="-107.79862500000002"><ele>3533.0</ele></trkpt><trkpt lat="37.71246" lon="-107.798699"><ele>3530.0</ele></trkpt><trkpt lat="37.712519" lon="-107.79876100000001"><ele>3528.9037727019004</ele></trkpt><trkpt lat="37.712574" lon="-107.798855"><ele>3527.938461665064</ele></trkpt><trkpt lat="37.712679" lon="-107.79901699999999"><ele>3525.9538661464767</ele></trkpt><trkpt lat="37.712811" lon="-107.79918099999998"><ele>3523.0</ele></trkpt><trkpt lat="37.712889" lon="-107.79928899999999"><ele>3521.3816501591355</ele></trkpt><trkpt lat="37.71295" lon="-107.79937899999999"><ele>3521.0</ele></trkpt><trkpt lat="37.713018" lon="-107.79946000000001"><ele>3520.358719726361</ele></trkpt><trkpt lat="37.713123" lon="-107.79950200000002"><ele>3520.0</ele></trkpt><trkpt lat="37.713267" lon="-107.79951599999998"><ele>3518.1817818172276</ele></trkpt><trkpt lat="37.713311" lon="-107.79955799999999"><ele>3518.0</ele></trkpt><trkpt lat="37.713396" lon="-107.799578"><ele>3517.9578190222383</ele></trkpt><trkpt lat="37.713574" lon="-107.799624"><ele>3518.0</ele></trkpt><trkpt lat="37.713662" lon="-107.79965199999998"><ele>3518.8434894997627</ele></trkpt><trkpt lat="37.713716" lon="-107.799712"><ele>3518.0</ele></trkpt><trkpt lat="37.713801" lon="-107.79992600000003"><ele>3517.0</ele></trkpt><trkpt lat="37.713918" lon="-107.80015800000001"><ele>3516.9970934300927</ele></trkpt><trkpt lat="37.714143" lon="-107.80039599999998"><ele>3517.5462136594306</ele></trkpt><trkpt lat="37.714234" lon="-107.800502"><ele>3518.856703041467</ele></trkpt><trkpt lat="37.714334" lon="-107.80055600000003"><ele>3520.0</ele></trkpt><trkpt lat="37.714589" lon="-107.80063999999999"><ele>3521.0</ele></trkpt><trkpt lat="37.714826" lon="-107.80068399999999"><ele>3523.3657162744917</ele></trkpt><trkpt lat="37.714875" lon="-107.80068399999999"><ele>3524.0</ele></trkpt><trkpt lat="37.714986" lon="-107.80068599999998"><ele>3524.594361599069</ele></trkpt><trkpt lat="37.715136" lon="-107.80060400000002"><ele>3525.0</ele></trkpt><trkpt lat="37.715322" lon="-107.80044199999998"><ele>3528.9502851590514</ele></trkpt><trkpt lat="37.715357" lon="-107.80039999999997"><ele>3530.0</ele></trkpt><trkpt lat="37.715368" lon="-107.800318"><ele>3530.0</ele></trkpt><trkpt lat="37.715401" lon="-107.80026199999998"><ele>3531.0</ele></trkpt><trkpt lat="37.715469" lon="-107.80019400000003"><ele>3533.0</ele></trkpt><trkpt lat="37.71555" lon="-107.80016599999999"><ele>3535.0</ele></trkpt><trkpt lat="37.715646" lon="-107.80013600000001"><ele>3536.0</ele></trkpt><trkpt lat="37.715738" lon="-107.80008199999997"><ele>3537.45798407495</ele></trkpt><trkpt lat="37.715879" lon="-107.80001199999998"><ele>3539.764711325988</ele></trkpt><trkpt lat="37.715956" lon="-107.79993999999999"><ele>3541.0</ele></trkpt><trkpt lat="37.715994" lon="-107.79990299999997"><ele>3541.0</ele></trkpt><trkpt lat="37.716019" lon="-107.79982799999999"><ele>3542.0</ele></trkpt><trkpt lat="37.716061" lon="-107.799668"><ele>3545.0</ele></trkpt><trkpt lat="37.716112" lon="-107.79952100000003"><ele>3548.0</ele></trkpt><trkpt lat="37.716135" lon="-107.79940199999999"><ele>3550.2068563298003</ele></trkpt><trkpt lat="37.716285" lon="-107.79927199999997"><ele>3554.0</ele></trkpt><trkpt lat="37.716407" lon="-107.79912200000001"><ele>3555.962130537452</ele></trkpt><trkpt lat="37.716603" lon="-107.79913699999997"><ele>3556.5942705785856</ele></trkpt><trkpt lat="37.716719" lon="-107.799127"><ele>3558.2970369014365</ele></trkpt><trkpt lat="37.716791" lon="-107.799125"><ele>3559.0</ele></trkpt><trkpt lat="37.716878" lon="-107.79915900000003"><ele>3558.568996265065</ele></trkpt><trkpt lat="37.716935" lon="-107.79919899999999"><ele>3557.9933000033952</ele></trkpt><trkpt lat="37.717043" lon="-107.799263"><ele>3559.245563153673</ele></trkpt><trkpt lat="37.717104" lon="-107.79929600000003"><ele>3560.1721217243244</ele></trkpt><trkpt lat="37.717172" lon="-107.79933800000003"><ele>3561.2133505344923</ele></trkpt><trkpt lat="37.717217" lon="-107.79933299999999"><ele>3562.0</ele></trkpt><trkpt lat="37.71728" lon="-107.79933800000003"><ele>3562.0</ele></trkpt><trkpt lat="37.717327" lon="-107.79936600000002"><ele>3561.0</ele></trkpt><trkpt lat="37.717378" lon="-107.799394"><ele>3560.0</ele></trkpt><trkpt lat="37.717411" lon="-107.79942399999999"><ele>3559.2146350208614</ele></trkpt><trkpt lat="37.717444" lon="-107.799466"><ele>3559.0</ele></trkpt><trkpt lat="37.717492" lon="-107.79947400000003"><ele>3557.9119855482154</ele></trkpt><trkpt lat="37.717593" lon="-107.79947400000003"><ele>3557.0</ele></trkpt><trkpt lat="37.717643" lon="-107.79948999999999"><ele>3557.733137571874</ele></trkpt><trkpt lat="37.717692" lon="-107.799512"><ele>3559.0</ele></trkpt><trkpt lat="37.717727" lon="-107.79955999999999"><ele>3559.561506775873</ele></trkpt><trkpt lat="37.717759" lon="-107.799602"><ele>3559.482712009408</ele></trkpt><trkpt lat="37.717808" lon="-107.79962999999998"><ele>3561.028202606365</ele></trkpt><trkpt lat="37.717846" lon="-107.79965600000003"><ele>3562.0552682275884</ele></trkpt><trkpt lat="37.717893" lon="-107.79970800000001"><ele>3562.9905237327152</ele></trkpt><trkpt lat="37.717936" lon="-107.79973799999999"><ele>3563.556631466184</ele></trkpt><trkpt lat="37.717963" lon="-107.79975999999999"><ele>3564.541161954403</ele></trkpt><trkpt lat="37.717988" lon="-107.79979000000003"><ele>3564.176293902565</ele></trkpt><trkpt lat="37.718028" lon="-107.79979400000002"><ele>3565.975851376541</ele></trkpt><trkpt lat="37.718075" lon="-107.79978399999999"><ele>3566.5198037135237</ele></trkpt><trkpt lat="37.718126" lon="-107.79976599999998"><ele>3568.0</ele></trkpt><trkpt lat="37.718178" lon="-107.799778"><ele>3567.149954020286</ele></trkpt><trkpt lat="37.718216" lon="-107.799822"><ele>3567.817907342646</ele></trkpt><trkpt lat="37.718227" lon="-107.79985399999998"><ele>3568.0</ele></trkpt><trkpt lat="37.718269" lon="-107.79990599999996"><ele>3567.756273068022</ele></trkpt><trkpt lat="37.718328" lon="-107.79993200000001"><ele>3567.5651109611576</ele></trkpt><trkpt lat="37.718379" lon="-107.79997000000003"><ele>3567.7736568870023</ele></trkpt><trkpt lat="37.718483" lon="-107.800026"><ele>3567.028988064592</ele></trkpt><trkpt lat="37.718611" lon="-107.80008800000002"><ele>3568.0</ele></trkpt><trkpt lat="37.718687" lon="-107.80010600000003"><ele>3568.0</ele></trkpt><trkpt lat="37.718753" lon="-107.80009799999999"><ele>3568.0</ele></trkpt><trkpt lat="37.718813" lon="-107.800072"><ele>3567.381079150364</ele></trkpt><trkpt lat="37.718861" lon="-107.80006800000001"><ele>3567.0</ele></trkpt><trkpt lat="37.718897" lon="-107.800094"><ele>3566.0</ele></trkpt><trkpt lat="37.718937" lon="-107.80014599999998"><ele>3565.0431853158516</ele></trkpt><trkpt lat="37.718983" lon="-107.80015000000003"><ele>3564.365458421409</ele></trkpt><trkpt lat="37.719084" lon="-107.80027999999999"><ele>3562.326609778218</ele></trkpt><trkpt lat="37.719163" lon="-107.80037800000002"><ele>3562.817045474478</ele></trkpt><trkpt lat="37.719274" lon="-107.80043"><ele>3563.2618179347364</ele></trkpt><trkpt lat="37.719432" lon="-107.80053599999997"><ele>3564.4838189692236</ele></trkpt><trkpt lat="37.719512" lon="-107.80060400000002"><ele>3565.8461524527165</ele></trkpt><trkpt lat="37.71956" lon="-107.800658"><ele>3565.8925811126483</ele></trkpt><trkpt lat="37.719681" lon="-107.80083000000002"><ele>3564.4524948992766</ele></trkpt><trkpt lat="37.719726" lon="-107.800883"><ele>3564.6337384292856</ele></trkpt><trkpt lat="37.719751" lon="-107.800928"><ele>3564.0094885393046</ele></trkpt><trkpt lat="37.7198" lon="-107.80098299999997"><ele>3564.4339135929076</ele></trkpt><trkpt lat="37.719866" lon="-107.801018"><ele>3565.5905406591482</ele></trkpt><trkpt lat="37.720024" lon="-107.80105300000002"><ele>3569.302198754158</ele></trkpt><trkpt lat="37.720137" lon="-107.80111899999997"><ele>3570.8499150867574</ele></trkpt><trkpt lat="37.720211" lon="-107.80114500000002"><ele>3572.99804314645</ele></trkpt><trkpt lat="37.720273" lon="-107.80113699999998"><ele>3576.0236922372133</ele></trkpt><trkpt lat="37.720323" lon="-107.80116700000002"><ele>3575.5714173782617</ele></trkpt><trkpt lat="37.720377" lon="-107.80121300000002"><ele>3574.8091562713767</ele></trkpt><trkpt lat="37.720474" lon="-107.80127900000002"><ele>3575.2482470846735</ele></trkpt><trkpt lat="37.720527" lon="-107.801309"><ele>3576.3717340445146</ele></trkpt><trkpt lat="37.720583" lon="-107.80129899999997"><ele>3578.8377678235993</ele></trkpt><trkpt lat="37.720628" lon="-107.80132100000003"><ele>3579.7284133930634</ele></trkpt><trkpt lat="37.720671" lon="-107.80136500000003"><ele>3579.7619448872283</ele></trkpt><trkpt lat="37.720706" lon="-107.80138899999997"><ele>3579.6434638234787</ele></trkpt><trkpt lat="37.720764" lon="-107.80145099999999"><ele>3578.754054400604</ele></trkpt><trkpt lat="37.72082" lon="-107.80154099999999"><ele>3576.939961819128</ele></trkpt><trkpt lat="37.720885" lon="-107.801605"><ele>3576.2703642537817</ele></trkpt><trkpt lat="37.721044" lon="-107.80178899999999"><ele>3573.0630262509467</ele></trkpt><trkpt lat="37.721087" lon="-107.80182100000002"><ele>3573.3036628858636</ele></trkpt><trkpt lat="37.72113" lon="-107.80186500000002"><ele>3572.4602559986524</ele></trkpt><trkpt lat="37.721188" lon="-107.80192499999998"><ele>3570.664053334389</ele></trkpt><trkpt lat="37.721262" lon="-107.80195300000003"><ele>3570.0</ele></trkpt><trkpt lat="37.721304" lon="-107.80194699999998"><ele>3569.775870084323</ele></trkpt><trkpt lat="37.721326" lon="-107.801965"><ele>3569.799918222241</ele></trkpt><trkpt lat="37.721364" lon="-107.802029"><ele>3568.7318645697087</ele></trkpt><trkpt lat="37.721636" lon="-107.80219299999999"><ele>3571.1144666685723</ele></trkpt><trkpt lat="37.721727" lon="-107.80224499999997"><ele>3574.052595342975</ele></trkpt><trkpt lat="37.721797" lon="-107.80224299999998"><ele>3576.270040671807</ele></trkpt><trkpt lat="37.721843" lon="-107.802213"><ele>3577.2093116017654</ele></trkpt><trkpt lat="37.721881" lon="-107.80218100000002"><ele>3577.733588621486</ele></trkpt><trkpt lat="37.721911" lon="-107.802187"><ele>3578.0</ele></trkpt><trkpt lat="37.72193" lon="-107.80224099999998"><ele>3579.0</ele></trkpt><trkpt lat="37.72195" lon="-107.80233499999997"><ele>3580.0</ele></trkpt><trkpt lat="37.721983" lon="-107.80246299999999"><ele>3581.0</ele></trkpt><trkpt lat="37.722018" lon="-107.80255499999998"><ele>3582.446697395295</ele></trkpt><trkpt lat="37.722024" lon="-107.80261300000001"><ele>3582.8799371828854</ele></trkpt><trkpt lat="37.722064" lon="-107.80281000000002"><ele>3584.156921520829</ele></trkpt><trkpt lat="37.722085" lon="-107.80291199999999"><ele>3585.3941983133554</ele></trkpt><trkpt lat="37.722085" lon="-107.80298600000003"><ele>3586.3941983133554</ele></trkpt><trkpt lat="37.722083" lon="-107.80307600000003"><ele>3587.2698497923698</ele></trkpt><trkpt lat="37.722078" lon="-107.80316199999999"><ele>3587.981772677973</ele></trkpt><trkpt lat="37.722088" lon="-107.80323799999996"><ele>3588.570952169597</ele></trkpt><trkpt lat="37.722126" lon="-107.803314"><ele>3591.0</ele></trkpt><trkpt lat="37.722134" lon="-107.80336999999997"><ele>3592.281178859994</ele></trkpt><trkpt lat="37.722118" lon="-107.80343399999998"><ele>3592.338491121307</ele></trkpt><trkpt lat="37.722123" lon="-107.803492"><ele>3592.6330810189247</ele></trkpt><trkpt lat="37.722148" lon="-107.80359399999998"><ele>3594.0</ele></trkpt><trkpt lat="37.722161" lon="-107.80362600000001"><ele>3594.0</ele></trkpt><trkpt lat="37.722225" lon="-107.80368199999998"><ele>3595.0</ele></trkpt><trkpt lat="37.722311" lon="-107.80370399999998"><ele>3596.0</ele></trkpt><trkpt lat="37.72239" lon="-107.80370800000003"><ele>3597.0</ele></trkpt><trkpt lat="37.722469" lon="-107.803722"><ele>3597.0</ele></trkpt><trkpt lat="37.722557" lon="-107.80375200000003"><ele>3596.0</ele></trkpt><trkpt lat="37.72264" lon="-107.803766"><ele>3596.0</ele></trkpt><trkpt lat="37.722847" lon="-107.803812"><ele>3595.0</ele></trkpt><trkpt lat="37.722998" lon="-107.80387400000001"><ele>3594.0</ele></trkpt><trkpt lat="37.723063" lon="-107.80389200000002"><ele>3593.0</ele></trkpt><trkpt lat="37.723225" lon="-107.80392999999998"><ele>3592.0</ele></trkpt><trkpt lat="37.723357" lon="-107.80394000000001"><ele>3591.0</ele></trkpt><trkpt lat="37.723691" lon="-107.80402200000003"><ele>3590.0</ele></trkpt><trkpt lat="37.723854" lon="-107.804036"><ele>3590.1766491775406</ele></trkpt><trkpt lat="37.72398" lon="-107.80406199999999"><ele>3591.0</ele></trkpt><trkpt lat="37.724061" lon="-107.80407200000002"><ele>3591.606601243373</ele></trkpt><trkpt lat="37.724111" lon="-107.80406600000003"><ele>3591.0</ele></trkpt><trkpt lat="37.724179" lon="-107.804056"><ele>3591.0</ele></trkpt><trkpt lat="37.724254" lon="-107.804056"><ele>3589.285642164909</ele></trkpt><trkpt lat="37.724353" lon="-107.80404799999997"><ele>3587.993908781828</ele></trkpt><trkpt lat="37.724421" lon="-107.80402200000003"><ele>3587.0</ele></trkpt><trkpt lat="37.724531" lon="-107.80397800000003"><ele>3586.0</ele></trkpt><trkpt lat="37.724603" lon="-107.80396000000002"><ele>3586.0</ele></trkpt><trkpt lat="37.7247" lon="-107.80395199999998"><ele>3585.1990065784194</ele></trkpt><trkpt lat="37.724786" lon="-107.80395199999998"><ele>3585.0</ele></trkpt><trkpt lat="37.724832" lon="-107.80394999999999"><ele>3584.2922133342363</ele></trkpt><trkpt lat="37.724965" lon="-107.80390599999998"><ele>3585.3427619561553</ele></trkpt><trkpt lat="37.725062" lon="-107.80385999999999"><ele>3585.4865173338912</ele></trkpt><trkpt lat="37.725109" lon="-107.80382199999997"><ele>3585.2574456906877</ele></trkpt><trkpt lat="37.72515" lon="-107.80377799999997"><ele>3585.018546193838</ele></trkpt><trkpt lat="37.725185" lon="-107.80378200000001"><ele>3585.121580799576</ele></trkpt><trkpt lat="37.725229" lon="-107.80377399999998"><ele>3585.4944078228436</ele></trkpt><trkpt lat="37.725263" lon="-107.80372399999999"><ele>3586.824576711748</ele></trkpt><trkpt lat="37.725294" lon="-107.803698"><ele>3587.0</ele></trkpt><trkpt lat="37.72534" lon="-107.80370800000003"><ele>3586.5702307540923</ele></trkpt><trkpt lat="37.725422" lon="-107.80372799999998"><ele>3585.0</ele></trkpt><trkpt lat="37.725498" lon="-107.803718"><ele>3584.0535783654277</ele></trkpt><trkpt lat="37.725556" lon="-107.80371000000002"><ele>3584.0</ele></trkpt><trkpt lat="37.725602" lon="-107.80368799999997"><ele>3583.1941127535656</ele></trkpt><trkpt lat="37.725643" lon="-107.80366200000003"><ele>3583.0</ele></trkpt><trkpt lat="37.725685" lon="-107.80365799999998"><ele>3582.4466200879388</ele></trkpt><trkpt lat="37.725729" lon="-107.803628"><ele>3582.0</ele></trkpt><trkpt lat="37.7258" lon="-107.80363599999998"><ele>3581.9256739560515</ele></trkpt><trkpt lat="37.725844" lon="-107.80364400000002"><ele>3581.0</ele></trkpt><trkpt lat="37.7259" lon="-107.80361199999999"><ele>3580.8356240811936</ele></trkpt><trkpt lat="37.725958" lon="-107.803606"><ele>3580.0</ele></trkpt><trkpt lat="37.726061" lon="-107.80359199999998"><ele>3578.9843483171107</ele></trkpt><trkpt lat="37.726206" lon="-107.80352399999998"><ele>3578.1159362849153</ele></trkpt><trkpt lat="37.726382" lon="-107.80347"><ele>3576.0</ele></trkpt><trkpt lat="37.726469" lon="-107.80343600000003"><ele>3575.0</ele></trkpt><trkpt lat="37.726692" lon="-107.80338799999998"><ele>3572.4833116447553</ele></trkpt><trkpt lat="37.726733" lon="-107.80340000000001"><ele>3571.689887275342</ele></trkpt><trkpt lat="37.726796" lon="-107.80338999999998"><ele>3571.0</ele></trkpt><trkpt lat="37.726851" lon="-107.80336199999999"><ele>3570.551700139445</ele></trkpt><trkpt lat="37.726902" lon="-107.80333000000002"><ele>3570.0</ele></trkpt><trkpt lat="37.726948" lon="-107.80330600000002"><ele>3570.0</ele></trkpt><trkpt lat="37.726978" lon="-107.80329799999998"><ele>3569.7777953231857</ele></trkpt><trkpt lat="37.72703" lon="-107.80326400000001"><ele>3569.4442434493485</ele></trkpt><trkpt lat="37.727074" lon="-107.80324999999999"><ele>3568.9704648806987</ele></trkpt><trkpt lat="37.727122" lon="-107.803222"><ele>3569.2194723552093</ele></trkpt><trkpt lat="37.727169" lon="-107.80322000000001"><ele>3569.3126791110262</ele></trkpt><trkpt lat="37.727229" lon="-107.80319600000001"><ele>3570.0</ele></trkpt><trkpt lat="37.727307" lon="-107.80318399999999"><ele>3569.990400712006</ele></trkpt><trkpt lat="37.727362" lon="-107.80315999999999"><ele>3570.0</ele></trkpt><trkpt lat="37.727417" lon="-107.80312000000004"><ele>3570.0</ele></trkpt><trkpt lat="37.727468" lon="-107.80309"><ele>3570.0</ele></trkpt><trkpt lat="37.727582" lon="-107.80307800000003"><ele>3570.0</ele></trkpt><trkpt lat="37.727659" lon="-107.80306200000001"><ele>3570.6760127996095</ele></trkpt><trkpt lat="37.727707" lon="-107.803066"><ele>3570.4895992884412</ele></trkpt><trkpt lat="37.727778" lon="-107.80303800000002"><ele>3570.794493866153</ele></trkpt><trkpt lat="37.727855" lon="-107.80298600000003"><ele>3572.0</ele></trkpt><trkpt lat="37.728024" lon="-107.80291599999998"><ele>3572.480105956085</ele></trkpt><trkpt lat="37.728075" lon="-107.80290400000001"><ele>3572.0393464881927</ele></trkpt><trkpt lat="37.728122" lon="-107.80290000000002"><ele>3572.2257599984296</ele></trkpt><trkpt lat="37.728244" lon="-107.80283199999997"><ele>3573.0</ele></trkpt><trkpt lat="37.728336" lon="-107.80277999999998"><ele>3573.0</ele></trkpt><trkpt lat="37.728407" lon="-107.802726"><ele>3573.4083378352334</ele></trkpt><trkpt lat="37.728468" lon="-107.80268999999998"><ele>3574.0</ele></trkpt><trkpt lat="37.728521" lon="-107.802684"><ele>3574.0</ele></trkpt><trkpt lat="37.728579" lon="-107.80271199999999"><ele>3573.987195022404</ele></trkpt><trkpt lat="37.728663" lon="-107.802728"><ele>3575.23518582661</ele></trkpt><trkpt lat="37.728758" lon="-107.80271199999999"><ele>3575.987195022404</ele></trkpt><trkpt lat="37.728831" lon="-107.80267800000001"><ele>3575.6261904058483</ele></trkpt><trkpt lat="37.728895" lon="-107.80266"><ele>3575.4105706666596</ele></trkpt><trkpt lat="37.728992" lon="-107.80263200000002"><ele>3575.71546524344</ele></trkpt><trkpt lat="37.729068" lon="-107.80258800000001"><ele>3576.0</ele></trkpt><trkpt lat="37.729104" lon="-107.80256199999997"><ele>3576.977701690048</ele></trkpt><trkpt lat="37.729185" lon="-107.802505"><ele>3577.0</ele></trkpt><trkpt lat="37.729268" lon="-107.80246299999999"><ele>3577.0</ele></trkpt><trkpt lat="37.729344" lon="-107.80240900000001"><ele>3577.1080184881575</ele></trkpt><trkpt lat="37.729417" lon="-107.80235099999999"><ele>3578.8110144003294</ele></trkpt><trkpt lat="37.729477" lon="-107.80234100000001"><ele>3578.277048177086</ele></trkpt><trkpt lat="37.729586" lon="-107.802299"><ele>3579.0</ele></trkpt><trkpt lat="37.729643" lon="-107.80226099999999"><ele>3579.0014955801375</ele></trkpt><trkpt lat="37.729698" lon="-107.802231"><ele>3578.403419732582</ele></trkpt><trkpt lat="37.729749" lon="-107.80222300000003"><ele>3578.5603839492574</ele></trkpt><trkpt lat="37.729811" lon="-107.80219699999998"><ele>3578.9879345791414</ele></trkpt><trkpt lat="37.729898" lon="-107.802119"><ele>3578.8785700951703</ele></trkpt><trkpt lat="37.729943" lon="-107.802099"><ele>3578.1590493544936</ele></trkpt><trkpt lat="37.730002" lon="-107.80210499999998"><ele>3577.275445333682</ele></trkpt><trkpt lat="37.730049" lon="-107.802101"><ele>3577.4618588443846</ele></trkpt><trkpt lat="37.730084" lon="-107.80207100000001"><ele>3577.2542586805885</ele></trkpt><trkpt lat="37.730114" lon="-107.80199900000002"><ele>3577.1137186642964</ele></trkpt><trkpt lat="37.730135" lon="-107.80195700000002"><ele>3576.41308115289</ele></trkpt><trkpt lat="37.730154" lon="-107.801919"><ele>3576.953303125012</ele></trkpt><trkpt lat="37.730171" lon="-107.801851"><ele>3577.169244946912</ele></trkpt><trkpt lat="37.73019" lon="-107.80180899999999"><ele>3577.0034799494074</ele></trkpt><trkpt lat="37.730222" lon="-107.80181099999999"><ele>3576.0</ele></trkpt><trkpt lat="37.730247" lon="-107.80184099999997"><ele>3576.70891174245</ele></trkpt><trkpt lat="37.73028" lon="-107.80189899999999"><ele>3576.9072429598614</ele></trkpt><trkpt lat="37.730334" lon="-107.80197099999998"><ele>3576.7291794957882</ele></trkpt><trkpt lat="37.730383" lon="-107.80200100000002"><ele>3578.0394380165626</ele></trkpt><trkpt lat="37.730433" lon="-107.802009"><ele>3578.547810986083</ele></trkpt><trkpt lat="37.730464" lon="-107.80196699999999"><ele>3578.971951750295</ele></trkpt><trkpt lat="37.73049" lon="-107.80193300000002"><ele>3579.372326053679</ele></trkpt><trkpt lat="37.730522" lon="-107.801941"><ele>3577.9183992887847</ele></trkpt><trkpt lat="37.730595" lon="-107.80197099999998"><ele>3577.423920707487</ele></trkpt><trkpt lat="37.730649" lon="-107.80195900000001"><ele>3578.9969637440367</ele></trkpt><trkpt lat="37.730708" lon="-107.80196699999999"><ele>3578.372250482188</ele></trkpt><trkpt lat="37.730767" lon="-107.801987"><ele>3577.7746439110488</ele></trkpt><trkpt lat="37.730854" lon="-107.80199099999999"><ele>3575.5882303998806</ele></trkpt><trkpt lat="37.730908" lon="-107.80202099999997"><ele>3575.0</ele></trkpt><trkpt lat="37.730962" lon="-107.80203899999998"><ele>3575.0</ele></trkpt><trkpt lat="37.730985" lon="-107.802075"><ele>3574.5357841642262</ele></trkpt><trkpt lat="37.731025" lon="-107.802141"><ele>3574.0</ele></trkpt><trkpt lat="37.731077" lon="-107.80215499999997"><ele>3572.7287031589076</ele></trkpt><trkpt lat="37.731137" lon="-107.80213900000001"><ele>3570.1712947974283</ele></trkpt><trkpt lat="37.731181" lon="-107.80216200000001"><ele>3570.3447884786874</ele></trkpt><trkpt lat="37.731213" lon="-107.80223899999999"><ele>3571.2303948830813</ele></trkpt><trkpt lat="37.731223" lon="-107.8023"><ele>3570.8196470495313</ele></trkpt><trkpt lat="37.731276" lon="-107.80237899999997"><ele>3571.477111501117</ele></trkpt><trkpt lat="37.731344" lon="-107.80242299999998"><ele>3571.4555712006986</ele></trkpt><trkpt lat="37.731378" lon="-107.80245400000001"><ele>3571.0108664878644</ele></trkpt><trkpt lat="37.731416" lon="-107.80248799999998"><ele>3571.0</ele></trkpt><trkpt lat="37.731548" lon="-107.802506"><ele>3571.5874908445403</ele></trkpt><trkpt lat="37.731632" lon="-107.802524"><ele>3571.748630044516</ele></trkpt><trkpt lat="37.731657" lon="-107.802525"><ele>3571.702026666142</ele></trkpt><trkpt lat="37.731745" lon="-107.802502"><ele>3572.0</ele></trkpt><trkpt lat="37.731811" lon="-107.802501"><ele>3572.8205077326857</ele></trkpt><trkpt lat="37.731859" lon="-107.80248"><ele>3572.799178666435</ele></trkpt><trkpt lat="37.731925" lon="-107.80248499999999"><ele>3572.0</ele></trkpt><trkpt lat="37.731984" lon="-107.80246999999997"><ele>3572.0</ele></trkpt><trkpt lat="37.732084" lon="-107.802461"><ele>3571.6846428448334</ele></trkpt><trkpt lat="37.732178" lon="-107.80246"><ele>3572.0</ele></trkpt><trkpt lat="37.732287" lon="-107.80248799999998"><ele>3572.220224470723</ele></trkpt><trkpt lat="37.732359" lon="-107.80248399999999"><ele>3572.6127651557326</ele></trkpt><trkpt lat="37.732379" lon="-107.80249000000003"><ele>3572.958477639531</ele></trkpt><trkpt lat="37.732429" lon="-107.802506"><ele>3572.5874908445403</ele></trkpt><trkpt lat="37.732524" lon="-107.802504"><ele>3572.0</ele></trkpt><trkpt lat="37.732598" lon="-107.802505"><ele>3572.0</ele></trkpt><trkpt lat="37.732691" lon="-107.80256300000002"><ele>3570.931098309811</ele></trkpt><trkpt lat="37.732758" lon="-107.80261300000001"><ele>3570.162730825593</ele></trkpt><trkpt lat="37.73282" lon="-107.80265199999997"><ele>3570.0</ele></trkpt><trkpt lat="37.732863" lon="-107.80272000000002"><ele>3569.8233499224457</ele></trkpt><trkpt lat="37.732886" lon="-107.80280600000003"><ele>3569.0</ele></trkpt><trkpt lat="37.732917" lon="-107.80283600000001"><ele>3568.074991884278</ele></trkpt><trkpt lat="37.732947" lon="-107.80284"><ele>3567.601048407983</ele></trkpt><trkpt lat="37.732977" lon="-107.80287099999998"><ele>3567.0</ele></trkpt><trkpt lat="37.732994" lon="-107.80289199999999"><ele>3566.5985870226286</ele></trkpt><trkpt lat="37.733008" lon="-107.80292500000002"><ele>3566.0001476863563</ele></trkpt><trkpt lat="37.733055" lon="-107.80295899999999"><ele>3566.0</ele></trkpt><trkpt lat="37.733076" lon="-107.80300399999999"><ele>3565.3848755166346</ele></trkpt><trkpt lat="37.733091" lon="-107.803087"><ele>3564.4564368261927</ele></trkpt><trkpt lat="37.733089" lon="-107.80315000000002"><ele>3563.775494594127</ele></trkpt><trkpt lat="37.733089" lon="-107.80318899999997"><ele>3563.0</ele></trkpt><trkpt lat="37.733108" lon="-107.80323199999998"><ele>3562.7534385789186</ele></trkpt><trkpt lat="37.733145" lon="-107.80326000000002"><ele>3561.490119020686</ele></trkpt><trkpt lat="37.733164" lon="-107.803291"><ele>3561.1980903955</ele></trkpt><trkpt lat="37.733173" lon="-107.80333999999999"><ele>3560.725340688601</ele></trkpt><trkpt lat="37.73319" lon="-107.80337400000002"><ele>3561.7270959373564</ele></trkpt><trkpt lat="37.733202" lon="-107.803404"><ele>3561.6965598305687</ele></trkpt><trkpt lat="37.73319" lon="-107.80344200000002"><ele>3561.7270959373564</ele></trkpt><trkpt lat="37.733173" lon="-107.80357900000001"><ele>3560.725340688601</ele></trkpt><trkpt lat="37.733175" lon="-107.80363999999997"><ele>3559.0</ele></trkpt><trkpt lat="37.733193" lon="-107.80366100000003"><ele>3559.903876300901</ele></trkpt><trkpt lat="37.733195" lon="-107.80372999999997"><ele>3560.4767734315246</ele></trkpt><trkpt lat="37.733158" lon="-107.80385999999999"><ele>3559.0</ele></trkpt><trkpt lat="37.73313" lon="-107.80394799999999"><ele>3557.191490199417</ele></trkpt><trkpt lat="37.733128" lon="-107.804058"><ele>3556.313609771586</ele></trkpt><trkpt lat="37.733118" lon="-107.804122"><ele>3554.133895372827</ele></trkpt><trkpt lat="37.733084" lon="-107.80411300000003"><ele>3553.1767238271423</ele></trkpt><trkpt lat="37.733047" lon="-107.804059"><ele>3553.0638554160378</ele></trkpt><trkpt lat="37.733" lon="-107.80408"><ele>3550.7647951482795</ele></trkpt><trkpt lat="37.73299" lon="-107.80411500000002"><ele>3549.9417546186596</ele></trkpt><trkpt lat="37.732975" lon="-107.804145"><ele>3549.01183457209</ele></trkpt><trkpt lat="37.73298" lon="-107.804192"><ele>3548.352488387376</ele></trkpt><trkpt lat="37.732969" lon="-107.80424900000003"><ele>3547.251999352262</ele></trkpt><trkpt lat="37.73294" lon="-107.80425400000001"><ele>3546.0</ele></trkpt><trkpt lat="37.732882" lon="-107.80420300000003"><ele>3545.289742236633</ele></trkpt><trkpt lat="37.732823" lon="-107.804169"><ele>3544.0086950691416</ele></trkpt><trkpt lat="37.732764" lon="-107.80415700000003"><ele>3542.8667648203364</ele></trkpt><trkpt lat="37.732721" lon="-107.80418700000001"><ele>3541.315355656209</ele></trkpt><trkpt lat="37.732696" lon="-107.804237"><ele>3540.566146841609</ele></trkpt><trkpt lat="37.732684" lon="-107.80426499999999"><ele>3539.612149334047</ele></trkpt><trkpt lat="37.732693" lon="-107.804304"><ele>3538.8851052847194</ele></trkpt><trkpt lat="37.7327" lon="-107.80435799999998"><ele>3538.0</ele></trkpt><trkpt lat="37.732727" lon="-107.80440599999997"><ele>3535.08214613609</ele></trkpt><trkpt lat="37.732771" lon="-107.80443200000002"><ele>3533.4881557300687</ele></trkpt><trkpt lat="37.732835" lon="-107.80449399999998"><ele>3528.5077420471825</ele></trkpt><trkpt lat="37.732932" lon="-107.80454600000002"><ele>3531.0406117667444</ele></trkpt><trkpt lat="37.73296" lon="-107.80456100000004"><ele>3531.3246682698827</ele></trkpt><trkpt lat="37.732946" lon="-107.80468100000002"><ele>3534.3489838000387</ele></trkpt><trkpt lat="37.732962" lon="-107.80472800000001"><ele>3535.0101507121076</ele></trkpt><trkpt lat="37.732994" lon="-107.80476599999997"><ele>3534.2638570675626</ele></trkpt><trkpt lat="37.733016" lon="-107.80479100000002"><ele>3532.624589301716</ele></trkpt><trkpt lat="37.733029" lon="-107.80480899999998"><ele>3531.697366122223</ele></trkpt><trkpt lat="37.733053" lon="-107.80483099999998"><ele>3532.6541336998343</ele></trkpt><trkpt lat="37.733084" lon="-107.804847"><ele>3533.734711425436</ele></trkpt><trkpt lat="37.733118" lon="-107.804889"><ele>3534.4843693953007</ele></trkpt><trkpt lat="37.733091" lon="-107.80499299999997"><ele>3534.893348004669</ele></trkpt><trkpt lat="37.733072" lon="-107.80501500000003"><ele>3534.2633689582262</ele></trkpt><trkpt lat="37.733058" lon="-107.80508700000001"><ele>3533.9487670939416</ele></trkpt><trkpt lat="37.733066" lon="-107.80541399999998"><ele>3532.420180570334</ele></trkpt><trkpt lat="37.733034" lon="-107.80571900000001"><ele>3528.534526977688</ele></trkpt><trkpt lat="37.732924" lon="-107.80609099999998"><ele>3520.0525989681482</ele></trkpt><trkpt lat="37.732889" lon="-107.80641200000002"><ele>3515.995622384478</ele></trkpt><trkpt lat="37.732905" lon="-107.80659400000002"><ele>3512.00587668363</ele></trkpt><trkpt lat="37.732921" lon="-107.806824"><ele>3504.7516385018826</ele></trkpt><trkpt lat="37.732938" lon="-107.80694399999999"><ele>3504.6392713561654</ele></trkpt><trkpt lat="37.732989" lon="-107.80706800000002"><ele>3502.8828279916197</ele></trkpt><trkpt lat="37.73306" lon="-107.80722200000002"><ele>3499.8725817007944</ele></trkpt><trkpt lat="37.733106" lon="-107.80731000000003"><ele>3499.7115067782297</ele></trkpt><trkpt lat="37.733145" lon="-107.80742499999997"><ele>3503.075391367078</ele></trkpt><trkpt lat="37.733148" lon="-107.80752899999999"><ele>3502.2521716207266</ele></trkpt><trkpt lat="37.733175" lon="-107.80766399999999"><ele>3501.8431942351162</ele></trkpt><trkpt lat="37.733262" lon="-107.807817"><ele>3500.969826605171</ele></trkpt><trkpt lat="37.733293" lon="-107.80793"><ele>3500.456595853203</ele></trkpt><trkpt lat="37.733325" lon="-107.80799300000001"><ele>3500.556976303924</ele></trkpt><trkpt lat="37.733358" lon="-107.80813599999999"><ele>3498.8372812042944</ele></trkpt><trkpt lat="37.733368" lon="-107.80822"><ele>3497.447953397423</ele></trkpt><trkpt lat="37.733399" lon="-107.80830800000001"><ele>3498.0511467562815</ele></trkpt><trkpt lat="37.73345" lon="-107.80847399999999"><ele>3497.5066195135005</ele></trkpt><trkpt lat="37.733516" lon="-107.80866600000002"><ele>3498.937270525843</ele></trkpt><trkpt lat="37.733573" lon="-107.80877900000002"><ele>3498.5406154617667</ele></trkpt><trkpt lat="37.733619" lon="-107.80884700000001"><ele>3499.0067604463547</ele></trkpt><trkpt lat="37.733668" lon="-107.80895599999997"><ele>3498.8898948333226</ele></trkpt><trkpt lat="37.73372" lon="-107.80903799999999"><ele>3498.166980114441</ele></trkpt><trkpt lat="37.733742" lon="-107.80909600000001"><ele>3498.120071223196</ele></trkpt><trkpt lat="37.733751" lon="-107.80916000000002"><ele>3497.785148223862</ele></trkpt><trkpt lat="37.733752" lon="-107.80924700000003"><ele>3497.0</ele></trkpt><trkpt lat="37.733765" lon="-107.80934300000001"><ele>3497.6101295594126</ele></trkpt><trkpt lat="37.733801" lon="-107.80944899999997"><ele>3497.731510851532</ele></trkpt><trkpt lat="37.733838" lon="-107.809529"><ele>3497.0</ele></trkpt><trkpt lat="37.733924" lon="-107.809642"><ele>3497.0252602292853</ele></trkpt><trkpt lat="37.73398" lon="-107.80972300000002"><ele>3497.0701316491322</ele></trkpt><trkpt lat="37.734131" lon="-107.80997200000002"><ele>3497.177554095164</ele></trkpt><trkpt lat="37.733758" lon="-107.809778"><ele>3493.197638873011</ele></trkpt><trkpt lat="37.734097" lon="-107.809954"><ele>3497.0</ele></trkpt><trkpt lat="37.734112" lon="-107.80993999999998"><ele>3497.0579310748726</ele></trkpt><trkpt lat="37.734131" lon="-107.80997200000002"><ele>3497.177554095164</ele></trkpt><trkpt lat="37.734142" lon="-107.81011000000001"><ele>3497.8257570322603</ele></trkpt><trkpt lat="37.734215" lon="-107.810248"><ele>3498.0</ele></trkpt><trkpt lat="37.734275" lon="-107.81031999999999"><ele>3498.6631274018437</ele></trkpt><trkpt lat="37.734299" lon="-107.81032800000003"><ele>3499.0</ele></trkpt><trkpt lat="37.734336" lon="-107.81036499999999"><ele>3499.0</ele></trkpt><trkpt lat="37.734387" lon="-107.81044600000001"><ele>3498.5566712878644</ele></trkpt><trkpt lat="37.734423" lon="-107.81051400000001"><ele>3498.0</ele></trkpt><trkpt lat="37.734461" lon="-107.810542"><ele>3498.6236840113997</ele></trkpt><trkpt lat="37.734505" lon="-107.81055700000002"><ele>3499.083073284989</ele></trkpt><trkpt lat="37.73455" lon="-107.81059700000003"><ele>3499.451114848888</ele></trkpt><trkpt lat="37.734584" lon="-107.81064400000002"><ele>3499.914009898584</ele></trkpt><trkpt lat="37.734678" lon="-107.81071199999997"><ele>3500.160172801465</ele></trkpt><trkpt lat="37.73473" lon="-107.81074100000001"><ele>3499.8996098539774</ele></trkpt><trkpt lat="37.73477" lon="-107.81075099999998"><ele>3500.285218368205</ele></trkpt><trkpt lat="37.734791" lon="-107.81077299999998"><ele>3501.0</ele></trkpt><trkpt lat="37.734815" lon="-107.81084099999998"><ele>3501.8516629324295</ele></trkpt><trkpt lat="37.734817" lon="-107.81086700000003"><ele>3502.0381390844186</ele></trkpt><trkpt lat="37.734822" lon="-107.81089199999997"><ele>3502.9202748691782</ele></trkpt><trkpt lat="37.734816" lon="-107.810925"><ele>3503.0</ele></trkpt><trkpt lat="37.734826" lon="-107.81093699999997"><ele>3503.414868124231</ele></trkpt><trkpt lat="37.734875" lon="-107.81092699999999"><ele>3505.0</ele></trkpt><trkpt lat="37.734941" lon="-107.81093699999997"><ele>3506.0</ele></trkpt><trkpt lat="37.734972" lon="-107.81095299999998"><ele>3507.0</ele></trkpt><trkpt lat="37.73499" lon="-107.81099799999998"><ele>3508.0</ele></trkpt><trkpt lat="37.735024" lon="-107.81105600000001"><ele>3509.0</ele></trkpt><trkpt lat="37.735096" lon="-107.81109700000002"><ele>3511.0429960377514</ele></trkpt><trkpt lat="37.735145" lon="-107.81109300000003"><ele>3513.0</ele></trkpt><trkpt lat="37.735202" lon="-107.81104099999999"><ele>3514.0</ele></trkpt><trkpt lat="37.735238" lon="-107.81102099999998"><ele>3514.0</ele></trkpt><trkpt lat="37.735262" lon="-107.81101100000001"><ele>3514.6388271986257</ele></trkpt><trkpt lat="37.735276" lon="-107.81102399999997"><ele>3515.0</ele></trkpt><trkpt lat="37.735301" lon="-107.81105500000001"><ele>3515.1017083775755</ele></trkpt><trkpt lat="37.735321" lon="-107.81105000000002"><ele>3515.7150074883766</ele></trkpt><trkpt lat="37.735354" lon="-107.81103200000001"><ele>3516.0</ele></trkpt><trkpt lat="37.735383" lon="-107.811034"><ele>3516.0</ele></trkpt><trkpt lat="37.735394" lon="-107.81106399999999"><ele>3516.700456954795</ele></trkpt><trkpt lat="37.735397" lon="-107.81110699999999"><ele>3517.0</ele></trkpt><trkpt lat="37.735404" lon="-107.81115499999999"><ele>3517.5844695593537</ele></trkpt><trkpt lat="37.735428" lon="-107.81118800000002"><ele>3518.6072365418077</ele></trkpt><trkpt lat="37.735483" lon="-107.81123300000002"><ele>3520.0</ele></trkpt><trkpt lat="37.735592" lon="-107.81138499999997"><ele>3523.2715322952718</ele></trkpt><trkpt lat="37.735626" lon="-107.81144"><ele>3524.2751084826887</ele></trkpt><trkpt lat="37.735663" lon="-107.81152700000001"><ele>3526.0</ele></trkpt><trkpt lat="37.7357" lon="-107.811599"><ele>3527.6358363106847</ele></trkpt><trkpt lat="37.73572" lon="-107.811624"><ele>3527.9365089609496</ele></trkpt><trkpt lat="37.735737" lon="-107.811622"><ele>3528.6130484185705</ele></trkpt><trkpt lat="37.735779" lon="-107.81148000000002"><ele>3530.2912127207965</ele></trkpt><trkpt lat="37.735799" lon="-107.81140600000003"><ele>3531.0</ele></trkpt><trkpt lat="37.735804" lon="-107.81134099999997"><ele>3531.7644341401756</ele></trkpt><trkpt lat="37.735852" lon="-107.81117999999998"><ele>3534.0</ele></trkpt><trkpt lat="37.735868" lon="-107.811127"><ele>3534.535883234814</ele></trkpt><trkpt lat="37.73589" lon="-107.81109600000002"><ele>3535.0</ele></trkpt><trkpt lat="37.735948" lon="-107.81104800000003"><ele>3537.250199187547</ele></trkpt><trkpt lat="37.735976" lon="-107.81102599999997"><ele>3537.947439904111</ele></trkpt><trkpt lat="37.735985" lon="-107.81099499999999"><ele>3538.0</ele></trkpt><trkpt lat="37.735974" lon="-107.81093799999996"><ele>3538.6278094239533</ele></trkpt><trkpt lat="37.73598" lon="-107.8109"><ele>3539.5346647729166</ele></trkpt><trkpt lat="37.736009" lon="-107.81086500000004"><ele>3541.0</ele></trkpt><trkpt lat="37.736029" lon="-107.81081799999998"><ele>3542.2619494409173</ele></trkpt><trkpt lat="37.736044" lon="-107.81071700000001"><ele>3544.9073850568384</ele></trkpt><trkpt lat="37.736063" lon="-107.81066900000002"><ele>3546.027037296444</ele></trkpt><trkpt lat="37.736072" lon="-107.81063"><ele>3546.5573989842087</ele></trkpt><trkpt lat="37.736057" lon="-107.81052699999998"><ele>3549.7817976898514</ele></trkpt><trkpt lat="37.736052" lon="-107.81048299999998"><ele>3551.315307386623</ele></trkpt><trkpt lat="37.736059" lon="-107.81045699999999"><ele>3552.0348451356326</ele></trkpt><trkpt lat="37.736071" lon="-107.81042100000002"><ele>3553.3597735117582</ele></trkpt><trkpt lat="37.736079" lon="-107.81037400000002"><ele>3554.9699025619775</ele></trkpt><trkpt lat="37.736096" lon="-107.81037600000002"><ele>3555.795730295544</ele></trkpt><trkpt lat="37.736119" lon="-107.81039499999997"><ele>3556.3270666226745</ele></trkpt><trkpt lat="37.736139" lon="-107.81043599999998"><ele>3557.505649128929</ele></trkpt><trkpt lat="37.736169" lon="-107.810471"><ele>3557.6651103273034</ele></trkpt><trkpt lat="37.736187" lon="-107.81050700000003"><ele>3558.048113686964</ele></trkpt><trkpt lat="37.736211" lon="-107.81053199999997"><ele>3558.74854878895</ele></trkpt><trkpt lat="37.736228" lon="-107.810541"><ele>3559.0970574440266</ele></trkpt><trkpt lat="37.736248" lon="-107.81053700000001"><ele>3559.9513709214693</ele></trkpt><trkpt lat="37.736257" lon="-107.81050299999998"><ele>3561.3595711551607</ele></trkpt><trkpt lat="37.736249" lon="-107.81044600000001"><ele>3562.9878586065024</ele></trkpt><trkpt lat="37.736242" lon="-107.81040200000001"><ele>3563.833207538416</ele></trkpt><trkpt lat="37.736253" lon="-107.81036599999999"><ele>3565.063705939471</ele></trkpt><trkpt lat="37.736223" lon="-107.81009799999998"><ele>3567.8773400339846</ele></trkpt><trkpt lat="37.736218" lon="-107.81005700000003"><ele>3568.7360549382274</ele></trkpt><trkpt lat="37.736231" lon="-107.810003"><ele>3570.0</ele></trkpt><trkpt lat="37.736227" lon="-107.80993899999999"><ele>3571.127624197228</ele></trkpt><trkpt lat="37.736231" lon="-107.80988200000002"><ele>3572.0</ele></trkpt><trkpt lat="37.736258" lon="-107.809843"><ele>3573.0</ele></trkpt><trkpt lat="37.736283" lon="-107.80981400000002"><ele>3573.991538102484</ele></trkpt><trkpt lat="37.736307" lon="-107.80981400000002"><ele>3574.994053956166</ele></trkpt><trkpt lat="37.736348" lon="-107.80981300000002"><ele>3575.046524756775</ele></trkpt><trkpt lat="37.736383" lon="-107.80979300000001"><ele>3576.8743674759708</ele></trkpt><trkpt lat="37.736417" lon="-107.80978600000003"><ele>3577.2796251194645</ele></trkpt><trkpt lat="37.736447" lon="-107.809801"><ele>3578.4039113124</ele></trkpt><trkpt lat="37.736521" lon="-107.809864"><ele>3581.0166361238807</ele></trkpt><trkpt lat="37.736575" lon="-107.80991799999998"><ele>3584.032459437008</ele></trkpt><trkpt lat="37.736611" lon="-107.809934"><ele>3584.73788941931</ele></trkpt><trkpt lat="37.736636" lon="-107.809932"><ele>3585.8989947939904</ele></trkpt><trkpt lat="37.73666" lon="-107.809911"><ele>3586.5955829648206</ele></trkpt><trkpt lat="37.736694" lon="-107.80992000000003"><ele>3587.014810997483</ele></trkpt><trkpt lat="37.736718" lon="-107.80994699999997"><ele>3587.507957406325</ele></trkpt><trkpt lat="37.736759" lon="-107.809954"><ele>3588.0418647564948</ele></trkpt><trkpt lat="37.736815" lon="-107.80992800000001"><ele>3590.0</ele></trkpt><trkpt lat="37.73688" lon="-107.80991799999998"><ele>3591.0</ele></trkpt><trkpt lat="37.736915" lon="-107.80989999999997"><ele>3592.0</ele></trkpt><trkpt lat="37.736951" lon="-107.809913"><ele>3593.0</ele></trkpt><trkpt lat="37.736997" lon="-107.80992100000003"><ele>3593.0890090628845</ele></trkpt><trkpt lat="37.737079" lon="-107.809935"><ele>3594.3709973334335</ele></trkpt><trkpt lat="37.737111" lon="-107.80992700000002"><ele>3595.0</ele></trkpt><trkpt lat="37.737141" lon="-107.809934"><ele>3596.2309500090178</ele></trkpt><trkpt lat="37.737259" lon="-107.81004000000001"><ele>3600.506777651608</ele></trkpt><trkpt lat="37.737274" lon="-107.81006000000002"><ele>3601.39072811231</ele></trkpt><trkpt lat="37.737318" lon="-107.81009399999999"><ele>3602.945347411606</ele></trkpt><trkpt lat="37.73737" lon="-107.81016599999998"><ele>3604.029078889796</ele></trkpt><trkpt lat="37.737418" lon="-107.810206"><ele>3605.6500287980493</ele></trkpt><trkpt lat="37.737475" lon="-107.810227"><ele>3608.0559010722186</ele></trkpt><trkpt lat="37.737501" lon="-107.810246"><ele>3608.9715281503313</ele></trkpt><trkpt lat="37.737517" lon="-107.81027599999999"><ele>3609.0</ele></trkpt><trkpt lat="37.737531" lon="-107.81031899999999"><ele>3608.7564206576335</ele></trkpt><trkpt lat="37.737554" lon="-107.81035099999997"><ele>3609.0</ele></trkpt><trkpt lat="37.737575" lon="-107.81034199999999"><ele>3610.1287052277476</ele></trkpt><trkpt lat="37.737581" lon="-107.81028900000001"><ele>3611.0</ele></trkpt><trkpt lat="37.737594" lon="-107.810248"><ele>3612.0</ele></trkpt><trkpt lat="37.737625" lon="-107.81021800000002"><ele>3613.0137082071697</ele></trkpt><trkpt lat="37.737651" lon="-107.81020999999998"><ele>3613.825323666548</ele></trkpt><trkpt lat="37.737686" lon="-107.81021399999997"><ele>3615.0</ele></trkpt><trkpt lat="37.737752" lon="-107.81024000000002"><ele>3615.0878037296507</ele></trkpt><trkpt lat="37.737862" lon="-107.810318"><ele>3615.95827268064</ele></trkpt><trkpt lat="37.737906" lon="-107.81034199999999"><ele>3615.0</ele></trkpt><trkpt lat="37.73795" lon="-107.81034399999999"><ele>3615.0</ele></trkpt><trkpt lat="37.73799" lon="-107.81034"><ele>3614.5033706668764</ele></trkpt><trkpt lat="37.738028" lon="-107.81035800000001"><ele>3614.0601635789953</ele></trkpt><trkpt lat="37.738091" lon="-107.81035199999997"><ele>3614.0</ele></trkpt><trkpt lat="37.738142" lon="-107.81035800000001"><ele>3614.0</ele></trkpt><trkpt lat="37.738191" lon="-107.81039199999998"><ele>3615.4613987099465</ele></trkpt><trkpt lat="37.738231" lon="-107.81044500000002"><ele>3617.787137778476</ele></trkpt><trkpt lat="37.738242" lon="-107.810496"><ele>3618.435376614332</ele></trkpt><trkpt lat="37.738292" lon="-107.810609"><ele>3621.3819179721177</ele></trkpt><trkpt lat="37.738339" lon="-107.81067100000001"><ele>3624.1516686622053</ele></trkpt><trkpt lat="37.738346" lon="-107.81070899999997"><ele>3624.564184876159</ele></trkpt><trkpt lat="37.738416" lon="-107.810811"><ele>3627.6893491279334</ele></trkpt><trkpt lat="37.738449" lon="-107.81091100000003"><ele>3629.6340707726777</ele></trkpt><trkpt lat="37.738498" lon="-107.81096600000001"><ele>3632.0</ele></trkpt><trkpt lat="37.738537" lon="-107.810969"><ele>3633.8199993986636</ele></trkpt><trkpt lat="37.738555" lon="-107.81091900000001"><ele>3634.0</ele></trkpt><trkpt lat="37.738607" lon="-107.810856"><ele>3635.0</ele></trkpt><trkpt lat="37.738692" lon="-107.81073000000004"><ele>3637.0</ele></trkpt><trkpt lat="37.73876" lon="-107.81069000000002"><ele>3637.0</ele></trkpt><trkpt lat="37.738822" lon="-107.81061599999998"><ele>3637.0</ele></trkpt><trkpt lat="37.7389" lon="-107.81057699999997"><ele>3636.451628800947</ele></trkpt><trkpt lat="37.738954" lon="-107.81053800000001"><ele>3637.288179629695</ele></trkpt><trkpt lat="37.739018" lon="-107.81049100000001"><ele>3637.0</ele></trkpt><trkpt lat="37.739072" lon="-107.810471"><ele>3637.0</ele></trkpt><trkpt lat="37.739092" lon="-107.810429"><ele>3637.0</ele></trkpt><trkpt lat="37.739081" lon="-107.81035099999997"><ele>3637.9859354631935</ele></trkpt><trkpt lat="37.739022" lon="-107.81005600000003"><ele>3642.0</ele></trkpt><trkpt lat="37.738931" lon="-107.80988200000002"><ele>3644.0</ele></trkpt><trkpt lat="37.738833" lon="-107.80950899999999"><ele>3650.059061053802</ele></trkpt><trkpt lat="37.738654" lon="-107.80878100000001"><ele>3663.0</ele></trkpt><trkpt lat="37.738616" lon="-107.80851999999999"><ele>3666.0</ele></trkpt><trkpt lat="37.738601" lon="-107.80847699999998"><ele>3665.7217577562665</ele></trkpt><trkpt lat="37.738493" lon="-107.80796299999997"><ele>3672.0</ele></trkpt><trkpt lat="37.738508" lon="-107.80747500000001"><ele>3677.110999511555</ele></trkpt><trkpt lat="37.738539" lon="-107.80728699999997"><ele>3680.7767416900024</ele></trkpt><trkpt lat="37.738588" lon="-107.80724700000002"><ele>3681.937327104981</ele></trkpt><trkpt lat="37.738641" lon="-107.80721499999999"><ele>3683.0</ele></trkpt><trkpt lat="37.73873" lon="-107.80710799999997"><ele>3684.289449868126</ele></trkpt><trkpt lat="37.738881" lon="-107.806849"><ele>3688.0</ele></trkpt><trkpt lat="37.738959" lon="-107.806783"><ele>3690.1824696458857</ele></trkpt><trkpt lat="37.73904" lon="-107.806711"><ele>3692.0</ele></trkpt><trkpt lat="37.739092" lon="-107.80665799999997"><ele>3693.0</ele></trkpt><trkpt lat="37.739144" lon="-107.80662999999998"><ele>3694.0</ele></trkpt><trkpt lat="37.739215" lon="-107.80659600000001"><ele>3693.2200068382745</ele></trkpt><trkpt lat="37.739299" lon="-107.80650100000003"><ele>3694.0</ele></trkpt><trkpt lat="37.739406" lon="-107.80641100000003"><ele>3693.6138100420476</ele></trkpt><trkpt lat="37.739463" lon="-107.80634299999997"><ele>3694.3008029699236</ele></trkpt><trkpt lat="37.739504" lon="-107.80629799999997"><ele>3695.699788713657</ele></trkpt><trkpt lat="37.739553" lon="-107.806265"><ele>3696.6943490579724</ele></trkpt><trkpt lat="37.739627" lon="-107.80620699999997"><ele>3699.0</ele></trkpt><trkpt lat="37.739673" lon="-107.80616499999996"><ele>3700.0</ele></trkpt><trkpt lat="37.739712" lon="-107.80614100000003"><ele>3700.9881139721565</ele></trkpt><trkpt lat="37.739743" lon="-107.80613900000003"><ele>3700.078461343039</ele></trkpt><trkpt lat="37.739786" lon="-107.80611499999998"><ele>3699.0</ele></trkpt><trkpt lat="37.739886" lon="-107.80606699999998"><ele>3699.0</ele></trkpt><trkpt lat="37.739946" lon="-107.80605000000003"><ele>3699.061800566473</ele></trkpt><trkpt lat="37.739999" lon="-107.80602099999999"><ele>3699.0170593861067</ele></trkpt><trkpt lat="37.740061" lon="-107.80598299999997"><ele>3699.5475463126786</ele></trkpt><trkpt lat="37.740123" lon="-107.80597"><ele>3700.0</ele></trkpt><trkpt lat="37.74019" lon="-107.80594400000001"><ele>3701.0</ele></trkpt><trkpt lat="37.740253" lon="-107.805925"><ele>3701.0</ele></trkpt><trkpt lat="37.740293" lon="-107.805906"><ele>3701.0</ele></trkpt><trkpt lat="37.740347" lon="-107.80586499999998"><ele>3701.0</ele></trkpt><trkpt lat="37.7404" lon="-107.80584399999998"><ele>3700.0254158233292</ele></trkpt><trkpt lat="37.740437" lon="-107.80582600000002"><ele>3700.0</ele></trkpt><trkpt lat="37.74056" lon="-107.80576500000001"><ele>3700.0</ele></trkpt><trkpt lat="37.740719" lon="-107.80573400000003"><ele>3701.0</ele></trkpt><trkpt lat="37.740809" lon="-107.80568900000003"><ele>3701.177588810039</ele></trkpt><trkpt lat="37.74089" lon="-107.805677"><ele>3702.0</ele></trkpt><trkpt lat="37.740949" lon="-107.80564600000002"><ele>3702.2437779123684</ele></trkpt><trkpt lat="37.740976" lon="-107.80562900000001"><ele>3703.0</ele></trkpt><trkpt lat="37.741037" lon="-107.805612"><ele>3702.0</ele></trkpt><trkpt lat="37.741083" lon="-107.805612"><ele>3701.1163878245584</ele></trkpt><trkpt lat="37.741133" lon="-107.80561499999999"><ele>3701.0</ele></trkpt><trkpt lat="37.741155" lon="-107.80560700000001"><ele>3701.104195808992</ele></trkpt><trkpt lat="37.741197" lon="-107.80555600000002"><ele>3703.0</ele></trkpt><trkpt lat="37.741251" lon="-107.805542"><ele>3705.0</ele></trkpt><trkpt lat="37.7413" lon="-107.80552"><ele>3707.0</ele></trkpt><trkpt lat="37.741355" lon="-107.80552"><ele>3707.0</ele></trkpt><trkpt lat="37.741392" lon="-107.80550099999999"><ele>3706.929371303848</ele></trkpt><trkpt lat="37.741431" lon="-107.80549400000001"><ele>3706.212134522529</ele></trkpt><trkpt lat="37.741492" lon="-107.80545999999998"><ele>3706.0</ele></trkpt><trkpt lat="37.741571" lon="-107.80545000000001"><ele>3706.0</ele></trkpt><trkpt lat="37.741841" lon="-107.805433"><ele>3708.9161299871093</ele></trkpt><trkpt lat="37.741978" lon="-107.80539299999998"><ele>3710.0</ele></trkpt><trkpt lat="37.742031" lon="-107.80538999999999"><ele>3711.0</ele></trkpt><trkpt lat="37.742107" lon="-107.80536799999999"><ele>3712.0</ele></trkpt><trkpt lat="37.742243" lon="-107.805361"><ele>3713.0</ele></trkpt><trkpt lat="37.742399" lon="-107.80535500000002"><ele>3714.0</ele></trkpt><trkpt lat="37.742433" lon="-107.80534699999998"><ele>3713.8127054213546</ele></trkpt><trkpt lat="37.742481" lon="-107.805339"><ele>3713.439878400415</ele></trkpt><trkpt lat="37.742543" lon="-107.80532800000003"><ele>3713.927241246216</ele></trkpt><trkpt lat="37.742622" lon="-107.80530599999997"><ele>3713.9019669322297</ele></trkpt><trkpt lat="37.742723" lon="-107.80530299999998"><ele>3714.0</ele></trkpt><trkpt lat="37.742771" lon="-107.80528400000003"><ele>3714.299099052182</ele></trkpt><trkpt lat="37.742834" lon="-107.80527000000001"><ele>3715.224245334044</ele></trkpt><trkpt lat="37.742919" lon="-107.80526700000001"><ele>3716.0844352003187</ele></trkpt><trkpt lat="37.743012" lon="-107.805272"><ele>3717.0</ele></trkpt><trkpt lat="37.743107" lon="-107.80527999999998"><ele>3717.0</ele></trkpt><trkpt lat="37.743203" lon="-107.80529000000001"><ele>3717.0</ele></trkpt><trkpt lat="37.743296" lon="-107.80530399999998"><ele>3717.8087601764128</ele></trkpt><trkpt lat="37.743363" lon="-107.80528900000002"><ele>3717.1097095124424</ele></trkpt><trkpt lat="37.74347" lon="-107.80524300000002"><ele>3716.0</ele></trkpt><trkpt lat="37.743594" lon="-107.805184"><ele>3715.0</ele></trkpt><trkpt lat="37.743658" lon="-107.80516399999999"><ele>3715.0</ele></trkpt><trkpt lat="37.743702" lon="-107.805163"><ele>3714.187900764582</ele></trkpt><trkpt lat="37.743771" lon="-107.805139"><ele>3714.0</ele></trkpt><trkpt lat="37.743823" lon="-107.80510600000002"><ele>3714.0</ele></trkpt><trkpt lat="37.74388" lon="-107.80507899999998"><ele>3714.0</ele></trkpt><trkpt lat="37.743928" lon="-107.80507"><ele>3714.0</ele></trkpt><trkpt lat="37.743972" lon="-107.80505700000003"><ele>3714.0</ele></trkpt><trkpt lat="37.744017" lon="-107.80503799999997"><ele>3714.0</ele></trkpt><trkpt lat="37.744057" lon="-107.80504000000002"><ele>3714.0</ele></trkpt><trkpt lat="37.744158" lon="-107.80506400000002"><ele>3714.0</ele></trkpt><trkpt lat="37.744263" lon="-107.80506700000001"><ele>3714.272197889164</ele></trkpt><trkpt lat="37.744374" lon="-107.80506100000002"><ele>3715.0</ele></trkpt><trkpt lat="37.744426" lon="-107.805068"><ele>3714.121288575232</ele></trkpt><trkpt lat="37.744452" lon="-107.80506100000002"><ele>3714.0</ele></trkpt><trkpt lat="37.744525" lon="-107.80501700000002"><ele>3714.0</ele></trkpt><trkpt lat="37.744552" lon="-107.80501600000002"><ele>3713.8132642063374</ele></trkpt><trkpt lat="37.74459" lon="-107.80504300000001"><ele>3714.0</ele></trkpt><trkpt lat="37.744653" lon="-107.80503099999999"><ele>3712.0</ele></trkpt><trkpt lat="37.744723" lon="-107.80505099999999"><ele>3712.0</ele></trkpt><trkpt lat="37.744744" lon="-107.80506500000001"><ele>3711.7956393240834</ele></trkpt><trkpt lat="37.744799" lon="-107.805092"><ele>3710.938678235498</ele></trkpt><trkpt lat="37.744847" lon="-107.80510200000003"><ele>3710.0</ele></trkpt><trkpt lat="37.744896" lon="-107.80512299999998"><ele>3709.0</ele></trkpt><trkpt lat="37.74494" lon="-107.805137"><ele>3708.0</ele></trkpt><trkpt lat="37.744976" lon="-107.80512799999997"><ele>3708.0</ele></trkpt><trkpt lat="37.745031" lon="-107.80514299999999"><ele>3707.465025741607</ele></trkpt><trkpt lat="37.745072" lon="-107.80514599999998"><ele>3707.0</ele></trkpt><trkpt lat="37.745114" lon="-107.80515100000002"><ele>3707.0</ele></trkpt><trkpt lat="37.745177" lon="-107.80515300000002"><ele>3707.0</ele></trkpt><trkpt lat="37.745222" lon="-107.80517700000001"><ele>3706.0</ele></trkpt><trkpt lat="37.745262" lon="-107.80520000000001"><ele>3706.0</ele></trkpt><trkpt lat="37.745293" lon="-107.80521399999998"><ele>3705.0091415267607</ele></trkpt><trkpt lat="37.745328" lon="-107.80526199999997"><ele>3704.148581690155</ele></trkpt><trkpt lat="37.745399" lon="-107.80526199999997"><ele>3704.0</ele></trkpt><trkpt lat="37.745444" lon="-107.80530299999998"><ele>3703.0</ele></trkpt><trkpt lat="37.745501" lon="-107.80532199999999"><ele>3702.0</ele></trkpt><trkpt lat="37.745552" lon="-107.80532099999999"><ele>3702.456263079854</ele></trkpt><trkpt lat="37.745613" lon="-107.80530099999999"><ele>3701.0</ele></trkpt><trkpt lat="37.745664" lon="-107.80530099999999"><ele>3701.0</ele></trkpt><trkpt lat="37.745712" lon="-107.80527699999999"><ele>3700.550468977075</ele></trkpt><trkpt lat="37.74577" lon="-107.80525799999998"><ele>3699.0</ele></trkpt><trkpt lat="37.745821" lon="-107.80523599999998"><ele>3698.63973048795</ele></trkpt><trkpt lat="37.745861" lon="-107.805229"><ele>3698.0</ele></trkpt><trkpt lat="37.745894" lon="-107.80522300000001"><ele>3698.0</ele></trkpt><trkpt lat="37.745921" lon="-107.80522300000001"><ele>3698.0</ele></trkpt><trkpt lat="37.745937" lon="-107.80523199999999"><ele>3698.0</ele></trkpt><trkpt lat="37.745961" lon="-107.80524700000001"><ele>3698.0</ele></trkpt><trkpt lat="37.745994" lon="-107.80524600000001"><ele>3698.0</ele></trkpt><trkpt lat="37.746053" lon="-107.80527599999999"><ele>3698.0</ele></trkpt><trkpt lat="37.746091" lon="-107.805295"><ele>3697.0</ele></trkpt><trkpt lat="37.746117" lon="-107.80533200000002"><ele>3697.0522617945835</ele></trkpt><trkpt lat="37.746138" lon="-107.80534599999999"><ele>3697.0</ele></trkpt><trkpt lat="37.746202" lon="-107.80533200000002"><ele>3695.9375097642587</ele></trkpt><trkpt lat="37.746351" lon="-107.80531400000001"><ele>3695.2747939564288</ele></trkpt><trkpt lat="37.746431" lon="-107.80531100000002"><ele>3696.0</ele></trkpt><trkpt lat="37.746583" lon="-107.80532800000003"><ele>3697.0</ele></trkpt><trkpt lat="37.74672" lon="-107.80534899999998"><ele>3698.0719050028088</ele></trkpt><trkpt lat="37.746773" lon="-107.80536899999998"><ele>3699.0</ele></trkpt><trkpt lat="37.746832" lon="-107.80539199999998"><ele>3699.9098574216478</ele></trkpt><trkpt lat="37.746901" lon="-107.805429"><ele>3700.0</ele></trkpt><trkpt lat="37.746974" lon="-107.805429"><ele>3700.0314163459852</ele></trkpt><trkpt lat="37.74703" lon="-107.80544399999997"><ele>3701.0</ele></trkpt><trkpt lat="37.747108" lon="-107.805454"><ele>3700.0</ele></trkpt><trkpt lat="37.74717" lon="-107.805433"><ele>3700.0</ele></trkpt><trkpt lat="37.747251" lon="-107.80543699999998"><ele>3699.0</ele></trkpt><trkpt lat="37.747311" lon="-107.805433"><ele>3698.1794040887617</ele></trkpt><trkpt lat="37.747334" lon="-107.80545699999999"><ele>3698.0</ele></trkpt><trkpt lat="37.747381" lon="-107.80551400000002"><ele>3698.0</ele></trkpt><trkpt lat="37.74744" lon="-107.805633"><ele>3698.0</ele></trkpt><trkpt lat="37.747476" lon="-107.80570699999998"><ele>3698.260971594662</ele></trkpt><trkpt lat="37.747496" lon="-107.80580800000001"><ele>3698.0</ele></trkpt><trkpt lat="37.747533" lon="-107.805927"><ele>3698.995870506391</ele></trkpt><trkpt lat="37.747552" lon="-107.80598199999997"><ele>3700.4745913766487</ele></trkpt><trkpt lat="37.747571" lon="-107.80602099999999"><ele>3702.2233820436522</ele></trkpt><trkpt lat="37.747608" lon="-107.80603000000002"><ele>3703.0</ele></trkpt><trkpt lat="37.747621" lon="-107.80605000000003"><ele>3703.0</ele></trkpt><trkpt lat="37.747633" lon="-107.80610100000001"><ele>3704.0</ele></trkpt><trkpt lat="37.747642" lon="-107.806221"><ele>3706.0</ele></trkpt><trkpt lat="37.747676" lon="-107.806396"><ele>3708.0</ele></trkpt><trkpt lat="37.747689" lon="-107.806488"><ele>3709.0</ele></trkpt><trkpt lat="37.747711" lon="-107.80653999999998"><ele>3709.0</ele></trkpt><trkpt lat="37.747739" lon="-107.80659400000002"><ele>3709.0</ele></trkpt><trkpt lat="37.747772" lon="-107.80663300000003"><ele>3709.0</ele></trkpt><trkpt lat="37.747786" lon="-107.806715"><ele>3709.0</ele></trkpt><trkpt lat="37.747838" lon="-107.80678"><ele>3709.0</ele></trkpt><trkpt lat="37.747914" lon="-107.80684100000002"><ele>3709.0</ele></trkpt><trkpt lat="37.748" lon="-107.80693500000001"><ele>3709.0</ele></trkpt><trkpt lat="37.748057" lon="-107.80699900000002"><ele>3708.0</ele></trkpt><trkpt lat="37.748097" lon="-107.807027"><ele>3709.0</ele></trkpt><trkpt lat="37.748131" lon="-107.807054"><ele>3708.635328711476</ele></trkpt><trkpt lat="37.748213" lon="-107.80714699999999"><ele>3708.0</ele></trkpt><trkpt lat="37.74826" lon="-107.807188"><ele>3707.905009358418</ele></trkpt><trkpt lat="37.748324" lon="-107.80725999999999"><ele>3707.0</ele></trkpt><trkpt lat="37.748379" lon="-107.80730399999999"><ele>3706.844566348683</ele></trkpt><trkpt lat="37.748457" lon="-107.80742700000002"><ele>3707.0</ele></trkpt><trkpt lat="37.748624" lon="-107.80762400000003"><ele>3709.0</ele></trkpt><trkpt lat="37.748735" lon="-107.80779100000001"><ele>3710.0</ele></trkpt><trkpt lat="37.748794" lon="-107.80782799999997"><ele>3710.6149007465815</ele></trkpt><trkpt lat="37.748853" lon="-107.80787299999997"><ele>3712.0</ele></trkpt><trkpt lat="37.748934" lon="-107.807951"><ele>3714.1679011560045</ele></trkpt><trkpt lat="37.749005" lon="-107.80798199999998"><ele>3715.0</ele></trkpt><trkpt lat="37.749095" lon="-107.808066"><ele>3716.554857262266</ele></trkpt><trkpt lat="37.749212" lon="-107.80817200000001"><ele>3717.0213815891016</ele></trkpt><trkpt lat="37.749263" lon="-107.80821500000002"><ele>3717.0187737534525</ele></trkpt><trkpt lat="37.749317" lon="-107.80827399999998"><ele>3717.1892419461333</ele></trkpt><trkpt lat="37.749445" lon="-107.808379"><ele>3716.0</ele></trkpt><trkpt lat="37.749529" lon="-107.80844400000001"><ele>3716.0</ele></trkpt><trkpt lat="37.749604" lon="-107.80851799999999"><ele>3715.9413989763707</ele></trkpt><trkpt lat="37.749702" lon="-107.80859599999997"><ele>3715.0</ele></trkpt><trkpt lat="37.749777" lon="-107.80867699999999"><ele>3715.0</ele></trkpt><trkpt lat="37.749845" lon="-107.808739"><ele>3715.0</ele></trkpt><trkpt lat="37.749895" lon="-107.80877399999997"><ele>3715.0</ele></trkpt><trkpt lat="37.74996" lon="-107.80881399999998"><ele>3715.0</ele></trkpt><trkpt lat="37.750037" lon="-107.80887899999999"><ele>3716.0</ele></trkpt><trkpt lat="37.750103" lon="-107.80894"><ele>3716.0</ele></trkpt><trkpt lat="37.750158" lon="-107.80897199999998"><ele>3716.0</ele></trkpt><trkpt lat="37.750216" lon="-107.80903"><ele>3715.87005889602</ele></trkpt><trkpt lat="37.750293" lon="-107.80911600000002"><ele>3715.0</ele></trkpt><trkpt lat="37.750337" lon="-107.80922099999998"><ele>3714.0</ele></trkpt><trkpt lat="37.75035" lon="-107.809324"><ele>3713.9956856011504</ele></trkpt><trkpt lat="37.750348" lon="-107.80942199999998"><ele>3714.0899268258363</ele></trkpt><trkpt lat="37.750336" lon="-107.809485"><ele>3715.0</ele></trkpt><trkpt lat="37.750339" lon="-107.80953299999999"><ele>3715.0</ele></trkpt><trkpt lat="37.750349" lon="-107.80965600000002"><ele>3714.373339732643</ele></trkpt><trkpt lat="37.750351" lon="-107.80973499999999"><ele>3715.2815351743307</ele></trkpt><trkpt lat="37.750341" lon="-107.80983000000003"><ele>3717.0</ele></trkpt><trkpt lat="37.750334" lon="-107.80997200000002"><ele>3718.323327656956</ele></trkpt><trkpt lat="37.750355" lon="-107.81008099999997"><ele>3720.0</ele></trkpt><trkpt lat="37.750386" lon="-107.810225"><ele>3721.0</ele></trkpt><trkpt lat="37.750409" lon="-107.81034499999998"><ele>3721.0</ele></trkpt><trkpt lat="37.750419" lon="-107.81040100000001"><ele>3722.0</ele></trkpt><trkpt lat="37.750523" lon="-107.81055400000002"><ele>3721.0</ele></trkpt><trkpt lat="37.750573" lon="-107.81064700000002"><ele>3720.0</ele></trkpt><trkpt lat="37.7506" lon="-107.810697"><ele>3721.0</ele></trkpt><trkpt lat="37.750622" lon="-107.81072699999999"><ele>3721.5388778657652</ele></trkpt><trkpt lat="37.750654" lon="-107.81078600000001"><ele>3722.2884771558456</ele></trkpt><trkpt lat="37.75068" lon="-107.81084299999998"><ele>3723.0</ele></trkpt><trkpt lat="37.750704" lon="-107.81096200000002"><ele>3723.0</ele></trkpt><trkpt lat="37.750738" lon="-107.81111499999997"><ele>3722.0</ele></trkpt><trkpt lat="37.750739" lon="-107.811286"><ele>3722.0260565093695</ele></trkpt><trkpt lat="37.75076" lon="-107.811417"><ele>3723.0</ele></trkpt><trkpt lat="37.750797" lon="-107.81157999999999"><ele>3723.0</ele></trkpt><trkpt lat="37.750835" lon="-107.811691"><ele>3722.2066013261738</ele></trkpt><trkpt lat="37.750845" lon="-107.81177600000001"><ele>3721.913314000659</ele></trkpt><trkpt lat="37.750855" lon="-107.81188800000001"><ele>3721.2070178035647</ele></trkpt><trkpt lat="37.75087" lon="-107.81195300000002"><ele>3721.0</ele></trkpt><trkpt lat="37.750874" lon="-107.81203399999998"><ele>3721.0391694582577</ele></trkpt><trkpt lat="37.750898" lon="-107.81211200000001"><ele>3721.0</ele></trkpt><trkpt lat="37.750927" lon="-107.81216899999998"><ele>3720.990486202659</ele></trkpt><trkpt lat="37.750958" lon="-107.81221199999999"><ele>3721.0</ele></trkpt><trkpt lat="37.750985" lon="-107.812253"><ele>3721.655632355716</ele></trkpt><trkpt lat="37.751016" lon="-107.81230600000004"><ele>3722.1256113797426</ele></trkpt><trkpt lat="37.751042" lon="-107.81232299999999"><ele>3722.984800408797</ele></trkpt><trkpt lat="37.751068" lon="-107.81235500000003"><ele>3723.0</ele></trkpt><trkpt lat="37.751099" lon="-107.81236100000001"><ele>3723.0</ele></trkpt><trkpt lat="37.751198" lon="-107.81244200000003"><ele>3725.0</ele></trkpt><trkpt lat="37.751268" lon="-107.812499"><ele>3726.0</ele></trkpt><trkpt lat="37.751327" lon="-107.81251800000001"><ele>3727.0</ele></trkpt><trkpt lat="37.751338" lon="-107.812544"><ele>3727.0</ele></trkpt><trkpt lat="37.751339" lon="-107.81264699999997"><ele>3728.01179920815</ele></trkpt><trkpt lat="37.751336" lon="-107.81272899999999"><ele>3729.8388401772827</ele></trkpt><trkpt lat="37.75134" lon="-107.81278299999997"><ele>3730.5999678731096</ele></trkpt><trkpt lat="37.751371" lon="-107.81281999999999"><ele>3732.016473236382</ele></trkpt><trkpt lat="37.751386" lon="-107.81289700000002"><ele>3734.0605972844874</ele></trkpt><trkpt lat="37.751358" lon="-107.81294200000002"><ele>3734.337011543154</ele></trkpt><trkpt lat="37.751281" lon="-107.81304399999999"><ele>3736.518904177472</ele></trkpt><trkpt lat="37.751238" lon="-107.81306899999998"><ele>3737.2512881878283</ele></trkpt><trkpt lat="37.751227" lon="-107.81308999999999"><ele>3737.7574408054984</ele></trkpt><trkpt lat="37.751246" lon="-107.81313999999998"><ele>3739.1599289988767</ele></trkpt><trkpt lat="37.751269" lon="-107.81320499999998"><ele>3739.0</ele></trkpt><trkpt lat="37.751269" lon="-107.81325300000003"><ele>3739.0</ele></trkpt><trkpt lat="37.751232" lon="-107.81335200000001"><ele>3739.988008854782</ele></trkpt><trkpt lat="37.751174" lon="-107.81349"><ele>3741.0</ele></trkpt><trkpt lat="37.751142" lon="-107.81358599999999"><ele>3742.0</ele></trkpt><trkpt lat="37.751105" lon="-107.81368900000001"><ele>3744.0</ele></trkpt><trkpt lat="37.751099" lon="-107.81377500000002"><ele>3744.658251426567</ele></trkpt><trkpt lat="37.751087" lon="-107.81382100000002"><ele>3745.0</ele></trkpt><trkpt lat="37.751041" lon="-107.81396000000001"><ele>3745.0</ele></trkpt><trkpt lat="37.750999" lon="-107.81406300000003"><ele>3745.0</ele></trkpt><trkpt lat="37.750961" lon="-107.81421599999999"><ele>3746.1324414433047</ele></trkpt><trkpt lat="37.750944" lon="-107.81426399999998"><ele>3747.360503690868</ele></trkpt><trkpt lat="37.750929" lon="-107.814303"><ele>3748.192556799855</ele></trkpt><trkpt lat="37.750932" lon="-107.81433400000003"><ele>3749.0</ele></trkpt><trkpt lat="37.750926" lon="-107.81438800000001"><ele>3750.0</ele></trkpt><trkpt lat="37.750909" lon="-107.81448999999998"><ele>3750.0</ele></trkpt><trkpt lat="37.750871" lon="-107.81465300000002"><ele>3750.2639640904963</ele></trkpt><trkpt lat="37.750845" lon="-107.81474400000002"><ele>3751.0</ele></trkpt><trkpt lat="37.750828" lon="-107.81481300000002"><ele>3751.0</ele></trkpt><trkpt lat="37.750839" lon="-107.81490200000002"><ele>3751.0</ele></trkpt><trkpt lat="37.750842" lon="-107.81496600000003"><ele>3751.0</ele></trkpt><trkpt lat="37.750828" lon="-107.815088"><ele>3751.7984204869717</ele></trkpt><trkpt lat="37.750818" lon="-107.81521499999997"><ele>3753.0</ele></trkpt><trkpt lat="37.750799" lon="-107.81533300000001"><ele>3755.0</ele></trkpt><trkpt lat="37.750775" lon="-107.81545699999998"><ele>3757.0</ele></trkpt><trkpt lat="37.750793" lon="-107.81552299999998"><ele>3758.0</ele></trkpt><trkpt lat="37.750851" lon="-107.81561199999999"><ele>3759.1963783111423</ele></trkpt><trkpt lat="37.750932" lon="-107.81567799999999"><ele>3760.2722012442537</ele></trkpt><trkpt lat="37.751064" lon="-107.815786"><ele>3762.3053660443984</ele></trkpt><trkpt lat="37.751211" lon="-107.81588699999998"><ele>3765.012307199184</ele></trkpt><trkpt lat="37.751289" lon="-107.81593499999997"><ele>3766.0</ele></trkpt><trkpt lat="37.751339" lon="-107.81597399999998"><ele>3766.0668010660447</ele></trkpt><trkpt lat="37.751336" lon="-107.81599900000003"><ele>3767.1985812776793</ele></trkpt><trkpt lat="37.751252" lon="-107.816014"><ele>3768.0</ele></trkpt><trkpt lat="37.751171" lon="-107.81603000000001"><ele>3769.3935516648194</ele></trkpt><trkpt lat="37.75105" lon="-107.81604500000003"><ele>3771.268033575885</ele></trkpt><trkpt lat="37.750978" lon="-107.81606999999997"><ele>3772.5407253317535</ele></trkpt><trkpt lat="37.750923" lon="-107.81606999999997"><ele>3773.0</ele></trkpt><trkpt lat="37.75088" lon="-107.81608599999998"><ele>3773.809817453661</ele></trkpt><trkpt lat="37.750844" lon="-107.81609500000002"><ele>3774.7058097789995</ele></trkpt><trkpt lat="37.750784" lon="-107.81611299999997"><ele>3776.0</ele></trkpt><trkpt lat="37.750714" lon="-107.81613800000002"><ele>3777.0</ele></trkpt><trkpt lat="37.750668" lon="-107.81614000000002"><ele>3778.0</ele></trkpt><trkpt lat="37.750576" lon="-107.81618200000003"><ele>3779.7603036458604</ele></trkpt><trkpt lat="37.750497" lon="-107.816213"><ele>3780.4496999271746</ele></trkpt><trkpt lat="37.75044" lon="-107.81624199999999"><ele>3781.5565063105896</ele></trkpt><trkpt lat="37.750342" lon="-107.81627700000001"><ele>3783.0</ele></trkpt><trkpt lat="37.750204" lon="-107.81632300000001"><ele>3784.3313799118623</ele></trkpt><trkpt lat="37.750053" lon="-107.81633099999999"><ele>3786.7042069328018</ele></trkpt><trkpt lat="37.74988" lon="-107.81634099999997"><ele>3788.170240709558</ele></trkpt><trkpt lat="37.749703" lon="-107.81637799999999"><ele>3790.0</ele></trkpt><trkpt lat="37.749622" lon="-107.81639899999999"><ele>3790.87323662173</ele></trkpt><trkpt lat="37.749564" lon="-107.816416"><ele>3791.0</ele></trkpt><trkpt lat="37.749477" lon="-107.816507"><ele>3792.0</ele></trkpt><trkpt lat="37.749377" lon="-107.816621"><ele>3794.0</ele></trkpt><trkpt lat="37.749327" lon="-107.81670099999997"><ele>3794.0</ele></trkpt><trkpt lat="37.749293" lon="-107.81677200000001"><ele>3793.7283448111266</ele></trkpt><trkpt lat="37.749278" lon="-107.81685700000003"><ele>3792.0</ele></trkpt><trkpt lat="37.749285" lon="-107.81692900000002"><ele>3791.1096586545636</ele></trkpt><trkpt lat="37.749298" lon="-107.81699500000002"><ele>3790.0080915039057</ele></trkpt><trkpt lat="37.749311" lon="-107.81706200000002"><ele>3789.789257859811</ele></trkpt><trkpt lat="37.749321" lon="-107.81714699999998"><ele>3788.3786541130394</ele></trkpt><trkpt lat="37.749322" lon="-107.81728099999998"><ele>3787.4375937413424</ele></trkpt><trkpt lat="37.749324" lon="-107.81744100000003"><ele>3785.314422011812</ele></trkpt><trkpt lat="37.749344" lon="-107.81758300000001"><ele>3783.6963513076994</ele></trkpt><trkpt lat="37.749365" lon="-107.81769300000002"><ele>3781.9719985611737</ele></trkpt><trkpt lat="37.749371" lon="-107.81775700000003"><ele>3781.273331628584</ele></trkpt><trkpt lat="37.749341" lon="-107.81773099999998"><ele>3780.5574468523264</ele></trkpt><trkpt lat="37.749305" lon="-107.81766399999998"><ele>3780.075575952932</ele></trkpt><trkpt lat="37.74922" lon="-107.81755499999997"><ele>3777.5711880017548</ele></trkpt><trkpt lat="37.749134" lon="-107.81744700000002"><ele>3776.102240977979</ele></trkpt><trkpt lat="37.749082" lon="-107.81741399999999"><ele>3774.8756476690664</ele></trkpt><trkpt lat="37.748998" lon="-107.81733300000002"><ele>3773.735956770959</ele></trkpt><trkpt lat="37.748923" lon="-107.817273"><ele>3772.364072820834</ele></trkpt><trkpt lat="37.748879" lon="-107.81722100000002"><ele>3772.2680838148053</ele></trkpt><trkpt lat="37.748847" lon="-107.81720100000001"><ele>3771.8608171580163</ele></trkpt><trkpt lat="37.748816" lon="-107.817207"><ele>3771.0</ele></trkpt><trkpt lat="37.748802" lon="-107.81723799999997"><ele>3771.0</ele></trkpt><trkpt lat="37.748808" lon="-107.81727899999998"><ele>3770.0</ele></trkpt><trkpt lat="37.748837" lon="-107.81737399999997"><ele>3769.0</ele></trkpt><trkpt lat="37.748925" lon="-107.81758300000001"><ele>3766.0366291056193</ele></trkpt><trkpt lat="37.748967" lon="-107.81767000000002"><ele>3765.893870221451</ele></trkpt><trkpt lat="37.74901" lon="-107.81777599999998"><ele>3764.95391217852</ele></trkpt><trkpt lat="37.749076" lon="-107.81793399999998"><ele>3762.0</ele></trkpt><trkpt lat="37.749171" lon="-107.81814300000002"><ele>3758.9950337161317</ele></trkpt><trkpt lat="37.749212" lon="-107.818286"><ele>3757.9169987243386</ele></trkpt><trkpt lat="37.749259" lon="-107.81838299999998"><ele>3756.3900605100207</ele></trkpt><trkpt lat="37.749313" lon="-107.81852000000003"><ele>3754.9071371052414</ele></trkpt><trkpt lat="37.749337" lon="-107.81877400000002"><ele>3750.321688277647</ele></trkpt><trkpt lat="37.749339" lon="-107.818896"><ele>3748.3332489469226</ele></trkpt><trkpt lat="37.749351" lon="-107.81895600000001"><ele>3747.141252487264</ele></trkpt><trkpt lat="37.749348" lon="-107.81898100000001"><ele>3746.7668663412333</ele></trkpt><trkpt lat="37.749324" lon="-107.81897500000002"><ele>3745.6319352248684</ele></trkpt><trkpt lat="37.749129" lon="-107.81873100000001"><ele>3741.0622600186616</ele></trkpt><trkpt lat="37.749065" lon="-107.818667"><ele>3740.5955918399713</ele></trkpt><trkpt lat="37.749047" lon="-107.81864999999999"><ele>3740.229225654155</ele></trkpt><trkpt lat="37.749027" lon="-107.81865199999999"><ele>3740.0</ele></trkpt><trkpt lat="37.749019" lon="-107.81868099999997"><ele>3739.7778552901</ele></trkpt><trkpt lat="37.749021" lon="-107.81876599999998"><ele>3738.5689857206007</ele></trkpt><trkpt lat="37.749032" lon="-107.81887999999998"><ele>3737.0</ele></trkpt><trkpt lat="37.749027" lon="-107.81906400000003"><ele>3736.0</ele></trkpt><trkpt lat="37.749033" lon="-107.81926699999997"><ele>3733.0</ele></trkpt><trkpt lat="37.749041" lon="-107.81936400000001"><ele>3732.1179101152984</ele></trkpt><trkpt lat="37.749049" lon="-107.81951400000003"><ele>3730.0</ele></trkpt><trkpt lat="37.749064" lon="-107.81963400000001"><ele>3728.0</ele></trkpt><trkpt lat="37.74907" lon="-107.81970799999999"><ele>3726.9161863108166</ele></trkpt><trkpt lat="37.749058" lon="-107.819772"><ele>3725.9335701330565</ele></trkpt><trkpt lat="37.748993" lon="-107.81980299999998"><ele>3724.4888654225506</ele></trkpt><trkpt lat="37.748925" lon="-107.81980599999997"><ele>3723.3741970289234</ele></trkpt><trkpt lat="37.748859" lon="-107.81978700000002"><ele>3722.3482932202382</ele></trkpt><trkpt lat="37.748793" lon="-107.819727"><ele>3721.281417132675</ele></trkpt><trkpt lat="37.748734" lon="-107.81962900000002"><ele>3720.7812290862203</ele></trkpt><trkpt lat="37.748665" lon="-107.81944099999998"><ele>3719.714428840205</ele></trkpt><trkpt lat="37.748605" lon="-107.81932499999999"><ele>3718.178083879873</ele></trkpt><trkpt lat="37.74859" lon="-107.819257"><ele>3718.0</ele></trkpt><trkpt lat="37.748583" lon="-107.819184"><ele>3717.0</ele></trkpt><trkpt lat="37.748557" lon="-107.81914499999999"><ele>3716.3490099776536</ele></trkpt><trkpt lat="37.748446" lon="-107.81908900000002"><ele>3714.954338550975</ele></trkpt><trkpt lat="37.748356" lon="-107.81902100000002"><ele>3714.0</ele></trkpt><trkpt lat="37.748311" lon="-107.819004"><ele>3713.275035733357</ele></trkpt><trkpt lat="37.748261" lon="-107.81899399999998"><ele>3713.0</ele></trkpt><trkpt lat="37.748218" lon="-107.81895700000001"><ele>3712.422182003391</ele></trkpt><trkpt lat="37.74816" lon="-107.818959"><ele>3711.0</ele></trkpt><trkpt lat="37.748102" lon="-107.81900200000001"><ele>3709.818171021063</ele></trkpt><trkpt lat="37.747998" lon="-107.81913500000002"><ele>3706.6199217773974</ele></trkpt><trkpt lat="37.747914" lon="-107.81921299999999"><ele>3705.0</ele></trkpt><trkpt lat="37.747873" lon="-107.819275"><ele>3704.0954488883726</ele></trkpt><trkpt lat="37.747711" lon="-107.81947200000002"><ele>3700.9584120893796</ele></trkpt><trkpt lat="37.747642" lon="-107.819567"><ele>3699.48726257775</ele></trkpt><trkpt lat="37.747574" lon="-107.81968499999999"><ele>3698.0</ele></trkpt><trkpt lat="37.74747" lon="-107.819748"><ele>3696.0520511996</ele></trkpt><trkpt lat="37.747411" lon="-107.81980099999998"><ele>3695.5820721783675</ele></trkpt><trkpt lat="37.747321" lon="-107.81987600000002"><ele>3694.0433235626433</ele></trkpt><trkpt lat="37.747245" lon="-107.81994199999997"><ele>3693.0107572956354</ele></trkpt><trkpt lat="37.747151" lon="-107.82006000000001"><ele>3691.2653493602443</ele></trkpt><trkpt lat="37.746974" lon="-107.82021500000002"><ele>3688.2739931708716</ele></trkpt><trkpt lat="37.746867" lon="-107.82034499999997"><ele>3686.4276111208146</ele></trkpt><trkpt lat="37.746816" lon="-107.82043199999998"><ele>3685.391910957925</ele></trkpt><trkpt lat="37.746657" lon="-107.82056399999999"><ele>3683.0</ele></trkpt><trkpt lat="37.746619" lon="-107.82062400000001"><ele>3681.9021357894344</ele></trkpt><trkpt lat="37.746586" lon="-107.82072099999999"><ele>3680.0</ele></trkpt><trkpt lat="37.746525" lon="-107.82086500000003"><ele>3679.0</ele></trkpt><trkpt lat="37.74651" lon="-107.820918"><ele>3679.0</ele></trkpt><trkpt lat="37.746435" lon="-107.82106199999998"><ele>3677.2300542650255</ele></trkpt><trkpt lat="37.746315" lon="-107.82127700000001"><ele>3674.2097275536507</ele></trkpt><trkpt lat="37.74624" lon="-107.82142899999997"><ele>3673.0</ele></trkpt><trkpt lat="37.746175" lon="-107.82160399999998"><ele>3671.0</ele></trkpt><trkpt lat="37.746101" lon="-107.82182799999998"><ele>3668.59717749618</ele></trkpt><trkpt lat="37.746081" lon="-107.82196999999996"><ele>3667.0</ele></trkpt><trkpt lat="37.746047" lon="-107.82207800000003"><ele>3666.0</ele></trkpt><trkpt lat="37.746016" lon="-107.82221700000002"><ele>3664.0</ele></trkpt><trkpt lat="37.746017" lon="-107.82230199999998"><ele>3663.0</ele></trkpt><trkpt lat="37.746034" lon="-107.82237499999997"><ele>3662.21974471249</ele></trkpt><trkpt lat="37.746042" lon="-107.822429"><ele>3661.1083953781053</ele></trkpt><trkpt lat="37.746035" lon="-107.822454"><ele>3661.0</ele></trkpt><trkpt lat="37.746007" lon="-107.82248300000003"><ele>3660.057096945122</ele></trkpt><trkpt lat="37.745974" lon="-107.822475"><ele>3659.1121767181903</ele></trkpt><trkpt lat="37.745936" lon="-107.82241599999998"><ele>3658.872572682798</ele></trkpt><trkpt lat="37.745887" lon="-107.822271"><ele>3656.9846639130265</ele></trkpt><trkpt lat="37.745846" lon="-107.82215300000001"><ele>3655.568251920864</ele></trkpt><trkpt lat="37.745804" lon="-107.82201700000002"><ele>3654.3731851929865</ele></trkpt><trkpt lat="37.745779" lon="-107.821955"><ele>3654.122903419939</ele></trkpt><trkpt lat="37.74577" lon="-107.82194500000003"><ele>3654.0591693357605</ele></trkpt><trkpt lat="37.745757" lon="-107.82194900000002"><ele>3653.646551750934</ele></trkpt><trkpt lat="37.745758" lon="-107.821976"><ele>3653.0838936587515</ele></trkpt><trkpt lat="37.745768" lon="-107.82200399999999"><ele>3652.9711791463196</ele></trkpt><trkpt lat="37.745776" lon="-107.822045"><ele>3652.4449543931532</ele></trkpt><trkpt lat="37.74577" lon="-107.82207900000003"><ele>3652.0890527460724</ele></trkpt><trkpt lat="37.745748" lon="-107.82213100000001"><ele>3650.9992116903236</ele></trkpt><trkpt lat="37.745744" lon="-107.822251"><ele>3649.556696187705</ele></trkpt><trkpt lat="37.745737" lon="-107.82236599999999"><ele>3647.1821459852376</ele></trkpt><trkpt lat="37.74575" lon="-107.82249999999999"><ele>3644.9103168845177</ele></trkpt><trkpt lat="37.74578" lon="-107.82268099999999"><ele>3642.247178667097</ele></trkpt><trkpt lat="37.745833" lon="-107.82289000000003"><ele>3640.3027572773435</ele></trkpt><trkpt lat="37.745879" lon="-107.82309900000001"><ele>3636.5131687838584</ele></trkpt><trkpt lat="37.745946" lon="-107.823282"><ele>3634.817656185478</ele></trkpt><trkpt lat="37.745979" lon="-107.82338400000003"><ele>3633.009031143971</ele></trkpt><trkpt lat="37.746043" lon="-107.82351599999998"><ele>3631.0805667496097</ele></trkpt><trkpt lat="37.746126" lon="-107.82364100000001"><ele>3629.625101510901</ele></trkpt><trkpt lat="37.746189" lon="-107.82370800000001"><ele>3628.286317461636</ele></trkpt><trkpt lat="37.746221" lon="-107.82377500000001"><ele>3627.2546264355137</ele></trkpt><trkpt lat="37.746253" lon="-107.823872"><ele>3626.415341758635</ele></trkpt><trkpt lat="37.746262" lon="-107.82392500000003"><ele>3625.4757974357344</ele></trkpt><trkpt lat="37.746272" lon="-107.82397200000003"><ele>3624.874810650479</ele></trkpt><trkpt lat="37.746283" lon="-107.82404200000002"><ele>3624.3237364403903</ele></trkpt><trkpt lat="37.746274" lon="-107.82407699999999"><ele>3623.7933015860617</ele></trkpt><trkpt lat="37.746269" lon="-107.82416699999999"><ele>3622.4986155852675</ele></trkpt><trkpt lat="37.746259" lon="-107.82432"><ele>3619.909243643284</ele></trkpt><trkpt lat="37.746249" lon="-107.82445000000001"><ele>3619.3198717776686</ele></trkpt><trkpt lat="37.746237" lon="-107.824524"><ele>3617.9032055911216</ele></trkpt><trkpt lat="37.746239" lon="-107.82458200000002"><ele>3617.5018230136484</ele></trkpt><trkpt lat="37.746237" lon="-107.82466399999998"><ele>3615.9805716441924</ele></trkpt><trkpt lat="37.74625" lon="-107.82473500000003"><ele>3615.2428189001585</ele></trkpt><trkpt lat="37.746254" lon="-107.82477599999999"><ele>3614.448791657678</ele></trkpt><trkpt lat="37.74624" lon="-107.82478300000002"><ele>3613.874513836138</ele></trkpt><trkpt lat="37.746223" lon="-107.824768"><ele>3613.787505302578</ele></trkpt><trkpt lat="37.746205" lon="-107.824725"><ele>3612.804415694889</ele></trkpt><trkpt lat="37.746187" lon="-107.82464199999998"><ele>3612.6657679975033</ele></trkpt><trkpt lat="37.746157" lon="-107.824588"><ele>3611.8456323561995</ele></trkpt><trkpt lat="37.746134" lon="-107.82449300000002"><ele>3610.5421010628343</ele></trkpt><trkpt lat="37.746096" lon="-107.82435900000002"><ele>3609.3024921845645</ele></trkpt><trkpt lat="37.746061" lon="-107.82425999999998"><ele>3608.239695550874</ele></trkpt><trkpt lat="37.746006" lon="-107.82417700000002"><ele>3606.999348055956</ele></trkpt><trkpt lat="37.745976" lon="-107.82414299999999"><ele>3607.052959008357</ele></trkpt><trkpt lat="37.745949" lon="-107.82413200000002"><ele>3606.742843021173</ele></trkpt><trkpt lat="37.745922" lon="-107.824141"><ele>3606.0153477712133</ele></trkpt><trkpt lat="37.745889" lon="-107.824184"><ele>3605.0327574503917</ele></trkpt><trkpt lat="37.745812" lon="-107.82424100000003"><ele>3604.8532350947453</ele></trkpt><trkpt lat="37.745653" lon="-107.82435199999998"><ele>3602.4900999120437</ele></trkpt><trkpt lat="37.7455" lon="-107.82448"><ele>3601.0</ele></trkpt><trkpt lat="37.74547" lon="-107.82453399999997"><ele>3600.003380744057</ele></trkpt><trkpt lat="37.745429" lon="-107.824592"><ele>3599.3027400511846</ele></trkpt><trkpt lat="37.745391" lon="-107.824612"><ele>3599.0</ele></trkpt><trkpt lat="37.745349" lon="-107.824701"><ele>3598.0624084672686</ele></trkpt><trkpt lat="37.745255" lon="-107.82487800000001"><ele>3597.0</ele></trkpt><trkpt lat="37.745172" lon="-107.82503199999996"><ele>3595.0</ele></trkpt><trkpt lat="37.745147" lon="-107.82512600000001"><ele>3595.0</ele></trkpt><trkpt lat="37.745126" lon="-107.82518900000002"><ele>3594.0</ele></trkpt><trkpt lat="37.745101" lon="-107.825245"><ele>3593.6605110857636</ele></trkpt><trkpt lat="37.745042" lon="-107.825334"><ele>3593.0</ele></trkpt><trkpt lat="37.745003" lon="-107.82539099999997"><ele>3592.0</ele></trkpt><trkpt lat="37.744932" lon="-107.82541300000003"><ele>3592.0</ele></trkpt><trkpt lat="37.744906" lon="-107.825425"><ele>3592.0</ele></trkpt><trkpt lat="37.744864" lon="-107.82547899999997"><ele>3591.0220998883465</ele></trkpt><trkpt lat="37.744841" lon="-107.82553999999999"><ele>3591.0</ele></trkpt><trkpt lat="37.744816" lon="-107.825648"><ele>3589.0921223107725</ele></trkpt><trkpt lat="37.744772" lon="-107.825736"><ele>3588.0</ele></trkpt><trkpt lat="37.744721" lon="-107.825807"><ele>3587.0</ele></trkpt><trkpt lat="37.744696" lon="-107.82587899999999"><ele>3586.0</ele></trkpt><trkpt lat="37.744693" lon="-107.82592299999999"><ele>3585.0</ele></trkpt><trkpt lat="37.744666" lon="-107.82597599999997"><ele>3584.0</ele></trkpt><trkpt lat="37.74466" lon="-107.82602800000001"><ele>3584.0</ele></trkpt><trkpt lat="37.744662" lon="-107.82610999999997"><ele>3583.0</ele></trkpt><trkpt lat="37.744658" lon="-107.826167"><ele>3582.0</ele></trkpt><trkpt lat="37.744669" lon="-107.82622900000001"><ele>3582.0</ele></trkpt><trkpt lat="37.744655" lon="-107.826281"><ele>3581.0</ele></trkpt><trkpt lat="37.744657" lon="-107.82631800000001"><ele>3580.427756057687</ele></trkpt><trkpt lat="37.744651" lon="-107.826348"><ele>3580.0</ele></trkpt><trkpt lat="37.744652" lon="-107.826392"><ele>3580.0</ele></trkpt><trkpt lat="37.744667" lon="-107.82646499999998"><ele>3579.0</ele></trkpt><trkpt lat="37.744674" lon="-107.82651900000002"><ele>3578.0</ele></trkpt><trkpt lat="37.744668" lon="-107.82656199999997"><ele>3577.567700886029</ele></trkpt><trkpt lat="37.744634" lon="-107.826592"><ele>3577.0</ele></trkpt><trkpt lat="37.74459" lon="-107.826618"><ele>3575.9484223061745</ele></trkpt><trkpt lat="37.744563" lon="-107.82662900000003"><ele>3575.0</ele></trkpt><trkpt lat="37.744547" lon="-107.82666699999999"><ele>3574.005997011418</ele></trkpt><trkpt lat="37.744515" lon="-107.826794"><ele>3572.723752908025</ele></trkpt><trkpt lat="37.744488" lon="-107.82690100000002"><ele>3571.5327282585204</ele></trkpt><trkpt lat="37.744484" lon="-107.82696599999997"><ele>3571.0</ele></trkpt><trkpt lat="37.744477" lon="-107.82700899999998"><ele>3571.0</ele></trkpt><trkpt lat="37.744477" lon="-107.827046"><ele>3571.0</ele></trkpt><trkpt lat="37.744466" lon="-107.82708500000001"><ele>3571.0</ele></trkpt><trkpt lat="37.74446" lon="-107.82711999999998"><ele>3571.0</ele></trkpt><trkpt lat="37.744413" lon="-107.82720799999998"><ele>3571.0</ele></trkpt><trkpt lat="37.744378" lon="-107.82727999999997"><ele>3571.0</ele></trkpt><trkpt lat="37.744332" lon="-107.82737400000002"><ele>3571.0</ele></trkpt><trkpt lat="37.744287" lon="-107.827449"><ele>3570.6866525411606</ele></trkpt><trkpt lat="37.744248" lon="-107.82754299999999"><ele>3570.0</ele></trkpt><trkpt lat="37.744193" lon="-107.827627"><ele>3570.0</ele></trkpt><trkpt lat="37.744169" lon="-107.82771000000002"><ele>3569.0</ele></trkpt><trkpt lat="37.744142" lon="-107.82781"><ele>3568.429294541602</ele></trkpt><trkpt lat="37.744108" lon="-107.827876"><ele>3568.0</ele></trkpt><trkpt lat="37.744075" lon="-107.82794100000001"><ele>3567.0</ele></trkpt><trkpt lat="37.74402" lon="-107.82802800000002"><ele>3566.0</ele></trkpt><trkpt lat="37.743991" lon="-107.82808799999998"><ele>3565.2417438849807</ele></trkpt><trkpt lat="37.743966" lon="-107.82815700000003"><ele>3564.8064058859923</ele></trkpt><trkpt lat="37.743949" lon="-107.828214"><ele>3564.0</ele></trkpt><trkpt lat="37.743941" lon="-107.82833299999999"><ele>3563.0</ele></trkpt><trkpt lat="37.743939" lon="-107.82841200000001"><ele>3562.0</ele></trkpt><trkpt lat="37.743936" lon="-107.82849699999997"><ele>3561.31930257811</ele></trkpt><trkpt lat="37.74394" lon="-107.82853"><ele>3561.0</ele></trkpt><trkpt lat="37.743944" lon="-107.82858799999997"><ele>3561.0</ele></trkpt><trkpt lat="37.74393" lon="-107.82863199999997"><ele>3560.0</ele></trkpt><trkpt lat="37.743927" lon="-107.82869099999999"><ele>3559.617277204316</ele></trkpt><trkpt lat="37.743911" lon="-107.82876599999997"><ele>3559.0</ele></trkpt><trkpt lat="37.743906" lon="-107.828847"><ele>3559.0</ele></trkpt><trkpt lat="37.743883" lon="-107.828912"><ele>3558.0</ele></trkpt><trkpt lat="37.743861" lon="-107.82900699999999"><ele>3557.0</ele></trkpt><trkpt lat="37.743847" lon="-107.82908900000001"><ele>3556.0</ele></trkpt><trkpt lat="37.743816" lon="-107.82915300000002"><ele>3555.0</ele></trkpt><trkpt lat="37.743794" lon="-107.82922300000001"><ele>3555.0</ele></trkpt><trkpt lat="37.743788" lon="-107.82934699999998"><ele>3554.0</ele></trkpt><trkpt lat="37.743754" lon="-107.82946700000002"><ele>3552.356706219562</ele></trkpt><trkpt lat="37.74373" lon="-107.829541"><ele>3551.9530021848914</ele></trkpt><trkpt lat="37.743718" lon="-107.829633"><ele>3550.472514677262</ele></trkpt><trkpt lat="37.743666" lon="-107.82974200000001"><ele>3549.0</ele></trkpt><trkpt lat="37.743638" lon="-107.82987700000001"><ele>3547.002817150637</ele></trkpt><trkpt lat="37.743604" lon="-107.82996200000002"><ele>3546.0</ele></trkpt><trkpt lat="37.743602" lon="-107.83003200000002"><ele>3545.782914132811</ele></trkpt><trkpt lat="37.74354" lon="-107.83033699999999"><ele>3542.3765820998133</ele></trkpt><trkpt lat="37.743525" lon="-107.83050800000001"><ele>3541.0</ele></trkpt><trkpt lat="37.743537" lon="-107.83066200000002"><ele>3539.0</ele></trkpt><trkpt lat="37.743543" lon="-107.83079399999997"><ele>3537.2274247550354</ele></trkpt><trkpt lat="37.74351" lon="-107.83089000000001"><ele>3535.9784878858295</ele></trkpt><trkpt lat="37.743436" lon="-107.83095600000001"><ele>3534.0</ele></trkpt><trkpt lat="37.743335" lon="-107.83096"><ele>3532.3104502768997</ele></trkpt><trkpt lat="37.743081" lon="-107.83096"><ele>3527.610873796046</ele></trkpt><trkpt lat="37.742898" lon="-107.831006"><ele>3524.0</ele></trkpt><trkpt lat="37.742751" lon="-107.83105699999999"><ele>3523.0</ele></trkpt><trkpt lat="37.742666" lon="-107.83112599999998"><ele>3521.969207503548</ele></trkpt><trkpt lat="37.742638" lon="-107.83124199999997"><ele>3520.3928270232864</ele></trkpt><trkpt lat="37.742586" lon="-107.831366"><ele>3518.6140081775375</ele></trkpt><trkpt lat="37.742565" lon="-107.83140500000002"><ele>3517.796476443298</ele></trkpt><trkpt lat="37.742476" lon="-107.83151299999997"><ele>3516.0</ele></trkpt><trkpt lat="37.742427" lon="-107.83162199999998"><ele>3514.637215228894</ele></trkpt><trkpt lat="37.742344" lon="-107.83174099999997"><ele>3514.0</ele></trkpt><trkpt lat="37.742274" lon="-107.83187299999997"><ele>3513.0</ele></trkpt><trkpt lat="37.742234" lon="-107.83195"><ele>3511.582258709824</ele></trkpt><trkpt lat="37.742222" lon="-107.83202799999998"><ele>3510.0104512012663</ele></trkpt><trkpt lat="37.742201" lon="-107.83209299999999"><ele>3509.0</ele></trkpt><trkpt lat="37.742161" lon="-107.83216299999998"><ele>3508.4711160897277</ele></trkpt><trkpt lat="37.742112" lon="-107.83225199999998"><ele>3507.0</ele></trkpt><trkpt lat="37.742054" lon="-107.832356"><ele>3505.0</ele></trkpt><trkpt lat="37.742009" lon="-107.83243199999998"><ele>3502.9348074672744</ele></trkpt><trkpt lat="37.741995" lon="-107.83248600000002"><ele>3502.0</ele></trkpt><trkpt lat="37.741976" lon="-107.832517"><ele>3501.4756239193903</ele></trkpt><trkpt lat="37.741881" lon="-107.832581"><ele>3498.990904177539</ele></trkpt><trkpt lat="37.741778" lon="-107.832673"><ele>3497.0</ele></trkpt><trkpt lat="37.741709" lon="-107.83272599999998"><ele>3495.1758240575073</ele></trkpt><trkpt lat="37.741619" lon="-107.83279299999998"><ele>3493.0</ele></trkpt><trkpt lat="37.741469" lon="-107.83293600000002"><ele>3488.2721491294387</ele></trkpt><trkpt lat="37.741458" lon="-107.83294000000001"><ele>3488.0</ele></trkpt><trkpt lat="37.741366" lon="-107.83297299999998"><ele>3486.7223800895736</ele></trkpt><trkpt lat="37.741423" lon="-107.83302900000001"><ele>3486.0</ele></trkpt><trkpt lat="37.741496" lon="-107.83320000000003"><ele>3484.0</ele></trkpt><trkpt lat="37.741541" lon="-107.83326299999999"><ele>3484.0</ele></trkpt><trkpt lat="37.741629" lon="-107.83335"><ele>3482.1855935601634</ele></trkpt><trkpt lat="37.741656" lon="-107.83341999999999"><ele>3481.9595252431454</ele></trkpt><trkpt lat="37.741676" lon="-107.83349900000002"><ele>3481.1689714292093</ele></trkpt><trkpt lat="37.741696" lon="-107.833553"><ele>3480.996042582398</ele></trkpt><trkpt lat="37.741719" lon="-107.83359999999999"><ele>3481.0</ele></trkpt><trkpt lat="37.74174" lon="-107.83363500000002"><ele>3480.0</ele></trkpt><trkpt lat="37.741763" lon="-107.83366999999998"><ele>3480.9356837645173</ele></trkpt><trkpt lat="37.741766" lon="-107.83370200000002"><ele>3480.776805574868</ele></trkpt><trkpt lat="37.741764" lon="-107.833754"><ele>3479.9963674949486</ele></trkpt><trkpt lat="37.741775" lon="-107.83383300000003"><ele>3478.87268041091</ele></trkpt><trkpt lat="37.741803" lon="-107.833931"><ele>3478.2930288184434</ele></trkpt><trkpt lat="37.741829" lon="-107.83397400000001"><ele>3478.0597511127985</ele></trkpt><trkpt lat="37.741855" lon="-107.83398899999997"><ele>3478.5974259494888</ele></trkpt><trkpt lat="37.741868" lon="-107.83401800000001"><ele>3479.0027032601824</ele></trkpt><trkpt lat="37.741864" lon="-107.834067"><ele>3477.970683310917</ele></trkpt><trkpt lat="37.74187" lon="-107.83410900000001"><ele>3477.83386375422</ele></trkpt><trkpt lat="37.741871" lon="-107.834206"><ele>3477.0</ele></trkpt><trkpt lat="37.741874" lon="-107.83430599999997"><ele>3476.4773194231093</ele></trkpt><trkpt lat="37.741859" lon="-107.83438799999999"><ele>3475.0</ele></trkpt><trkpt lat="37.741844" lon="-107.834473"><ele>3474.0</ele></trkpt><trkpt lat="37.741833" lon="-107.83452799999998"><ele>3473.0610384438187</ele></trkpt><trkpt lat="37.741831" lon="-107.83459199999999"><ele>3473.0</ele></trkpt><trkpt lat="37.741834" lon="-107.83465899999999"><ele>3473.1199721097946</ele></trkpt><trkpt lat="37.741819" lon="-107.83474799999999"><ele>3472.9989421710043</ele></trkpt><trkpt lat="37.741794" lon="-107.834857"><ele>3472.0597774110665</ele></trkpt><trkpt lat="37.741774" lon="-107.83495600000003"><ele>3471.583953525871</ele></trkpt><trkpt lat="37.741757" lon="-107.83508799999998"><ele>3470.582082118839</ele></trkpt><trkpt lat="37.741746" lon="-107.83521400000001"><ele>3469.9338125046343</ele></trkpt><trkpt lat="37.741748" lon="-107.83528100000001"><ele>3470.0083609575154</ele></trkpt><trkpt lat="37.741758" lon="-107.83537000000001"><ele>3470.0</ele></trkpt><trkpt lat="37.741748" lon="-107.83543199999997"><ele>3470.0</ele></trkpt><trkpt lat="37.741745" lon="-107.83549"><ele>3468.9276397484728</ele></trkpt><trkpt lat="37.741761" lon="-107.83554500000002"><ele>3467.817816546187</ele></trkpt><trkpt lat="37.741766" lon="-107.83559000000002"><ele>3468.112484600395</ele></trkpt><trkpt lat="37.741772" lon="-107.83567499999998"><ele>3467.4660862926394</ele></trkpt><trkpt lat="37.741757" lon="-107.835735"><ele>3466.582082118839</ele></trkpt><trkpt lat="37.741759" lon="-107.83587999999997"><ele>3465.699949329719</ele></trkpt><trkpt lat="37.74173" lon="-107.83604100000002"><ele>3464.9908750560135</ele></trkpt><trkpt lat="37.741717" lon="-107.83620300000001"><ele>3464.224738528952</ele></trkpt><trkpt lat="37.741699" lon="-107.83629200000001"><ele>3464.1639343313873</ele></trkpt><trkpt lat="37.741654" lon="-107.83648599999998"><ele>3462.5119249634445</ele></trkpt><trkpt lat="37.741619" lon="-107.83662700000002"><ele>3462.2544394723536</ele></trkpt><trkpt lat="37.741589" lon="-107.83671400000003"><ele>3461.681247610599</ele></trkpt><trkpt lat="37.741578" lon="-107.83678900000001"><ele>3462.003829230117</ele></trkpt><trkpt lat="37.741485" lon="-107.83703300000002"><ele>3460.0</ele></trkpt><trkpt lat="37.741442" lon="-107.837178"><ele>3459.0180358532816</ele></trkpt><trkpt lat="37.741414" lon="-107.83727799999997"><ele>3459.3330108386963</ele></trkpt><trkpt lat="37.741362" lon="-107.83732700000002"><ele>3459.0</ele></trkpt><trkpt lat="37.741297" lon="-107.83739400000002"><ele>3458.0</ele></trkpt><trkpt lat="37.741211" lon="-107.83754299999998"><ele>3455.404452132061</ele></trkpt><trkpt lat="37.741174" lon="-107.83765599999998"><ele>3454.223925353959</ele></trkpt><trkpt lat="37.741138" lon="-107.83776999999998"><ele>3452.102332778275</ele></trkpt><trkpt lat="37.741099" lon="-107.83791300000001"><ele>3448.8039419837296</ele></trkpt><trkpt lat="37.741064" lon="-107.83820300000002"><ele>3446.7412846125662</ele></trkpt><trkpt lat="37.741042" lon="-107.83847400000002"><ele>3444.4447576198727</ele></trkpt><trkpt lat="37.741019" lon="-107.83854200000002"><ele>3442.1785959899426</ele></trkpt><trkpt lat="37.740993" lon="-107.83862899999997"><ele>3440.940787126886</ele></trkpt><trkpt lat="37.740956" lon="-107.83875"><ele>3440.376519439742</ele></trkpt><trkpt lat="37.740936" lon="-107.83889599999998"><ele>3440.1978602390736</ele></trkpt><trkpt lat="37.740921" lon="-107.83905700000003"><ele>3439.313866050914</ele></trkpt><trkpt lat="37.740898" lon="-107.83926500000001"><ele>3437.4733840096123</ele></trkpt><trkpt lat="37.740886" lon="-107.83938799999999"><ele>3435.251213638112</ele></trkpt><trkpt lat="37.740883" lon="-107.83957399999997"><ele>3434.0</ele></trkpt><trkpt lat="37.740879" lon="-107.83965799999999"><ele>3432.8386832736433</ele></trkpt><trkpt lat="37.740868" lon="-107.83973200000003"><ele>3432.1904213484377</ele></trkpt><trkpt lat="37.740878" lon="-107.83979899999997"><ele>3432.3058778386726</ele></trkpt><trkpt lat="37.740878" lon="-107.83984199999998"><ele>3432.779750365764</ele></trkpt><trkpt lat="37.740859" lon="-107.83983999999998"><ele>3431.660025300458</ele></trkpt><trkpt lat="37.740849" lon="-107.83979699999998"><ele>3431.0706964321434</ele></trkpt><trkpt lat="37.740836" lon="-107.83973300000002"><ele>3430.7799283018944</ele></trkpt><trkpt lat="37.740824" lon="-107.83966700000002"><ele>3430.5973746124655</ele></trkpt><trkpt lat="37.740787" lon="-107.83955900000001"><ele>3429.8790181441127</ele></trkpt><trkpt lat="37.74067" lon="-107.83930499999997"><ele>3428.0</ele></trkpt><trkpt lat="37.740598" lon="-107.839222"><ele>3427.0</ele></trkpt><trkpt lat="37.740562" lon="-107.83920499999999"><ele>3427.0</ele></trkpt><trkpt lat="37.740515" lon="-107.839227"><ele>3426.2648554672487</ele></trkpt><trkpt lat="37.740476" lon="-107.83927"><ele>3426.0</ele></trkpt><trkpt lat="37.740433" lon="-107.83935400000001"><ele>3427.0</ele></trkpt><trkpt lat="37.740267" lon="-107.84049099999999"><ele>3422.7718935403973</ele></trkpt><trkpt lat="37.740354" lon="-107.840958"><ele>3420.0</ele></trkpt><trkpt lat="37.740505" lon="-107.84142500000002"><ele>3416.0</ele></trkpt><trkpt lat="37.740295" lon="-107.84174200000001"><ele>3411.0573603543453</ele></trkpt><trkpt lat="37.739893" lon="-107.84206499999999"><ele>3405.0</ele></trkpt><trkpt lat="37.739474" lon="-107.842174"><ele>3401.035818592437</ele></trkpt><trkpt lat="37.739219" lon="-107.84133300000002"><ele>3396.0111552514136</ele></trkpt><trkpt lat="37.739077" lon="-107.84066999999999"><ele>3388.642878204584</ele></trkpt><trkpt lat="37.738986" lon="-107.84079700000001"><ele>3385.280117550865</ele></trkpt><trkpt lat="37.738959" lon="-107.84138999999999"><ele>3381.688970051706</ele></trkpt><trkpt lat="37.738961" lon="-107.84140500000001"><ele>3381.806832809001</ele></trkpt><trkpt lat="37.738929" lon="-107.84148900000002"><ele>3380.7810464014556</ele></trkpt><trkpt lat="37.73892" lon="-107.84162800000001"><ele>3379.39064691402</ele></trkpt><trkpt lat="37.738908" lon="-107.84169300000002"><ele>3377.6834708079696</ele></trkpt><trkpt lat="37.738927" lon="-107.84185200000002"><ele>3377.0</ele></trkpt><trkpt lat="37.73892" lon="-107.84275100000002"><ele>3371.0134977011157</ele></trkpt><trkpt lat="37.738708" lon="-107.84214600000001"><ele>3364.89721923694</ele></trkpt><trkpt lat="37.738658" lon="-107.84254299999998"><ele>3361.0</ele></trkpt><trkpt lat="37.738685" lon="-107.84288900000001"><ele>3357.5418023504317</ele></trkpt><trkpt lat="37.738781" lon="-107.84317199999998"><ele>3354.5311541917113</ele></trkpt><trkpt lat="37.738991" lon="-107.84358099999997"><ele>3352.0</ele></trkpt><trkpt lat="37.739729" lon="-107.84437300000002"><ele>3343.443873421289</ele></trkpt><trkpt lat="37.739755" lon="-107.84446400000002"><ele>3342.0</ele></trkpt><trkpt lat="37.739785" lon="-107.84452399999998"><ele>3341.0</ele></trkpt><trkpt lat="37.739845" lon="-107.844582"><ele>3340.7037674668245</ele></trkpt><trkpt lat="37.739876" lon="-107.844629"><ele>3339.5134087107144</ele></trkpt><trkpt lat="37.739905" lon="-107.844695"><ele>3338.1918419379435</ele></trkpt><trkpt lat="37.739963" lon="-107.844717"><ele>3338.4123114664108</ele></trkpt><trkpt lat="37.740076" lon="-107.84483499999999"><ele>3336.913112889044</ele></trkpt><trkpt lat="37.740125" lon="-107.84488699999997"><ele>3335.48973724572</ele></trkpt><trkpt lat="37.740231" lon="-107.84493399999997"><ele>3335.299378490541</ele></trkpt><trkpt lat="37.740341" lon="-107.845031"><ele>3332.7788508436643</ele></trkpt><trkpt lat="37.740414" lon="-107.845125"><ele>3330.833101119846</ele></trkpt><trkpt lat="37.74048" lon="-107.84520900000001"><ele>3329.1345285427897</ele></trkpt><trkpt lat="37.74063" lon="-107.84537499999999"><ele>3324.0</ele></trkpt><trkpt lat="37.740725" lon="-107.84544299999999"><ele>3323.578259200789</ele></trkpt><trkpt lat="37.740803" lon="-107.845483"><ele>3324.073908760678</ele></trkpt><trkpt lat="37.740904" lon="-107.84558800000002"><ele>3322.3120061848313</ele></trkpt><trkpt lat="37.741293" lon="-107.84574900000001"><ele>3326.0</ele></trkpt><trkpt lat="37.741489" lon="-107.84602000000001"><ele>3324.23027529918</ele></trkpt><trkpt lat="37.741621" lon="-107.84599100000003"><ele>3328.0</ele></trkpt><trkpt lat="37.741717" lon="-107.84601399999997"><ele>3326.974982692227</ele></trkpt><trkpt lat="37.741799" lon="-107.84598499999998"><ele>3328.0</ele></trkpt><trkpt lat="37.741872" lon="-107.84596799999997"><ele>3328.0</ele></trkpt><trkpt lat="37.741986" lon="-107.84591599999999"><ele>3328.0</ele></trkpt><trkpt lat="37.742087" lon="-107.84585199999998"><ele>3329.5018419361772</ele></trkpt><trkpt lat="37.742182" lon="-107.845866"><ele>3329.8650303995237</ele></trkpt><trkpt lat="37.742361" lon="-107.84587799999997"><ele>3329.611579734832</ele></trkpt><trkpt lat="37.742431" lon="-107.845891"><ele>3328.6999459555373</ele></trkpt><trkpt lat="37.742569" lon="-107.84588100000002"><ele>3329.1659797322936</ele></trkpt><trkpt lat="37.742682" lon="-107.84588400000001"><ele>3330.0</ele></trkpt><trkpt lat="37.742795" lon="-107.84585500000003"><ele>3331.0</ele></trkpt><trkpt lat="37.74293" lon="-107.84578699999997"><ele>3330.6773621052357</ele></trkpt><trkpt lat="37.743039" lon="-107.84576199999998"><ele>3330.7117816894315</ele></trkpt><trkpt lat="37.74311" lon="-107.845775"><ele>3330.0338978922323</ele></trkpt><trkpt lat="37.743198" lon="-107.8458"><ele>3329.0</ele></trkpt><trkpt lat="37.743328" lon="-107.84587199999999"><ele>3327.0</ele></trkpt><trkpt lat="37.743427" lon="-107.84590100000003"><ele>3325.9982274701106</ele></trkpt><trkpt lat="37.743546" lon="-107.84591599999999"><ele>3324.5265301457957</ele></trkpt><trkpt lat="37.743673" lon="-107.84589900000003"><ele>3324.0</ele></trkpt><trkpt lat="37.743766" lon="-107.84586200000001"><ele>3324.0</ele></trkpt><trkpt lat="37.743872" lon="-107.84585600000003"><ele>3323.8471891142317</ele></trkpt><trkpt lat="37.743927" lon="-107.84587399999998"><ele>3323.0</ele></trkpt><trkpt lat="37.744063" lon="-107.845866"><ele>3322.8650303995237</ele></trkpt><trkpt lat="37.744156" lon="-107.84585800000002"><ele>3323.237857420929</ele></trkpt><trkpt lat="37.744259" lon="-107.84592399999997"><ele>3322.0</ele></trkpt><trkpt lat="37.744384" lon="-107.84599000000003"><ele>3320.0</ele></trkpt><trkpt lat="37.744469" lon="-107.84596899999997"><ele>3320.0648824903183</ele></trkpt><trkpt lat="37.744564" lon="-107.846"><ele>3318.620177777484</ele></trkpt><trkpt lat="37.744622" lon="-107.84597400000001"><ele>3318.8318655998446</ele></trkpt><trkpt lat="37.744665" lon="-107.84597300000001"><ele>3318.8784689768218</ele></trkpt><trkpt lat="37.744724" lon="-107.84596299999998"><ele>3319.0</ele></trkpt><trkpt lat="37.744801" lon="-107.845911"><ele>3319.767878400162</ele></trkpt><trkpt lat="37.744865" lon="-107.845911"><ele>3318.190760996362</ele></trkpt><trkpt lat="37.744941" lon="-107.84592399999997"><ele>3319.0</ele></trkpt><trkpt lat="37.745002" lon="-107.845913"><ele>3319.0</ele></trkpt><trkpt lat="37.745065" lon="-107.84591999999998"><ele>3319.1877458543267</ele></trkpt><trkpt lat="37.745155" lon="-107.845957"><ele>3319.843070730567</ele></trkpt><trkpt lat="37.745189" lon="-107.84598599999998"><ele>3320.0</ele></trkpt><trkpt lat="37.745247" lon="-107.84601499999997"><ele>3320.0</ele></trkpt><trkpt lat="37.74529" lon="-107.84605399999998"><ele>3320.0</ele></trkpt><trkpt lat="37.745389" lon="-107.84610399999997"><ele>3319.0</ele></trkpt><trkpt lat="37.745458" lon="-107.84612099999998"><ele>3318.994365965612</ele></trkpt><trkpt lat="37.745504" lon="-107.84612700000002"><ele>3319.0</ele></trkpt><trkpt lat="37.745556" lon="-107.84617000000003"><ele>3319.0</ele></trkpt><trkpt lat="37.745608" lon="-107.84619299999997"><ele>3319.5413014348596</ele></trkpt><trkpt lat="37.745664" lon="-107.84624500000001"><ele>3320.0</ele></trkpt><trkpt lat="37.745726" lon="-107.846317"><ele>3319.9228157673206</ele></trkpt><trkpt lat="37.745779" lon="-107.84637900000001"><ele>3319.593154428594</ele></trkpt><trkpt lat="37.745821" lon="-107.846408"><ele>3320.0574673294395</ele></trkpt><trkpt lat="37.74586" lon="-107.84646900000001"><ele>3320.856345673471</ele></trkpt><trkpt lat="37.745892" lon="-107.84655600000002"><ele>3320.790073993865</ele></trkpt><trkpt lat="37.745908" lon="-107.84664399999997"><ele>3320.1350936467393</ele></trkpt><trkpt lat="37.745921" lon="-107.84671700000001"><ele>3319.194074684754</ele></trkpt><trkpt lat="37.745926" lon="-107.84679800000004"><ele>3319.0</ele></trkpt><trkpt lat="37.745905" lon="-107.84688299999999"><ele>3319.0455281361938</ele></trkpt><trkpt lat="37.745885" lon="-107.846926"><ele>3319.0</ele></trkpt><trkpt lat="37.745879" lon="-107.84701100000001"><ele>3319.0</ele></trkpt><trkpt lat="37.745874" lon="-107.84706900000003"><ele>3318.8446088463547</ele></trkpt><trkpt lat="37.745866" lon="-107.847125"><ele>3317.7954099347794</ele></trkpt><trkpt lat="37.745882" lon="-107.84717899999998"><ele>3317.4655949446205</ele></trkpt><trkpt lat="37.745927" lon="-107.84726799999999"><ele>3317.0</ele></trkpt><trkpt lat="37.746002" lon="-107.84734400000002"><ele>3317.0</ele></trkpt><trkpt lat="37.746103" lon="-107.8474"><ele>3315.375448889099</ele></trkpt><trkpt lat="37.746206" lon="-107.84741500000001"><ele>3314.930611257839</ele></trkpt><trkpt lat="37.746325" lon="-107.84745599999997"><ele>3314.0</ele></trkpt><trkpt lat="37.746454" lon="-107.84751399999999"><ele>3314.0</ele></trkpt><trkpt lat="37.746527" lon="-107.847533"><ele>3314.0</ele></trkpt><trkpt lat="37.746602" lon="-107.847599"><ele>3314.213477086818</ele></trkpt><trkpt lat="37.746669" lon="-107.84763800000002"><ele>3315.0</ele></trkpt><trkpt lat="37.746735" lon="-107.84766300000001"><ele>3314.1187605326995</ele></trkpt><trkpt lat="37.746782" lon="-107.84770000000003"><ele>3314.394435554277</ele></trkpt><trkpt lat="37.74688" lon="-107.84777700000001"><ele>3314.41055780798</ele></trkpt><trkpt lat="37.746957" lon="-107.84787299999999"><ele>3315.0</ele></trkpt><trkpt lat="37.74699" lon="-107.84795099999997"><ele>3315.0</ele></trkpt><trkpt lat="37.746963" lon="-107.84799900000002"><ele>3314.0</ele></trkpt><trkpt lat="37.746903" lon="-107.84805900000003"><ele>3310.954602448293</ele></trkpt><trkpt lat="37.746895" lon="-107.84814"><ele>3310.0</ele></trkpt><trkpt lat="37.746894" lon="-107.84815400000002"><ele>3310.0</ele></trkpt><trkpt lat="37.746917" lon="-107.84822700000001"><ele>3310.0</ele></trkpt><trkpt lat="37.746954" lon="-107.848297"><ele>3310.9447235565594</ele></trkpt><trkpt lat="37.746984" lon="-107.848388"><ele>3310.211680303825</ele></trkpt><trkpt lat="37.746967" lon="-107.84843999999998"><ele>3309.092063999269</ele></trkpt><trkpt lat="37.746865" lon="-107.84858099999997"><ele>3312.8737878374486</ele></trkpt><trkpt lat="37.746798" lon="-107.84864500000003"><ele>3313.436857431834</ele></trkpt><trkpt lat="37.746668" lon="-107.848701"><ele>3314.255545600783</ele></trkpt><trkpt lat="37.746463" lon="-107.84878800000001"><ele>3317.310039467644</ele></trkpt><trkpt lat="37.746273" lon="-107.848858"><ele>3321.595743944403</ele></trkpt><trkpt lat="37.746157" lon="-107.848908"><ele>3315.800099161919</ele></trkpt><trkpt lat="37.746033" lon="-107.84898499999997"><ele>3317.7802731661545</ele></trkpt><trkpt lat="37.745866" lon="-107.84906899999999"><ele>3318.5581665541977</ele></trkpt><trkpt lat="37.745681" lon="-107.84912099999997"><ele>3317.6726448745467</ele></trkpt><trkpt lat="37.745605" lon="-107.84912500000002"><ele>3317.0153777790256</ele></trkpt><trkpt lat="37.745551" lon="-107.84909500000003"><ele>3315.6172764459625</ele></trkpt><trkpt lat="37.745484" lon="-107.84911699999998"><ele>3316.6425507548265</ele></trkpt><trkpt lat="37.745361" lon="-107.849106"><ele>3315.115964154189</ele></trkpt><trkpt lat="37.745225" lon="-107.84912199999997"><ele>3312.8441821131855</ele></trkpt><trkpt lat="37.745108" lon="-107.849155"><ele>3310.4436899545694</ele></trkpt><trkpt lat="37.744982" lon="-107.849223"><ele>3310.5825088000856</ele></trkpt><trkpt lat="37.744894" lon="-107.84930800000001"><ele>3310.0</ele></trkpt><trkpt lat="37.744803" lon="-107.84938199999999"><ele>3306.097538502887</ele></trkpt><trkpt lat="37.744749" lon="-107.84942799999999"><ele>3304.9149939920753</ele></trkpt><trkpt lat="37.744637" lon="-107.84948099999997"><ele>3303.0</ele></trkpt><trkpt lat="37.744568" lon="-107.84961800000002"><ele>3303.0</ele></trkpt><trkpt lat="37.74451" lon="-107.84968400000002"><ele>3301.8406944518533</ele></trkpt><trkpt lat="37.744455" lon="-107.849759"><ele>3300.587847949937</ele></trkpt><trkpt lat="37.744404" lon="-107.84989999999999"><ele>3299.504705429723</ele></trkpt><trkpt lat="37.74437" lon="-107.849985"><ele>3299.0</ele></trkpt><trkpt lat="37.744361" lon="-107.850121"><ele>3299.0</ele></trkpt><trkpt lat="37.744303" lon="-107.85027200000002"><ele>3300.099074655678</ele></trkpt><trkpt lat="37.744205" lon="-107.850391"><ele>3300.0152540449053</ele></trkpt><trkpt lat="37.744062" lon="-107.85044900000003"><ele>3299.3060880948237</ele></trkpt><trkpt lat="37.743985" lon="-107.850507"><ele>3299.421245866455</ele></trkpt><trkpt lat="37.743875" lon="-107.850573"><ele>3300.497068800498</ele></trkpt><trkpt lat="37.743737" lon="-107.85058900000001"><ele>3299.4488400097853</ele></trkpt><trkpt lat="37.7436" lon="-107.850596"><ele>3299.5689464886673</ele></trkpt><trkpt lat="37.743438" lon="-107.85064699999998"><ele>3299.0</ele></trkpt><trkpt lat="37.743251" lon="-107.85075899999998"><ele>3300.0</ele></trkpt><trkpt lat="37.743052" lon="-107.85078599999997"><ele>3300.423588265199</ele></trkpt><trkpt lat="37.742912" lon="-107.85077799999999"><ele>3300.0838031424437</ele></trkpt><trkpt lat="37.742728" lon="-107.85081300000002"><ele>3300.6818794677965</ele></trkpt><trkpt lat="37.742538" lon="-107.85094500000002"><ele>3302.934986801829</ele></trkpt><trkpt lat="37.742413" lon="-107.85101800000001"><ele>3304.6566695343845</ele></trkpt><trkpt lat="37.742009" lon="-107.851134"><ele>3301.641563733574</ele></trkpt><trkpt lat="37.741697" lon="-107.85124200000001"><ele>3303.0</ele></trkpt><trkpt lat="37.74146" lon="-107.85122100000001"><ele>3303.0</ele></trkpt><trkpt lat="37.741199" lon="-107.85147799999999"><ele>3312.6731256884523</ele></trkpt><trkpt lat="37.740832" lon="-107.85161800000003"><ele>3319.1975985798053</ele></trkpt><trkpt lat="37.740287" lon="-107.85195499999998"><ele>3330.9029368879274</ele></trkpt><trkpt lat="37.740074" lon="-107.85198400000002"><ele>3332.0</ele></trkpt><trkpt lat="37.739908" lon="-107.85206299999999"><ele>3334.9361016885377</ele></trkpt><trkpt lat="37.739819" lon="-107.85207700000001"><ele>3335.588548978325</ele></trkpt><trkpt lat="37.739769" lon="-107.85212100000001"><ele>3336.6390976007096</ele></trkpt><trkpt lat="37.739689" lon="-107.85216400000002"><ele>3338.4559740596633</ele></trkpt><trkpt lat="37.739548" lon="-107.85216700000001"><ele>3338.7828529784456</ele></trkpt><trkpt lat="37.739418" lon="-107.852216"><ele>3340.0664184889756</ele></trkpt><trkpt lat="37.739189" lon="-107.85224399999998"><ele>3341.371313065756</ele></trkpt><trkpt lat="37.739076" lon="-107.85226599999999"><ele>3341.396587377414</ele></trkpt><trkpt lat="37.73883" lon="-107.85234200000002"><ele>3346.8768881801516</ele></trkpt><trkpt lat="37.738674" lon="-107.85236399999997"><ele>3348.9675802257434</ele></trkpt><trkpt lat="37.738659" lon="-107.85236399999997"><ele>3348.9996519702436</ele></trkpt><trkpt lat="37.738129" lon="-107.85234200000002"><ele>3355.1484674350095</ele></trkpt><trkpt lat="37.73761" lon="-107.85231499999998"><ele>3355.490395481533</ele></trkpt><trkpt lat="37.736498" lon="-107.852329"><ele>3354.8912758571864</ele></trkpt><trkpt lat="37.736359" lon="-107.85235"><ele>3357.6225422220305</ele></trkpt><trkpt lat="37.736135" lon="-107.85233099999999"><ele>3357.851613865234</ele></trkpt><trkpt lat="37.73571" lon="-107.85231599999997"><ele>3361.453512530774</ele></trkpt><trkpt lat="37.73557" lon="-107.85231199999998"><ele>3363.5403427546844</ele></trkpt><trkpt lat="37.735453" lon="-107.85226899999998"><ele>3362.536397510674</ele></trkpt><trkpt lat="37.735186" lon="-107.85217599999999"><ele>3359.7235540643096</ele></trkpt><trkpt lat="37.734898" lon="-107.85204399999998"><ele>3356.0506375101395</ele></trkpt><trkpt lat="37.734678" lon="-107.85195899999997"><ele>3356.0</ele></trkpt><trkpt lat="37.734274" lon="-107.85186699999997"><ele>3359.0</ele></trkpt><trkpt lat="37.734005" lon="-107.851924"><ele>3362.0</ele></trkpt><trkpt lat="37.733917" lon="-107.85196300000001"><ele>3363.0</ele></trkpt><trkpt lat="37.733729" lon="-107.85211600000002"><ele>3368.4060807125643</ele></trkpt><trkpt lat="37.733683" lon="-107.85215199999999"><ele>3370.0</ele></trkpt><trkpt lat="37.733617" lon="-107.85222599999997"><ele>3372.532452265732</ele></trkpt><trkpt lat="37.733527" lon="-107.85229900000002"><ele>3374.0</ele></trkpt><trkpt lat="37.73342" lon="-107.852329"><ele>3375.332600178197</ele></trkpt><trkpt lat="37.733301" lon="-107.85233199999999"><ele>3374.472410310991</ele></trkpt><trkpt lat="37.733219" lon="-107.85234200000002"><ele>3373.409136353249</ele></trkpt><trkpt lat="37.733085" lon="-107.85239200000001"><ele>3375.0</ele></trkpt><trkpt lat="37.733002" lon="-107.852463"><ele>3377.0</ele></trkpt><trkpt lat="37.732965" lon="-107.85249299999998"><ele>3377.9755541323684</ele></trkpt><trkpt lat="37.73282" lon="-107.85256400000003"><ele>3380.2843939573504</ele></trkpt><trkpt lat="37.732727" lon="-107.852578"><ele>3380.9368412443437</ele></trkpt><trkpt lat="37.732626" lon="-107.85257000000001"><ele>3380.286228698281</ele></trkpt><trkpt lat="37.732515" lon="-107.85260299999999"><ele>3381.0</ele></trkpt><trkpt lat="37.732414" lon="-107.852641"><ele>3382.0</ele></trkpt><trkpt lat="37.732312" lon="-107.852663"><ele>3383.8981283558533</ele></trkpt><trkpt lat="37.732152" lon="-107.85270700000001"><ele>3385.9486769787036</ele></trkpt><trkpt lat="37.732009" lon="-107.85270700000001"><ele>3385.9486769787036</ele></trkpt><trkpt lat="37.731862" lon="-107.85273899999999"><ele>3386.4399850666523</ele></trkpt><trkpt lat="37.731661" lon="-107.85280799999998"><ele>3387.6556181325577</ele></trkpt><trkpt lat="37.731042" lon="-107.853117"><ele>3393.0560618662275</ele></trkpt><trkpt lat="37.730774" lon="-107.85341"><ele>3396.073154659476</ele></trkpt><trkpt lat="37.730248" lon="-107.85384199999999"><ele>3407.843510754872</ele></trkpt><trkpt lat="37.730026" lon="-107.85398399999997"><ele>3409.7479181792587</ele></trkpt><trkpt lat="37.729907" lon="-107.85404399999999"><ele>3409.532138543669</ele></trkpt><trkpt lat="37.729797" lon="-107.85409600000003"><ele>3410.4738599034026</ele></trkpt><trkpt lat="37.7296" lon="-107.85414500000002"><ele>3409.9643342229538</ele></trkpt><trkpt lat="37.729466" lon="-107.85420499999998"><ele>3409.219994628523</ele></trkpt><trkpt lat="37.729347" lon="-107.85424"><ele>3408.560369225007</ele></trkpt><trkpt lat="37.729235" lon="-107.854308"><ele>3408.5606848006137</ele></trkpt><trkpt lat="37.729114" lon="-107.85436300000003"><ele>3406.727970437998</ele></trkpt><trkpt lat="37.728953" lon="-107.85443700000002"><ele>3408.0</ele></trkpt><trkpt lat="37.728666" lon="-107.854535"><ele>3407.0</ele></trkpt><trkpt lat="37.728399" lon="-107.854806"><ele>3406.0</ele></trkpt><trkpt lat="37.728098" lon="-107.85528499999998"><ele>3403.9707052355825</ele></trkpt><trkpt lat="37.728467" lon="-107.85630500000002"><ele>3409.7971301688813</ele></trkpt><trkpt lat="37.728553" lon="-107.85657700000002"><ele>3408.4921437315643</ele></trkpt><trkpt lat="37.728602" lon="-107.856806"><ele>3404.37937640585</ele></trkpt><trkpt lat="37.728759" lon="-107.85708"><ele>3406.885070452001</ele></trkpt><trkpt lat="37.72881" lon="-107.857282"><ele>3405.8408696888946</ele></trkpt><trkpt lat="37.72888" lon="-107.857373"><ele>3405.3600010708906</ele></trkpt><trkpt lat="37.728961" lon="-107.85755799999998"><ele>3404.532833246514</ele></trkpt><trkpt lat="37.728995" lon="-107.857734"><ele>3405.1762782210803</ele></trkpt><trkpt lat="37.729028" lon="-107.85789399999999"><ele>3406.4807042330503</ele></trkpt><trkpt lat="37.729042" lon="-107.858048"><ele>3406.305632950738</ele></trkpt><trkpt lat="37.729057" lon="-107.85821799999997"><ele>3406.189485322684</ele></trkpt><trkpt lat="37.729082" lon="-107.85841299999998"><ele>3406.662573002279</ele></trkpt><trkpt lat="37.729103" lon="-107.858611"><ele>3406.899967039004</ele></trkpt><trkpt lat="37.7291" lon="-107.85870399999999"><ele>3406.7231964413077</ele></trkpt><trkpt lat="37.729097" lon="-107.858832"><ele>3407.2154917045787</ele></trkpt><trkpt lat="37.729109" lon="-107.85894000000002"><ele>3408.0</ele></trkpt><trkpt lat="37.729134" lon="-107.85902499999997"><ele>3408.7265969738364</ele></trkpt><trkpt lat="37.729158" lon="-107.85913199999999"><ele>3409.1407626084983</ele></trkpt><trkpt lat="37.729168" lon="-107.85922900000003"><ele>3408.7299984246492</ele></trkpt><trkpt lat="37.729162" lon="-107.85933399999999"><ele>3406.5871954127215</ele></trkpt><trkpt lat="37.729173" lon="-107.85940800000003"><ele>3406.0433762100993</ele></trkpt><trkpt lat="37.7292" lon="-107.85950100000002"><ele>3406.6155535709113</ele></trkpt><trkpt lat="37.729235" lon="-107.85963800000002"><ele>3406.6778804492205</ele></trkpt><trkpt lat="37.729262" lon="-107.85976599999998"><ele>3407.268818989396</ele></trkpt><trkpt lat="37.7293" lon="-107.85990500000003"><ele>3407.5079186595976</ele></trkpt><trkpt lat="37.729327" lon="-107.86001099999999"><ele>3407.792697369942</ele></trkpt><trkpt lat="37.729341" lon="-107.86014799999998"><ele>3406.923790646717</ele></trkpt><trkpt lat="37.72937" lon="-107.86028899999997"><ele>3406.6325789559633</ele></trkpt><trkpt lat="37.729406" lon="-107.86040000000003"><ele>3406.7538343407214</ele></trkpt><trkpt lat="37.729422" lon="-107.86048299999999"><ele>3406.462174287808</ele></trkpt><trkpt lat="37.729453" lon="-107.86056000000002"><ele>3406.559007425329</ele></trkpt><trkpt lat="37.729482" lon="-107.860659"><ele>3406.693306471687</ele></trkpt><trkpt lat="37.729523" lon="-107.86076700000001"><ele>3406.647921461612</ele></trkpt><trkpt lat="37.729584" lon="-107.86094100000003"><ele>3406.242278898135</ele></trkpt><trkpt lat="37.729615" lon="-107.86108200000001"><ele>3405.7653997951606</ele></trkpt><trkpt lat="37.729647" lon="-107.86120599999998"><ele>3404.923702512402</ele></trkpt><trkpt lat="37.729688" lon="-107.861289"><ele>3405.3703705314547</ele></trkpt><trkpt lat="37.729734" lon="-107.86140499999999"><ele>3405.776018457487</ele></trkpt><trkpt lat="37.729759" lon="-107.86150800000001"><ele>3406.0</ele></trkpt><trkpt lat="37.72977" lon="-107.86160799999999"><ele>3405.20214115642</ele></trkpt><trkpt lat="37.72978" lon="-107.86176899999998"><ele>3403.7913818415254</ele></trkpt><trkpt lat="37.729794" lon="-107.86188500000003"><ele>3400.9418407115154</ele></trkpt><trkpt lat="37.729814" lon="-107.862009"><ele>3401.2480978365056</ele></trkpt><trkpt lat="37.729818" lon="-107.86213199999997"><ele>3405.03049717471</ele></trkpt><trkpt lat="37.729826" lon="-107.862233"><ele>3406.0</ele></trkpt><trkpt lat="37.729832" lon="-107.86234100000001"><ele>3405.7216223726286</ele></trkpt><trkpt lat="37.729852" lon="-107.86244399999998"><ele>3406.0</ele></trkpt><trkpt lat="37.729861" lon="-107.86247100000003"><ele>3406.0</ele></trkpt><trkpt lat="37.729864" lon="-107.86253499999998"><ele>3405.741006746888</ele></trkpt><trkpt lat="37.729872" lon="-107.86260400000003"><ele>3404.212399886921</ele></trkpt><trkpt lat="37.729883" lon="-107.86266999999998"><ele>3403.860565541312</ele></trkpt><trkpt lat="37.729884" lon="-107.86271299999999"><ele>3402.978900260482</ele></trkpt><trkpt lat="37.729889" lon="-107.86275499999999"><ele>3402.9946935921907</ele></trkpt><trkpt lat="37.729907" lon="-107.862796"><ele>3403.2747454773635</ele></trkpt><trkpt lat="37.729907" lon="-107.86283200000003"><ele>3402.4668684983626</ele></trkpt><trkpt lat="37.7299" lon="-107.86287700000003"><ele>3402.0</ele></trkpt><trkpt lat="37.729906" lon="-107.86295000000001"><ele>3402.0</ele></trkpt><trkpt lat="37.729918" lon="-107.86302"><ele>3402.0</ele></trkpt><trkpt lat="37.729973" lon="-107.86310700000001"><ele>3404.1637426707894</ele></trkpt><trkpt lat="37.729997" lon="-107.86319800000001"><ele>3404.57792433165</ele></trkpt><trkpt lat="37.730007" lon="-107.86327699999998"><ele>3404.1671668216586</ele></trkpt><trkpt lat="37.730002" lon="-107.86334299999999"><ele>3403.87254556641</ele></trkpt><trkpt lat="37.730007" lon="-107.86339099999998"><ele>3404.1671668216586</ele></trkpt><trkpt lat="37.730007" lon="-107.863449"><ele>3404.1671668216586</ele></trkpt><trkpt lat="37.729997" lon="-107.863515"><ele>3403.57792433165</ele></trkpt><trkpt lat="37.730005" lon="-107.86357900000002"><ele>3404.0493183191866</ele></trkpt><trkpt lat="37.730008" lon="-107.863631"><ele>3403.2260910775512</ele></trkpt><trkpt lat="37.730016" lon="-107.86370999999997"><ele>3403.9170028281665</ele></trkpt><trkpt lat="37.730016" lon="-107.86375900000002"><ele>3404.0</ele></trkpt><trkpt lat="37.730005" lon="-107.863811"><ele>3404.0</ele></trkpt><trkpt lat="37.730008" lon="-107.863854"><ele>3404.0</ele></trkpt><trkpt lat="37.730019" lon="-107.86391200000003"><ele>3404.0</ele></trkpt><trkpt lat="37.730051" lon="-107.86400100000003"><ele>3405.0</ele></trkpt><trkpt lat="37.73008" lon="-107.864078"><ele>3406.0</ele></trkpt><trkpt lat="37.730095" lon="-107.864148"><ele>3407.048618129804</ele></trkpt><trkpt lat="37.730097" lon="-107.86420800000002"><ele>3407.9651093879547</ele></trkpt><trkpt lat="37.730095" lon="-107.86425600000001"><ele>3407.889221926826</ele></trkpt><trkpt lat="37.730088" lon="-107.86430000000001"><ele>3407.9400339443237</ele></trkpt><trkpt lat="37.730083" lon="-107.86435799999998"><ele>3407.973275249805</ele></trkpt><trkpt lat="37.730069" lon="-107.86440299999998"><ele>3408.0</ele></trkpt><trkpt lat="37.730048" lon="-107.86444699999998"><ele>3407.613219879294</ele></trkpt><trkpt lat="37.73004" lon="-107.864484"><ele>3408.0</ele></trkpt><trkpt lat="37.730043" lon="-107.86453399999999"><ele>3408.0</ele></trkpt><trkpt lat="37.730046" lon="-107.86458299999998"><ele>3408.0</ele></trkpt><trkpt lat="37.730042" lon="-107.864621"><ele>3408.0</ele></trkpt><trkpt lat="37.730049" lon="-107.86467700000003"><ele>3408.0</ele></trkpt><trkpt lat="37.730057" lon="-107.86471"><ele>3408.076075983219</ele></trkpt><trkpt lat="37.730059" lon="-107.86474099999998"><ele>3408.0</ele></trkpt><trkpt lat="37.730056" lon="-107.86476099999999"><ele>3407.3326420672856</ele></trkpt><trkpt lat="37.730037" lon="-107.86479700000001"><ele>3407.0</ele></trkpt><trkpt lat="37.729996" lon="-107.86481700000002"><ele>3406.163787016894</ele></trkpt><trkpt lat="37.729973" lon="-107.86482799999999"><ele>3406.0</ele></trkpt><trkpt lat="37.729962" lon="-107.86486100000002"><ele>3406.5155762322247</ele></trkpt><trkpt lat="37.729967" lon="-107.86490200000003"><ele>3406.8101973310113</ele></trkpt><trkpt lat="37.729967" lon="-107.86492900000002"><ele>3406.8101973310113</ele></trkpt><trkpt lat="37.729948" lon="-107.86496599999998"><ele>3406.690637268126</ele></trkpt><trkpt lat="37.729921" lon="-107.86500000000001"><ele>3406.084133286631</ele></trkpt><trkpt lat="37.729909" lon="-107.86504100000002"><ele>3406.85102664491</ele></trkpt><trkpt lat="37.729912" lon="-107.865072"><ele>3407.0</ele></trkpt><trkpt lat="37.729932" lon="-107.86510900000002"><ele>3407.7478500679135</ele></trkpt><trkpt lat="37.729958" lon="-107.865182"><ele>3407.7653740731394</ele></trkpt><trkpt lat="37.72996" lon="-107.86524300000002"><ele>3407.397727800533</ele></trkpt><trkpt lat="37.729972" lon="-107.86537800000002"><ele>3406.588147735425</ele></trkpt><trkpt lat="37.729979" lon="-107.86546099999998"><ele>3406.0</ele></trkpt><trkpt lat="37.729973" lon="-107.86555399999997"><ele>3406.1637426707894</ele></trkpt><trkpt lat="37.72996" lon="-107.86560800000001"><ele>3405.397727800533</ele></trkpt><trkpt lat="37.729936" lon="-107.86569600000001"><ele>3404.983546851203</ele></trkpt><trkpt lat="37.729984" lon="-107.86602099999999"><ele>3405.0</ele></trkpt><trkpt lat="37.729944" lon="-107.866085"><ele>3405.4086648887023</ele></trkpt><trkpt lat="37.729759" lon="-107.86604999999997"><ele>3409.346804090695</ele></trkpt><trkpt lat="37.729806" lon="-107.86631599999998"><ele>3414.0</ele></trkpt><trkpt lat="37.729521" lon="-107.86597699999999"><ele>3416.0</ele></trkpt><trkpt lat="37.729328" lon="-107.86582599999997"><ele>3418.895609652256</ele></trkpt><trkpt lat="37.729214" lon="-107.86559199999999"><ele>3419.0</ele></trkpt><trkpt lat="37.72911" lon="-107.86533600000001"><ele>3418.8446385827183</ele></trkpt><trkpt lat="37.729004" lon="-107.86517800000001"><ele>3421.072860164568</ele></trkpt><trkpt lat="37.7289" lon="-107.86499000000003"><ele>3423.061493948102</ele></trkpt><trkpt lat="37.728697" lon="-107.86464699999999"><ele>3427.0</ele></trkpt><trkpt lat="37.728492" lon="-107.86435599999999"><ele>3429.1021636594087</ele></trkpt><trkpt lat="37.728327" lon="-107.86420199999998"><ele>3432.5396100003104</ele></trkpt><trkpt lat="37.728203" lon="-107.86406399999998"><ele>3434.0292199498995</ele></trkpt><trkpt lat="37.728127" lon="-107.86397799999997"><ele>3434.6090230941772</ele></trkpt><trkpt lat="37.728018" lon="-107.86388199999999"><ele>3435.0234281836565</ele></trkpt><trkpt lat="37.727887" lon="-107.86385000000001"><ele>3437.812875291853</ele></trkpt><trkpt lat="37.727752" lon="-107.863743"><ele>3438.263554133475</ele></trkpt><trkpt lat="37.727507" lon="-107.86382100000003"><ele>3440.0</ele></trkpt><trkpt lat="37.727352" lon="-107.86409300000003"><ele>3435.308774958924</ele></trkpt><trkpt lat="37.727203" lon="-107.86397499999998"><ele>3434.004027012274</ele></trkpt><trkpt lat="37.727076" lon="-107.86383999999998"><ele>3433.899900665914</ele></trkpt><trkpt lat="37.726942" lon="-107.86373500000002"><ele>3434.0</ele></trkpt><trkpt lat="37.726846" lon="-107.86365"><ele>3434.935679088898</ele></trkpt><trkpt lat="37.726615" lon="-107.863606"><ele>3437.0</ele></trkpt><trkpt lat="37.726379" lon="-107.86367999999999"><ele>3439.1294484527357</ele></trkpt><trkpt lat="37.726111" lon="-107.86352299999999"><ele>3439.4064961359836</ele></trkpt><trkpt lat="37.726043" lon="-107.86345399999999"><ele>3440.8775823102555</ele></trkpt><trkpt lat="37.726082" lon="-107.86339299999997"><ele>3438.099425939992</ele></trkpt><trkpt lat="37.725999" lon="-107.863069"><ele>3435.0</ele></trkpt><trkpt lat="37.725915" lon="-107.86274400000002"><ele>3429.983642971723</ele></trkpt><trkpt lat="37.725832" lon="-107.86241999999999"><ele>3424.506874318593</ele></trkpt><trkpt lat="37.725752" lon="-107.86211100000003"><ele>3419.0</ele></trkpt><trkpt lat="37.725831" lon="-107.862437"><ele>3424.936097470514</ele></trkpt><trkpt lat="37.725909" lon="-107.86276399999997"><ele>3430.746377572799</ele></trkpt><trkpt lat="37.725988" lon="-107.86309"><ele>3435.296878623152</ele></trkpt><trkpt lat="37.726056" lon="-107.86337100000003"><ele>3438.636347349733</ele></trkpt><trkpt lat="37.726019" lon="-107.86343"><ele>3441.0</ele></trkpt><trkpt lat="37.725964" lon="-107.86337400000002"><ele>3441.1239938056096</ele></trkpt><trkpt lat="37.72589" lon="-107.86329899999998"><ele>3442.2385174200554</ele></trkpt><trkpt lat="37.72563" lon="-107.86301800000001"><ele>3444.350731440311</ele></trkpt><trkpt lat="37.725405" lon="-107.86275699999999"><ele>3445.993821160868</ele></trkpt><trkpt lat="37.725303" lon="-107.862639"><ele>3447.0030238097875</ele></trkpt><trkpt lat="37.725016" lon="-107.86244999999997"><ele>3453.9143351106914</ele></trkpt><trkpt lat="37.724768" lon="-107.86217499999998"><ele>3454.715534486808</ele></trkpt><trkpt lat="37.724307" lon="-107.86194699999999"><ele>3461.8639989578346</ele></trkpt><trkpt lat="37.724104" lon="-107.861851"><ele>3464.6804295286756</ele></trkpt><trkpt lat="37.723811" lon="-107.86179400000003"><ele>3468.433570845984</ele></trkpt><trkpt lat="37.72343" lon="-107.86158899999998"><ele>3469.9231748351854</ele></trkpt><trkpt lat="37.722848" lon="-107.86177399999997"><ele>3479.1749375393056</ele></trkpt><trkpt lat="37.72274" lon="-107.86224199999998"><ele>3475.297510800883</ele></trkpt><trkpt lat="37.72266" lon="-107.86254300000002"><ele>3476.272151514888</ele></trkpt><trkpt lat="37.722584" lon="-107.86287900000002"><ele>3477.7943547926843</ele></trkpt><trkpt lat="37.722488" lon="-107.863135"><ele>3480.0767509123502</ele></trkpt><trkpt lat="37.722362" lon="-107.86346800000001"><ele>3481.3198287756227</ele></trkpt><trkpt lat="37.722332" lon="-107.86355400000002"><ele>3483.971118607499</ele></trkpt><trkpt lat="37.722296" lon="-107.863718"><ele>3485.0</ele></trkpt><trkpt lat="37.722279" lon="-107.863788"><ele>3485.0</ele></trkpt><trkpt lat="37.72225" lon="-107.86382600000002"><ele>3485.0</ele></trkpt><trkpt lat="37.722238" lon="-107.86384099999998"><ele>3484.408654095605</ele></trkpt><trkpt lat="37.722217" lon="-107.863903"><ele>3484.0</ele></trkpt><trkpt lat="37.722169" lon="-107.86402699999996"><ele>3483.0</ele></trkpt><trkpt lat="37.722148" lon="-107.864149"><ele>3482.106030791998</ele></trkpt><trkpt lat="37.722129" lon="-107.86425199999996"><ele>3482.971467884126</ele></trkpt><trkpt lat="37.7221" lon="-107.86429499999997"><ele>3482.0</ele></trkpt><trkpt lat="37.722056" lon="-107.86440800000003"><ele>3481.0</ele></trkpt><trkpt lat="37.722002" lon="-107.86462"><ele>3481.504011137411</ele></trkpt><trkpt lat="37.721899" lon="-107.86483399999997"><ele>3481.4963513895573</ele></trkpt><trkpt lat="37.721688" lon="-107.86502999999999"><ele>3485.2421013326384</ele></trkpt><trkpt lat="37.721501" lon="-107.865117"><ele>3484.990328664893</ele></trkpt><trkpt lat="37.721279" lon="-107.86512800000003"><ele>3487.809232356958</ele></trkpt><trkpt lat="37.721152" lon="-107.86509899999999"><ele>3488.263610887102</ele></trkpt><trkpt lat="37.721097" lon="-107.86506500000002"><ele>3488.976716628233</ele></trkpt><trkpt lat="37.721032" lon="-107.865073"><ele>3490.733072524879</ele></trkpt><trkpt lat="37.720871" lon="-107.86508000000003"><ele>3494.6285628157416</ele></trkpt><trkpt lat="37.720622" lon="-107.865046"><ele>3498.7920933843516</ele></trkpt><trkpt lat="37.72031" lon="-107.86505699999998"><ele>3500.0920278836065</ele></trkpt><trkpt lat="37.720114" lon="-107.86508600000002"><ele>3504.8518904903904</ele></trkpt><trkpt lat="37.71994" lon="-107.86518899999999"><ele>3506.6520383995958</ele></trkpt><trkpt lat="37.719842" lon="-107.865271"><ele>3506.0</ele></trkpt><trkpt lat="37.719671" lon="-107.86534499999999"><ele>3504.9352868995898</ele></trkpt><trkpt lat="37.719567" lon="-107.86538200000001"><ele>3504.6464903121814</ele></trkpt><trkpt lat="37.71944" lon="-107.865319"><ele>3505.3133201177707</ele></trkpt><trkpt lat="37.719318" lon="-107.86521800000003"><ele>3506.6300397295245</ele></trkpt><trkpt lat="37.719368" lon="-107.86508400000002"><ele>3504.5181341616117</ele></trkpt><trkpt lat="37.719341" lon="-107.86515600000001"><ele>3506.0</ele></trkpt><trkpt lat="37.719368" lon="-107.86508400000002"><ele>3504.5181341616117</ele></trkpt><trkpt lat="37.719318" lon="-107.86521800000003"><ele>3506.6300397295245</ele></trkpt><trkpt lat="37.719185" lon="-107.86512800000003"><ele>3508.3759001617886</ele></trkpt><trkpt lat="37.719096" lon="-107.86509799999999"><ele>3509.0</ele></trkpt><trkpt lat="37.718975" lon="-107.86510499999997"><ele>3509.6170053074648</ele></trkpt><trkpt lat="37.718869" lon="-107.86505699999998"><ele>3510.5412696100298</ele></trkpt><trkpt lat="37.718824" lon="-107.864956"><ele>3511.0</ele></trkpt><trkpt lat="37.718726" lon="-107.86479800000001"><ele>3511.5067114569247</ele></trkpt><trkpt lat="37.718525" lon="-107.86469699999998"><ele>3515.252147446824</ele></trkpt><trkpt lat="37.718395" lon="-107.86461500000001"><ele>3515.901699556038</ele></trkpt><trkpt lat="37.718211" lon="-107.864574"><ele>3516.0</ele></trkpt><trkpt lat="37.718046" lon="-107.86450300000001"><ele>3517.0</ele></trkpt><trkpt lat="37.717868" lon="-107.864394"><ele>3519.0</ele></trkpt><trkpt lat="37.717682" lon="-107.86433099999999"><ele>3523.0</ele></trkpt><trkpt lat="37.717504" lon="-107.86436100000003"><ele>3525.5005889460444</ele></trkpt><trkpt lat="37.717326" lon="-107.864304"><ele>3529.992495883837</ele></trkpt><trkpt lat="37.717214" lon="-107.86429699999997"><ele>3532.047925531296</ele></trkpt><trkpt lat="37.716953" lon="-107.86420299999997"><ele>3533.9887173168213</ele></trkpt><trkpt lat="37.716777" lon="-107.86425300000002"><ele>3540.0312768011354</ele></trkpt><trkpt lat="37.716683" lon="-107.86427400000002"><ele>3541.009947734885</ele></trkpt><trkpt lat="37.716551" lon="-107.86432300000001"><ele>3541.397545241438</ele></trkpt><trkpt lat="37.716469" lon="-107.86439200000001"><ele>3540.7661223262144</ele></trkpt><trkpt lat="37.716284" lon="-107.86467500000003"><ele>3541.4358732502765</ele></trkpt><trkpt lat="37.716219" lon="-107.86477100000002"><ele>3540.967008973472</ele></trkpt><trkpt lat="37.716088" lon="-107.864892"><ele>3541.0628793677633</ele></trkpt><trkpt lat="37.715966" lon="-107.86508100000003"><ele>3541.958131994914</ele></trkpt><trkpt lat="37.715899" lon="-107.86519900000002"><ele>3542.111338733924</ele></trkpt><trkpt lat="37.715859" lon="-107.86527999999998"><ele>3542.5864511802793</ele></trkpt><trkpt lat="37.715818" lon="-107.86542600000001"><ele>3542.8680578065105</ele></trkpt><trkpt lat="37.715787" lon="-107.86552699999999"><ele>3542.3447172846645</ele></trkpt><trkpt lat="37.715784" lon="-107.86560199999997"><ele>3542.167978461832</ele></trkpt><trkpt lat="37.71576" lon="-107.86567600000001"><ele>3541.839623745114</ele></trkpt><trkpt lat="37.715762" lon="-107.86576600000001"><ele>3542.0</ele></trkpt><trkpt lat="37.715759" lon="-107.865858"><ele>3542.695155216381</ele></trkpt><trkpt lat="37.715741" lon="-107.86593099999999"><ele>3542.487629138956</ele></trkpt><trkpt lat="37.715751" lon="-107.866019"><ele>3542.1493445851265</ele></trkpt><trkpt lat="37.715784" lon="-107.86621100000002"><ele>3542.120828505104</ele></trkpt><trkpt lat="37.715781" lon="-107.86624499999999"><ele>3541.9912396464497</ele></trkpt><trkpt lat="37.715794" lon="-107.86633699999999"><ele>3541.0</ele></trkpt><trkpt lat="37.715825" lon="-107.86653100000001"><ele>3541.583409661427</ele></trkpt><trkpt lat="37.71583" lon="-107.86663599999997"><ele>3542.0</ele></trkpt><trkpt lat="37.715812" lon="-107.86672599999997"><ele>3542.8688905067306</ele></trkpt><trkpt lat="37.71578" lon="-107.86682100000002"><ele>3542.9323267098516</ele></trkpt><trkpt lat="37.715774" lon="-107.86691100000002"><ele>3543.522732540457</ele></trkpt><trkpt lat="37.71575" lon="-107.86701"><ele>3544.0</ele></trkpt><trkpt lat="37.715734" lon="-107.86710399999998"><ele>3544.0</ele></trkpt><trkpt lat="37.715741" lon="-107.86720500000001"><ele>3544.0</ele></trkpt><trkpt lat="37.715738" lon="-107.867257"><ele>3543.45798407495</ele></trkpt><trkpt lat="37.715746" lon="-107.86734200000001"><ele>3543.929287325591</ele></trkpt><trkpt lat="37.715751" lon="-107.86741799999999"><ele>3544.6359612823444</ele></trkpt><trkpt lat="37.71575" lon="-107.86748399999999"><ele>3545.1000833832427</ele></trkpt><trkpt lat="37.715747" lon="-107.867547"><ele>3545.988200236112</ele></trkpt><trkpt lat="37.715756" lon="-107.867613"><ele>3546.8163366235563</ele></trkpt><trkpt lat="37.715741" lon="-107.86765600000001"><ele>3547.395160241008</ele></trkpt><trkpt lat="37.715725" lon="-107.86773299999999"><ele>3548.0</ele></trkpt><trkpt lat="37.715706" lon="-107.86781100000002"><ele>3549.4846191315087</ele></trkpt><trkpt lat="37.71567" lon="-107.86792500000001"><ele>3550.45190849714</ele></trkpt><trkpt lat="37.715632" lon="-107.86797999999999"><ele>3549.9352865843102</ele></trkpt><trkpt lat="37.715589" lon="-107.868068"><ele>3549.9434069203126</ele></trkpt><trkpt lat="37.715547" lon="-107.86812600000002"><ele>3549.731793006882</ele></trkpt><trkpt lat="37.715454" lon="-107.86827"><ele>3551.791523890314</ele></trkpt><trkpt lat="37.715399" lon="-107.86838699999998"><ele>3552.3355484556164</ele></trkpt><trkpt lat="37.715324" lon="-107.86847399999999"><ele>3551.812244707253</ele></trkpt><trkpt lat="37.715245" lon="-107.86857700000002"><ele>3551.958301755134</ele></trkpt><trkpt lat="37.715168" lon="-107.86868700000002"><ele>3552.9597402148656</ele></trkpt><trkpt lat="37.715136" lon="-107.86879199999998"><ele>3553.992560448125</ele></trkpt><trkpt lat="37.715103" lon="-107.86894899999999"><ele>3554.8865171509747</ele></trkpt><trkpt lat="37.715048" lon="-107.86909300000002"><ele>3554.8082701712847</ele></trkpt><trkpt lat="37.714961" lon="-107.86927100000003"><ele>3555.6057489150367</ele></trkpt><trkpt lat="37.714899" lon="-107.869417"><ele>3555.030338173732</ele></trkpt><trkpt lat="37.714844" lon="-107.86951899999997"><ele>3555.0</ele></trkpt><trkpt lat="37.714794" lon="-107.86961300000002"><ele>3554.0</ele></trkpt><trkpt lat="37.714782" lon="-107.86972500000002"><ele>3555.0</ele></trkpt><trkpt lat="37.71476" lon="-107.86985300000003"><ele>3555.008577327518</ele></trkpt><trkpt lat="37.714755" lon="-107.87001299999997"><ele>3557.0</ele></trkpt><trkpt lat="37.714776" lon="-107.87021400000003"><ele>3559.0</ele></trkpt><trkpt lat="37.714772" lon="-107.87037800000002"><ele>3559.0</ele></trkpt><trkpt lat="37.714788" lon="-107.87049999999999"><ele>3559.0</ele></trkpt><trkpt lat="37.714819" lon="-107.870678"><ele>3559.0</ele></trkpt><trkpt lat="37.714857" lon="-107.87087200000002"><ele>3559.0</ele></trkpt><trkpt lat="37.714906" lon="-107.87111400000003"><ele>3558.566967597855</ele></trkpt><trkpt lat="37.71492" lon="-107.87122"><ele>3557.474786973358</ele></trkpt><trkpt lat="37.714973" lon="-107.87138900000002"><ele>3557.0</ele></trkpt><trkpt lat="37.715011" lon="-107.87151799999998"><ele>3556.248378294587</ele></trkpt><trkpt lat="37.715045" lon="-107.871647"><ele>3555.2420968992487</ele></trkpt><trkpt lat="37.715066" lon="-107.87178699999998"><ele>3552.868692683056</ele></trkpt><trkpt lat="37.715142" lon="-107.872139"><ele>3549.643252970587</ele></trkpt><trkpt lat="37.715189" lon="-107.87227899999999"><ele>3549.0</ele></trkpt><trkpt lat="37.715248" lon="-107.87245300000001"><ele>3548.926755902924</ele></trkpt><trkpt lat="37.715262" lon="-107.87264800000003"><ele>3549.0</ele></trkpt><trkpt lat="37.715273" lon="-107.87284799999998"><ele>3550.063570063561</ele></trkpt><trkpt lat="37.71526" lon="-107.87295499999999"><ele>3550.2977071981877</ele></trkpt><trkpt lat="37.715259" lon="-107.87306000000001"><ele>3550.2387946769595</ele></trkpt><trkpt lat="37.715273" lon="-107.873131"><ele>3551.0</ele></trkpt><trkpt lat="37.715303" lon="-107.87324699999999"><ele>3549.817943467293</ele></trkpt><trkpt lat="37.715299" lon="-107.87329"><ele>3549.186001777649</ele></trkpt><trkpt lat="37.715281" lon="-107.87332700000002"><ele>3550.0</ele></trkpt><trkpt lat="37.715248" lon="-107.873355"><ele>3550.0</ele></trkpt><trkpt lat="37.715218" lon="-107.87339099999997"><ele>3549.9810917872105</ele></trkpt><trkpt lat="37.715204" lon="-107.87345500000004"><ele>3549.9986071512103</ele></trkpt><trkpt lat="37.715188" lon="-107.87358499999999"><ele>3549.93769482346</ele></trkpt><trkpt lat="37.715154" lon="-107.873761"><ele>3549.0</ele></trkpt><trkpt lat="37.715149" lon="-107.873849"><ele>3549.0</ele></trkpt><trkpt lat="37.715139" lon="-107.87394499999999"><ele>3549.0</ele></trkpt><trkpt lat="37.71514" lon="-107.874012"><ele>3549.0</ele></trkpt><trkpt lat="37.715149" lon="-107.87406599999997"><ele>3549.0</ele></trkpt><trkpt lat="37.715149" lon="-107.87410699999998"><ele>3548.7390385782346</ele></trkpt><trkpt lat="37.715164" lon="-107.87415199999998"><ele>3548.0</ele></trkpt><trkpt lat="37.715196" lon="-107.87422200000003"><ele>3548.0</ele></trkpt><trkpt lat="37.71521" lon="-107.87426499999998"><ele>3548.0</ele></trkpt><trkpt lat="37.715217" lon="-107.87433900000002"><ele>3548.0</ele></trkpt><trkpt lat="37.71521" lon="-107.87438099999997"><ele>3548.0106634848244</ele></trkpt><trkpt lat="37.715192" lon="-107.87447199999997"><ele>3549.0</ele></trkpt><trkpt lat="37.71517" lon="-107.874551"><ele>3548.0</ele></trkpt><trkpt lat="37.71514" lon="-107.87457899999998"><ele>3548.0</ele></trkpt><trkpt lat="37.715121" lon="-107.87462199999999"><ele>3547.1088741719723</ele></trkpt><trkpt lat="37.715105" lon="-107.874706"><ele>3546.166275670752</ele></trkpt><trkpt lat="37.715079" lon="-107.87478900000002"><ele>3546.0</ele></trkpt><trkpt lat="37.715062" lon="-107.87490300000002"><ele>3546.990293346811</ele></trkpt><trkpt lat="37.715026" lon="-107.87498299999999"><ele>3548.0</ele></trkpt><trkpt lat="37.714997" lon="-107.87501700000001"><ele>3548.0</ele></trkpt><trkpt lat="37.714983" lon="-107.87505599999997"><ele>3548.0</ele></trkpt><trkpt lat="37.714954" lon="-107.87511799999999"><ele>3548.0</ele></trkpt><trkpt lat="37.714923" lon="-107.875178"><ele>3548.0</ele></trkpt><trkpt lat="37.714886" lon="-107.87525099999999"><ele>3548.0</ele></trkpt><trkpt lat="37.714871" lon="-107.87532899999997"><ele>3547.3007186666596</ele></trkpt><trkpt lat="37.714853" lon="-107.875425"><ele>3547.0</ele></trkpt><trkpt lat="37.714834" lon="-107.87548099999998"><ele>3547.2010445091873</ele></trkpt><trkpt lat="37.714831" lon="-107.87553700000001"><ele>3547.0243079606444</ele></trkpt><trkpt lat="37.71484" lon="-107.87559099999999"><ele>3548.0</ele></trkpt><trkpt lat="37.714865" lon="-107.87568099999999"><ele>3549.0</ele></trkpt><trkpt lat="37.714872" lon="-107.875741"><ele>3550.0</ele></trkpt><trkpt lat="37.714866" lon="-107.875877"><ele>3550.0</ele></trkpt><trkpt lat="37.714862" lon="-107.875943"><ele>3550.0</ele></trkpt><trkpt lat="37.714848" lon="-107.87597299999999"><ele>3550.2429262425035</ele></trkpt><trkpt lat="37.714807" lon="-107.87601599999999"><ele>3550.2268095999025</ele></trkpt><trkpt lat="37.714792" lon="-107.87607400000002"><ele>3551.0</ele></trkpt><trkpt lat="37.71478" lon="-107.87615399999999"><ele>3551.0197877120227</ele></trkpt><trkpt lat="37.714739" lon="-107.87625700000001"><ele>3551.276946056158</ele></trkpt><trkpt lat="37.71472" lon="-107.87629500000003"><ele>3551.111152620445</ele></trkpt><trkpt lat="37.714699" lon="-107.876394"><ele>3551.2479068674147</ele></trkpt><trkpt lat="37.714655" lon="-107.876532"><ele>3552.9299287791364</ele></trkpt><trkpt lat="37.714612" lon="-107.87665200000004"><ele>3553.989117041696</ele></trkpt><trkpt lat="37.714533" lon="-107.87685099999999"><ele>3555.0658870086463</ele></trkpt><trkpt lat="37.714515" lon="-107.87693100000001"><ele>3556.354596594749</ele></trkpt><trkpt lat="37.714428" lon="-107.877118"><ele>3558.7014372029716</ele></trkpt><trkpt lat="37.71431" lon="-107.87734999999998"><ele>3560.3311690595</ele></trkpt><trkpt lat="37.71415" lon="-107.87766299999998"><ele>3561.887869199738</ele></trkpt><trkpt lat="37.714107" lon="-107.87775999999997"><ele>3563.1872019606176</ele></trkpt><trkpt lat="37.714036" lon="-107.87782700000002"><ele>3562.696442457909</ele></trkpt><trkpt lat="37.714001" lon="-107.87790000000001"><ele>3563.155044125393</ele></trkpt><trkpt lat="37.713932" lon="-107.87796900000001"><ele>3563.305784061551</ele></trkpt><trkpt lat="37.713913" lon="-107.87805600000002"><ele>3565.2409601956606</ele></trkpt><trkpt lat="37.713887" lon="-107.87817000000001"><ele>3568.022047776729</ele></trkpt><trkpt lat="37.71383" lon="-107.87823700000001"><ele>3567.786523788236</ele></trkpt><trkpt lat="37.713799" lon="-107.87829899999997"><ele>3568.1414906409345</ele></trkpt><trkpt lat="37.713747" lon="-107.87838099999999"><ele>3569.0727694930306</ele></trkpt><trkpt lat="37.713733" lon="-107.87842599999999"><ele>3569.6966650374015</ele></trkpt><trkpt lat="37.713733" lon="-107.87848200000002"><ele>3571.489950633142</ele></trkpt><trkpt lat="37.713675" lon="-107.87859100000003"><ele>3573.2126100602563</ele></trkpt><trkpt lat="37.713623" lon="-107.87866200000002"><ele>3573.53934720112</ele></trkpt><trkpt lat="37.713589" lon="-107.87868600000002"><ele>3574.513819452375</ele></trkpt><trkpt lat="37.713537" lon="-107.878714"><ele>3574.755332992412</ele></trkpt><trkpt lat="37.713513" lon="-107.87875300000002"><ele>3575.1589972814545</ele></trkpt><trkpt lat="37.713497" lon="-107.87882300000001"><ele>3576.4361646585166</ele></trkpt><trkpt lat="37.713496" lon="-107.87891100000002"><ele>3578.0</ele></trkpt><trkpt lat="37.713478" lon="-107.878963"><ele>3578.179644497992</ele></trkpt><trkpt lat="37.713441" lon="-107.87908500000003"><ele>3579.034639058631</ele></trkpt><trkpt lat="37.713423" lon="-107.87918000000002"><ele>3580.0</ele></trkpt><trkpt lat="37.713403" lon="-107.879303"><ele>3581.370292332685</ele></trkpt><trkpt lat="37.713395" lon="-107.87942700000002"><ele>3583.0</ele></trkpt><trkpt lat="37.713407" lon="-107.87950000000001"><ele>3583.1341669578105</ele></trkpt><trkpt lat="37.713431" lon="-107.87957399999999"><ele>3584.0</ele></trkpt><trkpt lat="37.713479" lon="-107.879616"><ele>3584.0</ele></trkpt><trkpt lat="37.713571" lon="-107.879703"><ele>3582.946536533069</ele></trkpt><trkpt lat="37.713701" lon="-107.87976400000002"><ele>3580.5930488687573</ele></trkpt><trkpt lat="37.713906" lon="-107.87980099999999"><ele>3577.1779867958726</ele></trkpt><trkpt lat="37.714058" lon="-107.879748"><ele>3575.926886908752</ele></trkpt><trkpt lat="37.714354" lon="-107.87968699999999"><ele>3572.6921905777417</ele></trkpt><trkpt lat="37.714486" lon="-107.87965600000001"><ele>3573.0</ele></trkpt><trkpt lat="37.714595" lon="-107.87964199999999"><ele>3573.0</ele></trkpt><trkpt lat="37.714707" lon="-107.87960599999997"><ele>3573.4670641790144</ele></trkpt><trkpt lat="37.714882" lon="-107.879549"><ele>3573.0</ele></trkpt><trkpt lat="37.714929" lon="-107.87952200000001"><ele>3573.0</ele></trkpt><trkpt lat="37.71503" lon="-107.87942099999998"><ele>3574.088689067401</ele></trkpt><trkpt lat="37.715126" lon="-107.879368"><ele>3574.5586680886336</ele></trkpt><trkpt lat="37.715155" lon="-107.87936100000002"><ele>3574.884891732596</ele></trkpt><trkpt lat="37.715245" lon="-107.87933099999998"><ele>3574.282993067056</ele></trkpt><trkpt lat="37.71533" lon="-107.87931400000002"><ele>3574.0752504877746</ele></trkpt><trkpt lat="37.715431" lon="-107.87931100000003"><ele>3574.2150606205687</ele></trkpt><trkpt lat="37.715513" lon="-107.87931100000003"><ele>3575.2150606205687</ele></trkpt><trkpt lat="37.715616" lon="-107.87927000000002"><ele>3577.0</ele></trkpt><trkpt lat="37.715664" lon="-107.87928399999998"><ele>3576.473351823166</ele></trkpt><trkpt lat="37.715778" lon="-107.87927400000001"><ele>3576.0</ele></trkpt><trkpt lat="37.715903" lon="-107.87931400000002"><ele>3573.0752504877746</ele></trkpt><trkpt lat="37.715958" lon="-107.87930399999999"><ele>3573.0</ele></trkpt><trkpt lat="37.715995" lon="-107.87931100000003"><ele>3572.0863196452074</ele></trkpt><trkpt lat="37.716091" lon="-107.879344"><ele>3570.0</ele></trkpt><trkpt lat="37.716181" lon="-107.87940400000002"><ele>3568.947197172409</ele></trkpt><trkpt lat="37.716255" lon="-107.87951199999998"><ele>3567.987222990252</ele></trkpt><trkpt lat="37.716316" lon="-107.87967600000002"><ele>3566.0</ele></trkpt><trkpt lat="37.716406" lon="-107.87984699999998"><ele>3564.188019197434</ele></trkpt><trkpt lat="37.716502" lon="-107.87989700000003"><ele>3563.0</ele></trkpt><trkpt lat="37.716608" lon="-107.87992700000001"><ele>3561.1458662644013</ele></trkpt><trkpt lat="37.716642" lon="-107.87994700000002"><ele>3560.1636341068033</ele></trkpt><trkpt lat="37.716748" lon="-107.88003100000003"><ele>3558.660628620535</ele></trkpt><trkpt lat="37.716868" lon="-107.88013899999999"><ele>3557.0</ele></trkpt><trkpt lat="37.717" lon="-107.88020599999999"><ele>3556.0</ele></trkpt><trkpt lat="37.717127" lon="-107.88030000000003"><ele>3555.0</ele></trkpt><trkpt lat="37.717252" lon="-107.88045399999999"><ele>3555.0</ele></trkpt><trkpt lat="37.717393" lon="-107.88059800000002"><ele>3553.0</ele></trkpt><trkpt lat="37.717493" lon="-107.880651"><ele>3552.0</ele></trkpt><trkpt lat="37.717565" lon="-107.880739"><ele>3550.603428200638</ele></trkpt><trkpt lat="37.717623" lon="-107.88079600000003"><ele>3549.0044298808793</ele></trkpt><trkpt lat="37.717756" lon="-107.88093000000003"><ele>3547.7641919986345</ele></trkpt><trkpt lat="37.717822" lon="-107.88103999999998"><ele>3546.0</ele></trkpt><trkpt lat="37.717838" lon="-107.88115099999999"><ele>3544.4648455115966</ele></trkpt><trkpt lat="37.717828" lon="-107.88144199999999"><ele>3540.0</ele></trkpt><trkpt lat="37.717782" lon="-107.881754"><ele>3534.0</ele></trkpt><trkpt lat="37.717743" lon="-107.88203900000002"><ele>3530.0</ele></trkpt><trkpt lat="37.717761" lon="-107.88219300000003"><ele>3528.0</ele></trkpt><trkpt lat="37.717817" lon="-107.88242100000002"><ele>3526.0</ele></trkpt><trkpt lat="37.717886" lon="-107.88279"><ele>3523.0</ele></trkpt><trkpt lat="37.717873" lon="-107.88333"><ele>3520.0</ele></trkpt><trkpt lat="37.717854" lon="-107.883779"><ele>3515.991168710869</ele></trkpt><trkpt lat="37.717849" lon="-107.884074"><ele>3512.0425808120494</ele></trkpt><trkpt lat="37.717902" lon="-107.88430199999999"><ele>3510.0</ele></trkpt><trkpt lat="37.717918" lon="-107.884412"><ele>3509.0</ele></trkpt><trkpt lat="37.717918" lon="-107.88466699999998"><ele>3507.0</ele></trkpt><trkpt lat="37.717904" lon="-107.88490200000001"><ele>3505.0427419873245</ele></trkpt><trkpt lat="37.717828" lon="-107.88523399999997"><ele>3502.0</ele></trkpt><trkpt lat="37.717774" lon="-107.88551899999999"><ele>3499.0</ele></trkpt><trkpt lat="37.717735" lon="-107.88575600000001"><ele>3497.0</ele></trkpt><trkpt lat="37.717705" lon="-107.88607200000001"><ele>3495.0</ele></trkpt><trkpt lat="37.717682" lon="-107.88641000000001"><ele>3493.0</ele></trkpt><trkpt lat="37.717623" lon="-107.88694299999997"><ele>3489.5380814233795</ele></trkpt><trkpt lat="37.717594" lon="-107.88724500000001"><ele>3487.0</ele></trkpt><trkpt lat="37.717594" lon="-107.88746600000002"><ele>3484.834324919449</ele></trkpt><trkpt lat="37.717568" lon="-107.88767999999999"><ele>3482.0</ele></trkpt><trkpt lat="37.717557" lon="-107.88810999999998"><ele>3477.0</ele></trkpt><trkpt lat="37.71753" lon="-107.88837799999999"><ele>3475.0</ele></trkpt><trkpt lat="37.717501" lon="-107.888575"><ele>3474.0</ele></trkpt><trkpt lat="37.717501" lon="-107.888847"><ele>3473.0</ele></trkpt><trkpt lat="37.717546" lon="-107.88906800000001"><ele>3470.0261873304844</ele></trkpt><trkpt lat="37.717597" lon="-107.88929999999999"><ele>3467.7005175277613</ele></trkpt><trkpt lat="37.717618" lon="-107.88943999999998"><ele>3466.0</ele></trkpt><trkpt lat="37.717631" lon="-107.88955399999998"><ele>3465.8593088498806</ele></trkpt><trkpt lat="37.717621" lon="-107.889678"><ele>3464.047298270061</ele></trkpt><trkpt lat="37.717642" lon="-107.88980900000001"><ele>3463.0</ele></trkpt><trkpt lat="37.717679" lon="-107.889906"><ele>3462.0</ele></trkpt><trkpt lat="37.717745" lon="-107.890064"><ele>3460.0</ele></trkpt><trkpt lat="37.717788" lon="-107.890174"><ele>3458.9625678216107</ele></trkpt><trkpt lat="37.717782" lon="-107.89026799999999"><ele>3457.0712072722645</ele></trkpt><trkpt lat="37.717753" lon="-107.89041900000001"><ele>3456.0</ele></trkpt><trkpt lat="37.717732" lon="-107.89057300000002"><ele>3454.0</ele></trkpt><trkpt lat="37.717745" lon="-107.890627"><ele>3453.0</ele></trkpt><trkpt lat="37.71778" lon="-107.890717"><ele>3452.0</ele></trkpt><trkpt lat="37.717849" lon="-107.89085499999999"><ele>3451.0</ele></trkpt><trkpt lat="37.717912" lon="-107.89098200000001"><ele>3449.628216017003</ele></trkpt><trkpt lat="37.717931" lon="-107.89109300000001"><ele>3448.1340636434034</ele></trkpt><trkpt lat="37.717902" lon="-107.89122399999997"><ele>3447.0</ele></trkpt><trkpt lat="37.717804" lon="-107.89142500000003"><ele>3445.0</ele></trkpt><trkpt lat="37.717721" lon="-107.89162899999997"><ele>3444.0</ele></trkpt><trkpt lat="37.717695" lon="-107.89179000000001"><ele>3444.0</ele></trkpt><trkpt lat="37.717716" lon="-107.89186699999999"><ele>3443.0107378922403</ele></trkpt><trkpt lat="37.717772" lon="-107.89192100000002"><ele>3442.711525985971</ele></trkpt><trkpt lat="37.717867" lon="-107.89192400000002"><ele>3441.0</ele></trkpt><trkpt lat="37.717955" lon="-107.89187700000002"><ele>3440.0</ele></trkpt><trkpt lat="37.718063" lon="-107.89180399999998"><ele>3439.5673668216914</ele></trkpt><trkpt lat="37.718167" lon="-107.891773"><ele>3439.0</ele></trkpt><trkpt lat="37.718276" lon="-107.89179000000001"><ele>3439.0</ele></trkpt><trkpt lat="37.718368" lon="-107.89181000000002"><ele>3439.0</ele></trkpt><trkpt lat="37.718427" lon="-107.89184399999999"><ele>3438.134926933795</ele></trkpt><trkpt lat="37.71844" lon="-107.89201500000001"><ele>3437.0</ele></trkpt><trkpt lat="37.718711" lon="-107.89185299999997"><ele>3435.0</ele></trkpt><trkpt lat="37.718823" lon="-107.891705"><ele>3434.0</ele></trkpt><trkpt lat="37.718946" lon="-107.89154200000002"><ele>3432.640423486795</ele></trkpt><trkpt lat="37.719226" lon="-107.89155599999998"><ele>3433.0</ele></trkpt><trkpt lat="37.719573" lon="-107.89182499999998"><ele>3429.0</ele></trkpt><trkpt lat="37.720021" lon="-107.89181100000002"><ele>3427.0</ele></trkpt><trkpt lat="37.720581" lon="-107.89139999999998"><ele>3421.3530082199795</ele></trkpt><trkpt lat="37.720906" lon="-107.89120200000002"><ele>3421.0</ele></trkpt><trkpt lat="37.721342" lon="-107.89117399999998"><ele>3418.3591900449246</ele></trkpt><trkpt lat="37.721645" lon="-107.89135799999997"><ele>3417.0</ele></trkpt><trkpt lat="37.722104" lon="-107.89124400000003"><ele>3417.0</ele></trkpt><trkpt lat="37.722641" lon="-107.89155599999998"><ele>3413.0</ele></trkpt><trkpt lat="37.722966" lon="-107.89154200000002"><ele>3415.447369063384</ele></trkpt><trkpt lat="37.723279" lon="-107.89178200000003"><ele>3416.7490579045243</ele></trkpt><trkpt lat="37.723604" lon="-107.89208000000002"><ele>3415.0</ele></trkpt><trkpt lat="37.724422" lon="-107.892066"><ele>3414.0</ele></trkpt><trkpt lat="37.724708" lon="-107.89185600000002"><ele>3413.0</ele></trkpt><trkpt lat="37.724967" lon="-107.89163100000002"><ele>3412.0</ele></trkpt><trkpt lat="37.72503" lon="-107.89157999999998"><ele>3411.0</ele></trkpt><trkpt lat="37.725073" lon="-107.89154500000001"><ele>3410.0</ele></trkpt><trkpt lat="37.72529" lon="-107.89160400000003"><ele>3410.5500536472537</ele></trkpt><trkpt lat="37.725392" lon="-107.89187200000003"><ele>3407.8708604885483</ele></trkpt><trkpt lat="37.725637" lon="-107.89229"><ele>3405.2364007991955</ele></trkpt><trkpt lat="37.726154" lon="-107.89302800000002"><ele>3400.8245983592815</ele></trkpt><trkpt lat="37.726502" lon="-107.893439"><ele>3397.0</ele></trkpt><trkpt lat="37.726871" lon="-107.89389599999998"><ele>3395.388310324273</ele></trkpt><trkpt lat="37.727026" lon="-107.89408300000002"><ele>3394.0</ele></trkpt><trkpt lat="37.727506" lon="-107.894139"><ele>3393.0</ele></trkpt><trkpt lat="37.728064" lon="-107.89439299999998"><ele>3394.0</ele></trkpt><trkpt lat="37.728155" lon="-107.89465100000001"><ele>3392.0</ele></trkpt><trkpt lat="37.728183" lon="-107.89483200000001"><ele>3390.0</ele></trkpt><trkpt lat="37.72825" lon="-107.89495299999999"><ele>3389.1564443410953</ele></trkpt><trkpt lat="37.728248" lon="-107.89518800000002"><ele>3387.5206363704056</ele></trkpt><trkpt lat="37.728207" lon="-107.89538500000003"><ele>3386.0</ele></trkpt><trkpt lat="37.728198" lon="-107.895825"><ele>3382.832725349962</ele></trkpt><trkpt lat="37.728295" lon="-107.89594899999997"><ele>3381.0</ele></trkpt><trkpt lat="37.728377" lon="-107.896097"><ele>3380.0</ele></trkpt><trkpt lat="37.728448" lon="-107.89631300000002"><ele>3377.0</ele></trkpt><trkpt lat="37.728586" lon="-107.89648699999998"><ele>3375.0</ele></trkpt><trkpt lat="37.728717" lon="-107.89660400000002"><ele>3373.8915635373996</ele></trkpt><trkpt lat="37.728755" lon="-107.89673299999998"><ele>3372.1761718600555</ele></trkpt><trkpt lat="37.728727" lon="-107.89682399999998"><ele>3372.0</ele></trkpt><trkpt lat="37.728652" lon="-107.89688799999999"><ele>3372.0</ele></trkpt><trkpt lat="37.72858" lon="-107.896904"><ele>3372.0</ele></trkpt><trkpt lat="37.728484" lon="-107.89689099999998"><ele>3371.0</ele></trkpt><trkpt lat="37.728312" lon="-107.89697100000001"><ele>3369.0</ele></trkpt><trkpt lat="37.728235" lon="-107.89697100000001"><ele>3368.0</ele></trkpt><trkpt lat="37.728129" lon="-107.89694099999997"><ele>3367.5088224224746</ele></trkpt><trkpt lat="37.728006" lon="-107.89687300000003"><ele>3366.8275499547544</ele></trkpt><trkpt lat="37.727904" lon="-107.89683200000002"><ele>3364.2512218020856</ele></trkpt><trkpt lat="37.727815" lon="-107.89688000000001"><ele>3362.0071153379977</ele></trkpt><trkpt lat="37.7277" lon="-107.89706000000001"><ele>3358.2310320530087</ele></trkpt><trkpt lat="37.727531" lon="-107.89740599999999"><ele>3352.0</ele></trkpt><trkpt lat="37.72747" lon="-107.89766900000001"><ele>3349.0</ele></trkpt><trkpt lat="37.727333" lon="-107.89746600000001"><ele>3348.0792996617456</ele></trkpt><trkpt lat="37.72747" lon="-107.89766900000001"><ele>3349.0</ele></trkpt><trkpt lat="37.727717" lon="-107.89792899999998"><ele>3349.6573091493674</ele></trkpt><trkpt lat="37.72807" lon="-107.89845200000002"><ele>3345.973441292315</ele></trkpt><trkpt lat="37.728448" lon="-107.899025"><ele>3337.145307856793</ele></trkpt><trkpt lat="37.728459" lon="-107.89997599999998"><ele>3319.1955972671885</ele></trkpt><trkpt lat="37.728714" lon="-107.89971000000003"><ele>3311.9905061781537</ele></trkpt><trkpt lat="37.728827" lon="-107.899833"><ele>3319.637101985514</ele></trkpt><trkpt lat="37.728735" lon="-107.90044599999999"><ele>3318.216160437092</ele></trkpt><trkpt lat="37.728863" lon="-107.901857"><ele>3311.7583418153226</ele></trkpt><trkpt lat="37.729297" lon="-107.902603"><ele>3307.241467995772</ele></trkpt><trkpt lat="37.729747" lon="-107.903523"><ele>3294.8540778658353</ele></trkpt><trkpt lat="37.730054" lon="-107.90376900000001"><ele>3294.936607601121</ele></trkpt><trkpt lat="37.73036" lon="-107.90431000000001"><ele>3291.171455983175</ele></trkpt><trkpt lat="37.730616" lon="-107.90454599999998"><ele>3290.1788224009797</ele></trkpt><trkpt lat="37.731158" lon="-107.90523100000001"><ele>3280.2555086212233</ele></trkpt><trkpt lat="37.731689" lon="-107.905732"><ele>3275.9330924489477</ele></trkpt><trkpt lat="37.732129" lon="-107.90613000000002"><ele>3266.359071998857</ele></trkpt><trkpt lat="37.732528" lon="-107.90658000000002"><ele>3253.3875519991852</ele></trkpt><trkpt lat="37.732977" lon="-107.906928"><ele>3253.0</ele></trkpt><trkpt lat="37.733673" lon="-107.907398"><ele>3249.265988977626</ele></trkpt><trkpt lat="37.734378" lon="-107.90767399999999"><ele>3247.0</ele></trkpt><trkpt lat="37.734632" lon="-107.907759"><ele>3245.4421696001664</ele></trkpt><trkpt lat="37.735206" lon="-107.90795000000003"><ele>3241.540924442932</ele></trkpt><trkpt lat="37.737016" lon="-107.90875800000003"><ele>3227.885395198595</ele></trkpt><trkpt lat="37.737882" lon="-107.90917400000001"><ele>3224.0</ele></trkpt><trkpt lat="37.738211" lon="-107.909332"><ele>3223.0821847592265</ele></trkpt><trkpt lat="37.738657" lon="-107.90963799999997"><ele>3221.0</ele></trkpt><trkpt lat="37.738773" lon="-107.90975100000003"><ele>3220.0</ele></trkpt><trkpt lat="37.738675" lon="-107.910233"><ele>3216.0</ele></trkpt><trkpt lat="37.738938" lon="-107.91038300000002"><ele>3213.0</ele></trkpt><trkpt lat="37.73931" lon="-107.91040499999997"><ele>3210.6745408707648</ele></trkpt><trkpt lat="37.73948" lon="-107.91031199999998"><ele>3210.463746133726</ele></trkpt><trkpt lat="37.740083" lon="-107.90988199999998"><ele>3204.0</ele></trkpt><trkpt lat="37.740148" lon="-107.90997900000002"><ele>3202.0</ele></trkpt><trkpt lat="37.740133" lon="-107.91022299999997"><ele>3200.0</ele></trkpt><trkpt lat="37.740277" lon="-107.910302"><ele>3199.0</ele></trkpt><trkpt lat="37.740767" lon="-107.910121"><ele>3196.0</ele></trkpt><trkpt lat="37.741443" lon="-107.90997400000003"><ele>3196.0</ele></trkpt><trkpt lat="37.742363" lon="-107.90981099999999"><ele>3193.0</ele></trkpt><trkpt lat="37.742792" lon="-107.909964"><ele>3191.8659380735153</ele></trkpt><trkpt lat="37.743191" lon="-107.91017899999997"><ele>3188.599972244742</ele></trkpt><trkpt lat="37.743191" lon="-107.91033199999998"><ele>3187.0</ele></trkpt><trkpt lat="37.74359" lon="-107.91072099999997"><ele>3183.0</ele></trkpt><trkpt lat="37.743869" lon="-107.91065900000001"><ele>3182.0</ele></trkpt><trkpt lat="37.743917" lon="-107.91042199999998"><ele>3183.0</ele></trkpt><trkpt lat="37.744182" lon="-107.91044499999998"><ele>3181.0</ele></trkpt><trkpt lat="37.744367" lon="-107.91023999999999"><ele>3181.0</ele></trkpt><trkpt lat="37.745164" lon="-107.91013800000002"><ele>3181.0</ele></trkpt><trkpt lat="37.745634" lon="-107.90978999999999"><ele>3176.9845846597473</ele></trkpt><trkpt lat="37.745941" lon="-107.90984200000003"><ele>3179.061439261908</ele></trkpt><trkpt lat="37.746493" lon="-107.909964"><ele>3182.0</ele></trkpt><trkpt lat="37.746862" lon="-107.91016400000001"><ele>3178.0</ele></trkpt><trkpt lat="37.747199" lon="-107.91068999999999"><ele>3173.847669334151</ele></trkpt><trkpt lat="37.747362" lon="-107.91074100000003"><ele>3172.0</ele></trkpt><trkpt lat="37.747505" lon="-107.910956"><ele>3171.345601078123</ele></trkpt><trkpt lat="37.747669" lon="-107.91141600000003"><ele>3168.024934577153</ele></trkpt><trkpt lat="37.748088" lon="-107.911651"><ele>3164.0</ele></trkpt><trkpt lat="37.748333" lon="-107.91175299999998"><ele>3162.0</ele></trkpt><trkpt lat="37.748507" lon="-107.91167200000001"><ele>3158.0</ele></trkpt><trkpt lat="37.748701" lon="-107.911723"><ele>3155.0</ele></trkpt><trkpt lat="37.748906" lon="-107.91184499999997"><ele>3153.0</ele></trkpt><trkpt lat="37.74956" lon="-107.91211099999998"><ele>3147.0</ele></trkpt><trkpt lat="37.750081" lon="-107.912172"><ele>3144.0</ele></trkpt><trkpt lat="37.750429" lon="-107.91209100000003"><ele>3142.0</ele></trkpt><trkpt lat="37.750685" lon="-107.91211099999998"><ele>3141.0</ele></trkpt><trkpt lat="37.751889" lon="-107.912373"><ele>3135.0</ele></trkpt><trkpt lat="37.75227" lon="-107.91238699999997"><ele>3133.0</ele></trkpt><trkpt lat="37.752944" lon="-107.91247900000002"><ele>3129.0</ele></trkpt><trkpt lat="37.753322" lon="-107.91265299999998"><ele>3125.365238756407</ele></trkpt><trkpt lat="37.753762" lon="-107.91292900000002"><ele>3121.0</ele></trkpt><trkpt lat="37.753977" lon="-107.91296"><ele>3121.0469930817817</ele></trkpt><trkpt lat="37.754069" lon="-107.913072"><ele>3122.195345272295</ele></trkpt><trkpt lat="37.754294" lon="-107.91323599999998"><ele>3127.495278853923</ele></trkpt><trkpt lat="37.754488" lon="-107.91345100000001"><ele>3125.0</ele></trkpt><trkpt lat="37.75459" lon="-107.91369600000002"><ele>3120.700532249175</ele></trkpt><trkpt lat="37.754744" lon="-107.91388"><ele>3119.2028694255278</ele></trkpt><trkpt lat="37.754897" lon="-107.91421700000001"><ele>3116.4976223149233</ele></trkpt><trkpt lat="37.755029" lon="-107.91437000000002"><ele>3114.0</ele></trkpt><trkpt lat="37.755367" lon="-107.91445199999998"><ele>3111.6480159191283</ele></trkpt><trkpt lat="37.755715" lon="-107.91461600000002"><ele>3106.1377333607525</ele></trkpt><trkpt lat="37.75597" lon="-107.91461600000002"><ele>3111.0</ele></trkpt><trkpt lat="37.756328" lon="-107.914872"><ele>3106.6118102148175</ele></trkpt><trkpt lat="37.756635" lon="-107.91501499999998"><ele>3103.0</ele></trkpt><trkpt lat="37.756809" lon="-107.91531099999997"><ele>3101.0</ele></trkpt><trkpt lat="37.756952" lon="-107.91544399999998"><ele>3099.949767858743</ele></trkpt><trkpt lat="37.757269" lon="-107.91560800000002"><ele>3097.0</ele></trkpt><trkpt lat="37.757473" lon="-107.91555599999998"><ele>3094.119021413848</ele></trkpt><trkpt lat="37.757647" lon="-107.915638"><ele>3092.0</ele></trkpt><trkpt lat="37.75778" lon="-107.91570000000002"><ele>3090.0</ele></trkpt><trkpt lat="37.75777" lon="-107.91557699999998"><ele>3088.5150255365297</ele></trkpt><trkpt lat="37.757749" lon="-107.91535199999998"><ele>3085.0</ele></trkpt><trkpt lat="37.757923" lon="-107.91525999999999"><ele>3088.9230240597253</ele></trkpt><trkpt lat="37.758087" lon="-107.915413"><ele>3090.739916088525</ele></trkpt><trkpt lat="37.758219" lon="-107.91544399999998"><ele>3092.2524081604315</ele></trkpt><trkpt lat="37.758312" lon="-107.915546"><ele>3091.0</ele></trkpt><trkpt lat="37.758404" lon="-107.915546"><ele>3089.1099244970997</ele></trkpt><trkpt lat="37.758434" lon="-107.91537199999999"><ele>3085.471429048106</ele></trkpt><trkpt lat="37.758577" lon="-107.91533200000003"><ele>3081.021629288196</ele></trkpt><trkpt lat="37.75869" lon="-107.915413"><ele>3082.1609921080803</ele></trkpt><trkpt lat="37.758772" lon="-107.91548499999999"><ele>3084.452664943412</ele></trkpt><trkpt lat="37.758915" lon="-107.91544399999998"><ele>3088.0</ele></trkpt><trkpt lat="37.759048" lon="-107.91556700000001"><ele>3090.0</ele></trkpt><trkpt lat="37.759436" lon="-107.91566899999998"><ele>3090.0</ele></trkpt><trkpt lat="37.759712" lon="-107.91571999999996"><ele>3089.0</ele></trkpt><trkpt lat="37.76098" lon="-107.916293"><ele>3086.0</ele></trkpt><trkpt lat="37.76142" lon="-107.91630299999997"><ele>3089.0</ele></trkpt><trkpt lat="37.761839" lon="-107.91652799999997"><ele>3090.8322712824956</ele></trkpt><trkpt lat="37.762176" lon="-107.91654800000003"><ele>3092.095839718865</ele></trkpt><trkpt lat="37.762646" lon="-107.91691600000001"><ele>3088.695039287675</ele></trkpt><trkpt lat="37.762861" lon="-107.91702900000001"><ele>3088.428857599385</ele></trkpt><trkpt lat="37.763677" lon="-107.91768400000001"><ele>3088.961271419945</ele></trkpt><trkpt lat="37.763914" lon="-107.918"><ele>3084.1007867756266</ele></trkpt><trkpt lat="37.764221" lon="-107.918409"><ele>3082.7837578072213</ele></trkpt><trkpt lat="37.764619" lon="-107.91881799999999"><ele>3080.00722176439</ele></trkpt><trkpt lat="37.764871" lon="-107.91913699999998"><ele>3075.1863309568334</ele></trkpt><trkpt lat="37.765069" lon="-107.91949299999999"><ele>3068.394003881189</ele></trkpt><trkpt lat="37.765427" lon="-107.91991200000001"><ele>3064.0</ele></trkpt><trkpt lat="37.765672" lon="-107.92012599999998"><ele>3061.0981966229156</ele></trkpt><trkpt lat="37.765918" lon="-107.920208"><ele>3060.0</ele></trkpt><trkpt lat="37.766674" lon="-107.92075"><ele>3056.0176888890564</ele></trkpt><trkpt lat="37.766873" lon="-107.920883"><ele>3055.0</ele></trkpt><trkpt lat="37.767227" lon="-107.92112800000001"><ele>3055.280986793805</ele></trkpt><trkpt lat="37.767351" lon="-107.92125900000002"><ele>3054.0562485982177</ele></trkpt><trkpt lat="37.767576" lon="-107.92127700000003"><ele>3057.0</ele></trkpt><trkpt lat="37.767748" lon="-107.921425"><ele>3057.3331425108527</ele></trkpt><trkpt lat="37.767851" lon="-107.921468"><ele>3058.85219669791</ele></trkpt><trkpt lat="37.767942" lon="-107.92167"><ele>3057.0045076947963</ele></trkpt><trkpt lat="37.768121" lon="-107.92201"><ele>3055.7080674077242</ele></trkpt><trkpt lat="37.76829" lon="-107.92215099999999"><ele>3055.726356622763</ele></trkpt><trkpt lat="37.768385" lon="-107.92226399999998"><ele>3053.5403508606264</ele></trkpt><trkpt lat="37.768556" lon="-107.92259000000001"><ele>3051.0614676070636</ele></trkpt><trkpt lat="37.76876" lon="-107.922979"><ele>3047.359784805906</ele></trkpt><trkpt lat="37.769036" lon="-107.92339800000002"><ele>3049.6119445324875</ele></trkpt><trkpt lat="37.769138" lon="-107.92341499999998"><ele>3051.361414848827</ele></trkpt><trkpt lat="37.769394" lon="-107.92358200000001"><ele>3055.0369230215438</ele></trkpt><trkpt lat="37.769537" lon="-107.923654"><ele>3053.7464838372543</ele></trkpt><trkpt lat="37.769574" lon="-107.92380000000003"><ele>3053.2463668938726</ele></trkpt><trkpt lat="37.769662" lon="-107.92390999999998"><ele>3053.7510151122697</ele></trkpt><trkpt lat="37.769749" lon="-107.92395799999997"><ele>3052.514052978717</ele></trkpt><trkpt lat="37.769867" lon="-107.92398300000002"><ele>3053.181617601077</ele></trkpt><trkpt lat="37.770099" lon="-107.92447099999998"><ele>3048.1202457035165</ele></trkpt><trkpt lat="37.770171" lon="-107.92458399999998"><ele>3047.6326362125887</ele></trkpt><trkpt lat="37.770376" lon="-107.92479900000001"><ele>3048.169651788312</ele></trkpt><trkpt lat="37.770584" lon="-107.92497200000003"><ele>3048.7920994348824</ele></trkpt><trkpt lat="37.770749" lon="-107.92513200000002"><ele>3048.8016874659806</ele></trkpt><trkpt lat="37.771053" lon="-107.92536799999999"><ele>3052.890397312276</ele></trkpt><trkpt lat="37.771154" lon="-107.92564500000003"><ele>3051.936225628334</ele></trkpt><trkpt lat="37.771247" lon="-107.925835"><ele>3050.034790422199</ele></trkpt><trkpt lat="37.771346" lon="-107.92606599999999"><ele>3049.196618855916</ele></trkpt><trkpt lat="37.77149" lon="-107.926312"><ele>3049.849109089166</ele></trkpt><trkpt lat="37.771623" lon="-107.92648600000001"><ele>3049.7007139544003</ele></trkpt><trkpt lat="37.771804" lon="-107.926533"><ele>3045.8627586572647</ele></trkpt><trkpt lat="37.771877" lon="-107.92687699999999"><ele>3048.491101774306</ele></trkpt><trkpt lat="37.772244" lon="-107.92710399999999"><ele>3052.5948842675516</ele></trkpt><trkpt lat="37.772614" lon="-107.92715900000002"><ele>3059.336640710011</ele></trkpt><trkpt lat="37.772925" lon="-107.92710399999999"><ele>3064.0</ele></trkpt><trkpt lat="37.773222" lon="-107.92717399999998"><ele>3068.205504619244</ele></trkpt><trkpt lat="37.773676" lon="-107.92724399999997"><ele>3074.0336452596384</ele></trkpt><trkpt lat="37.773872" lon="-107.92724099999998"><ele>3078.0</ele></trkpt><trkpt lat="37.77429" lon="-107.92750699999999"><ele>3084.0344884413216</ele></trkpt><trkpt lat="37.774896" lon="-107.92782299999999"><ele>3093.404314275789</ele></trkpt><trkpt lat="37.775326" lon="-107.92811699999999"><ele>3098.25768952228</ele></trkpt><trkpt lat="37.77584" lon="-107.92874"><ele>3099.8897540611715</ele></trkpt><trkpt lat="37.776678" lon="-107.929666"><ele>3110.044306412392</ele></trkpt><trkpt lat="37.777472" lon="-107.93068"><ele>3104.222491263444</ele></trkpt><trkpt lat="37.777957" lon="-107.93116600000002"><ele>3098.298100900471</ele></trkpt><trkpt lat="37.778438" lon="-107.931739"><ele>3094.7547925715335</ele></trkpt><trkpt lat="37.778839" lon="-107.931915"><ele>3096.0</ele></trkpt><trkpt lat="37.779324" lon="-107.93244500000003"><ele>3097.9920937166557</ele></trkpt><trkpt lat="37.780162" lon="-107.93352199999998"><ele>3105.9026311957928</ele></trkpt><trkpt lat="37.780551" lon="-107.93432100000001"><ele>3113.0</ele></trkpt><trkpt lat="37.780647" lon="-107.93451800000003"><ele>3114.1124747861177</ele></trkpt><trkpt lat="37.780683" lon="-107.934551"><ele>3115.0</ele></trkpt><trkpt lat="37.781309" lon="-107.935135"><ele>3122.092465076646</ele></trkpt><trkpt lat="37.781794" lon="-107.93566399999997"><ele>3126.0</ele></trkpt><trkpt lat="37.7825" lon="-107.93654700000002"><ele>3128.890124610699</ele></trkpt><trkpt lat="37.783338" lon="-107.93707599999999"><ele>3130.170943289064</ele></trkpt><trkpt lat="37.783911" lon="-107.93734"><ele>3129.867651554756</ele></trkpt><trkpt lat="37.784166" lon="-107.93734999999998"><ele>3131.386162256822</ele></trkpt><trkpt lat="37.784298" lon="-107.93728499999997"><ele>3131.0</ele></trkpt><trkpt lat="37.784921" lon="-107.936983"><ele>3129.505057422444</ele></trkpt><trkpt lat="37.785852" lon="-107.93703199999999"><ele>3118.0</ele></trkpt><trkpt lat="37.786663" lon="-107.93710900000002"><ele>3109.0899293438247</ele></trkpt><trkpt lat="37.787225" lon="-107.937366"><ele>3105.0</ele></trkpt><trkpt lat="37.787881" lon="-107.93738400000001"><ele>3103.558292224366</ele></trkpt><trkpt lat="37.788675" lon="-107.93747300000001"><ele>3104.0</ele></trkpt><trkpt lat="37.790144" lon="-107.937592"><ele>3092.0</ele></trkpt><trkpt lat="37.791861" lon="-107.93710499999997"><ele>3089.0</ele></trkpt><trkpt lat="37.792612" lon="-107.93687799999998"><ele>3087.3189873099327</ele></trkpt><trkpt lat="37.792898" lon="-107.93670099999997"><ele>3086.292764647539</ele></trkpt><trkpt lat="37.793124" lon="-107.936377"><ele>3086.0</ele></trkpt><trkpt lat="37.793358" lon="-107.935721"><ele>3085.539355081116</ele></trkpt><trkpt lat="37.793781" lon="-107.935606"><ele>3080.37766479142</ele></trkpt><trkpt lat="37.794096" lon="-107.93573200000003"><ele>3079.0</ele></trkpt><trkpt lat="37.794301" lon="-107.93568900000002"><ele>3078.0</ele></trkpt><trkpt lat="37.794963" lon="-107.93541199999999"><ele>3070.668563203886</ele></trkpt><trkpt lat="37.795323" lon="-107.935473"><ele>3069.0</ele></trkpt><trkpt lat="37.795718" lon="-107.93546300000003"><ele>3070.0</ele></trkpt><trkpt lat="37.795797" lon="-107.93552899999997"><ele>3069.0</ele></trkpt><trkpt lat="37.795851" lon="-107.93571099999997"><ele>3068.0</ele></trkpt><trkpt lat="37.795792" lon="-107.93613299999998"><ele>3064.0</ele></trkpt><trkpt lat="37.795793" lon="-107.93615299999999"><ele>3063.1858609784395</ele></trkpt><trkpt lat="37.795807" lon="-107.93633399999999"><ele>3062.0</ele></trkpt><trkpt lat="37.795893" lon="-107.936507"><ele>3061.0</ele></trkpt><trkpt lat="37.796013" lon="-107.93665399999998"><ele>3061.0</ele></trkpt><trkpt lat="37.79618" lon="-107.936349"><ele>3062.0</ele></trkpt><trkpt lat="37.796372" lon="-107.93652500000002"><ele>3060.0</ele></trkpt><trkpt lat="37.796407" lon="-107.93670600000002"><ele>3059.703374514238</ele></trkpt><trkpt lat="37.7964" lon="-107.936872"><ele>3059.0</ele></trkpt><trkpt lat="37.796334" lon="-107.93712800000003"><ele>3058.0</ele></trkpt><trkpt lat="37.796314" lon="-107.937207"><ele>3058.0</ele></trkpt><trkpt lat="37.796289" lon="-107.93738400000001"><ele>3058.0</ele></trkpt><trkpt lat="37.79642" lon="-107.93743799999999"><ele>3058.0</ele></trkpt><trkpt lat="37.796539" lon="-107.93747000000002"><ele>3057.0</ele></trkpt><trkpt lat="37.796667" lon="-107.937545"><ele>3058.0</ele></trkpt><trkpt lat="37.79675" lon="-107.93765300000001"><ele>3059.0</ele></trkpt><trkpt lat="37.796755" lon="-107.937658"><ele>3059.0</ele></trkpt><trkpt lat="37.796831" lon="-107.937746"><ele>3059.500040637329</ele></trkpt><trkpt lat="37.796918" lon="-107.93789600000002"><ele>3060.0</ele></trkpt><trkpt lat="37.796997" lon="-107.938088"><ele>3061.0</ele></trkpt><trkpt lat="37.797011" lon="-107.93827399999998"><ele>3062.0</ele></trkpt><trkpt lat="37.797012" lon="-107.938423"><ele>3063.0</ele></trkpt><trkpt lat="37.796897" lon="-107.93868800000001"><ele>3063.9537016898394</ele></trkpt><trkpt lat="37.797025" lon="-107.938873"><ele>3065.0</ele></trkpt><trkpt lat="37.797188" lon="-107.93976499999997"><ele>3071.0</ele></trkpt><trkpt lat="37.797457" lon="-107.94000800000003"><ele>3073.692757126233</ele></trkpt><trkpt lat="37.797731" lon="-107.94008400000001"><ele>3075.006971423145</ele></trkpt><trkpt lat="37.797815" lon="-107.94016599999998"><ele>3076.9224583786836</ele></trkpt><trkpt lat="37.79789" lon="-107.940317"><ele>3078.0</ele></trkpt><trkpt lat="37.79792" lon="-107.94045900000003"><ele>3080.0</ele></trkpt><trkpt lat="37.798055" lon="-107.94069400000001"><ele>3084.0</ele></trkpt><trkpt lat="37.798491" lon="-107.94071400000001"><ele>3089.0</ele></trkpt><trkpt lat="37.798878" lon="-107.94087999999999"><ele>3094.9164621392706</ele></trkpt><trkpt lat="37.799288" lon="-107.94116200000002"><ele>3097.0</ele></trkpt><trkpt lat="37.799617" lon="-107.941192"><ele>3101.0</ele></trkpt><trkpt lat="37.799793" lon="-107.94119899999998"><ele>3103.0</ele></trkpt><trkpt lat="37.80005" lon="-107.94106499999998"><ele>3106.0</ele></trkpt><trkpt lat="37.80025" lon="-107.941057"><ele>3107.30395644967</ele></trkpt><trkpt lat="37.800487" lon="-107.941373"><ele>3114.0</ele></trkpt><trkpt lat="37.800906" lon="-107.94172100000003"><ele>3121.0</ele></trkpt><trkpt lat="37.800974" lon="-107.94188700000001"><ele>3123.0</ele></trkpt><trkpt lat="37.800953" lon="-107.94217100000003"><ele>3126.0</ele></trkpt><trkpt lat="37.800992" lon="-107.94235900000001"><ele>3128.0</ele></trkpt><trkpt lat="37.801075" lon="-107.94247999999999"><ele>3131.0</ele></trkpt><trkpt lat="37.801143" lon="-107.94304999999997"><ele>3139.237635554746</ele></trkpt><trkpt lat="37.801127" lon="-107.94307300000003"><ele>3139.913557714388</ele></trkpt><trkpt lat="37.801074" lon="-107.94314800000001"><ele>3140.0</ele></trkpt><trkpt lat="37.801056" lon="-107.943354"><ele>3143.0</ele></trkpt><trkpt lat="37.801025" lon="-107.943469"><ele>3144.0</ele></trkpt><trkpt lat="37.800943" lon="-107.943579"><ele>3145.019891520831</ele></trkpt><trkpt lat="37.800815" lon="-107.94373200000001"><ele>3146.009994484002</ele></trkpt><trkpt lat="37.800688" lon="-107.94429000000002"><ele>3152.025824001059</ele></trkpt><trkpt lat="37.800069" lon="-107.94507299999998"><ele>3161.7452755581444</ele></trkpt><trkpt lat="37.800137" lon="-107.94582400000002"><ele>3171.7499812275028</ele></trkpt><trkpt lat="37.799968" lon="-107.946596"><ele>3184.2547107598875</ele></trkpt><trkpt lat="37.799391" lon="-107.94743299999999"><ele>3189.985333747696</ele></trkpt><trkpt lat="37.799205" lon="-107.947991"><ele>3197.5049251555465</ele></trkpt><trkpt lat="37.798628" lon="-107.94872099999998"><ele>3204.25424869807</ele></trkpt><trkpt lat="37.798577" lon="-107.95002899999997"><ele>3217.0</ele></trkpt><trkpt lat="37.797916" lon="-107.951596"><ele>3229.7506975810447</ele></trkpt><trkpt lat="37.797594" lon="-107.95329099999998"><ele>3238.0</ele></trkpt><trkpt lat="37.797984" lon="-107.95404200000002"><ele>3232.249837373093</ele></trkpt><trkpt lat="37.798188" lon="-107.95462099999997"><ele>3224.5146801783703</ele></trkpt><trkpt lat="37.797526" lon="-107.95447100000001"><ele>3217.2473424526333</ele></trkpt><trkpt lat="37.796695" lon="-107.95457199999998"><ele>3209.3824443597423</ele></trkpt><trkpt lat="37.796288" lon="-107.95462099999997"><ele>3205.2446625237526</ele></trkpt><trkpt lat="37.796034" lon="-107.95498600000002"><ele>3202.0</ele></trkpt><trkpt lat="37.796577" lon="-107.955265"><ele>3205.0</ele></trkpt><trkpt lat="37.796746" lon="-107.95565099999999"><ele>3198.513201067224</ele></trkpt><trkpt lat="37.797153" lon="-107.95586600000001"><ele>3196.493474843912</ele></trkpt><trkpt lat="37.798188" lon="-107.95745399999998"><ele>3162.4873109338805</ele></trkpt><trkpt lat="37.797509" lon="-107.95910600000002"><ele>3134.2427739646114</ele></trkpt><trkpt lat="37.796916" lon="-107.95968499999998"><ele>3115.0</ele></trkpt><trkpt lat="37.796339" lon="-107.95949200000001"><ele>3113.7465753584456</ele></trkpt><trkpt lat="37.795763" lon="-107.95994300000001"><ele>3096.491503644269</ele></trkpt><trkpt lat="37.796238" lon="-107.960286"><ele>3092.0</ele></trkpt><trkpt lat="37.79617" lon="-107.96067199999999"><ele>3093.0</ele></trkpt><trkpt lat="37.794644" lon="-107.96084400000001"><ele>3096.0</ele></trkpt><trkpt lat="37.793372" lon="-107.96226000000001"><ele>3092.2450402636277</ele></trkpt><trkpt lat="37.792863" lon="-107.96367700000002"><ele>3096.0</ele></trkpt><trkpt lat="37.791066" lon="-107.96507099999997"><ele>3109.249202458755</ele></trkpt><trkpt lat="37.787166" lon="-107.96614399999999"><ele>3129.4960419549607</ele></trkpt><trkpt lat="37.786708" lon="-107.96695999999997"><ele>3140.0</ele></trkpt><trkpt lat="37.786725" lon="-107.96869800000002"><ele>3140.0</ele></trkpt><trkpt lat="37.786521" lon="-107.969856"><ele>3142.735844238153</ele></trkpt><trkpt lat="37.786555" lon="-107.97050000000002"><ele>3143.4996444438584</ele></trkpt><trkpt lat="37.785979" lon="-107.972689"><ele>3140.0</ele></trkpt><trkpt lat="37.785758" lon="-107.97384799999998"><ele>3135.2400306700292</ele></trkpt><trkpt lat="37.78608" lon="-107.976744"><ele>3128.0</ele></trkpt><trkpt lat="37.786538" lon="-107.97841800000003"><ele>3119.0</ele></trkpt><trkpt lat="37.786817" lon="-107.98000300000001"><ele>3114.0</ele></trkpt><trkpt lat="37.786877" lon="-107.98034899999999"><ele>3110.0</ele></trkpt><trkpt lat="37.788387" lon="-107.984126"><ele>3134.0</ele></trkpt><trkpt lat="37.788149" lon="-107.98579899999999"><ele>3129.0</ele></trkpt><trkpt lat="37.788751" lon="-107.986196"><ele>3135.0</ele></trkpt><trkpt lat="37.788904" lon="-107.987033"><ele>3138.0</ele></trkpt><trkpt lat="37.789175" lon="-107.98783800000001"><ele>3134.0</ele></trkpt><trkpt lat="37.788989" lon="-107.98852399999998"><ele>3139.0</ele></trkpt><trkpt lat="37.788616" lon="-107.989104"><ele>3141.0</ele></trkpt><trkpt lat="37.787997" lon="-107.98929699999997"><ele>3143.2400141347916</ele></trkpt><trkpt lat="37.787827" lon="-107.98944699999998"><ele>3145.0</ele></trkpt><trkpt lat="37.787657" lon="-107.98938299999998"><ele>3144.0</ele></trkpt><trkpt lat="37.787225" lon="-107.98950100000002"><ele>3144.011136711575</ele></trkpt><trkpt lat="37.786708" lon="-107.99016599999999"><ele>3143.0</ele></trkpt><trkpt lat="37.786224" lon="-107.990542"><ele>3140.0</ele></trkpt><trkpt lat="37.786114" lon="-107.99100299999998"><ele>3139.0</ele></trkpt><trkpt lat="37.785283" lon="-107.99276199999997"><ele>3134.0</ele></trkpt><trkpt lat="37.785648" lon="-107.99468300000001"><ele>3141.0</ele></trkpt><trkpt lat="37.786055" lon="-107.99571300000002"><ele>3134.4910795252317</ele></trkpt><trkpt lat="37.786157" lon="-107.996668"><ele>3130.0</ele></trkpt><trkpt lat="37.786246" lon="-107.99686600000001"><ele>3130.0</ele></trkpt><trkpt lat="37.78653" lon="-107.99798199999998"><ele>3129.0</ele></trkpt><trkpt lat="37.786903" lon="-107.999076"><ele>3120.0080853167206</ele></trkpt><trkpt lat="37.787115" lon="-107.99939799999999"><ele>3119.0</ele></trkpt><trkpt lat="37.787128" lon="-107.99970400000001"><ele>3119.0</ele></trkpt><trkpt lat="37.787356" lon="-108.00041699999997"><ele>3119.192847055793</ele></trkpt><trkpt lat="37.787581" lon="-108.00084700000002"><ele>3120.0</ele></trkpt><trkpt lat="37.787721" lon="-108.001281"><ele>3122.2480090539902</ele></trkpt><trkpt lat="37.787776" lon="-108.001893"><ele>3125.0</ele></trkpt><trkpt lat="37.787729" lon="-108.002386"><ele>3124.0</ele></trkpt><trkpt lat="37.787789" lon="-108.00258500000001"><ele>3123.4288495000833</ele></trkpt><trkpt lat="37.787924" lon="-108.00275599999998"><ele>3122.0571749284536</ele></trkpt><trkpt lat="37.787984" lon="-108.00294400000001"><ele>3122.8786888318423</ele></trkpt><trkpt lat="37.787958" lon="-108.00307800000002"><ele>3124.0</ele></trkpt><trkpt lat="37.787975" lon="-108.00327099999998"><ele>3125.0</ele></trkpt><trkpt lat="37.788073" lon="-108.00358799999998"><ele>3123.002719855733</ele></trkpt><trkpt lat="37.788043" lon="-108.003829"><ele>3123.8047906183924</ele></trkpt><trkpt lat="37.788035" lon="-108.00402200000002"><ele>3123.938537429318</ele></trkpt><trkpt lat="37.787886" lon="-108.00432799999999"><ele>3126.978109996766</ele></trkpt><trkpt lat="37.787704" lon="-108.005224"><ele>3125.2455150391906</ele></trkpt><trkpt lat="37.787687" lon="-108.00580300000001"><ele>3123.0</ele></trkpt><trkpt lat="37.7877" lon="-108.006324"><ele>3122.0</ele></trkpt><trkpt lat="37.787903" lon="-108.00709599999999"><ele>3117.0023841380344</ele></trkpt><trkpt lat="37.787929" lon="-108.00734799999998"><ele>3116.5138368420303</ele></trkpt><trkpt lat="37.788404" lon="-108.008711"><ele>3111.3873423635487</ele></trkpt><trkpt lat="37.788789" lon="-108.00955299999998"><ele>3109.0</ele></trkpt><trkpt lat="37.788887" lon="-108.009998"><ele>3106.7613186055337</ele></trkpt><trkpt lat="37.788993" lon="-108.01030400000002"><ele>3101.498795376625</ele></trkpt><trkpt lat="37.788963" lon="-108.01053999999999"><ele>3099.0</ele></trkpt><trkpt lat="37.78898" lon="-108.01066400000002"><ele>3099.492177337408</ele></trkpt><trkpt lat="37.788832" lon="-108.01089400000001"><ele>3098.7622990923314</ele></trkpt><trkpt lat="37.788772" lon="-108.01110299999999"><ele>3098.0</ele></trkpt><trkpt lat="37.788692" lon="-108.01210600000002"><ele>3093.5084911212325</ele></trkpt><trkpt lat="37.788717" lon="-108.01271300000002"><ele>3090.0</ele></trkpt><trkpt lat="37.788972" lon="-108.01349299999998"><ele>3089.0</ele></trkpt><trkpt lat="37.789268" lon="-108.01417700000002"><ele>3085.0</ele></trkpt><trkpt lat="37.789472" lon="-108.014569"><ele>3082.3722008632776</ele></trkpt><trkpt lat="37.78954" lon="-108.014746"><ele>3081.7516134510015</ele></trkpt><trkpt lat="37.789722" lon="-108.01509499999997"><ele>3080.055295033585</ele></trkpt><trkpt lat="37.789726" lon="-108.01542699999999"><ele>3079.48495012708</ele></trkpt><trkpt lat="37.789633" lon="-108.01577600000002"><ele>3079.0</ele></trkpt><trkpt lat="37.789629" lon="-108.016232"><ele>3076.0</ele></trkpt><trkpt lat="37.789538" lon="-108.01673399999999"><ele>3073.0968346086565</ele></trkpt><trkpt lat="37.78955" lon="-108.01674600000001"><ele>3073.0</ele></trkpt><trkpt lat="37.78992" lon="-108.01711"><ele>3072.0</ele></trkpt><trkpt lat="37.790025" lon="-108.01725899999997"><ele>3072.073796367934</ele></trkpt><trkpt lat="37.790237" lon="-108.01743099999999"><ele>3074.3987415199845</ele></trkpt><trkpt lat="37.790539" lon="-108.01818100000003"><ele>3078.429322220385</ele></trkpt><trkpt lat="37.790553" lon="-108.01896499999998"><ele>3079.0</ele></trkpt><trkpt lat="37.790695" lon="-108.020038"><ele>3085.0</ele></trkpt><trkpt lat="37.790752" lon="-108.02069699999998"><ele>3089.0</ele></trkpt><trkpt lat="37.790464" lon="-108.020778"><ele>3089.0</ele></trkpt><trkpt lat="37.790079" lon="-108.02076799999998"><ele>3090.0</ele></trkpt><trkpt lat="37.789641" lon="-108.02067899999997"><ele>3091.0</ele></trkpt><trkpt lat="37.789169" lon="-108.02084400000001"><ele>3093.0</ele></trkpt><trkpt lat="37.787774" lon="-108.021796"><ele>3103.0</ele></trkpt><trkpt lat="37.787386" lon="-108.02232600000002"><ele>3106.50697754696</ele></trkpt><trkpt lat="37.786246" lon="-108.02391899999998"><ele>3115.0</ele></trkpt><trkpt lat="37.785698" lon="-108.024584"><ele>3118.999879238161</ele></trkpt><trkpt lat="37.783861" lon="-108.02615700000001"><ele>3121.0</ele></trkpt><trkpt lat="37.783256" lon="-108.02671700000002"><ele>3123.616137411265</ele></trkpt><trkpt lat="37.78257" lon="-108.02735000000001"><ele>3126.0</ele></trkpt><trkpt lat="37.782152" lon="-108.02770599999997"><ele>3127.0</ele></trkpt><trkpt lat="37.782052" lon="-108.027808"><ele>3127.0</ele></trkpt><trkpt lat="37.781637" lon="-108.02833099999998"><ele>3127.0</ele></trkpt><trkpt lat="37.781491" lon="-108.02851599999997"><ele>3128.0</ele></trkpt><trkpt lat="37.7812" lon="-108.028929"><ele>3129.0</ele></trkpt><trkpt lat="37.781194" lon="-108.02898199999998"><ele>3129.0</ele></trkpt><trkpt lat="37.7812" lon="-108.028929"><ele>3129.0</ele></trkpt><trkpt lat="37.781069" lon="-108.02906300000001"><ele>3130.0</ele></trkpt><trkpt lat="37.78094" lon="-108.029404"><ele>3132.0</ele></trkpt><trkpt lat="37.780845" lon="-108.02947899999998"><ele>3133.0</ele></trkpt><trkpt lat="37.780599" lon="-108.02961099999999"><ele>3135.7947514034163</ele></trkpt><trkpt lat="37.780581" lon="-108.02988399999998"><ele>3137.0</ele></trkpt><trkpt lat="37.780221" lon="-108.030257"><ele>3140.0</ele></trkpt><trkpt lat="37.78002" lon="-108.03035599999998"><ele>3141.9932511827947</ele></trkpt><trkpt lat="37.779775" lon="-108.03067599999997"><ele>3142.0</ele></trkpt><trkpt lat="37.779597" lon="-108.03098"><ele>3144.0</ele></trkpt><trkpt lat="37.77971" lon="-108.03134499999999"><ele>3145.0</ele></trkpt><trkpt lat="37.779559" lon="-108.031654"><ele>3149.4637279914796</ele></trkpt><trkpt lat="37.779179" lon="-108.03193399999998"><ele>3153.0</ele></trkpt><trkpt lat="37.778455" lon="-108.032193"><ele>3157.6025408008136</ele></trkpt><trkpt lat="37.777861" lon="-108.031971"><ele>3164.0</ele></trkpt><trkpt lat="37.777208" lon="-108.03222700000003"><ele>3170.123842783247</ele></trkpt><trkpt lat="37.776936" lon="-108.03245400000003"><ele>3174.0</ele></trkpt><trkpt lat="37.776464" lon="-108.03238499999998"><ele>3171.0</ele></trkpt><trkpt lat="37.776216" lon="-108.03260699999998"><ele>3172.0</ele></trkpt><trkpt lat="37.775739" lon="-108.032893"><ele>3174.0</ele></trkpt><trkpt lat="37.775699" lon="-108.033184"><ele>3174.0</ele></trkpt><trkpt lat="37.77563" lon="-108.03339299999999"><ele>3174.0</ele></trkpt><trkpt lat="37.77558" lon="-108.033544"><ele>3173.6509081423283</ele></trkpt><trkpt lat="37.775371" lon="-108.03389099999998"><ele>3177.0</ele></trkpt><trkpt lat="37.775061" lon="-108.03413"><ele>3180.0</ele></trkpt><trkpt lat="37.773781" lon="-108.03494799999999"><ele>3185.0</ele></trkpt><trkpt lat="37.773577" lon="-108.03499399999998"><ele>3186.0</ele></trkpt><trkpt lat="37.773509" lon="-108.03466100000003"><ele>3187.0</ele></trkpt><trkpt lat="37.773293" lon="-108.03423499999997"><ele>3189.0</ele></trkpt><trkpt lat="37.772864" lon="-108.033999"><ele>3189.0</ele></trkpt><trkpt lat="37.772646" lon="-108.03411599999998"><ele>3191.0</ele></trkpt><trkpt lat="37.772389" lon="-108.034512"><ele>3197.0</ele></trkpt><trkpt lat="37.771874" lon="-108.03453100000002"><ele>3199.086013862588</ele></trkpt><trkpt lat="37.772078" lon="-108.03499199999999"><ele>3202.0</ele></trkpt><trkpt lat="37.772084" lon="-108.03535599999998"><ele>3203.0069683701417</ele></trkpt><trkpt lat="37.771929" lon="-108.03541999999999"><ele>3205.999252595465</ele></trkpt><trkpt lat="37.771594" lon="-108.035259"><ele>3208.0</ele></trkpt><trkpt lat="37.771503" lon="-108.03549099999998"><ele>3210.3189989763505</ele></trkpt><trkpt lat="37.771497" lon="-108.03592100000003"><ele>3213.0</ele></trkpt><trkpt lat="37.771455" lon="-108.03625199999999"><ele>3214.0</ele></trkpt><trkpt lat="37.770852" lon="-108.03677299999998"><ele>3217.0</ele></trkpt><trkpt lat="37.769688" lon="-108.03741400000001"><ele>3225.030016741727</ele></trkpt><trkpt lat="37.769173" lon="-108.03802100000001"><ele>3231.0</ele></trkpt><trkpt lat="37.768501" lon="-108.03805599999998"><ele>3237.0</ele></trkpt><trkpt lat="37.768261" lon="-108.03822500000001"><ele>3240.0</ele></trkpt><trkpt lat="37.767952" lon="-108.038656"><ele>3244.0</ele></trkpt><trkpt lat="37.767491" lon="-108.03911099999999"><ele>3247.556768681854</ele></trkpt><trkpt lat="37.767307" lon="-108.03915699999999"><ele>3248.8515363559127</ele></trkpt><trkpt lat="37.766921" lon="-108.03919200000001"><ele>3252.0</ele></trkpt><trkpt lat="37.766442" lon="-108.039087"><ele>3260.0</ele></trkpt><trkpt lat="37.766077" lon="-108.039174"><ele>3268.9950845809135</ele></trkpt><trkpt lat="37.765809" lon="-108.039578"><ele>3279.0</ele></trkpt><trkpt lat="37.765401" lon="-108.04050000000001"><ele>3298.7975696111534</ele></trkpt><trkpt lat="37.765286" lon="-108.04113899999999"><ele>3310.0</ele></trkpt><trkpt lat="37.765348" lon="-108.04158999999999"><ele>3316.0</ele></trkpt><trkpt lat="37.765345" lon="-108.04211099999998"><ele>3324.8148415992036</ele></trkpt><trkpt lat="37.765255" lon="-108.04241000000002"><ele>3329.905678368322</ele></trkpt><trkpt lat="37.765279" lon="-108.04255899999998"><ele>3333.0</ele></trkpt><trkpt lat="37.765234" lon="-108.04269499999998"><ele>3334.405011456375</ele></trkpt><trkpt lat="37.76521" lon="-108.04311100000001"><ele>3340.0</ele></trkpt><trkpt lat="37.765119" lon="-108.04372599999999"><ele>3349.6375474443266</ele></trkpt><trkpt lat="37.764857" lon="-108.04420199999998"><ele>3354.3811508453296</ele></trkpt><trkpt lat="37.764745" lon="-108.04435999999998"><ele>3355.3493788574524</ele></trkpt><trkpt lat="37.764714" lon="-108.04454399999997"><ele>3357.784830178984</ele></trkpt><trkpt lat="37.764285" lon="-108.04528700000003"><ele>3364.364334409838</ele></trkpt><trkpt lat="37.764094" lon="-108.04555700000003"><ele>3366.516695844569</ele></trkpt><trkpt lat="37.763967" lon="-108.04582099999999"><ele>3369.9122652468463</ele></trkpt><trkpt lat="37.763767" lon="-108.04602999999997"><ele>3370.0</ele></trkpt><trkpt lat="37.763637" lon="-108.046266"><ele>3373.0</ele></trkpt><trkpt lat="37.763609" lon="-108.04643799999997"><ele>3375.0</ele></trkpt><trkpt lat="37.7634" lon="-108.04675199999997"><ele>3378.0</ele></trkpt><trkpt lat="37.763326" lon="-108.046943"><ele>3379.0021415770952</ele></trkpt><trkpt lat="37.763195" lon="-108.04711500000002"><ele>3381.0</ele></trkpt><trkpt lat="37.763127" lon="-108.04735199999999"><ele>3384.0</ele></trkpt><trkpt lat="37.763" lon="-108.047594"><ele>3387.0</ele></trkpt><trkpt lat="37.762636" lon="-108.04801700000002"><ele>3388.272291021922</ele></trkpt><trkpt lat="37.762552" lon="-108.048182"><ele>3389.2072762730704</ele></trkpt><trkpt lat="37.761971" lon="-108.04876999999999"><ele>3392.004211554739</ele></trkpt><trkpt lat="37.761797" lon="-108.049014"><ele>3393.3995867054177</ele></trkpt><trkpt lat="37.761504" lon="-108.04925800000001"><ele>3395.8891825783066</ele></trkpt><trkpt lat="37.761167" lon="-108.049644"><ele>3396.8780864002183</ele></trkpt><trkpt lat="37.760634" lon="-108.05016699999999"><ele>3397.0</ele></trkpt><trkpt lat="37.760117" lon="-108.05042600000002"><ele>3400.5000481282773</ele></trkpt><trkpt lat="37.759901" lon="-108.05075199999999"><ele>3405.0</ele></trkpt><trkpt lat="37.759617" lon="-108.05098499999997"><ele>3410.0</ele></trkpt><trkpt lat="37.759298" lon="-108.05140599999999"><ele>3415.0</ele></trkpt><trkpt lat="37.758474" lon="-108.052281"><ele>3422.0</ele></trkpt><trkpt lat="37.758096" lon="-108.05251900000002"><ele>3427.0</ele></trkpt><trkpt lat="37.757596" lon="-108.05312200000003"><ele>3435.964634312317</ele></trkpt><trkpt lat="37.757356" lon="-108.05350299999998"><ele>3440.720521243755</ele></trkpt><trkpt lat="37.757161" lon="-108.05372399999999"><ele>3444.0</ele></trkpt><trkpt lat="37.757157" lon="-108.054145"><ele>3449.7459565717727</ele></trkpt><trkpt lat="37.757042" lon="-108.05408"><ele>3453.524726521224</ele></trkpt><trkpt lat="37.756686" lon="-108.05406399999998"><ele>3459.5093736462295</ele></trkpt><trkpt lat="37.756527" lon="-108.05418500000002"><ele>3463.0</ele></trkpt><trkpt lat="37.756133" lon="-108.05419"><ele>3465.972097187858</ele></trkpt><trkpt lat="37.755963" lon="-108.05397900000003"><ele>3463.0</ele></trkpt><trkpt lat="37.755793" lon="-108.05396200000001"><ele>3462.1114716446027</ele></trkpt><trkpt lat="37.755598" lon="-108.05420900000001"><ele>3464.0</ele></trkpt><trkpt lat="37.755643" lon="-108.05474800000002"><ele>3468.7445436255375</ele></trkpt><trkpt lat="37.755333" lon="-108.055116"><ele>3472.0</ele></trkpt><trkpt lat="37.75528" lon="-108.05558500000001"><ele>3477.0</ele></trkpt><trkpt lat="37.755356" lon="-108.05575399999998"><ele>3480.0</ele></trkpt><trkpt lat="37.75539" lon="-108.05591700000002"><ele>3482.0</ele></trkpt><trkpt lat="37.755229" lon="-108.05635799999999"><ele>3484.0</ele></trkpt><trkpt lat="37.755022" lon="-108.056604"><ele>3490.0</ele></trkpt><trkpt lat="37.75507" lon="-108.05675200000002"><ele>3494.103094687204</ele></trkpt><trkpt lat="37.754065" lon="-108.05679199999997"><ele>3508.999030754436</ele></trkpt><trkpt lat="37.753558" lon="-108.056827"><ele>3515.9582023635808</ele></trkpt><trkpt lat="37.753266" lon="-108.05670399999997"><ele>3517.907967782652</ele></trkpt><trkpt lat="37.752805" lon="-108.05680699999999"><ele>3527.2708441242576</ele></trkpt><trkpt lat="37.752273" lon="-108.056757"><ele>3533.397008088543</ele></trkpt><trkpt lat="37.751958" lon="-108.05641600000001"><ele>3541.0</ele></trkpt><trkpt lat="37.751721" lon="-108.05631900000003"><ele>3544.962906682876</ele></trkpt><trkpt lat="37.751354" lon="-108.05615799999998"><ele>3549.0</ele></trkpt><trkpt lat="37.751194" lon="-108.056172"><ele>3552.0</ele></trkpt><trkpt lat="37.751111" lon="-108.05614800000001"><ele>3553.0</ele></trkpt><trkpt lat="37.751057" lon="-108.056195"><ele>3553.0</ele></trkpt><trkpt lat="37.751068" lon="-108.05633499999999"><ele>3555.457658915449</ele></trkpt><trkpt lat="37.751327" lon="-108.05669"><ele>3563.2454862222075</ele></trkpt><trkpt lat="37.751403" lon="-108.05679499999997"><ele>3565.0</ele></trkpt><trkpt lat="37.751187" lon="-108.05682999999999"><ele>3567.0</ele></trkpt><trkpt lat="37.750975" lon="-108.05670900000001"><ele>3572.886611352983</ele></trkpt><trkpt lat="37.750716" lon="-108.05670099999998"><ele>3577.0</ele></trkpt><trkpt lat="37.750445" lon="-108.056377"><ele>3583.3726997170597</ele></trkpt><trkpt lat="37.750084" lon="-108.056194"><ele>3588.650177087635</ele></trkpt><trkpt lat="37.749562" lon="-108.05620299999998"><ele>3591.0</ele></trkpt><trkpt lat="37.749419" lon="-108.056264"><ele>3591.0</ele></trkpt><trkpt lat="37.749043" lon="-108.056351"><ele>3591.0</ele></trkpt><trkpt lat="37.748373" lon="-108.05630300000001"><ele>3589.0</ele></trkpt><trkpt lat="37.748036" lon="-108.056466"><ele>3587.517573592049</ele></trkpt><trkpt lat="37.74786" lon="-108.05665599999998"><ele>3587.0</ele></trkpt><trkpt lat="37.74761" lon="-108.056805"><ele>3588.0</ele></trkpt><trkpt lat="37.747501" lon="-108.05683999999997"><ele>3588.235992887523</ele></trkpt><trkpt lat="37.747082" lon="-108.05714499999999"><ele>3589.0</ele></trkpt><trkpt lat="37.746912" lon="-108.05735400000003"><ele>3588.8098709317856</ele></trkpt><trkpt lat="37.746634" lon="-108.057364"><ele>3582.3508883056247</ele></trkpt><trkpt lat="37.746551" lon="-108.057454"><ele>3580.0</ele></trkpt><trkpt lat="37.746044" lon="-108.05769900000001"><ele>3573.0</ele></trkpt><trkpt lat="37.74579" lon="-108.058022"><ele>3571.0</ele></trkpt><trkpt lat="37.745643" lon="-108.05812500000002"><ele>3570.3478769249296</ele></trkpt><trkpt lat="37.745253" lon="-108.058582"><ele>3570.381166940555</ele></trkpt><trkpt lat="37.745109" lon="-108.05874"><ele>3575.86799874343</ele></trkpt><trkpt lat="37.745007" lon="-108.05889100000002"><ele>3579.8794946130365</ele></trkpt><trkpt lat="37.744693" lon="-108.05916300000001"><ele>3586.690030146371</ele></trkpt><trkpt lat="37.7446" lon="-108.05932100000001"><ele>3590.8664593733847</ele></trkpt><trkpt lat="37.74432" lon="-108.05946599999999"><ele>3600.2271490614803</ele></trkpt><trkpt lat="37.743922" lon="-108.05981500000001"><ele>3610.881041778717</ele></trkpt><trkpt lat="37.743492" lon="-108.05994599999997"><ele>3613.9860842651688</ele></trkpt><trkpt lat="37.743415" lon="-108.06001700000002"><ele>3614.294924089685</ele></trkpt><trkpt lat="37.742858" lon="-108.06014399999998"><ele>3616.0</ele></trkpt><trkpt lat="37.74272" lon="-108.06014700000003"><ele>3616.0</ele></trkpt><trkpt lat="37.742496" lon="-108.06016299999999"><ele>3615.0</ele></trkpt><trkpt lat="37.742385" lon="-108.060112"><ele>3614.0</ele></trkpt><trkpt lat="37.742275" lon="-108.06010400000002"><ele>3613.0</ele></trkpt><trkpt lat="37.742145" lon="-108.060044"><ele>3612.0</ele></trkpt><trkpt lat="37.742014" lon="-108.06006400000001"><ele>3611.0</ele></trkpt><trkpt lat="37.741922" lon="-108.06000599999999"><ele>3611.0</ele></trkpt><trkpt lat="37.74187" lon="-108.05997300000001"><ele>3610.0</ele></trkpt><trkpt lat="37.741738" lon="-108.05994900000002"><ele>3610.0</ele></trkpt><trkpt lat="37.741598" lon="-108.05985499999997"><ele>3611.2008900833193</ele></trkpt><trkpt lat="37.74132" lon="-108.05975799999999"><ele>3614.0</ele></trkpt><trkpt lat="37.741028" lon="-108.05972300000002"><ele>3623.0</ele></trkpt><trkpt lat="37.740879" lon="-108.05967099999998"><ele>3627.1613167263567</ele></trkpt><trkpt lat="37.740629" lon="-108.05982499999999"><ele>3631.584052989993</ele></trkpt><trkpt lat="37.74023" lon="-108.05997300000001"><ele>3636.7556245326996</ele></trkpt><trkpt lat="37.739677" lon="-108.06002899999999"><ele>3645.1458353782073</ele></trkpt><trkpt lat="37.739335" lon="-108.06008500000002"><ele>3648.6179409658425</ele></trkpt><trkpt lat="37.739089" lon="-108.06026500000002"><ele>3651.797382296063</ele></trkpt><trkpt lat="37.738862" lon="-108.06031899999999"><ele>3653.6308558229357</ele></trkpt><trkpt lat="37.738082" lon="-108.06007499999998"><ele>3657.0020934323575</ele></trkpt><trkpt lat="37.737734" lon="-108.06003800000002"><ele>3657.589982501442</ele></trkpt><trkpt lat="37.737309" lon="-108.06011899999999"><ele>3656.929561526562</ele></trkpt><trkpt lat="37.736794" lon="-108.06011999999998"><ele>3662.904928000644</ele></trkpt><trkpt lat="37.736495" lon="-108.06005099999999"><ele>3665.120561067015</ele></trkpt><trkpt lat="37.736215" lon="-108.05991699999998"><ele>3667.3654136890545</ele></trkpt><trkpt lat="37.73598" lon="-108.059889"><ele>3667.6703082667664</ele></trkpt><trkpt lat="37.735502" lon="-108.059909"><ele>3668.7382407109253</ele></trkpt><trkpt lat="37.734698" lon="-108.059797"><ele>3671.5052324738353</ele></trkpt><trkpt lat="37.734517" lon="-108.05984000000001"><ele>3668.9503516680984</ele></trkpt><trkpt lat="37.733988" lon="-108.059867"><ele>3663.6955825779587</ele></trkpt><trkpt lat="37.733752" lon="-108.05990300000002"><ele>3659.0357219539583</ele></trkpt><trkpt lat="37.733453" lon="-108.05990099999997"><ele>3656.4220280932223</ele></trkpt><trkpt lat="37.733296" lon="-108.05993000000001"><ele>3652.759569777176</ele></trkpt><trkpt lat="37.733209" lon="-108.05990800000001"><ele>3652.631549107842</ele></trkpt><trkpt lat="37.732766" lon="-108.05994099999998"><ele>3643.2469326234423</ele></trkpt><trkpt lat="37.732229" lon="-108.05988400000001"><ele>3634.905472203158</ele></trkpt><trkpt lat="37.732029" lon="-108.05994199999998"><ele>3630.9495256822956</ele></trkpt><trkpt lat="37.731765" lon="-108.05997300000001"><ele>3625.570575210301</ele></trkpt><trkpt lat="37.731602" lon="-108.06005299999998"><ele>3622.0273543116637</ele></trkpt><trkpt lat="37.731351" lon="-108.06010000000003"><ele>3619.0</ele></trkpt><trkpt lat="37.731043" lon="-108.06034599999998"><ele>3613.8662808541703</ele></trkpt><trkpt lat="37.730836" lon="-108.060608"><ele>3611.986896011876</ele></trkpt><trkpt lat="37.730274" lon="-108.06094999999999"><ele>3622.0</ele></trkpt><trkpt lat="37.729446" lon="-108.06160599999998"><ele>3628.961480671416</ele></trkpt><trkpt lat="37.729405" lon="-108.06162599999999"><ele>3629.0</ele></trkpt><trkpt lat="37.729233" lon="-108.06177200000002"><ele>3630.0</ele></trkpt><trkpt lat="37.729181" lon="-108.06182100000001"><ele>3630.0</ele></trkpt><trkpt lat="37.72892" lon="-108.06196999999997"><ele>3631.0</ele></trkpt><trkpt lat="37.72868" lon="-108.06218000000001"><ele>3638.0024131728896</ele></trkpt><trkpt lat="37.728553" lon="-108.06222200000002"><ele>3642.5078562684357</ele></trkpt><trkpt lat="37.728362" lon="-108.062232"><ele>3649.762153144926</ele></trkpt><trkpt lat="37.728233" lon="-108.06227200000001"><ele>3655.140030929164</ele></trkpt><trkpt lat="37.728149" lon="-108.062343"><ele>3659.3127222377807</ele></trkpt><trkpt lat="37.728111" lon="-108.06234899999998"><ele>3661.5374412314804</ele></trkpt><trkpt lat="37.728067" lon="-108.06231400000001"><ele>3662.4872699468397</ele></trkpt><trkpt lat="37.728042" lon="-108.06233199999997"><ele>3664.1122184468272</ele></trkpt><trkpt lat="37.728024" lon="-108.06237499999997"><ele>3665.737843026065</ele></trkpt><trkpt lat="37.728039" lon="-108.06245000000001"><ele>3667.5408197425895</ele></trkpt><trkpt lat="37.728028" lon="-108.06251099999997"><ele>3669.0</ele></trkpt><trkpt lat="37.727998" lon="-108.06250899999998"><ele>3670.0904361775383</ele></trkpt><trkpt lat="37.727955" lon="-108.06248700000003"><ele>3671.301407587444</ele></trkpt><trkpt lat="37.727852" lon="-108.06249500000001"><ele>3674.6323970745575</ele></trkpt><trkpt lat="37.727774" lon="-108.06253900000002"><ele>3677.3386720204458</ele></trkpt><trkpt lat="37.727689" lon="-108.06256000000002"><ele>3678.807313779369</ele></trkpt><trkpt lat="37.727594" lon="-108.06264299999998"><ele>3681.0</ele></trkpt><trkpt lat="37.727505" lon="-108.06272799999999"><ele>3682.0</ele></trkpt><trkpt lat="37.727264" lon="-108.06277899999998"><ele>3686.0</ele></trkpt><trkpt lat="37.72712" lon="-108.06293399999998"><ele>3688.0</ele></trkpt><trkpt lat="37.727056" lon="-108.06308100000001"><ele>3691.714839901775</ele></trkpt><trkpt lat="37.727003" lon="-108.06310200000001"><ele>3693.837699763477</ele></trkpt><trkpt lat="37.726923" lon="-108.06322499999999"><ele>3698.0</ele></trkpt><trkpt lat="37.726877" lon="-108.06320800000003"><ele>3700.0016503190122</ele></trkpt><trkpt lat="37.726842" lon="-108.06316400000003"><ele>3701.0</ele></trkpt><trkpt lat="37.7268" lon="-108.06316900000002"><ele>3702.798821574077</ele></trkpt><trkpt lat="37.726755" lon="-108.06324000000001"><ele>3704.7238352478116</ele></trkpt><trkpt lat="37.726739" lon="-108.06329800000003"><ele>3705.3930438905954</ele></trkpt><trkpt lat="37.72668" lon="-108.063376"><ele>3707.869420034811</ele></trkpt><trkpt lat="37.726656" lon="-108.06336099999999"><ele>3708.3814208952863</ele></trkpt><trkpt lat="37.726545" lon="-108.063332"><ele>3712.6468062739473</ele></trkpt><trkpt lat="37.72652" lon="-108.06334800000002"><ele>3713.6700726662825</ele></trkpt><trkpt lat="37.726485" lon="-108.06358799999998"><ele>3717.359118098393</ele></trkpt><trkpt lat="37.7264" lon="-108.06384800000001"><ele>3720.0</ele></trkpt><trkpt lat="37.726324" lon="-108.06392299999999"><ele>3723.0</ele></trkpt><trkpt lat="37.726213" lon="-108.06415099999998"><ele>3726.432435506955</ele></trkpt><trkpt lat="37.726139" lon="-108.064234"><ele>3726.1786318216473</ele></trkpt><trkpt lat="37.726035" lon="-108.06444199999999"><ele>3722.873690476641</ele></trkpt><trkpt lat="37.725999" lon="-108.064796"><ele>3729.9948493074626</ele></trkpt><trkpt lat="37.726005" lon="-108.06489699999997"><ele>3728.821273212729</ele></trkpt><trkpt lat="37.725917" lon="-108.065024"><ele>3731.826373906806</ele></trkpt><trkpt lat="37.725886" lon="-108.06516899999997"><ele>3734.652924494818</ele></trkpt><trkpt lat="37.725884" lon="-108.065289"><ele>3736.5415328852832</ele></trkpt><trkpt lat="37.725852" lon="-108.065407"><ele>3738.992801315083</ele></trkpt><trkpt lat="37.725741" lon="-108.06562500000001"><ele>3743.1964574232697</ele></trkpt><trkpt lat="37.725609" lon="-108.06580500000001"><ele>3749.974003886804</ele></trkpt><trkpt lat="37.725571" lon="-108.06592599999999"><ele>3751.2129919677973</ele></trkpt><trkpt lat="37.725522" lon="-108.06612100000001"><ele>3754.0</ele></trkpt><trkpt lat="37.725506" lon="-108.06627900000001"><ele>3752.157380110173</ele></trkpt><trkpt lat="37.725506" lon="-108.06658600000003"><ele>3745.58601497796</ele></trkpt><trkpt lat="37.725519" lon="-108.06677400000001"><ele>3742.859750290047</ele></trkpt><trkpt lat="37.725499" lon="-108.066821"><ele>3741.790661344671</ele></trkpt><trkpt lat="37.725477" lon="-108.06703299999998"><ele>3737.0</ele></trkpt><trkpt lat="37.725452" lon="-108.06719099999998"><ele>3735.0</ele></trkpt><trkpt lat="37.725459" lon="-108.067296"><ele>3733.8121080435812</ele></trkpt><trkpt lat="37.725445" lon="-108.067365"><ele>3733.095635357625</ele></trkpt><trkpt lat="37.725452" lon="-108.06748900000002"><ele>3732.7754475325346</ele></trkpt><trkpt lat="37.725418" lon="-108.06771700000002"><ele>3728.6312136226334</ele></trkpt><trkpt lat="37.725408" lon="-108.06778400000002"><ele>3726.9677604432827</ele></trkpt><trkpt lat="37.725409" lon="-108.06795599999998"><ele>3724.2418612129986</ele></trkpt><trkpt lat="37.725369" lon="-108.06811099999999"><ele>3718.382374229841</ele></trkpt><trkpt lat="37.725369" lon="-108.06822199999999"><ele>3716.0</ele></trkpt><trkpt lat="37.725346" lon="-108.068311"><ele>3716.0</ele></trkpt><trkpt lat="37.725366" lon="-108.068512"><ele>3712.9443921339666</ele></trkpt><trkpt lat="37.725338" lon="-108.06879100000003"><ele>3712.058500977233</ele></trkpt><trkpt lat="37.725256" lon="-108.06920500000001"><ele>3712.110503810058</ele></trkpt><trkpt lat="37.725154" lon="-108.06957"><ele>3712.217135367915</ele></trkpt><trkpt lat="37.724996" lon="-108.06987100000003"><ele>3709.0484091343274</ele></trkpt><trkpt lat="37.724905" lon="-108.07007299999998"><ele>3709.487600416367</ele></trkpt><trkpt lat="37.724734" lon="-108.07036800000003"><ele>3709.0</ele></trkpt><trkpt lat="37.724613" lon="-108.07055300000002"><ele>3711.658680330962</ele></trkpt><trkpt lat="37.724424" lon="-108.07086600000002"><ele>3716.0</ele></trkpt><trkpt lat="37.724251" lon="-108.07113500000003"><ele>3716.561700533583</ele></trkpt><trkpt lat="37.724155" lon="-108.07131500000003"><ele>3718.6439393591136</ele></trkpt><trkpt lat="37.724118" lon="-108.07147500000002"><ele>3720.0</ele></trkpt><trkpt lat="37.724056" lon="-108.07186100000001"><ele>3724.0</ele></trkpt><trkpt lat="37.723924" lon="-108.07241499999998"><ele>3726.2330814219135</ele></trkpt><trkpt lat="37.723863" lon="-108.07259699999997"><ele>3726.8484278786927</ele></trkpt><trkpt lat="37.723775" lon="-108.07268999999997"><ele>3728.130449725673</ele></trkpt><trkpt lat="37.723765" lon="-108.07277899999997"><ele>3726.0</ele></trkpt><trkpt lat="37.723707" lon="-108.0729"><ele>3725.3410992192134</ele></trkpt><trkpt lat="37.72362" lon="-108.07312000000002"><ele>3726.0</ele></trkpt><trkpt lat="37.723462" lon="-108.07311600000003"><ele>3728.8701062957407</ele></trkpt><trkpt lat="37.723309" lon="-108.07343800000001"><ele>3719.0</ele></trkpt><trkpt lat="37.723113" lon="-108.07367499999998"><ele>3710.196142223198</ele></trkpt><trkpt lat="37.723066" lon="-108.073824"><ele>3705.252238932997</ele></trkpt><trkpt lat="37.722986" lon="-108.07388700000001"><ele>3702.316226132214</ele></trkpt><trkpt lat="37.723003" lon="-108.07397300000002"><ele>3700.148374906727</ele></trkpt><trkpt lat="37.722955" lon="-108.074027"><ele>3697.9277626439894</ele></trkpt><trkpt lat="37.722922" lon="-108.07409799999999"><ele>3696.0</ele></trkpt><trkpt lat="37.722865" lon="-108.07421899999997"><ele>3694.0</ele></trkpt><trkpt lat="37.722616" lon="-108.07482600000003"><ele>3682.0</ele></trkpt><trkpt lat="37.722479" lon="-108.07515699999999"><ele>3682.0</ele></trkpt><trkpt lat="37.722495" lon="-108.075444"><ele>3679.8649685431888</ele></trkpt><trkpt lat="37.722451" lon="-108.075763"><ele>3677.9347349307004</ele></trkpt><trkpt lat="37.72243" lon="-108.07608900000002"><ele>3672.974649588112</ele></trkpt><trkpt lat="37.722366" lon="-108.07642299999998"><ele>3675.049826109782</ele></trkpt><trkpt lat="37.722253" lon="-108.07687699999997"><ele>3675.0</ele></trkpt><trkpt lat="37.722391" lon="-108.07731799999999"><ele>3667.242307362926</ele></trkpt><trkpt lat="37.722394" lon="-108.077541"><ele>3664.416603941648</ele></trkpt><trkpt lat="37.72238" lon="-108.07781299999999"><ele>3664.6486350218765</ele></trkpt><trkpt lat="37.722302" lon="-108.07803799999999"><ele>3662.469107623139</ele></trkpt><trkpt lat="37.72227" lon="-108.07809399999996"><ele>3661.2940328232944</ele></trkpt><trkpt lat="37.722161" lon="-108.07854199999997"><ele>3652.457204115855</ele></trkpt><trkpt lat="37.722102" lon="-108.07874500000003"><ele>3649.967154985934</ele></trkpt><trkpt lat="37.722004" lon="-108.078868"><ele>3649.0698832292037</ele></trkpt><trkpt lat="37.721822" lon="-108.07925999999998"><ele>3647.1011952385306</ele></trkpt><trkpt lat="37.721736" lon="-108.07935600000002"><ele>3647.5361035965525</ele></trkpt><trkpt lat="37.721679" lon="-108.07946200000004"><ele>3646.028819176834</ele></trkpt><trkpt lat="37.721585" lon="-108.079521"><ele>3647.752795733046</ele></trkpt><trkpt lat="37.721326" lon="-108.079815"><ele>3645.6923725029055</ele></trkpt><trkpt lat="37.721302" lon="-108.07986299999999"><ele>3644.0</ele></trkpt><trkpt lat="37.721299" lon="-108.07996000000003"><ele>3642.0</ele></trkpt><trkpt lat="37.721241" lon="-108.08006999999998"><ele>3639.1118725643164</ele></trkpt><trkpt lat="37.721201" lon="-108.080082"><ele>3638.3110405877233</ele></trkpt><trkpt lat="37.721134" lon="-108.08003300000001"><ele>3636.931182290144</ele></trkpt><trkpt lat="37.721033" lon="-108.07988499999999"><ele>3633.412954200059</ele></trkpt><trkpt lat="37.720973" lon="-108.07984199999999"><ele>3630.8779287878424</ele></trkpt><trkpt lat="37.720932" lon="-108.07986699999998"><ele>3629.090356761124</ele></trkpt><trkpt lat="37.720909" lon="-108.07995299999999"><ele>3626.6608723970226</ele></trkpt><trkpt lat="37.720932" lon="-108.080196"><ele>3623.462329737842</ele></trkpt><trkpt lat="37.720903" lon="-108.08028300000001"><ele>3619.753736095503</ele></trkpt><trkpt lat="37.720952" lon="-108.08063099999998"><ele>3613.66371697234</ele></trkpt><trkpt lat="37.721179" lon="-108.08122500000002"><ele>3606.005062363571</ele></trkpt><trkpt lat="37.721244" lon="-108.08141799999999"><ele>3602.89832111558</ele></trkpt><trkpt lat="37.721309" lon="-108.08153400000003"><ele>3600.940196265001</ele></trkpt><trkpt lat="37.721351" lon="-108.08165400000001"><ele>3598.444733128093</ele></trkpt><trkpt lat="37.721371" lon="-108.08181200000001"><ele>3596.0</ele></trkpt><trkpt lat="37.721415" lon="-108.08196499999997"><ele>3593.0</ele></trkpt><trkpt lat="37.721388" lon="-108.08245999999997"><ele>3588.1140482556075</ele></trkpt><trkpt lat="37.721403" lon="-108.08269200000001"><ele>3589.212340844795</ele></trkpt><trkpt lat="37.721379" lon="-108.082945"><ele>3588.7983232736588</ele></trkpt><trkpt lat="37.721446" lon="-108.08346899999998"><ele>3582.0</ele></trkpt><trkpt lat="37.720946" lon="-108.084319"><ele>3571.13737913128</ele></trkpt><trkpt lat="37.720739" lon="-108.08446900000001"><ele>3564.091357043013</ele></trkpt><trkpt lat="37.720333" lon="-108.08463"><ele>3554.456172078226</ele></trkpt><trkpt lat="37.720097" lon="-108.08477299999998"><ele>3551.0021735967503</ele></trkpt><trkpt lat="37.719725" lon="-108.084924"><ele>3546.3953037764877</ele></trkpt><trkpt lat="37.71953" lon="-108.08506"><ele>3547.383313777391</ele></trkpt><trkpt lat="37.719052" lon="-108.08564999999999"><ele>3546.579018510878</ele></trkpt><trkpt lat="37.718872" lon="-108.08568400000001"><ele>3547.4638215121813</ele></trkpt><trkpt lat="37.718615" lon="-108.085827"><ele>3545.0</ele></trkpt><trkpt lat="37.718528" lon="-108.085981"><ele>3542.8805190408707</ele></trkpt><trkpt lat="37.718456" lon="-108.08620000000002"><ele>3540.58619212918</ele></trkpt><trkpt lat="37.718465" lon="-108.086548"><ele>3538.7606755400593</ele></trkpt><trkpt lat="37.718381" lon="-108.08676200000002"><ele>3538.1176743260467</ele></trkpt><trkpt lat="37.718208" lon="-108.08700799999997"><ele>3538.0</ele></trkpt><trkpt lat="37.718142" lon="-108.08723299999997"><ele>3536.404245235206</ele></trkpt><trkpt lat="37.718171" lon="-108.087331"><ele>3537.2195847118273</ele></trkpt><trkpt lat="37.718145" lon="-108.08741099999997"><ele>3538.0</ele></trkpt><trkpt lat="37.71808" lon="-108.08745699999997"><ele>3537.4860186502083</ele></trkpt><trkpt lat="37.717967" lon="-108.08763999999996"><ele>3537.776820650324</ele></trkpt><trkpt lat="37.717806" lon="-108.08817799999997"><ele>3535.2915681749582</ele></trkpt><trkpt lat="37.717749" lon="-108.08824900000002"><ele>3534.0</ele></trkpt><trkpt lat="37.717717" lon="-108.088347"><ele>3534.0</ele></trkpt><trkpt lat="37.717612" lon="-108.088326"><ele>3534.0</ele></trkpt><trkpt lat="37.717282" lon="-108.088549"><ele>3530.0</ele></trkpt><trkpt lat="37.716858" lon="-108.088751"><ele>3528.662537441076</ele></trkpt><trkpt lat="37.716734" lon="-108.08886100000001"><ele>3528.587481781424</ele></trkpt><trkpt lat="37.716697" lon="-108.08889299999998"><ele>3528.0134396477183</ele></trkpt><trkpt lat="37.716499" lon="-108.08913100000001"><ele>3527.36585692793</ele></trkpt><trkpt lat="37.716388" lon="-108.08918699999998"><ele>3526.537691562467</ele></trkpt><trkpt lat="37.716289" lon="-108.08929599999999"><ele>3524.919114427641</ele></trkpt><trkpt lat="37.716208" lon="-108.089563"><ele>3522.3503941813237</ele></trkpt><trkpt lat="37.716107" lon="-108.08970499999998"><ele>3523.884356380038</ele></trkpt><trkpt lat="37.715871" lon="-108.089742"><ele>3527.580328533426</ele></trkpt><trkpt lat="37.715675" lon="-108.089902"><ele>3530.036868977826</ele></trkpt><trkpt lat="37.715386" lon="-108.09008499999999"><ele>3534.4073975693236</ele></trkpt><trkpt lat="37.715245" lon="-108.090213"><ele>3535.0</ele></trkpt><trkpt lat="37.71513" lon="-108.09032000000002"><ele>3532.482919110451</ele></trkpt><trkpt lat="37.714755" lon="-108.09056399999997"><ele>3528.0505995447047</ele></trkpt><trkpt lat="37.714539" lon="-108.09100000000001"><ele>3521.141098868603</ele></trkpt><trkpt lat="37.713804" lon="-108.09173900000002"><ele>3508.3527260436676</ele></trkpt><trkpt lat="37.71358713368643" lon="-108.09187937025942"><ele>3504.8109978162684</ele></trkpt><trkpt lat="37.713237" lon="-108.092106"><ele>3499.910439878392</ele></trkpt><trkpt lat="37.713144" lon="-108.09215699999999"><ele>3499.918334037291</ele></trkpt><trkpt lat="37.712942" lon="-108.09213799999998"><ele>3501.8207551634696</ele></trkpt><trkpt lat="37.71283" lon="-108.092221"><ele>3502.762977517466</ele></trkpt><trkpt lat="37.712544" lon="-108.09232700000001"><ele>3507.6704418763197</ele></trkpt><trkpt lat="37.712433" lon="-108.09249"><ele>3509.511842558717</ele></trkpt><trkpt lat="37.712253" lon="-108.092511"><ele>3510.4695213146397</ele></trkpt><trkpt lat="37.711998" lon="-108.09249"><ele>3511.0</ele></trkpt><trkpt lat="37.711828" lon="-108.09258599999998"><ele>3511.7788462333147</ele></trkpt><trkpt lat="37.711469" lon="-108.09276899999998"><ele>3514.033954491839</ele></trkpt><trkpt lat="37.711366" lon="-108.092849"><ele>3517.0</ele></trkpt><trkpt lat="37.711348" lon="-108.09286299999997"><ele>3517.0</ele></trkpt><trkpt lat="37.711213" lon="-108.093005"><ele>3520.0404940106673</ele></trkpt><trkpt lat="37.711136" lon="-108.093029"><ele>3522.1525217469352</ele></trkpt><trkpt lat="37.711022" lon="-108.09311200000002"><ele>3523.3662883541547</ele></trkpt><trkpt lat="37.710754" lon="-108.09308699999997"><ele>3529.0818581047715</ele></trkpt><trkpt lat="37.710681" lon="-108.09303699999998"><ele>3531.924457254445</ele></trkpt><trkpt lat="37.710428" lon="-108.09306700000002"><ele>3535.1660611673806</ele></trkpt><trkpt lat="37.710244" lon="-108.09308900000002"><ele>3537.0865406695502</ele></trkpt><trkpt lat="37.709916" lon="-108.09300999999999"><ele>3545.0</ele></trkpt><trkpt lat="37.709513" lon="-108.092715"><ele>3557.0</ele></trkpt><trkpt lat="37.709288" lon="-108.09267699999998"><ele>3561.6387576893903</ele></trkpt><trkpt lat="37.709029" lon="-108.09257500000001"><ele>3569.3923022216186</ele></trkpt><trkpt lat="37.708772" lon="-108.092559"><ele>3574.1379562672228</ele></trkpt><trkpt lat="37.708718" lon="-108.09256299999998"><ele>3574.9515427560546</ele></trkpt><trkpt lat="37.708397" lon="-108.09240699999998"><ele>3583.0</ele></trkpt><trkpt lat="37.708214" lon="-108.09248200000002"><ele>3586.0</ele></trkpt><trkpt lat="37.707958" lon="-108.092489"><ele>3585.599807289429</ele></trkpt><trkpt lat="37.707732" lon="-108.09255999999999"><ele>3586.9086471111514</ele></trkpt><trkpt lat="37.707627" lon="-108.092578"><ele>3586.0</ele></trkpt><trkpt lat="37.707567" lon="-108.09260799999998"><ele>3586.0</ele></trkpt><trkpt lat="37.707463" lon="-108.09263900000002"><ele>3586.0078123348817</ele></trkpt><trkpt lat="37.707225" lon="-108.09263900000002"><ele>3589.015876082123</ele></trkpt><trkpt lat="37.70705" lon="-108.09266600000001"><ele>3593.3473133593798</ele></trkpt><trkpt lat="37.706741" lon="-108.092488"><ele>3600.2453930527854</ele></trkpt><trkpt lat="37.706653" lon="-108.09234800000002"><ele>3603.0</ele></trkpt><trkpt lat="37.706325" lon="-108.09225100000003"><ele>3605.0</ele></trkpt><trkpt lat="37.706184" lon="-108.091969"><ele>3601.8683651217048</ele></trkpt><trkpt lat="37.706016" lon="-108.09178400000002"><ele>3601.190226643023</ele></trkpt><trkpt lat="37.705795" lon="-108.09146199999998"><ele>3594.9881487996317</ele></trkpt><trkpt lat="37.705494" lon="-108.09143499999999"><ele>3585.520152889192</ele></trkpt><trkpt lat="37.705371" lon="-108.09138200000001"><ele>3586.0098680895753</ele></trkpt><trkpt lat="37.705074" lon="-108.091183"><ele>3581.255989467725</ele></trkpt><trkpt lat="37.704909" lon="-108.09116399999999"><ele>3576.0</ele></trkpt><trkpt lat="37.704257" lon="-108.091025"><ele>3564.0</ele></trkpt><trkpt lat="37.703858" lon="-108.09079700000001"><ele>3569.0</ele></trkpt><trkpt lat="37.703758" lon="-108.090599"><ele>3570.0</ele></trkpt><trkpt lat="37.703555" lon="-108.090528"><ele>3569.0</ele></trkpt><trkpt lat="37.70345" lon="-108.09041000000002"><ele>3569.0</ele></trkpt><trkpt lat="37.703218" lon="-108.09022700000003"><ele>3569.8170332429</ele></trkpt><trkpt lat="37.703065" lon="-108.09007600000001"><ele>3571.866015792266</ele></trkpt><trkpt lat="37.70297" lon="-108.09000600000002"><ele>3574.116379732266</ele></trkpt><trkpt lat="37.702845" lon="-108.08999499999999"><ele>3577.0</ele></trkpt><trkpt lat="37.702608" lon="-108.08985799999999"><ele>3583.0136796445586</ele></trkpt><trkpt lat="37.702234" lon="-108.08943499999998"><ele>3590.697533214465</ele></trkpt><trkpt lat="37.702005" lon="-108.08927900000003"><ele>3587.997035376262</ele></trkpt><trkpt lat="37.701676" lon="-108.08901000000003"><ele>3592.5333439987153</ele></trkpt><trkpt lat="37.701603" lon="-108.08890300000002"><ele>3595.0</ele></trkpt><trkpt lat="37.701473" lon="-108.08878800000002"><ele>3597.8792938650586</ele></trkpt><trkpt lat="37.701278" lon="-108.08865700000001"><ele>3600.650168240847</ele></trkpt><trkpt lat="37.701149" lon="-108.088572"><ele>3601.9456234662794</ele></trkpt><trkpt lat="37.701037" lon="-108.088529"><ele>3601.4418321540365</ele></trkpt><trkpt lat="37.700991" lon="-108.08842099999998"><ele>3603.7427917886403</ele></trkpt><trkpt lat="37.700936" lon="-108.088324"><ele>3604.2598230474214</ele></trkpt><trkpt lat="37.700864" lon="-108.08823799999999"><ele>3603.645779950532</ele></trkpt><trkpt lat="37.700371" lon="-108.08743900000002"><ele>3602.0</ele></trkpt><trkpt lat="37.700176" lon="-108.08729399999999"><ele>3603.5047402675264</ele></trkpt><trkpt lat="37.699917" lon="-108.08703100000002"><ele>3605.0</ele></trkpt><trkpt lat="37.69962" lon="-108.08657499999998"><ele>3607.0155999763288</ele></trkpt><trkpt lat="37.699374" lon="-108.086388"><ele>3607.0</ele></trkpt><trkpt lat="37.699132" lon="-108.08621099999999"><ele>3609.2537328746407</ele></trkpt><trkpt lat="37.699035" lon="-108.086206"><ele>3609.094847375791</ele></trkpt><trkpt lat="37.698818" lon="-108.08613000000003"><ele>3613.8094577146157</ele></trkpt><trkpt lat="37.69861" lon="-108.08603900000003"><ele>3619.4856180250645</ele></trkpt><trkpt lat="37.69841" lon="-108.086028"><ele>3625.6361210518203</ele></trkpt><trkpt lat="37.698295" lon="-108.08599100000004"><ele>3629.2589008484147</ele></trkpt><trkpt lat="37.69816" lon="-108.08594800000003"><ele>3632.99249601144</ele></trkpt><trkpt lat="37.698032" lon="-108.08576"><ele>3638.9973271171284</ele></trkpt><trkpt lat="37.697523" lon="-108.08511099999998"><ele>3651.0</ele></trkpt><trkpt lat="37.697338" lon="-108.08496300000002"><ele>3655.0</ele></trkpt><trkpt lat="37.697255" lon="-108.08491500000002"><ele>3655.816366928432</ele></trkpt><trkpt lat="37.697091" lon="-108.084744"><ele>3659.0</ele></trkpt><trkpt lat="37.696872" lon="-108.084587"><ele>3661.6600839113817</ele></trkpt><trkpt lat="37.696669" lon="-108.084431"><ele>3664.943635310062</ele></trkpt><trkpt lat="37.696444" lon="-108.084319"><ele>3667.149789155461</ele></trkpt><trkpt lat="37.696322" lon="-108.08419900000001"><ele>3671.4970813831314</ele></trkpt><trkpt lat="37.695906" lon="-108.08374300000003"><ele>3675.9933347539045</ele></trkpt><trkpt lat="37.695821" lon="-108.08364599999999"><ele>3678.147972476913</ele></trkpt><trkpt lat="37.695622" lon="-108.08356400000002"><ele>3678.3353393762372</ele></trkpt><trkpt lat="37.695446" lon="-108.08356200000003"><ele>3678.428546132054</ele></trkpt><trkpt lat="37.69507" lon="-108.083416"><ele>3679.987818405594</ele></trkpt><trkpt lat="37.695011" lon="-108.08340900000002"><ele>3680.761351956813</ele></trkpt><trkpt lat="37.694921" lon="-108.08343200000002"><ele>3682.8767182675833</ele></trkpt><trkpt lat="37.694836" lon="-108.08353399999999"><ele>3684.0</ele></trkpt><trkpt lat="37.69465" lon="-108.08386100000001"><ele>3688.8586493890734</ele></trkpt><trkpt lat="37.694463" lon="-108.084161"><ele>3687.87055920733</ele></trkpt><trkpt lat="37.694348" lon="-108.084408"><ele>3686.5082042353133</ele></trkpt><trkpt lat="37.694149" lon="-108.08464900000001"><ele>3687.175285359015</ele></trkpt><trkpt lat="37.69386" lon="-108.08481599999999"><ele>3686.9879104001448</ele></trkpt><trkpt lat="37.693613" lon="-108.08490799999998"><ele>3685.700399644673</ele></trkpt><trkpt lat="37.692997" lon="-108.084948"><ele>3681.672529066913</ele></trkpt><trkpt lat="37.692645" lon="-108.08486800000003"><ele>3681.0</ele></trkpt><trkpt lat="37.692418" lon="-108.08491100000003"><ele>3681.0</ele></trkpt><trkpt lat="37.692055" lon="-108.08495900000003"><ele>3677.0</ele></trkpt><trkpt lat="37.6918" lon="-108.08493199999998"><ele>3675.249433792079</ele></trkpt><trkpt lat="37.691645" lon="-108.084857"><ele>3674.0</ele></trkpt><trkpt lat="37.691403" lon="-108.08483799999999"><ele>3672.0</ele></trkpt><trkpt lat="37.69094" lon="-108.08495600000003"><ele>3664.0</ele></trkpt><trkpt lat="37.690686" lon="-108.085104"><ele>3658.8213507514447</ele></trkpt><trkpt lat="37.69018" lon="-108.08527300000003"><ele>3648.0</ele></trkpt><trkpt lat="37.689348" lon="-108.08544899999998"><ele>3639.011337462422</ele></trkpt><trkpt lat="37.688953" lon="-108.085824"><ele>3634.0</ele></trkpt><trkpt lat="37.688825" lon="-108.08629100000002"><ele>3627.83239208484</ele></trkpt><trkpt lat="37.688724" lon="-108.08659699999998"><ele>3626.71596394513</ele></trkpt><trkpt lat="37.688477" lon="-108.08714399999997"><ele>3621.632205832647</ele></trkpt><trkpt lat="37.688469" lon="-108.08736399999998"><ele>3621.0</ele></trkpt><trkpt lat="37.688384" lon="-108.087579"><ele>3620.748220410198</ele></trkpt><trkpt lat="37.688303" lon="-108.08770700000002"><ele>3620.5184023547918</ele></trkpt><trkpt lat="37.688274" lon="-108.08785699999999"><ele>3620.4932825844735</ele></trkpt><trkpt lat="37.688121" lon="-108.08812"><ele>3618.2365699429065</ele></trkpt><trkpt lat="37.687985" lon="-108.08856000000003"><ele>3610.8722681759996</ele></trkpt><trkpt lat="37.687947" lon="-108.08872100000002"><ele>3609.4844165418813</ele></trkpt><trkpt lat="37.687955" lon="-108.08908600000001"><ele>3608.0124581046402</ele></trkpt><trkpt lat="37.687934" lon="-108.08938599999999"><ele>3605.2570294987454</ele></trkpt><trkpt lat="37.6877" lon="-108.08994999999999"><ele>3602.7342723951356</ele></trkpt><trkpt lat="37.687488" lon="-108.09022800000002"><ele>3602.0</ele></trkpt><trkpt lat="37.687348" lon="-108.09035699999998"><ele>3600.9418317086274</ele></trkpt><trkpt lat="37.687195" lon="-108.09063100000003"><ele>3600.758525644429</ele></trkpt><trkpt lat="37.687084" lon="-108.09077100000002"><ele>3595.464795732405</ele></trkpt><trkpt lat="37.686919" lon="-108.09103900000002"><ele>3594.0223572392697</ele></trkpt><trkpt lat="37.686767" lon="-108.091186"><ele>3597.098593766801</ele></trkpt><trkpt lat="37.686452" lon="-108.09137099999998"><ele>3595.5027690678835</ele></trkpt><trkpt lat="37.686181" lon="-108.091339"><ele>3597.9940771553665</ele></trkpt><trkpt lat="37.685353" lon="-108.090802"><ele>3611.020091022365</ele></trkpt><trkpt lat="37.684869" lon="-108.09043500000001"><ele>3622.0921252447124</ele></trkpt><trkpt lat="37.684657" lon="-108.09040600000003"><ele>3622.8792113488084</ele></trkpt><trkpt lat="37.684305" lon="-108.09017900000003"><ele>3623.053995376453</ele></trkpt><trkpt lat="37.684177" lon="-108.09015899999997"><ele>3624.993082552554</ele></trkpt><trkpt lat="37.683873" lon="-108.08989300000002"><ele>3625.3825614214875</ele></trkpt><trkpt lat="37.68374" lon="-108.089944"><ele>3626.0</ele></trkpt><trkpt lat="37.683413" lon="-108.090352"><ele>3625.991611022502</ele></trkpt><trkpt lat="37.683251" lon="-108.090373"><ele>3624.974216068733</ele></trkpt><trkpt lat="37.68309" lon="-108.09045400000002"><ele>3621.0</ele></trkpt><trkpt lat="37.682966" lon="-108.09043400000002"><ele>3618.8298659562133</ele></trkpt><trkpt lat="37.683082" lon="-108.090263"><ele>3617.021970866248</ele></trkpt><trkpt lat="37.683129" lon="-108.090035"><ele>3616.0247769756243</ele></trkpt><trkpt lat="37.683154" lon="-108.08991500000002"><ele>3612.9045467660762</ele></trkpt><trkpt lat="37.683326" lon="-108.08964900000001"><ele>3611.5405014685257</ele></trkpt><trkpt lat="37.683398" lon="-108.08941600000003"><ele>3610.6302891205996</ele></trkpt><trkpt lat="37.6834" lon="-108.08890600000001"><ele>3606.4637281140635</ele></trkpt><trkpt lat="37.683476" lon="-108.08858399999997"><ele>3602.0</ele></trkpt><trkpt lat="37.683417" lon="-108.08848799999998"><ele>3600.0</ele></trkpt><trkpt lat="37.683109" lon="-108.08812"><ele>3589.6119190137833</ele></trkpt><trkpt lat="37.683031" lon="-108.08796999999998"><ele>3587.0</ele></trkpt><trkpt lat="37.683197" lon="-108.08764300000001"><ele>3581.1565447954335</ele></trkpt><trkpt lat="37.683278" lon="-108.08760799999999"><ele>3580.0</ele></trkpt><trkpt lat="37.683369" lon="-108.08747800000003"><ele>3576.0702812462114</ele></trkpt><trkpt lat="37.683492" lon="-108.08741600000002"><ele>3573.1509031296273</ele></trkpt><trkpt lat="37.683343" lon="-108.08725500000003"><ele>3569.677728001494</ele></trkpt><trkpt lat="37.683657" lon="-108.087153"><ele>3561.108958685526</ele></trkpt><trkpt lat="37.683855" lon="-108.087153"><ele>3558.38235715311</ele></trkpt><trkpt lat="37.683958" lon="-108.08711800000003"><ele>3556.722351638203</ele></trkpt><trkpt lat="37.684059" lon="-108.086948"><ele>3557.3704910227098</ele></trkpt><trkpt lat="37.684338" lon="-108.086679"><ele>3555.8213492265095</ele></trkpt><trkpt lat="37.684406" lon="-108.08659599999999"><ele>3554.966102044098</ele></trkpt><trkpt lat="37.684549" lon="-108.08645100000001"><ele>3553.4099919982255</ele></trkpt><trkpt lat="37.684598" lon="-108.08643899999998"><ele>3554.1918964538</ele></trkpt><trkpt lat="37.684836" lon="-108.086299"><ele>3551.086065820995</ele></trkpt><trkpt lat="37.684906" lon="-108.08629100000002"><ele>3550.3257239987747</ele></trkpt><trkpt lat="37.68499" lon="-108.086117"><ele>3547.0228152223863</ele></trkpt><trkpt lat="37.685006" lon="-108.08594900000003"><ele>3546.2619734567697</ele></trkpt><trkpt lat="37.684955" lon="-108.08577200000002"><ele>3541.318635083735</ele></trkpt><trkpt lat="37.685008" lon="-108.085579"><ele>3541.0</ele></trkpt><trkpt lat="37.685098" lon="-108.08540600000003"><ele>3539.5080824904144</ele></trkpt><trkpt lat="37.68522" lon="-108.08534800000001"><ele>3538.7291873665527</ele></trkpt><trkpt lat="37.685368" lon="-108.08520900000002"><ele>3537.327217067592</ele></trkpt><trkpt lat="37.685472" lon="-108.08513600000003"><ele>3537.7640670668334</ele></trkpt><trkpt lat="37.685507" lon="-108.08496500000001"><ele>3536.9923065661224</ele></trkpt><trkpt lat="37.685579" lon="-108.0849"><ele>3536.9315461825413</ele></trkpt><trkpt lat="37.685651" lon="-108.08469200000002"><ele>3535.4672649059826</ele></trkpt><trkpt lat="37.685742" lon="-108.084431"><ele>3534.687529978277</ele></trkpt><trkpt lat="37.685871" lon="-108.08433600000001"><ele>3534.0</ele></trkpt><trkpt lat="37.685854" lon="-108.08414399999998"><ele>3536.0</ele></trkpt><trkpt lat="37.685943" lon="-108.08383600000002"><ele>3537.0</ele></trkpt><trkpt lat="37.686262" lon="-108.08345700000001"><ele>3537.0</ele></trkpt><trkpt lat="37.686359" lon="-108.08331699999997"><ele>3536.0</ele></trkpt><trkpt lat="37.686396" lon="-108.08317199999999"><ele>3534.496552024926</ele></trkpt><trkpt lat="37.686456" lon="-108.08304299999998"><ele>3534.7267295145543</ele></trkpt><trkpt lat="37.686473" lon="-108.082942"><ele>3533.6773596443236</ele></trkpt><trkpt lat="37.686638" lon="-108.08268199999998"><ele>3526.570988152176</ele></trkpt><trkpt lat="37.686771" lon="-108.08257400000002"><ele>3522.0</ele></trkpt><trkpt lat="37.686911" lon="-108.082515"><ele>3518.887535724537</ele></trkpt><trkpt lat="37.686875" lon="-108.08225199999998"><ele>3516.0</ele></trkpt><trkpt lat="37.686798" lon="-108.08206100000001"><ele>3514.09210796116</ele></trkpt><trkpt lat="37.6869" lon="-108.08176900000001"><ele>3508.0016449714376</ele></trkpt><trkpt lat="37.687191" lon="-108.08162400000003"><ele>3500.0</ele></trkpt><trkpt lat="37.68749" lon="-108.081522"><ele>3494.0</ele></trkpt><trkpt lat="37.687773" lon="-108.08122400000002"><ele>3488.0</ele></trkpt><trkpt lat="37.688057" lon="-108.08114899999998"><ele>3483.122436143355</ele></trkpt><trkpt lat="37.688206" lon="-108.08105799999998"><ele>3485.0</ele></trkpt><trkpt lat="37.688276" lon="-108.08089999999999"><ele>3483.9472075221984</ele></trkpt><trkpt lat="37.688361" lon="-108.08070700000002"><ele>3481.0</ele></trkpt><trkpt lat="37.688465" lon="-108.08060999999998"><ele>3480.9983203905476</ele></trkpt><trkpt lat="37.688743" lon="-108.08041200000002"><ele>3478.7708138679154</ele></trkpt><trkpt lat="37.689008" lon="-108.08013"><ele>3476.0</ele></trkpt><trkpt lat="37.689101" lon="-108.08009199999998"><ele>3474.0</ele></trkpt><trkpt lat="37.689428" lon="-108.07974100000001"><ele>3464.4999473779462</ele></trkpt><trkpt lat="37.690039" lon="-108.07973300000003"><ele>3458.127120357007</ele></trkpt><trkpt lat="37.690197" lon="-108.079677"><ele>3456.517331200186</ele></trkpt><trkpt lat="37.690337" lon="-108.07964700000002"><ele>3455.1192298680544</ele></trkpt><trkpt lat="37.690441" lon="-108.07959599999998"><ele>3452.7424575989135</ele></trkpt><trkpt lat="37.690757" lon="-108.07930699999997"><ele>3446.274081420619</ele></trkpt><trkpt lat="37.690806" lon="-108.07918899999999"><ele>3444.6884957384336</ele></trkpt><trkpt lat="37.69095" lon="-108.07902000000001"><ele>3443.89891200047</ele></trkpt><trkpt lat="37.691128" lon="-108.07895500000001"><ele>3443.741093000528</ele></trkpt><trkpt lat="37.691358" lon="-108.07878399999998"><ele>3444.3976229485124</ele></trkpt><trkpt lat="37.6914" lon="-108.07869499999998"><ele>3443.8711518701166</ele></trkpt><trkpt lat="37.691419" lon="-108.078443"><ele>3444.9901296962053</ele></trkpt><trkpt lat="37.691574" lon="-108.078191"><ele>3450.1186437495053</ele></trkpt><trkpt lat="37.691631" lon="-108.07792"><ele>3454.4755859728903</ele></trkpt><trkpt lat="37.691604" lon="-108.07768900000002"><ele>3455.88545512408</ele></trkpt><trkpt lat="37.691729" lon="-108.07728700000001"><ele>3457.0</ele></trkpt><trkpt lat="37.691731" lon="-108.07681200000002"><ele>3459.7307839014716</ele></trkpt><trkpt lat="37.69171" lon="-108.07664599999998"><ele>3459.1281943749636</ele></trkpt><trkpt lat="37.691464" lon="-108.07630799999998"><ele>3448.8163758197175</ele></trkpt><trkpt lat="37.69137" lon="-108.076099"><ele>3448.3099468978708</ele></trkpt><trkpt lat="37.691277" lon="-108.07575500000002"><ele>3446.6272497028112</ele></trkpt><trkpt lat="37.691194" lon="-108.075627"><ele>3443.7390948664397</ele></trkpt><trkpt lat="37.691177" lon="-108.07547899999997"><ele>3443.7379072029144</ele></trkpt><trkpt lat="37.691037" lon="-108.07521300000002"><ele>3439.756638353633</ele></trkpt><trkpt lat="37.690958" lon="-108.07516800000002"><ele>3437.0</ele></trkpt><trkpt lat="37.69092" lon="-108.07487800000001"><ele>3435.9473971579164</ele></trkpt><trkpt lat="37.690958" lon="-108.074615"><ele>3434.8402748666704</ele></trkpt><trkpt lat="37.690946" lon="-108.07418899999999"><ele>3432.242006044835</ele></trkpt><trkpt lat="37.690906" lon="-108.07405799999998"><ele>3434.2699443963675</ele></trkpt><trkpt lat="37.690753" lon="-108.07387499999999"><ele>3433.7671832237393</ele></trkpt><trkpt lat="37.690479" lon="-108.07338199999998"><ele>3434.0</ele></trkpt><trkpt lat="37.690405" lon="-108.07307000000003"><ele>3435.2724504116923</ele></trkpt><trkpt lat="37.690409" lon="-108.07282900000001"><ele>3436.814327228166</ele></trkpt><trkpt lat="37.690286" lon="-108.072633"><ele>3433.2642161417753</ele></trkpt><trkpt lat="37.690288" lon="-108.07235200000002"><ele>3431.3820015024394</ele></trkpt><trkpt lat="37.690186" lon="-108.07225"><ele>3428.753703443737</ele></trkpt><trkpt lat="37.690152" lon="-108.07189299999999"><ele>3429.0</ele></trkpt><trkpt lat="37.689952" lon="-108.07165399999997"><ele>3430.7489825072553</ele></trkpt><trkpt lat="37.689798" lon="-108.07139899999999"><ele>3429.5246839895844</ele></trkpt><trkpt lat="37.689581" lon="-108.07129800000001"><ele>3423.0</ele></trkpt><trkpt lat="37.689418" lon="-108.07116300000001"><ele>3417.371066278448</ele></trkpt><trkpt lat="37.689118" lon="-108.071166"><ele>3408.418816453756</ele></trkpt><trkpt lat="37.689014" lon="-108.07112000000001"><ele>3405.3533725682646</ele></trkpt><trkpt lat="37.688971" lon="-108.07102099999997"><ele>3402.8210315965116</ele></trkpt><trkpt lat="37.688925" lon="-108.07091400000002"><ele>3400.2092559598254</ele></trkpt><trkpt lat="37.688545" lon="-108.07056"><ele>3389.7332678157836</ele></trkpt><trkpt lat="37.68849" lon="-108.070359"><ele>3388.8649352968996</ele></trkpt><trkpt lat="37.688324" lon="-108.07027"><ele>3383.9663786004667</ele></trkpt><trkpt lat="37.688182" lon="-108.07003700000001"><ele>3381.0</ele></trkpt><trkpt lat="37.688104" lon="-108.06971499999997"><ele>3373.762283878401</ele></trkpt><trkpt lat="37.688155" lon="-108.06951900000001"><ele>3371.8859428358264</ele></trkpt><trkpt lat="37.688119" lon="-108.06930499999999"><ele>3370.0949728325836</ele></trkpt><trkpt lat="37.688038" lon="-108.06908199999998"><ele>3366.875483242795</ele></trkpt><trkpt lat="37.688072" lon="-108.06880000000001"><ele>3367.8777740448713</ele></trkpt><trkpt lat="37.688078" lon="-108.06833599999999"><ele>3363.228444095477</ele></trkpt><trkpt lat="37.688027" lon="-108.06793900000002"><ele>3359.227683469653</ele></trkpt><trkpt lat="37.688072" lon="-108.067701"><ele>3358.8777740448713</ele></trkpt><trkpt lat="37.688032" lon="-108.06750199999999"><ele>3355.063286640543</ele></trkpt><trkpt lat="37.688064" lon="-108.067339"><ele>3352.2134310399406</ele></trkpt><trkpt lat="37.688036" lon="-108.06709999999998"><ele>3346.851385918994</ele></trkpt><trkpt lat="37.688085" lon="-108.06690700000001"><ele>3344.643356066197</ele></trkpt><trkpt lat="37.688038" lon="-108.06677000000002"><ele>3343.0</ele></trkpt><trkpt lat="37.68804" lon="-108.06631099999998"><ele>3334.9974177024615</ele></trkpt><trkpt lat="37.688138" lon="-108.06608900000003"><ele>3331.035210424103</ele></trkpt><trkpt lat="37.688286" lon="-108.065786"><ele>3328.630259498954</ele></trkpt><trkpt lat="37.688305" lon="-108.06562500000001"><ele>3326.0</ele></trkpt><trkpt lat="37.688148" lon="-108.06537300000002"><ele>3321.3534862231463</ele></trkpt><trkpt lat="37.688057" lon="-108.06501300000002"><ele>3319.9944103416055</ele></trkpt><trkpt lat="37.687853" lon="-108.064528"><ele>3311.9806817080826</ele></trkpt><trkpt lat="37.687639" lon="-108.06400500000001"><ele>3306.0</ele></trkpt><trkpt lat="37.686864" lon="-108.06320800000003"><ele>3302.9983494969483</ele></trkpt><trkpt lat="37.68641" lon="-108.06286999999998"><ele>3292.0021624416113</ele></trkpt><trkpt lat="37.686236" lon="-108.062591"><ele>3290.56501332985</ele></trkpt><trkpt lat="37.68579" lon="-108.06215099999997"><ele>3278.4907631333917</ele></trkpt><trkpt lat="37.685624" lon="-108.061867"><ele>3275.349600391275</ele></trkpt><trkpt lat="37.6845" lon="-108.06120699999997"><ele>3251.1295748725015</ele></trkpt><trkpt lat="37.68419" lon="-108.06115299999999"><ele>3243.2055770926545</ele></trkpt><trkpt lat="37.683846" lon="-108.06084799999996"><ele>3238.0115738459585</ele></trkpt><trkpt lat="37.683001" lon="-108.06043999999997"><ele>3221.0</ele></trkpt><trkpt lat="37.682814" lon="-108.06023600000003"><ele>3217.1198917320576</ele></trkpt><trkpt lat="37.682644" lon="-108.06019300000003"><ele>3213.2295595668256</ele></trkpt><trkpt lat="37.682492" lon="-108.060022"><ele>3211.1316119560174</ele></trkpt><trkpt lat="37.682267" lon="-108.059957"><ele>3204.014719560537</ele></trkpt><trkpt lat="37.682062" lon="-108.05985499999997"><ele>3200.2125101382844</ele></trkpt><trkpt lat="37.682008" lon="-108.05982799999998"><ele>3199.3991188834593</ele></trkpt><trkpt lat="37.681749" lon="-108.05978500000003"><ele>3195.2721602993843</ele></trkpt><trkpt lat="37.681413" lon="-108.05998899999997"><ele>3186.743329107061</ele></trkpt><trkpt lat="37.681388" lon="-108.06009699999998"><ele>3185.0</ele></trkpt><trkpt lat="37.68109" lon="-108.06030599999997"><ele>3180.0</ele></trkpt><trkpt lat="37.681027" lon="-108.06070299999999"><ele>3175.0</ele></trkpt><trkpt lat="37.680806" lon="-108.06073500000002"><ele>3169.0</ele></trkpt><trkpt lat="37.680687" lon="-108.06076200000001"><ele>3166.990128664022</ele></trkpt><trkpt lat="37.680627" lon="-108.06068099999999"><ele>3164.456882065162</ele></trkpt><trkpt lat="37.680549" lon="-108.06060300000001"><ele>3161.8638537935913</ele></trkpt><trkpt lat="37.680488" lon="-108.06054"><ele>3160.0</ele></trkpt><trkpt lat="37.680381" lon="-108.06053300000002"><ele>3158.0</ele></trkpt><trkpt lat="37.680298" lon="-108.060497"><ele>3156.3911149902506</ele></trkpt><trkpt lat="37.680251" lon="-108.06041900000002"><ele>3155.316174859181</ele></trkpt><trkpt lat="37.680149" lon="-108.06006500000001"><ele>3149.0</ele></trkpt><trkpt lat="37.679889" lon="-108.05963500000001"><ele>3144.0</ele></trkpt><trkpt lat="37.679906" lon="-108.05929200000003"><ele>3141.0009970199317</ele></trkpt><trkpt lat="37.679324" lon="-108.05772000000002"><ele>3124.0</ele></trkpt><trkpt lat="37.679078" lon="-108.05737699999997"><ele>3125.0</ele></trkpt><trkpt lat="37.678731" lon="-108.056535"><ele>3117.8123320210725</ele></trkpt><trkpt lat="37.677975" lon="-108.05605200000002"><ele>3103.1445978112006</ele></trkpt><trkpt lat="37.677576" lon="-108.05572999999998"><ele>3096.0</ele></trkpt><trkpt lat="37.677585" lon="-108.055902"><ele>3095.651474350168</ele></trkpt><trkpt lat="37.677834" lon="-108.0564"><ele>3093.0</ele></trkpt><trkpt lat="37.677882" lon="-108.05686800000001"><ele>3093.443810741213</ele></trkpt><trkpt lat="37.67761" lon="-108.05749000000003"><ele>3085.0</ele></trkpt><trkpt lat="37.677482" lon="-108.057908"><ele>3083.2736083543837</ele></trkpt><trkpt lat="37.677261" lon="-108.05794000000003"><ele>3078.0</ele></trkpt><trkpt lat="37.677075" lon="-108.05775800000004"><ele>3074.0</ele></trkpt><trkpt lat="37.676908" lon="-108.05639500000001"><ele>3060.7047121740006</ele></trkpt><trkpt lat="37.676747" lon="-108.05609500000003"><ele>3058.0</ele></trkpt><trkpt lat="37.67656" lon="-108.05532199999999"><ele>3055.0</ele></trkpt><trkpt lat="37.676654" lon="-108.05479100000002"><ele>3054.876143785761</ele></trkpt><trkpt lat="37.676676" lon="-108.05415299999999"><ele>3053.0</ele></trkpt><trkpt lat="37.676645" lon="-108.053654"><ele>3053.983069656417</ele></trkpt><trkpt lat="37.676514" lon="-108.053203"><ele>3052.0</ele></trkpt><trkpt lat="37.676506" lon="-108.05237199999999"><ele>3043.798500401899</ele></trkpt><trkpt lat="37.676093" lon="-108.05185699999998"><ele>3036.0</ele></trkpt><trkpt lat="37.675945" lon="-108.05145400000004"><ele>3034.58964375971</ele></trkpt><trkpt lat="37.675822" lon="-108.05144899999999"><ele>3032.0</ele></trkpt><trkpt lat="37.675805" lon="-108.051852"><ele>3029.6284160095893</ele></trkpt><trkpt lat="37.676014" lon="-108.05220099999997"><ele>3028.8287813439965</ele></trkpt><trkpt lat="37.675946" lon="-108.05246899999997"><ele>3024.906710918647</ele></trkpt><trkpt lat="37.675742" lon="-108.052458"><ele>3020.0162547449513</ele></trkpt><trkpt lat="37.675631" lon="-108.05265099999997"><ele>3018.0</ele></trkpt><trkpt lat="37.675598" lon="-108.053091"><ele>3013.3342094160616</ele></trkpt><trkpt lat="37.675338" lon="-108.05407200000002"><ele>3010.0251717045903</ele></trkpt><trkpt lat="37.675316" lon="-108.054888"><ele>3008.0</ele></trkpt><trkpt lat="37.67513" lon="-108.05571900000001"><ele>2999.5509862190847</ele></trkpt><trkpt lat="37.674968" lon="-108.055816"><ele>2995.6304143557677</ele></trkpt><trkpt lat="37.674837" lon="-108.05566599999997"><ele>2992.0</ele></trkpt><trkpt lat="37.674883" lon="-108.05537099999998"><ele>2990.0</ele></trkpt><trkpt lat="37.674739" lon="-108.05526299999997"><ele>2986.8186216169215</ele></trkpt><trkpt lat="37.674522" lon="-108.05530599999997"><ele>2983.0</ele></trkpt><trkpt lat="37.674374" lon="-108.05558000000002"><ele>2981.136380691838</ele></trkpt><trkpt lat="37.674144" lon="-108.055295"><ele>2975.0</ele></trkpt><trkpt lat="37.674264" lon="-108.05485099999999"><ele>2972.7876382283866</ele></trkpt><trkpt lat="37.67361" lon="-108.05402400000003"><ele>2955.000881067943</ele></trkpt><trkpt lat="37.673529" lon="-108.05364900000001"><ele>2951.511082805693</ele></trkpt><trkpt lat="37.673042" lon="-108.05283400000002"><ele>2936.836920969188</ele></trkpt><trkpt lat="37.673008" lon="-108.05187899999999"><ele>2931.0</ele></trkpt><trkpt lat="37.672829" lon="-108.05101000000002"><ele>2919.916596939822</ele></trkpt><trkpt lat="37.672541" lon="-108.050227"><ele>2902.3386469539255</ele></trkpt><trkpt lat="37.672481" lon="-108.05010800000002"><ele>2900.805932883173</ele></trkpt><trkpt lat="37.672089" lon="-108.04919100000001"><ele>2893.0</ele></trkpt><trkpt lat="37.671983" lon="-108.04871300000002"><ele>2889.0</ele></trkpt><trkpt lat="37.67158" lon="-108.04832699999997"><ele>2883.0</ele></trkpt><trkpt lat="37.671427" lon="-108.04799400000002"><ele>2880.0</ele></trkpt><trkpt lat="37.671482" lon="-108.04765099999997"><ele>2877.9842503827185</ele></trkpt><trkpt lat="37.671716" lon="-108.04726"><ele>2872.0</ele></trkpt><trkpt lat="37.671686" lon="-108.04708199999999"><ele>2871.0</ele></trkpt><trkpt lat="37.671257" lon="-108.046739"><ele>2859.0</ele></trkpt><trkpt lat="37.671227" lon="-108.04650800000002"><ele>2857.972862459719</ele></trkpt><trkpt lat="37.67093" lon="-108.04601000000002"><ele>2850.0</ele></trkpt><trkpt lat="37.670888" lon="-108.04546199999999"><ele>2847.0</ele></trkpt><trkpt lat="37.670769" lon="-108.04487799999998"><ele>2843.0</ele></trkpt><trkpt lat="37.67093" lon="-108.044331"><ele>2840.0</ele></trkpt><trkpt lat="37.671622" lon="-108.04340200000001"><ele>2830.0</ele></trkpt><trkpt lat="37.672149" lon="-108.04310199999998"><ele>2822.0</ele></trkpt><trkpt lat="37.672752" lon="-108.04279099999997"><ele>2813.0</ele></trkpt><trkpt lat="37.673117" lon="-108.04250100000002"><ele>2804.739799831715</ele></trkpt><trkpt lat="37.673745" lon="-108.04232999999999"><ele>2800.0</ele></trkpt><trkpt lat="37.674365" lon="-108.04234600000001"><ele>2800.0</ele></trkpt><trkpt lat="37.674896" lon="-108.04219499999999"><ele>2793.0</ele></trkpt><trkpt lat="37.67543" lon="-108.04191000000003"><ele>2787.0</ele></trkpt><trkpt lat="37.676036" lon="-108.041585"><ele>2781.301464888733</ele></trkpt><trkpt lat="37.676584" lon="-108.04127299999999"><ele>2774.0</ele></trkpt><trkpt lat="37.677411" lon="-108.04110700000001"><ele>2763.0</ele></trkpt><trkpt lat="37.677806" lon="-108.04065100000003"><ele>2757.506577945582</ele></trkpt><trkpt lat="37.678182" lon="-108.04047400000002"><ele>2748.769485659179</ele></trkpt><trkpt lat="37.67845" lon="-108.04023999999998"><ele>2743.0</ele></trkpt><trkpt lat="37.678467" lon="-108.03977900000001"><ele>2740.0</ele></trkpt><trkpt lat="37.678675" lon="-108.03919100000002"><ele>2737.0</ele></trkpt><trkpt lat="37.678917" lon="-108.038344"><ele>2731.0</ele></trkpt><trkpt lat="37.679214" lon="-108.03834"><ele>2732.0</ele></trkpt><trkpt lat="37.679214" lon="-108.03831500000001"><ele>2732.0</ele></trkpt><trkpt lat="37.679338" lon="-108.03801299999998"><ele>2731.0</ele></trkpt><trkpt lat="37.679463" lon="-108.03771"><ele>2726.975714212051</ele></trkpt><trkpt lat="37.679587" lon="-108.03740800000003"><ele>2719.0</ele></trkpt><trkpt lat="37.679613" lon="-108.03734500000002"><ele>2716.7031431118958</ele></trkpt><trkpt lat="37.679343" lon="-108.037353"><ele>2717.075970133301</ele></trkpt><trkpt lat="37.679074" lon="-108.03736100000003"><ele>2712.0042279158365</ele></trkpt><trkpt lat="37.678534" lon="-108.03737699999999"><ele>2699.3654669165007</ele></trkpt><trkpt lat="37.678282" lon="-108.03738399999997"><ele>2692.1945859631082</ele></trkpt><trkpt lat="37.678073" lon="-108.037599"><ele>2697.540401067119</ele></trkpt><trkpt lat="37.677863" lon="-108.03781400000003"><ele>2698.261876913253</ele></trkpt><trkpt lat="37.677654" lon="-108.038028"><ele>2695.9285087520257</ele></trkpt><trkpt lat="37.677444" lon="-108.03824299999997"><ele>2694.582896160893</ele></trkpt><trkpt lat="37.677298" lon="-108.03839299999999"><ele>2692.976568848826</ele></trkpt><trkpt lat="37.677031" lon="-108.03844400000003"><ele>2685.9769954245194</ele></trkpt><trkpt lat="37.676764" lon="-108.03849500000001"><ele>2675.992980979968</ele></trkpt><trkpt lat="37.676498" lon="-108.038546"><ele>2673.673799822107</ele></trkpt><trkpt lat="37.676231" lon="-108.03859699999998"><ele>2669.0505720879883</ele></trkpt><trkpt lat="37.676213" lon="-108.03859999999997"><ele>2669.1903822207823</ele></trkpt><trkpt lat="37.675946" lon="-108.03864900000002"><ele>2668.473947734572</ele></trkpt><trkpt lat="37.675145" lon="-108.03879599999999"><ele>2669.0</ele></trkpt><trkpt lat="37.674942" lon="-108.03883300000001"><ele>2669.0</ele></trkpt><trkpt lat="37.673734" lon="-108.03883300000001"><ele>2662.0489692455158</ele></trkpt><trkpt lat="37.673464" lon="-108.03884399999998"><ele>2662.0</ele></trkpt><trkpt lat="37.673195" lon="-108.03885400000001"><ele>2663.0</ele></trkpt><trkpt lat="37.672925" lon="-108.03886499999999"><ele>2661.540277332999</ele></trkpt><trkpt lat="37.672655" lon="-108.03887600000002"><ele>2660.0026886679016</ele></trkpt><trkpt lat="37.672386" lon="-108.03888599999999"><ele>2657.5189482662827</ele></trkpt><trkpt lat="37.672116" lon="-108.03889700000002"><ele>2657.031585423276</ele></trkpt><trkpt lat="37.671846" lon="-108.03890799999999"><ele>2654.544222577475</ele></trkpt><trkpt lat="37.671577" lon="-108.03891799999997"><ele>2652.0</ele></trkpt><trkpt lat="37.671037" lon="-108.03894000000003"><ele>2655.0</ele></trkpt><trkpt lat="37.670768" lon="-108.03895"><ele>2657.0</ele></trkpt><trkpt lat="37.670498" lon="-108.03896099999997"><ele>2657.0</ele></trkpt><trkpt lat="37.670228" lon="-108.038972"><ele>2656.5999832336706</ele></trkpt><trkpt lat="37.670048" lon="-108.03897899999998"><ele>2656.0</ele></trkpt><trkpt lat="37.670046" lon="-108.03925600000002"><ele>2661.762198045384</ele></trkpt><trkpt lat="37.669013" lon="-108.03924599999999"><ele>2658.296164266765</ele></trkpt><trkpt lat="37.668871" lon="-108.039245"><ele>2657.44434383693</ele></trkpt><trkpt lat="37.66854" lon="-108.03983"><ele>2651.3955513776327</ele></trkpt><trkpt lat="37.667852" lon="-108.039647"><ele>2647.0</ele></trkpt><trkpt lat="37.66778" lon="-108.03902"><ele>2642.0</ele></trkpt><trkpt lat="37.666905" lon="-108.03885300000002"><ele>2633.0</ele></trkpt><trkpt lat="37.666527" lon="-108.03924"><ele>2634.0</ele></trkpt><trkpt lat="37.665138" lon="-108.039513"><ele>2632.7392661334015</ele></trkpt><trkpt lat="37.66451" lon="-108.039492"><ele>2630.760595199652</ele></trkpt><trkpt lat="37.664234" lon="-108.03963699999997"><ele>2631.7796436809003</ele></trkpt><trkpt lat="37.663635" lon="-108.03979800000002"><ele>2637.0</ele></trkpt><trkpt lat="37.662849" lon="-108.03956700000003"><ele>2630.255848534871</ele></trkpt><trkpt lat="37.662454" lon="-108.039647"><ele>2629.984118755907</ele></trkpt><trkpt lat="37.6611" lon="-108.03972799999997"><ele>2614.0</ele></trkpt><trkpt lat="37.660072" lon="-108.04030699999998"><ele>2611.243155995384</ele></trkpt><trkpt lat="37.65952" lon="-108.040527"><ele>2611.0</ele></trkpt><trkpt lat="37.657745" lon="-108.04171300000002"><ele>2609.0</ele></trkpt><trkpt lat="37.656441" lon="-108.04293000000001"><ele>2605.0085617757404</ele></trkpt><trkpt lat="37.655672" lon="-108.04362800000001"><ele>2605.0</ele></trkpt><trkpt lat="37.654827" lon="-108.04460899999998"><ele>2603.3944114446676</ele></trkpt><trkpt lat="37.654356" lon="-108.044964"><ele>2603.0</ele></trkpt><trkpt lat="37.654126" lon="-108.04515700000002"><ele>2603.0</ele></trkpt><trkpt lat="37.653821" lon="-108.04520500000001"><ele>2604.0</ele></trkpt><trkpt lat="37.653328" lon="-108.04604699999999"><ele>2601.0</ele></trkpt><trkpt lat="37.652942" lon="-108.04680400000001"><ele>2600.0</ele></trkpt><trkpt lat="37.652258" lon="-108.04785500000003"><ele>2598.637067431293</ele></trkpt><trkpt lat="37.651718" lon="-108.04814499999998"><ele>2598.501315827016</ele></trkpt><trkpt lat="37.650682" lon="-108.048719"><ele>2596.0</ele></trkpt><trkpt lat="37.650355" lon="-108.04895999999997"><ele>2596.001375998836</ele></trkpt><trkpt lat="37.649824" lon="-108.04928699999999"><ele>2594.7597193904103</ele></trkpt><trkpt lat="37.648898" lon="-108.04977500000001"><ele>2593.983128889464</ele></trkpt><trkpt lat="37.648422" lon="-108.04985599999998"><ele>2592.0</ele></trkpt><trkpt lat="37.647853" lon="-108.04966300000001"><ele>2591.7669363892296</ele></trkpt><trkpt lat="37.647148" lon="-108.049711"><ele>2591.0</ele></trkpt><trkpt lat="37.646745" lon="-108.049915"><ele>2590.0</ele></trkpt><trkpt lat="37.645118" lon="-108.05093399999998"><ele>2587.9964765884083</ele></trkpt><trkpt lat="37.644417" lon="-108.05143299999997"><ele>2587.0</ele></trkpt><trkpt lat="37.643618" lon="-108.05225899999999"><ele>2584.0</ele></trkpt><trkpt lat="37.643232" lon="-108.05257"><ele>2585.0</ele></trkpt><trkpt lat="37.643041" lon="-108.05300499999998"><ele>2583.0</ele></trkpt><trkpt lat="37.642968" lon="-108.053541"><ele>2582.0</ele></trkpt><trkpt lat="37.642786" lon="-108.053992"><ele>2581.880936365586</ele></trkpt><trkpt lat="37.641941" lon="-108.05461400000002"><ele>2581.0124379999875</ele></trkpt><trkpt lat="37.641588" lon="-108.05493100000001"><ele>2580.0</ele></trkpt><trkpt lat="37.641503" lon="-108.05519900000002"><ele>2583.759849956725</ele></trkpt><trkpt lat="37.641422" lon="-108.05595499999998"><ele>2590.992003554944</ele></trkpt><trkpt lat="37.641248" lon="-108.05692099999999"><ele>2600.0</ele></trkpt><trkpt lat="37.640836" lon="-108.05755899999997"><ele>2598.7374849334155</ele></trkpt><trkpt lat="37.640577" lon="-108.05822999999998"><ele>2598.0</ele></trkpt><trkpt lat="37.640441" lon="-108.05884600000002"><ele>2597.0</ele></trkpt><trkpt lat="37.640403" lon="-108.05901799999998"><ele>2597.0</ele></trkpt><trkpt lat="37.63987" lon="-108.06013899999999"><ele>2592.0</ele></trkpt><trkpt lat="37.639793" lon="-108.06044300000002"><ele>2588.0</ele></trkpt><trkpt lat="37.639659" lon="-108.06050399999998"><ele>2589.990769066382</ele></trkpt><trkpt lat="37.639545" lon="-108.06057900000002"><ele>2591.0</ele></trkpt><trkpt lat="37.639326" lon="-108.06082100000003"><ele>2589.0</ele></trkpt><trkpt lat="37.63905" lon="-108.06161500000002"><ele>2588.0</ele></trkpt><trkpt lat="37.638803" lon="-108.06180499999999"><ele>2585.3440440837294</ele></trkpt><trkpt lat="37.638676" lon="-108.06201399999998"><ele>2582.0</ele></trkpt><trkpt lat="37.638744" lon="-108.06226400000003"><ele>2579.0</ele></trkpt><trkpt lat="37.638697" lon="-108.06233099999997"><ele>2579.0</ele></trkpt><trkpt lat="37.638542" lon="-108.062253"><ele>2576.991871067217</ele></trkpt><trkpt lat="37.638423" lon="-108.06227200000001"><ele>2573.3779845102567</ele></trkpt><trkpt lat="37.638294" lon="-108.062229"><ele>2572.0</ele></trkpt><trkpt lat="37.638797" lon="-108.06063599999999"><ele>2573.0</ele></trkpt><trkpt lat="37.638825" lon="-108.06043199999999"><ele>2573.770510675471</ele></trkpt><trkpt lat="37.638746" lon="-108.059954"><ele>2573.0</ele></trkpt><trkpt lat="37.638625" lon="-108.059481"><ele>2572.0</ele></trkpt><trkpt lat="37.638507" lon="-108.05926799999997"><ele>2573.0</ele></trkpt><trkpt lat="37.637914" lon="-108.06046900000001"><ele>2572.0</ele></trkpt><trkpt lat="37.637757" lon="-108.06080400000002"><ele>2571.0</ele></trkpt><trkpt lat="37.637744" lon="-108.06083799999999"><ele>2571.0</ele></trkpt><trkpt lat="37.637522" lon="-108.06088899999997"><ele>2572.044518860057</ele></trkpt><trkpt lat="37.637439" lon="-108.06093499999997"><ele>2573.9291350096464</ele></trkpt><trkpt lat="37.637391" lon="-108.06096200000002"><ele>2574.836419127471</ele></trkpt><trkpt lat="37.637098" lon="-108.06125299999997"><ele>2578.0</ele></trkpt><trkpt lat="37.636934" lon="-108.061418"><ele>2579.0</ele></trkpt><trkpt lat="37.636674" lon="-108.061714"><ele>2579.0</ele></trkpt><trkpt lat="37.636531" lon="-108.06200999999999"><ele>2579.0</ele></trkpt><trkpt lat="37.636472" lon="-108.06217700000002"><ele>2580.0</ele></trkpt><trkpt lat="37.63648" lon="-108.06238200000001"><ele>2580.0</ele></trkpt><trkpt lat="37.636532" lon="-108.06284299999999"><ele>2579.0</ele></trkpt><trkpt lat="37.636557" lon="-108.06324599999999"><ele>2578.0</ele></trkpt><trkpt lat="37.636403" lon="-108.063288"><ele>2576.027046613419</ele></trkpt><trkpt lat="37.636159" lon="-108.06325900000002"><ele>2576.0</ele></trkpt><trkpt lat="37.635951" lon="-108.06324000000001"><ele>2578.0</ele></trkpt><trkpt lat="37.635688" lon="-108.06294200000002"><ele>2580.9904826373795</ele></trkpt><trkpt lat="37.635467" lon="-108.06249700000001"><ele>2583.0</ele></trkpt><trkpt lat="37.635271" lon="-108.06244600000002"><ele>2584.0</ele></trkpt><trkpt lat="37.634985" lon="-108.062434"><ele>2585.0</ele></trkpt><trkpt lat="37.63449" lon="-108.06241399999999"><ele>2588.006441243924</ele></trkpt><trkpt lat="37.633621" lon="-108.06251299999997"><ele>2593.6169550209306</ele></trkpt><trkpt lat="37.633404" lon="-108.06232499999999"><ele>2593.3298206485847</ele></trkpt><trkpt lat="37.633272" lon="-108.06205499999999"><ele>2592.153392806649</ele></trkpt><trkpt lat="37.633158" lon="-108.06170600000002"><ele>2593.0069211206874</ele></trkpt><trkpt lat="37.632973" lon="-108.06135699999999"><ele>2596.0</ele></trkpt><trkpt lat="37.632807" lon="-108.06119899999999"><ele>2596.380116621498</ele></trkpt><trkpt lat="37.632656" lon="-108.061172"><ele>2597.1218254221603</ele></trkpt><trkpt lat="37.632187" lon="-108.06120699999997"><ele>2598.001825888388</ele></trkpt><trkpt lat="37.631966" lon="-108.06113199999999"><ele>2601.0</ele></trkpt><trkpt lat="37.631647" lon="-108.06120199999998"><ele>2601.0</ele></trkpt><trkpt lat="37.631246" lon="-108.061129"><ele>2602.1178801772185</ele></trkpt><trkpt lat="37.631055" lon="-108.060923"><ele>2604.0</ele></trkpt><trkpt lat="37.630819" lon="-108.060427"><ele>2605.2026990600725</ele></trkpt><trkpt lat="37.630624" lon="-108.06014199999998"><ele>2606.0</ele></trkpt><trkpt lat="37.629708" lon="-108.059823"><ele>2610.2538688001223</ele></trkpt><trkpt lat="37.62926" lon="-108.05974500000002"><ele>2612.150397530052</ele></trkpt><trkpt lat="37.629213" lon="-108.05973699999998"><ele>2612.2459783102386</ele></trkpt><trkpt lat="37.628788" lon="-108.05953899999997"><ele>2613.0</ele></trkpt><trkpt lat="37.628026" lon="-108.05910399999999"><ele>2618.0</ele></trkpt><trkpt lat="37.627282" lon="-108.05855400000002"><ele>2622.0</ele></trkpt><trkpt lat="37.626653" lon="-108.05803100000003"><ele>2626.0</ele></trkpt><trkpt lat="37.626394" lon="-108.05771500000003"><ele>2628.0</ele></trkpt><trkpt lat="37.626279" lon="-108.05748399999999"><ele>2628.0</ele></trkpt><trkpt lat="37.626173" lon="-108.05727200000001"><ele>2629.0</ele></trkpt><trkpt lat="37.625566" lon="-108.056443"><ele>2633.0</ele></trkpt><trkpt lat="37.625364" lon="-108.05598199999997"><ele>2634.123740420627</ele></trkpt><trkpt lat="37.624247" lon="-108.05515100000002"><ele>2644.0</ele></trkpt><trkpt lat="37.623899" lon="-108.05409500000002"><ele>2646.0</ele></trkpt><trkpt lat="37.623628" lon="-108.05354699999998"><ele>2647.723582152997</ele></trkpt><trkpt lat="37.623278" lon="-108.05302899999998"><ele>2650.0869775379742</ele></trkpt><trkpt lat="37.623023" lon="-108.05252200000001"><ele>2655.0</ele></trkpt><trkpt lat="37.622806" lon="-108.05221899999998"><ele>2655.1182158226147</ele></trkpt><trkpt lat="37.622679" lon="-108.05204200000003"><ele>2657.0</ele></trkpt><trkpt lat="37.622235" lon="-108.05166099999997"><ele>2658.0</ele></trkpt><trkpt lat="37.621699" lon="-108.05159900000001"><ele>2661.140321593207</ele></trkpt><trkpt lat="37.621045" lon="-108.05104399999999"><ele>2665.0</ele></trkpt><trkpt lat="37.620684" lon="-108.05057699999998"><ele>2668.0</ele></trkpt><trkpt lat="37.619964" lon="-108.050006"><ele>2672.0</ele></trkpt><trkpt lat="37.619923" lon="-108.04971599999999"><ele>2674.0</ele></trkpt><trkpt lat="37.619876" lon="-108.04947199999998"><ele>2677.597020547837</ele></trkpt><trkpt lat="37.6198" lon="-108.04938600000003"><ele>2677.271006615367</ele></trkpt><trkpt lat="37.619571" lon="-108.049128"><ele>2678.8210719013587</ele></trkpt><trkpt lat="37.619284" lon="-108.04902099999998"><ele>2677.234261292964</ele></trkpt><trkpt lat="37.619014" lon="-108.04889800000001"><ele>2679.0</ele></trkpt><trkpt lat="37.618818" lon="-108.04873800000001"><ele>2680.0</ele></trkpt><trkpt lat="37.618627" lon="-108.04852299999999"><ele>2687.404519167094</ele></trkpt><trkpt lat="37.6181" lon="-108.04807"><ele>2698.9017915464306</ele></trkpt><trkpt lat="37.61701" lon="-108.04685999999998"><ele>2711.862203528965</ele></trkpt><trkpt lat="37.616641" lon="-108.04659200000003"><ele>2716.619345127605</ele></trkpt><trkpt lat="37.615872" lon="-108.046267"><ele>2722.010321558537</ele></trkpt><trkpt lat="37.615702" lon="-108.04582199999999"><ele>2719.018864572048</ele></trkpt><trkpt lat="37.615368" lon="-108.04467399999999"><ele>2721.8362530324125</ele></trkpt><trkpt lat="37.615438" lon="-108.04418599999997"><ele>2724.4868333414197</ele></trkpt><trkpt lat="37.615808" lon="-108.042735"><ele>2728.255225962028</ele></trkpt><trkpt lat="37.615795" lon="-108.04244499999999"><ele>2727.490388708189</ele></trkpt><trkpt lat="37.615713" lon="-108.042283"><ele>2726.8354111593217</ele></trkpt><trkpt lat="37.61517" lon="-108.041605"><ele>2732.766467555426</ele></trkpt><trkpt lat="37.614884" lon="-108.04135300000002"><ele>2733.403799165506</ele></trkpt><trkpt lat="37.614783" lon="-108.04112900000001"><ele>2739.9496753774583</ele></trkpt><trkpt lat="37.614437" lon="-108.04043100000001"><ele>2747.0</ele></trkpt><trkpt lat="37.614221" lon="-108.03974900000003"><ele>2748.149572429713</ele></trkpt><trkpt lat="37.614159" lon="-108.03924999999998"><ele>2748.115639828981</ele></trkpt><trkpt lat="37.61489" lon="-108.03755000000001"><ele>2762.246277878061</ele></trkpt><trkpt lat="37.615327" lon="-108.036653"><ele>2767.433799758269</ele></trkpt><trkpt lat="37.615485" lon="-108.03617700000001"><ele>2772.252001533285</ele></trkpt><trkpt lat="37.615553" lon="-108.03585699999996"><ele>2772.252673499286</ele></trkpt><trkpt lat="37.61553" lon="-108.03547900000001"><ele>2777.2327556582536</ele></trkpt><trkpt lat="37.615392" lon="-108.034693"><ele>2779.9756387614807</ele></trkpt><trkpt lat="37.615332" lon="-108.03406000000001"><ele>2783.250502983108</ele></trkpt><trkpt lat="37.61537" lon="-108.03382699999997"><ele>2790.1203458755026</ele></trkpt><trkpt lat="37.615196" lon="-108.03270600000002"><ele>2801.739112887066</ele></trkpt><trkpt lat="37.614983" lon="-108.03198399999997"><ele>2808.0987363277964</ele></trkpt><trkpt lat="37.614856" lon="-108.03183200000001"><ele>2808.05442551787</ele></trkpt><trkpt lat="37.614703" lon="-108.03150399999998"><ele>2808.7517233528197</ele></trkpt><trkpt lat="37.614756" lon="-108.03087700000003"><ele>2820.3626745566726</ele></trkpt><trkpt lat="37.614768" lon="-108.03081900000001"><ele>2821.068668304011</ele></trkpt><trkpt lat="37.614892" lon="-108.03021899999999"><ele>2820.1142744810777</ele></trkpt><trkpt lat="37.614799" lon="-108.02955400000002"><ele>2821.7849720306695</ele></trkpt><trkpt lat="37.614688" lon="-108.02907600000003"><ele>2818.660187731497</ele></trkpt><trkpt lat="37.61459" lon="-108.02890500000001"><ele>2819.6293653328903</ele></trkpt><trkpt lat="37.61458" lon="-108.02842199999998"><ele>2824.0</ele></trkpt><trkpt lat="37.614646" lon="-108.02755300000001"><ele>2831.0</ele></trkpt><trkpt lat="37.614569" lon="-108.02649099999996"><ele>2841.0</ele></trkpt><trkpt lat="37.614323" lon="-108.02525200000002"><ele>2853.7596473889425</ele></trkpt><trkpt lat="37.614172" lon="-108.02477199999998"><ele>2861.244502556271</ele></trkpt><trkpt lat="37.614219" lon="-108.02426000000003"><ele>2873.078538647668</ele></trkpt><trkpt lat="37.614629" lon="-108.022626"><ele>2890.8909143731</ele></trkpt><trkpt lat="37.615079" lon="-108.02139999999997"><ele>2897.0</ele></trkpt><trkpt lat="37.61544" lon="-108.020825"><ele>2909.0</ele></trkpt><trkpt lat="37.61619" lon="-108.02007300000002"><ele>2924.0</ele></trkpt><trkpt lat="37.616583" lon="-108.01956000000001"><ele>2934.0</ele></trkpt><trkpt lat="37.617059" lon="-108.019094"><ele>2948.0</ele></trkpt><trkpt lat="37.617376" lon="-108.01869399999998"><ele>2957.2518749176475</ele></trkpt><trkpt lat="37.617559" lon="-108.01854100000003"><ele>2959.0</ele></trkpt><trkpt lat="37.617703" lon="-108.01858400000003"><ele>2964.7463943585753</ele></trkpt><trkpt lat="37.617729" lon="-108.01895999999999"><ele>2973.276108250022</ele></trkpt><trkpt lat="37.617508" lon="-108.01979900000003"><ele>2978.2735572233796</ele></trkpt><trkpt lat="37.617584" lon="-108.02001899999999"><ele>2975.556514024144</ele></trkpt><trkpt lat="37.617775" lon="-108.02019100000001"><ele>2974.9953030956835</ele></trkpt><trkpt lat="37.617856" lon="-108.020352"><ele>2975.7719445340335</ele></trkpt><trkpt lat="37.617832" lon="-108.02052700000002"><ele>2979.336133921519</ele></trkpt><trkpt lat="37.617707" lon="-108.020783"><ele>2976.842328912027</ele></trkpt><trkpt lat="37.617049" lon="-108.021387"><ele>2971.274822955951</ele></trkpt><trkpt lat="37.616671" lon="-108.02156100000002"><ele>2971.0033418653024</ele></trkpt><trkpt lat="37.616059" lon="-108.02225900000002"><ele>2964.667080470361</ele></trkpt><trkpt lat="37.615833" lon="-108.02375"><ele>2960.7260672096163</ele></trkpt><trkpt lat="37.615965" lon="-108.02392199999997"><ele>2964.9258474846474</ele></trkpt><trkpt lat="37.616509" lon="-108.02362399999998"><ele>2976.7418033778667</ele></trkpt><trkpt lat="37.616437" lon="-108.02319499999999"><ele>2986.0</ele></trkpt><trkpt lat="37.616573" lon="-108.02255100000002"><ele>2993.0</ele></trkpt><trkpt lat="37.616783" lon="-108.02220499999999"><ele>2996.746404549107</ele></trkpt><trkpt lat="37.617074" lon="-108.022044"><ele>3000.6248597330414</ele></trkpt><trkpt lat="37.617469" lon="-108.021999"><ele>3004.5166223918413</ele></trkpt><trkpt lat="37.617905" lon="-108.02172200000001"><ele>3009.618572089821</ele></trkpt><trkpt lat="37.618283" lon="-108.021457"><ele>3014.8709083013237</ele></trkpt><trkpt lat="37.618595" lon="-108.021006"><ele>3018.227653503418</ele></trkpt><trkpt lat="37.618744" lon="-108.02041600000001"><ele>3018.239642514847</ele></trkpt><trkpt lat="37.61868" lon="-108.01953100000003"><ele>3030.2287032045424</ele></trkpt><trkpt lat="37.618782" lon="-108.019295"><ele>3031.624359711427</ele></trkpt><trkpt lat="37.618957" lon="-108.01925699999998"><ele>3037.131349725107</ele></trkpt><trkpt lat="37.619007" lon="-108.01986299999999"><ele>3047.4680889043957</ele></trkpt><trkpt lat="37.619173" lon="-108.02025500000002"><ele>3048.042546244172</ele></trkpt><trkpt lat="37.619322" lon="-108.020513"><ele>3048.726433760952</ele></trkpt><trkpt lat="37.619237" lon="-108.02087699999998"><ele>3051.000429227948</ele></trkpt><trkpt lat="37.618978" lon="-108.02160100000003"><ele>3051.761840270832</ele></trkpt><trkpt lat="37.618527" lon="-108.02228300000002"><ele>3050.763067023363</ele></trkpt><trkpt lat="37.61837" lon="-108.022605"><ele>3057.997603215114</ele></trkpt><trkpt lat="37.618617" lon="-108.02263199999999"><ele>3064.0</ele></trkpt><trkpt lat="37.618876" lon="-108.022514"><ele>3073.8734671323796</ele></trkpt><trkpt lat="37.619058" lon="-108.022379"><ele>3080.468734668568</ele></trkpt><trkpt lat="37.619496" lon="-108.02154200000001"><ele>3080.469035361428</ele></trkpt><trkpt lat="37.619887" lon="-108.021076"><ele>3090.7570160864852</ele></trkpt><trkpt lat="37.619947" lon="-108.02086099999997"><ele>3087.6493514618405</ele></trkpt><trkpt lat="37.619879" lon="-108.02032500000001"><ele>3091.7735311258584</ele></trkpt><trkpt lat="37.6199" lon="-108.01992200000001"><ele>3097.73492785311</ele></trkpt><trkpt lat="37.620367" lon="-108.01962200000003"><ele>3101.7514787572436</ele></trkpt><trkpt lat="37.620622" lon="-108.01965999999999"><ele>3105.011944664642</ele></trkpt><trkpt lat="37.621247" lon="-108.01921400000003"><ele>3111.193982302848</ele></trkpt><trkpt lat="37.621659" lon="-108.01899400000002"><ele>3121.2444098768074</ele></trkpt><trkpt lat="37.621858" lon="-108.018667"><ele>3118.4264589846134</ele></trkpt><trkpt lat="37.621731" lon="-108.01766900000001"><ele>3126.0056736171246</ele></trkpt><trkpt lat="37.621514" lon="-108.01730499999996"><ele>3131.2076082048948</ele></trkpt><trkpt lat="37.621183" lon="-108.01702"><ele>3129.007981405128</ele></trkpt><trkpt lat="37.620941" lon="-108.01640299999997"><ele>3131.258724167943</ele></trkpt><trkpt lat="37.620677" lon="-108.01598999999999"><ele>3136.3714986749383</ele></trkpt><trkpt lat="37.62072" lon="-108.01536299999998"><ele>3137.255611391738</ele></trkpt><trkpt lat="37.621073" lon="-108.01453700000002"><ele>3151.0253077019006</ele></trkpt><trkpt lat="37.621187" lon="-108.014569"><ele>3158.7328227609396</ele></trkpt><trkpt lat="37.621238" lon="-108.01494400000001"><ele>3164.7335565127432</ele></trkpt><trkpt lat="37.621047" lon="-108.01545399999998"><ele>3162.495525004342</ele></trkpt><trkpt lat="37.621098" lon="-108.01592099999999"><ele>3159.862790629719</ele></trkpt><trkpt lat="37.621417" lon="-108.01630699999998"><ele>3165.0042784712277</ele></trkpt><trkpt lat="37.621591" lon="-108.016613"><ele>3165.981482518371</ele></trkpt><trkpt lat="37.622029" lon="-108.01689199999998"><ele>3169.606387284938</ele></trkpt><trkpt lat="37.622313" lon="-108.01723500000003"><ele>3170.9922578631654</ele></trkpt><trkpt lat="37.622496" lon="-108.01764300000002"><ele>3172.7523073684424</ele></trkpt><trkpt lat="37.622687" lon="-108.018935"><ele>3173.9974974548736</ele></trkpt><trkpt lat="37.622581" lon="-108.019429"><ele>3176.940136151022</ele></trkpt><trkpt lat="37.62171" lon="-108.02057200000002"><ele>3186.5298385238275</ele></trkpt><trkpt lat="37.621718" lon="-108.020716"><ele>3189.0</ele></trkpt><trkpt lat="37.622343" lon="-108.020062"><ele>3193.1927134432085</ele></trkpt><trkpt lat="37.622946" lon="-108.01984700000003"><ele>3204.649841777641</ele></trkpt><trkpt lat="37.623159" lon="-108.01945599999999"><ele>3202.2373064011335</ele></trkpt><trkpt lat="37.623371" lon="-108.018866"><ele>3208.243998510763</ele></trkpt><trkpt lat="37.623533" lon="-108.01783599999999"><ele>3229.768705988303</ele></trkpt><trkpt lat="37.62363" lon="-108.01746000000003"><ele>3234.478797526927</ele></trkpt><trkpt lat="37.623533" lon="-108.017042"><ele>3235.0</ele></trkpt><trkpt lat="37.622581" lon="-108.015132"><ele>3241.0</ele></trkpt><trkpt lat="37.622445" lon="-108.01348999999999"><ele>3241.020433778409</ele></trkpt><trkpt lat="37.621986" lon="-108.01241800000003"><ele>3236.0</ele></trkpt><trkpt lat="37.621638" lon="-108.01181700000001"><ele>3236.9878847990185</ele></trkpt><trkpt lat="37.620779" lon="-108.01118400000001"><ele>3242.8601894162507</ele></trkpt><trkpt lat="37.620252" lon="-108.01063099999999"><ele>3251.2594908452593</ele></trkpt><trkpt lat="37.619624" lon="-108.010444"><ele>3252.9743224885315</ele></trkpt><trkpt lat="37.619322" lon="-108.010245"><ele>3252.2495386974815</ele></trkpt><trkpt lat="37.61877" lon="-108.009521"><ele>3259.994877663127</ele></trkpt><trkpt lat="37.617746" lon="-108.00955299999998"><ele>3263.723693916574</ele></trkpt><trkpt lat="37.617435" lon="-108.01008999999999"><ele>3258.95513453308</ele></trkpt><trkpt lat="37.617095" lon="-108.01039500000002"><ele>3260.025224134326</ele></trkpt><trkpt lat="37.616806" lon="-108.01051899999999"><ele>3261.4654600788585</ele></trkpt><trkpt lat="37.616347" lon="-108.01042699999999"><ele>3255.7665799115784</ele></trkpt><trkpt lat="37.615816" lon="-108.01007300000003"><ele>3254.990070749074</ele></trkpt><trkpt lat="37.615136" lon="-108.009322"><ele>3259.0564494093865</ele></trkpt><trkpt lat="37.614648" lon="-108.00910199999998"><ele>3262.520283182817</ele></trkpt><trkpt lat="37.614618" lon="-108.00882899999999"><ele>3269.2437546420842</ele></trkpt><trkpt lat="37.614839" lon="-108.00854500000003"><ele>3277.2458003126085</ele></trkpt><trkpt lat="37.615094" lon="-108.008126"><ele>3284.2482087183744</ele></trkpt><trkpt lat="37.615221" lon="-108.00771800000001"><ele>3287.7200156264007</ele></trkpt><trkpt lat="37.61523" lon="-108.00689799999998"><ele>3293.249514238909</ele></trkpt><trkpt lat="37.615133" lon="-108.00637899999998"><ele>3293.2263344342587</ele></trkpt><trkpt lat="37.615081" lon="-108.00609800000001"><ele>3295.7482000267746</ele></trkpt><trkpt lat="37.614584" lon="-108.00537199999997"><ele>3295.0</ele></trkpt><trkpt lat="37.614104" lon="-108.004977"><ele>3295.0</ele></trkpt><trkpt lat="37.613224" lon="-108.004478"><ele>3298.0100743104704</ele></trkpt><trkpt lat="37.612532" lon="-108.003915"><ele>3298.247775999829</ele></trkpt><trkpt lat="37.612277" lon="-108.003582"><ele>3299.887684051211</ele></trkpt><trkpt lat="37.612091" lon="-108.00323000000003"><ele>3301.0</ele></trkpt><trkpt lat="37.611592" lon="-108.00301000000002"><ele>3298.0</ele></trkpt><trkpt lat="37.611154" lon="-108.00288"><ele>3294.0</ele></trkpt><trkpt lat="37.610853" lon="-108.00282700000002"><ele>3290.744252325967</ele></trkpt><trkpt lat="37.610172" lon="-108.00315799999998"><ele>3284.849151745877</ele></trkpt><trkpt lat="37.609524" lon="-108.003645"><ele>3282.0</ele></trkpt><trkpt lat="37.609513" lon="-108.00363500000003"><ele>3281.974226100633</ele></trkpt><trkpt lat="37.609511" lon="-108.00364000000002"><ele>3281.986971108599</ele></trkpt><trkpt lat="37.609614" lon="-108.00345800000002"><ele>3282.0</ele></trkpt><trkpt lat="37.609694" lon="-108.00336400000003"><ele>3283.593509924241</ele></trkpt><trkpt lat="37.609786" lon="-108.003286"><ele>3284.0</ele></trkpt><trkpt lat="37.609961" lon="-108.00312500000001"><ele>3285.3156007519706</ele></trkpt><trkpt lat="37.610046" lon="-108.00302499999998"><ele>3288.1949127371067</ele></trkpt><trkpt lat="37.610071" lon="-108.002948"><ele>3290.821204848494</ele></trkpt><trkpt lat="37.610074" lon="-108.00289299999997"><ele>3291.916140532121</ele></trkpt><trkpt lat="37.610113" lon="-108.00284199999999"><ele>3293.0</ele></trkpt><trkpt lat="37.610136" lon="-108.00276400000001"><ele>3294.888263821602</ele></trkpt><trkpt lat="37.610132" lon="-108.00271099999998"><ele>3295.568886716668</ele></trkpt><trkpt lat="37.610152" lon="-108.00266999999997"><ele>3296.0</ele></trkpt><trkpt lat="37.610203" lon="-108.00258500000001"><ele>3297.505101488903</ele></trkpt><trkpt lat="37.610288" lon="-108.00240500000001"><ele>3301.0</ele></trkpt><trkpt lat="37.610327" lon="-108.00228400000003"><ele>3303.0</ele></trkpt><trkpt lat="37.610399" lon="-108.00215600000001"><ele>3304.0</ele></trkpt><trkpt lat="37.61048" lon="-108.002069"><ele>3305.0</ele></trkpt><trkpt lat="37.610552" lon="-108.002004"><ele>3306.0</ele></trkpt><trkpt lat="37.610632" lon="-108.001892"><ele>3306.742903543636</ele></trkpt><trkpt lat="37.610669" lon="-108.00185799999997"><ele>3307.0</ele></trkpt><trkpt lat="37.610833" lon="-108.00171399999999"><ele>3310.0</ele></trkpt><trkpt lat="37.610998" lon="-108.00157100000001"><ele>3314.0</ele></trkpt><trkpt lat="37.611113" lon="-108.00141000000002"><ele>3316.0</ele></trkpt><trkpt lat="37.61119" lon="-108.00127299999997"><ele>3316.839190376976</ele></trkpt><trkpt lat="37.611243" lon="-108.00113099999999"><ele>3317.0</ele></trkpt><trkpt lat="37.611292" lon="-108.000944"><ele>3317.0</ele></trkpt><trkpt lat="37.611343" lon="-108.00083000000001"><ele>3317.0</ele></trkpt><trkpt lat="37.611396" lon="-108.000744"><ele>3317.6889068540186</ele></trkpt><trkpt lat="37.611438" lon="-108.00062000000003"><ele>3317.031011176799</ele></trkpt><trkpt lat="37.61146" lon="-108.00044500000001"><ele>3317.0</ele></trkpt><trkpt lat="37.611469" lon="-108.00036"><ele>3316.0</ele></trkpt><trkpt lat="37.611474" lon="-108.00030800000002"><ele>3316.0</ele></trkpt><trkpt lat="37.611503" lon="-108.00021300000003"><ele>3315.2228356659407</ele></trkpt><trkpt lat="37.611546" lon="-108.00008000000003"><ele>3314.014515011623</ele></trkpt><trkpt lat="37.611615" lon="-107.99995799999999"><ele>3313.1962500958207</ele></trkpt><trkpt lat="37.611666" lon="-107.99987599999997"><ele>3313.0</ele></trkpt><trkpt lat="37.611714" lon="-107.99980700000003"><ele>3312.5811999252737</ele></trkpt><trkpt lat="37.611828" lon="-107.999706"><ele>3312.5986069338396</ele></trkpt><trkpt lat="37.611856" lon="-107.99968899999999"><ele>3312.605455021457</ele></trkpt><trkpt lat="37.61191" lon="-107.99965600000002"><ele>3312.9471140430164</ele></trkpt><trkpt lat="37.61205" lon="-107.999571"><ele>3314.0</ele></trkpt><trkpt lat="37.612128" lon="-107.99955499999999"><ele>3314.0</ele></trkpt><trkpt lat="37.61221" lon="-107.99955499999999"><ele>3315.0</ele></trkpt><trkpt lat="37.612294" lon="-107.99952200000001"><ele>3315.0122337590733</ele></trkpt><trkpt lat="37.612396" lon="-107.999458"><ele>3315.040969245136</ele></trkpt><trkpt lat="37.612434" lon="-107.999416"><ele>3315.0</ele></trkpt><trkpt lat="37.612483" lon="-107.99938500000002"><ele>3315.0</ele></trkpt><trkpt lat="37.612549" lon="-107.999324"><ele>3314.902257286426</ele></trkpt><trkpt lat="37.612707" lon="-107.99925200000001"><ele>3315.8970350166937</ele></trkpt><trkpt lat="37.612835" lon="-107.999121"><ele>3315.335630933754</ele></trkpt><trkpt lat="37.612916" lon="-107.99902099999997"><ele>3314.675293154083</ele></trkpt><trkpt lat="37.612995" lon="-107.99890800000003"><ele>3313.310649432527</ele></trkpt><trkpt lat="37.613074" lon="-107.998784"><ele>3312.2565362339055</ele></trkpt><trkpt lat="37.613196" lon="-107.99853000000002"><ele>3310.9139970859887</ele></trkpt><trkpt lat="37.61335" lon="-107.99816699999997"><ele>3312.644529076293</ele></trkpt><trkpt lat="37.613403" lon="-107.99798199999998"><ele>3313.0</ele></trkpt><trkpt lat="37.61349" lon="-107.99781899999999"><ele>3314.88097416237</ele></trkpt><trkpt lat="37.613557" lon="-107.99770699999999"><ele>3316.0</ele></trkpt><trkpt lat="37.613674" lon="-107.997434"><ele>3317.9164367204057</ele></trkpt><trkpt lat="37.613765" lon="-107.99717499999997"><ele>3319.0</ele></trkpt><trkpt lat="37.613863" lon="-107.99700000000001"><ele>3320.0</ele></trkpt><trkpt lat="37.614001" lon="-107.99670200000003"><ele>3320.0</ele></trkpt><trkpt lat="37.614067" lon="-107.99658399999998"><ele>3320.0</ele></trkpt><trkpt lat="37.61415" lon="-107.99652300000002"><ele>3320.0</ele></trkpt><trkpt lat="37.614242" lon="-107.99647199999998"><ele>3320.1083929500337</ele></trkpt><trkpt lat="37.614308" lon="-107.99641600000001"><ele>3321.2776032699994</ele></trkpt><trkpt lat="37.614342" lon="-107.99633699999998"><ele>3321.0035272982263</ele></trkpt><trkpt lat="37.614395" lon="-107.996219"><ele>3321.1240825671703</ele></trkpt><trkpt lat="37.614431" lon="-107.99611299999998"><ele>3321.3577699428715</ele></trkpt><trkpt lat="37.61446" lon="-107.99598500000002"><ele>3321.948198167607</ele></trkpt><trkpt lat="37.614477" lon="-107.99586199999999"><ele>3322.948352029547</ele></trkpt><trkpt lat="37.614533" lon="-107.99569400000001"><ele>3323.7167642738004</ele></trkpt><trkpt lat="37.614601" lon="-107.99557500000003"><ele>3324.2435988839716</ele></trkpt><trkpt lat="37.614636" lon="-107.99550999999997"><ele>3325.015389587401</ele></trkpt><trkpt lat="37.614652" lon="-107.99544800000001"><ele>3325.0393983333875</ele></trkpt><trkpt lat="37.614707" lon="-107.99534800000004"><ele>3325.2404553820934</ele></trkpt><trkpt lat="37.614764" lon="-107.99525399999999"><ele>3325.8533981086557</ele></trkpt><trkpt lat="37.614806" lon="-107.99518799999998"><ele>3326.304315926507</ele></trkpt><trkpt lat="37.614842" lon="-107.99505299999998"><ele>3325.0</ele></trkpt><trkpt lat="37.614895" lon="-107.994957"><ele>3325.0</ele></trkpt><trkpt lat="37.614958" lon="-107.99485600000003"><ele>3325.1412924867373</ele></trkpt><trkpt lat="37.615036" lon="-107.99476300000003"><ele>3325.1990346569896</ele></trkpt><trkpt lat="37.615135" lon="-107.99463700000001"><ele>3325.784700564717</ele></trkpt><trkpt lat="37.615196" lon="-107.99451599999998"><ele>3324.9762627538294</ele></trkpt><trkpt lat="37.61527" lon="-107.99436200000002"><ele>3324.0</ele></trkpt><trkpt lat="37.615374" lon="-107.99414000000002"><ele>3322.0</ele></trkpt><trkpt lat="37.615439" lon="-107.993986"><ele>3320.0</ele></trkpt><trkpt lat="37.615465" lon="-107.99390399999999"><ele>3319.015504420876</ele></trkpt><trkpt lat="37.615503" lon="-107.993851"><ele>3318.0</ele></trkpt><trkpt lat="37.615511" lon="-107.99383899999998"><ele>3318.0</ele></trkpt><trkpt lat="37.61559" lon="-107.993784"><ele>3317.0</ele></trkpt><trkpt lat="37.615681" lon="-107.99375199999997"><ele>3316.1220956435427</ele></trkpt><trkpt lat="37.615787" lon="-107.99373800000001"><ele>3315.469648355618</ele></trkpt><trkpt lat="37.615931" lon="-107.99374499999999"><ele>3313.4044862952505</ele></trkpt><trkpt lat="37.615976" lon="-107.99378000000002"><ele>3313.3675153365907</ele></trkpt><trkpt lat="37.616088" lon="-107.99386700000002"><ele>3313.0</ele></trkpt><trkpt lat="37.616189" lon="-107.99386300000003"><ele>3312.0</ele></trkpt><trkpt lat="37.616629" lon="-107.99373100000003"><ele>3305.442088978365</ele></trkpt><trkpt lat="37.616842" lon="-107.99371400000001"><ele>3303.0</ele></trkpt><trkpt lat="37.616923" lon="-107.99368200000004"><ele>3302.0</ele></trkpt><trkpt lat="37.617122" lon="-107.99360100000001"><ele>3300.0</ele></trkpt><trkpt lat="37.617458" lon="-107.99354599999998"><ele>3296.6681910417974</ele></trkpt><trkpt lat="37.617709" lon="-107.99354199999999"><ele>3295.0</ele></trkpt><trkpt lat="37.618038" lon="-107.99345700000003"><ele>3294.0</ele></trkpt><trkpt lat="37.618342" lon="-107.99350500000003"><ele>3294.0</ele></trkpt><trkpt lat="37.618722" lon="-107.99337200000002"><ele>3294.412812090479</ele></trkpt><trkpt lat="37.618917" lon="-107.99321500000002"><ele>3294.0</ele></trkpt><trkpt lat="37.619142" lon="-107.99314700000002"><ele>3294.92705209041</ele></trkpt><trkpt lat="37.619289" lon="-107.99296300000003"><ele>3294.0</ele></trkpt><trkpt lat="37.619359" lon="-107.99275499999999"><ele>3293.0</ele></trkpt><trkpt lat="37.619391" lon="-107.99269400000003"><ele>3293.0</ele></trkpt><trkpt lat="37.619465" lon="-107.99258199999997"><ele>3292.247482087645</ele></trkpt><trkpt lat="37.619562" lon="-107.99242500000003"><ele>3292.0</ele></trkpt><trkpt lat="37.619697" lon="-107.99217599999997"><ele>3291.696362555375</ele></trkpt><trkpt lat="37.619861" lon="-107.99188400000003"><ele>3291.733594401785</ele></trkpt><trkpt lat="37.619964" lon="-107.99172499999997"><ele>3292.9227218654714</ele></trkpt><trkpt lat="37.620024" lon="-107.99160999999998"><ele>3294.0</ele></trkpt><trkpt lat="37.62014" lon="-107.99134100000003"><ele>3295.0</ele></trkpt><trkpt lat="37.620359" lon="-107.99093299999998"><ele>3298.751045911228</ele></trkpt><trkpt lat="37.620556" lon="-107.99059"><ele>3299.0</ele></trkpt><trkpt lat="37.620788" lon="-107.99045000000001"><ele>3295.0</ele></trkpt><trkpt lat="37.620956" lon="-107.990364"><ele>3292.0</ele></trkpt><trkpt lat="37.621198" lon="-107.99032699999998"><ele>3289.0</ele></trkpt><trkpt lat="37.621529" lon="-107.990297"><ele>3288.0</ele></trkpt><trkpt lat="37.621895" lon="-107.99026300000003"><ele>3290.0</ele></trkpt><trkpt lat="37.622139" lon="-107.99021700000003"><ele>3292.2831754328927</ele></trkpt><trkpt lat="37.62226" lon="-107.99005699999998"><ele>3293.9896567911183</ele></trkpt><trkpt lat="37.622404" lon="-107.98988700000001"><ele>3297.0</ele></trkpt><trkpt lat="37.622541" lon="-107.98967500000003"><ele>3299.0</ele></trkpt><trkpt lat="37.622584" lon="-107.98961400000002"><ele>3299.980625565369</ele></trkpt><trkpt lat="37.622628" lon="-107.989483"><ele>3301.519053356722</ele></trkpt><trkpt lat="37.622691" lon="-107.989304"><ele>3303.0</ele></trkpt><trkpt lat="37.622756" lon="-107.98908699999998"><ele>3305.0</ele></trkpt><trkpt lat="37.622789" lon="-107.98897499999998"><ele>3305.9921485744417</ele></trkpt><trkpt lat="37.622824" lon="-107.98887000000002"><ele>3306.0515198167413</ele></trkpt><trkpt lat="37.622889" lon="-107.98873700000001"><ele>3307.0</ele></trkpt><trkpt lat="37.622979" lon="-107.98857900000002"><ele>3309.1716041062027</ele></trkpt><trkpt lat="37.623091" lon="-107.98837800000001"><ele>3310.922653564183</ele></trkpt><trkpt lat="37.623304" lon="-107.98807199999999"><ele>3316.294423226267</ele></trkpt><trkpt lat="37.623613" lon="-107.98743000000002"><ele>3323.475888784975</ele></trkpt><trkpt lat="37.623781" lon="-107.98713199999997"><ele>3327.219385655539</ele></trkpt><trkpt lat="37.62396" lon="-107.986894"><ele>3329.4610869453063</ele></trkpt><trkpt lat="37.6241" lon="-107.98674900000003"><ele>3328.758641068358</ele></trkpt><trkpt lat="37.624276" lon="-107.98668700000002"><ele>3326.8692316454835</ele></trkpt><trkpt lat="37.624423" lon="-107.98666300000002"><ele>3326.7507505784743</ele></trkpt><trkpt lat="37.624544" lon="-107.98663599999998"><ele>3326.114900480522</ele></trkpt><trkpt lat="37.624666" lon="-107.98660100000001"><ele>3326.295995712746</ele></trkpt><trkpt lat="37.624867" lon="-107.98647499999998"><ele>3327.9814266021053</ele></trkpt><trkpt lat="37.625055" lon="-107.98631599999999"><ele>3327.715545179957</ele></trkpt><trkpt lat="37.625201" lon="-107.98611"><ele>3327.9982118959106</ele></trkpt><trkpt lat="37.625343" lon="-107.98582599999997"><ele>3328.0</ele></trkpt><trkpt lat="37.625469" lon="-107.985499"><ele>3329.0</ele></trkpt><trkpt lat="37.625599" lon="-107.98498999999998"><ele>3331.0</ele></trkpt><trkpt lat="37.625687" lon="-107.984665"><ele>3332.5113709587604</ele></trkpt><trkpt lat="37.625814" lon="-107.98435999999998"><ele>3334.9842425566167</ele></trkpt><trkpt lat="37.625931" lon="-107.98405600000001"><ele>3336.0</ele></trkpt><trkpt lat="37.625997" lon="-107.98389700000001"><ele>3336.0</ele></trkpt><trkpt lat="37.626087" lon="-107.983791"><ele>3336.905849600211</ele></trkpt><trkpt lat="37.626147" lon="-107.98376000000002"><ele>3336.0</ele></trkpt><trkpt lat="37.62633" lon="-107.98368900000003"><ele>3334.0</ele></trkpt><trkpt lat="37.6265" lon="-107.98363899999998"><ele>3330.82213617675</ele></trkpt><trkpt lat="37.626697" lon="-107.98359499999998"><ele>3329.0133283951327</ele></trkpt><trkpt lat="37.626939" lon="-107.983495"><ele>3326.0</ele></trkpt><trkpt lat="37.627073" lon="-107.98328500000002"><ele>3325.9784529085537</ele></trkpt><trkpt lat="37.627165" lon="-107.983068"><ele>3325.0</ele></trkpt><trkpt lat="37.627277" lon="-107.98297500000001"><ele>3326.0</ele></trkpt><trkpt lat="37.627358" lon="-107.98291999999998"><ele>3326.0</ele></trkpt><trkpt lat="37.627423" lon="-107.98285900000002"><ele>3326.178983638651</ele></trkpt><trkpt lat="37.627615" lon="-107.98271499999998"><ele>3325.7606151103973</ele></trkpt><trkpt lat="37.627725" lon="-107.98265600000002"><ele>3325.0047578126514</ele></trkpt><trkpt lat="37.627832" lon="-107.98260800000003"><ele>3324.9385697961775</ele></trkpt><trkpt lat="37.627912" lon="-107.98255499999999"><ele>3325.304074665997</ele></trkpt><trkpt lat="37.628031" lon="-107.98246"><ele>3325.930726276742</ele></trkpt><trkpt lat="37.628108" lon="-107.982395"><ele>3326.8163959118538</ele></trkpt><trkpt lat="37.628205" lon="-107.98226599999998"><ele>3326.9468768506135</ele></trkpt><trkpt lat="37.628238" lon="-107.98219899999998"><ele>3326.8906153797943</ele></trkpt><trkpt lat="37.628308" lon="-107.982032"><ele>3325.981762023265</ele></trkpt><trkpt lat="37.628363" lon="-107.98193100000003"><ele>3325.979772407716</ele></trkpt><trkpt lat="37.628403" lon="-107.981811"><ele>3325.206826455609</ele></trkpt><trkpt lat="37.628427" lon="-107.98173300000002"><ele>3324.7399385925382</ele></trkpt><trkpt lat="37.628472" lon="-107.98164400000002"><ele>3325.0</ele></trkpt><trkpt lat="37.628515" lon="-107.98154899999997"><ele>3324.0</ele></trkpt><trkpt lat="37.628537" lon="-107.98143700000003"><ele>3324.0</ele></trkpt><trkpt lat="37.628547" lon="-107.98129799999998"><ele>3325.0</ele></trkpt><trkpt lat="37.628554" lon="-107.98120699999998"><ele>3325.0</ele></trkpt><trkpt lat="37.628604" lon="-107.98112700000001"><ele>3324.8447269331664</ele></trkpt><trkpt lat="37.628657" lon="-107.98100499999998"><ele>3323.6760285153487</ele></trkpt><trkpt lat="37.628747" lon="-107.98075599999999"><ele>3321.430060058832</ele></trkpt><trkpt lat="37.628791" lon="-107.980594"><ele>3319.840928532183</ele></trkpt><trkpt lat="37.628789" lon="-107.98044199999998"><ele>3319.0</ele></trkpt><trkpt lat="37.628779" lon="-107.98028999999997"><ele>3319.338541616039</ele></trkpt><trkpt lat="37.628757" lon="-107.98018000000002"><ele>3319.681069700956</ele></trkpt><trkpt lat="37.628674" lon="-107.98042299999997"><ele>3317.9605771775173</ele></trkpt><trkpt lat="37.628575" lon="-107.98049600000002"><ele>3316.4488041382283</ele></trkpt><trkpt lat="37.628432" lon="-107.98069299999997"><ele>3316.0341567415744</ele></trkpt><trkpt lat="37.628511" lon="-107.98039"><ele>3310.961228325249</ele></trkpt><trkpt lat="37.628522" lon="-107.98024599999997"><ele>3309.3300867825747</ele></trkpt><trkpt lat="37.62851" lon="-107.98010199999999"><ele>3307.623962406069</ele></trkpt><trkpt lat="37.628465" lon="-107.97995600000002"><ele>3305.9759970121086</ele></trkpt><trkpt lat="37.628367" lon="-107.97974399999998"><ele>3302.209322365001</ele></trkpt><trkpt lat="37.628327" lon="-107.97958499999999"><ele>3300.711159594357</ele></trkpt><trkpt lat="37.628293" lon="-107.97938899999997"><ele>3297.854899611324</ele></trkpt><trkpt lat="37.628269" lon="-107.979018"><ele>3293.8853106461465</ele></trkpt><trkpt lat="37.628281" lon="-107.978794"><ele>3293.148777410388</ele></trkpt><trkpt lat="37.628391" lon="-107.97850399999999"><ele>3290.621568514034</ele></trkpt><trkpt lat="37.628484" lon="-107.97811899999999"><ele>3287.705808770674</ele></trkpt><trkpt lat="37.628486" lon="-107.977555"><ele>3281.423427991569</ele></trkpt><trkpt lat="37.62847" lon="-107.97734200000002"><ele>3280.2702153082937</ele></trkpt><trkpt lat="37.628479" lon="-107.97716200000002"><ele>3279.5772685974375</ele></trkpt><trkpt lat="37.628558" lon="-107.97662400000002"><ele>3273.392998382005</ele></trkpt><trkpt lat="37.628571" lon="-107.97644500000001"><ele>3271.8653215839786</ele></trkpt><trkpt lat="37.628543" lon="-107.97618999999997"><ele>3270.750497453354</ele></trkpt><trkpt lat="37.628509" lon="-107.97606300000001"><ele>3269.2368067671414</ele></trkpt><trkpt lat="37.628439" lon="-107.97591899999998"><ele>3267.8724709819267</ele></trkpt><trkpt lat="37.628228" lon="-107.97556800000001"><ele>3265.364436161061</ele></trkpt><trkpt lat="37.628198" lon="-107.97540600000002"><ele>3264.2647686451674</ele></trkpt><trkpt lat="37.628198" lon="-107.97520299999996"><ele>3260.2647686451674</ele></trkpt><trkpt lat="37.628174" lon="-107.97509600000001"><ele>3261.7508459291566</ele></trkpt><trkpt lat="37.628006" lon="-107.97463500000003"><ele>3255.993191820972</ele></trkpt><trkpt lat="37.627925" lon="-107.97447299999999"><ele>3255.2005373258144</ele></trkpt><trkpt lat="37.627827" lon="-107.974311"><ele>3252.433904575184</ele></trkpt><trkpt lat="37.627283" lon="-107.97372000000001"><ele>3242.860114755109</ele></trkpt><trkpt lat="37.627221" lon="-107.97367700000001"><ele>3241.21581276739</ele></trkpt><trkpt lat="37.627003" lon="-107.97353699999996"><ele>3236.9126018090174</ele></trkpt><trkpt lat="37.627153" lon="-107.97377399999999"><ele>3235.773799603805</ele></trkpt><trkpt lat="37.627215" lon="-107.97394400000002"><ele>3234.9986194797675</ele></trkpt><trkpt lat="37.627317" lon="-107.97433000000001"><ele>3231.423999754712</ele></trkpt><trkpt lat="37.627491" lon="-107.97469699999999"><ele>3228.662650020793</ele></trkpt><trkpt lat="37.627546" lon="-107.97508399999998"><ele>3226.0</ele></trkpt><trkpt lat="37.627538" lon="-107.97516999999999"><ele>3227.059156364638</ele></trkpt><trkpt lat="37.62749" lon="-107.97528899999998"><ele>3226.603807134554</ele></trkpt><trkpt lat="37.627327" lon="-107.97554500000001"><ele>3223.619188449665</ele></trkpt><trkpt lat="37.627278" lon="-107.97569499999997"><ele>3221.1291331555694</ele></trkpt><trkpt lat="37.627287" lon="-107.97578099999998"><ele>3220.2550596892775</ele></trkpt><trkpt lat="37.627424" lon="-107.97620799999999"><ele>3216.7201784029603</ele></trkpt><trkpt lat="37.627451" lon="-107.97637199999997"><ele>3216.3089351952076</ele></trkpt><trkpt lat="37.62744" lon="-107.97652900000003"><ele>3215.6616638395935</ele></trkpt><trkpt lat="37.627409" lon="-107.97663399999999"><ele>3215.203010834288</ele></trkpt><trkpt lat="37.627207" lon="-107.97697"><ele>3211.9513021819293</ele></trkpt><trkpt lat="37.627182" lon="-107.97707500000001"><ele>3210.4802358858287</ele></trkpt><trkpt lat="37.627176" lon="-107.97727800000001"><ele>3209.127180049196</ele></trkpt><trkpt lat="37.627208" lon="-107.97753399999999"><ele>3205.7016299967654</ele></trkpt><trkpt lat="37.627202" lon="-107.97758299999998"><ele>3205.452200172802</ele></trkpt><trkpt lat="37.6271" lon="-107.977846"><ele>3205.4048326684306</ele></trkpt><trkpt lat="37.626925" lon="-107.97807"><ele>3205.357703069225</ele></trkpt><trkpt lat="37.626877" lon="-107.97819800000002"><ele>3202.8818429356834</ele></trkpt><trkpt lat="37.626869" lon="-107.978725"><ele>3197.887349610413</ele></trkpt><trkpt lat="37.626668" lon="-107.97961900000001"><ele>3191.6355395560454</ele></trkpt><trkpt lat="37.626501" lon="-107.97994799999998"><ele>3190.2176491376013</ele></trkpt><trkpt lat="37.626423" lon="-107.98017400000003"><ele>3188.880732532508</ele></trkpt><trkpt lat="37.626377" lon="-107.98037599999998"><ele>3186.112165682018</ele></trkpt><trkpt lat="37.626324" lon="-107.98044299999998"><ele>3188.8777407989837</ele></trkpt><trkpt lat="37.626185" lon="-107.98054400000001"><ele>3188.5846819560975</ele></trkpt><trkpt lat="37.626025" lon="-107.98074200000002"><ele>3187.3998291101307</ele></trkpt><trkpt lat="37.625968" lon="-107.98079000000001"><ele>3186.048103941704</ele></trkpt><trkpt lat="37.625903" lon="-107.98080400000003"><ele>3184.701560179703</ele></trkpt><trkpt lat="37.62553" lon="-107.980771"><ele>3179.436920462176</ele></trkpt><trkpt lat="37.625174" lon="-107.98079200000001"><ele>3176.142319645267</ele></trkpt><trkpt lat="37.624677" lon="-107.98071700000003"><ele>3173.647066312842</ele></trkpt><trkpt lat="37.624471" lon="-107.98064699999998"><ele>3171.3999371993914</ele></trkpt><trkpt lat="37.624341" lon="-107.98062400000003"><ele>3171.312952178996</ele></trkpt><trkpt lat="37.624236" lon="-107.98065200000002"><ele>3171.0823269513403</ele></trkpt><trkpt lat="37.624172" lon="-107.98068999999998"><ele>3170.6133818999533</ele></trkpt><trkpt lat="37.624099" lon="-107.980771"><ele>3169.072133159265</ele></trkpt><trkpt lat="37.624062" lon="-107.98084599999999"><ele>3167.8950462508947</ele></trkpt><trkpt lat="37.623977" lon="-107.981201"><ele>3165.893634485081</ele></trkpt><trkpt lat="37.623927" lon="-107.981315"><ele>3162.903260473162</ele></trkpt><trkpt lat="37.623886" lon="-107.981626"><ele>3161.548724939581</ele></trkpt><trkpt lat="37.623832" lon="-107.98127099999999"><ele>3157.1934556215037</ele></trkpt><trkpt lat="37.623812" lon="-107.98118699999998"><ele>3155.2869143398075</ele></trkpt><trkpt lat="37.623744" lon="-107.980751"><ele>3152.1839115601033</ele></trkpt><trkpt lat="37.623747" lon="-107.98062800000002"><ele>3151.1799870372106</ele></trkpt><trkpt lat="37.623808" lon="-107.98017700000003"><ele>3147.457020464614</ele></trkpt><trkpt lat="37.623837" lon="-107.980096"><ele>3146.8989989340143</ele></trkpt><trkpt lat="37.623884" lon="-107.980029"><ele>3146.246136489657</ele></trkpt><trkpt lat="37.623969" lon="-107.979987"><ele>3144.626600533724</ele></trkpt><trkpt lat="37.62439" lon="-107.980029"><ele>3139.5839424002916</ele></trkpt><trkpt lat="37.624599" lon="-107.979985"><ele>3138.296513092037</ele></trkpt><trkpt lat="37.624825" lon="-107.97992899999997"><ele>3136.133276682347</ele></trkpt><trkpt lat="37.625086" lon="-107.97976800000004"><ele>3134.4204608020373</ele></trkpt><trkpt lat="37.625177" lon="-107.97972400000003"><ele>3134.6864242819743</ele></trkpt><trkpt lat="37.625275" lon="-107.97970199999997"><ele>3132.5966517902066</ele></trkpt><trkpt lat="37.625322" lon="-107.97966500000001"><ele>3131.034291382879</ele></trkpt><trkpt lat="37.625327" lon="-107.979646"><ele>3131.593648529146</ele></trkpt><trkpt lat="37.625328" lon="-107.97935799999999"><ele>3132.0</ele></trkpt><trkpt lat="37.625353" lon="-107.97925199999997"><ele>3132.0</ele></trkpt><trkpt lat="37.625382" lon="-107.97918300000003"><ele>3132.0889415851652</ele></trkpt><trkpt lat="37.625495" lon="-107.97902099999999"><ele>3132.821563143749</ele></trkpt><trkpt lat="37.625525" lon="-107.978947"><ele>3130.138152735308</ele></trkpt><trkpt lat="37.625526" lon="-107.97888499999999"><ele>3129.0379064213485</ele></trkpt><trkpt lat="37.625468" lon="-107.97853700000002"><ele>3128.625110557303</ele></trkpt><trkpt lat="37.625436" lon="-107.978474"><ele>3126.0858639103917</ele></trkpt><trkpt lat="37.625307" lon="-107.97834"><ele>3126.01959060936</ele></trkpt><trkpt lat="37.624841" lon="-107.97778199999999"><ele>3121.097946960586</ele></trkpt><trkpt lat="37.624771" lon="-107.97768000000002"><ele>3119.9564125043034</ele></trkpt><trkpt lat="37.624675" lon="-107.977465"><ele>3118.964220441878</ele></trkpt><trkpt lat="37.624664" lon="-107.97733199999999"><ele>3118.3169732596725</ele></trkpt><trkpt lat="37.624685" lon="-107.97724800000003"><ele>3116.9910296362177</ele></trkpt><trkpt lat="37.624949" lon="-107.97688599999998"><ele>3111.009483887819</ele></trkpt><trkpt lat="37.62498" lon="-107.976786"><ele>3108.9507892294364</ele></trkpt><trkpt lat="37.625" lon="-107.97637800000001"><ele>3107.0</ele></trkpt><trkpt lat="37.624989" lon="-107.97624400000001"><ele>3103.4402258507907</ele></trkpt><trkpt lat="37.624958" lon="-107.976181"><ele>3102.6161581501365</ele></trkpt><trkpt lat="37.624857" lon="-107.976133"><ele>3098.6616652938733</ele></trkpt><trkpt lat="37.624634" lon="-107.976155"><ele>3092.957543110475</ele></trkpt><trkpt lat="37.624503" lon="-107.97614199999998"><ele>3092.5633870228194</ele></trkpt><trkpt lat="37.624335" lon="-107.97605199999998"><ele>3088.9584427177906</ele></trkpt><trkpt lat="37.62406" lon="-107.97606100000002"><ele>3083.338260621298</ele></trkpt><trkpt lat="37.624024" lon="-107.97606200000001"><ele>3083.2916572438553</ele></trkpt><trkpt lat="37.623597" lon="-107.975912"><ele>3078.1508030160267</ele></trkpt><trkpt lat="37.623454" lon="-107.97589299999999"><ele>3075.26781898556</ele></trkpt><trkpt lat="37.623369" lon="-107.97591499999999"><ele>3073.0</ele></trkpt><trkpt lat="37.623164" lon="-107.97609299999999"><ele>3068.8469525333494</ele></trkpt><trkpt lat="37.622754" lon="-107.976337"><ele>3060.4437490882424</ele></trkpt><trkpt lat="37.622523" lon="-107.976404"><ele>3058.3533020443283</ele></trkpt><trkpt lat="37.622146" lon="-107.97657400000003"><ele>3050.0</ele></trkpt><trkpt lat="37.622084" lon="-107.976653"><ele>3047.749060977716</ele></trkpt><trkpt lat="37.622032" lon="-107.97679800000003"><ele>3042.544245793757</ele></trkpt><trkpt lat="37.621991" lon="-107.976833"><ele>3041.3604529779404</ele></trkpt><trkpt lat="37.621817" lon="-107.97691199999997"><ele>3037.6787861343473</ele></trkpt><trkpt lat="37.621535" lon="-107.97714200000001"><ele>3029.9600092433393</ele></trkpt><trkpt lat="37.621374" lon="-107.97723400000001"><ele>3026.49463827088</ele></trkpt><trkpt lat="37.621255" lon="-107.97726699999998"><ele>3023.733801553026</ele></trkpt><trkpt lat="37.620981" lon="-107.97726"><ele>3020.282123438322</ele></trkpt><trkpt lat="37.620804" lon="-107.97724399999998"><ele>3019.0</ele></trkpt><trkpt lat="37.620301" lon="-107.97706299999999"><ele>3014.0</ele></trkpt><trkpt lat="37.620214" lon="-107.97700700000001"><ele>3013.1216900880618</ele></trkpt><trkpt lat="37.619988" lon="-107.97679399999998"><ele>3013.033239306029</ele></trkpt><trkpt lat="37.619708" lon="-107.97646800000001"><ele>3010.0831252723</ele></trkpt><trkpt lat="37.619294" lon="-107.97610199999997"><ele>3002.3541026506573</ele></trkpt><trkpt lat="37.619144" lon="-107.97593999999998"><ele>3000.9772693337873</ele></trkpt><trkpt lat="37.619007" lon="-107.97586799999999"><ele>2998.645062392815</ele></trkpt><trkpt lat="37.618712" lon="-107.97579100000002"><ele>2992.929958154104</ele></trkpt><trkpt lat="37.618569" lon="-107.97573299999999"><ele>2988.8864695047664</ele></trkpt><trkpt lat="37.618332" lon="-107.97558300000003"><ele>2982.905153676741</ele></trkpt><trkpt lat="37.618205" lon="-107.97553099999999"><ele>2984.0107202181603</ele></trkpt><trkpt lat="37.618101" lon="-107.97550799999999"><ele>2979.109928533435</ele></trkpt><trkpt lat="37.61783" lon="-107.97553900000003"><ele>2979.6652238206007</ele></trkpt><trkpt lat="37.617471" lon="-107.97560900000002"><ele>2977.402987376321</ele></trkpt><trkpt lat="37.61709" lon="-107.975617"><ele>2979.0301603553817</ele></trkpt><trkpt lat="37.61679" lon="-107.975574"><ele>2981.0341056003235</ele></trkpt><trkpt lat="37.616575" lon="-107.97556900000001"><ele>2978.267122488469</ele></trkpt><trkpt lat="37.616312" lon="-107.97552200000001"><ele>2971.4574812436476</ele></trkpt><trkpt lat="37.615831" lon="-107.97516100000001"><ele>2971.171143267041</ele></trkpt><trkpt lat="37.615521" lon="-107.97499299999998"><ele>2964.439724349609</ele></trkpt><trkpt lat="37.614704" lon="-107.97439400000002"><ele>2950.3294610083103</ele></trkpt><trkpt lat="37.614377" lon="-107.97404599999999"><ele>2946.015888092691</ele></trkpt><trkpt lat="37.61417" lon="-107.97389399999997"><ele>2941.2145654172637</ele></trkpt><trkpt lat="37.613967" lon="-107.97369100000003"><ele>2934.7439934880113</ele></trkpt><trkpt lat="37.613671" lon="-107.97330399999998"><ele>2925.5295440051705</ele></trkpt><trkpt lat="37.613545" lon="-107.97319500000003"><ele>2923.1054655805915</ele></trkpt><trkpt lat="37.613501" lon="-107.97313300000002"><ele>2922.528124075383</ele></trkpt><trkpt lat="37.613471" lon="-107.97295099999997"><ele>2918.5534771968814</ele></trkpt><trkpt lat="37.613451" lon="-107.97291100000001"><ele>2918.138900621794</ele></trkpt><trkpt lat="37.613277" lon="-107.972826"><ele>2920.0350474156285</ele></trkpt><trkpt lat="37.613197" lon="-107.972756"><ele>2918.2331434745483</ele></trkpt><trkpt lat="37.612648" lon="-107.97207800000001"><ele>2905.3448739554733</ele></trkpt><trkpt lat="37.612088" lon="-107.97126400000002"><ele>2892.399559672922</ele></trkpt><trkpt lat="37.611931" lon="-107.97107299999999"><ele>2891.9590589925647</ele></trkpt><trkpt lat="37.611549" lon="-107.97041200000001"><ele>2892.3252818095893</ele></trkpt><trkpt lat="37.611494" lon="-107.97035700000004"><ele>2891.6181927635334</ele></trkpt><trkpt lat="37.6113" lon="-107.97029199999997"><ele>2888.1931470232084</ele></trkpt><trkpt lat="37.611215" lon="-107.970236"><ele>2888.0326496025164</ele></trkpt><trkpt lat="37.611054" lon="-107.97009700000001"><ele>2889.2808056883514</ele></trkpt><trkpt lat="37.610705" lon="-107.969716"><ele>2889.0741550629027</ele></trkpt><trkpt lat="37.610603" lon="-107.969628"><ele>2887.1746369367465</ele></trkpt><trkpt lat="37.610406" lon="-107.96949799999999"><ele>2887.6436755331233</ele></trkpt><trkpt lat="37.610269" lon="-107.96934099999999"><ele>2887.198941408411</ele></trkpt><trkpt lat="37.609934" lon="-107.96910400000002"><ele>2881.858579749622</ele></trkpt><trkpt lat="37.609816" lon="-107.96900299999999"><ele>2880.0031590810977</ele></trkpt><trkpt lat="37.609706" lon="-107.96887300000003"><ele>2879.0863589406895</ele></trkpt><trkpt lat="37.609532" lon="-107.96861799999999"><ele>2879.238083927892</ele></trkpt><trkpt lat="37.609323" lon="-107.96840900000001"><ele>2874.7357067074627</ele></trkpt><trkpt lat="37.608997" lon="-107.96776699999998"><ele>2868.483305796598</ele></trkpt><trkpt lat="37.608819" lon="-107.96732600000001"><ele>2864.086238289252</ele></trkpt><trkpt lat="37.608792" lon="-107.96718599999997"><ele>2863.4978795796633</ele></trkpt><trkpt lat="37.608828" lon="-107.96686399999999"><ele>2856.6350889018877</ele></trkpt><trkpt lat="37.60846" lon="-107.96666299999998"><ele>2861.3063495906626</ele></trkpt><trkpt lat="37.608227" lon="-107.966454"><ele>2858.317046091892</ele></trkpt><trkpt lat="37.607763" lon="-107.96599200000003"><ele>2844.551865510177</ele></trkpt><trkpt lat="37.607692" lon="-107.96590800000001"><ele>2842.7874594554305</ele></trkpt><trkpt lat="37.607489" lon="-107.96559300000001"><ele>2839.0279693617485</ele></trkpt><trkpt lat="37.607341" lon="-107.96543200000002"><ele>2834.2345529688205</ele></trkpt><trkpt lat="37.607057" lon="-107.96518000000003"><ele>2829.861948650796</ele></trkpt><trkpt lat="37.606949" lon="-107.96510699999999"><ele>2827.079053560272</ele></trkpt><trkpt lat="37.606548" lon="-107.96502499999997"><ele>2825.653137779329</ele></trkpt><trkpt lat="37.606328" lon="-107.96491200000003"><ele>2825.4671870390885</ele></trkpt><trkpt lat="37.605958" lon="-107.964652"><ele>2821.818447265774</ele></trkpt><trkpt lat="37.605817" lon="-107.96453400000001"><ele>2822.0232090959325</ele></trkpt><trkpt lat="37.605605" lon="-107.96439599999997"><ele>2821.98343680799</ele></trkpt><trkpt lat="37.605205" lon="-107.96410300000002"><ele>2821.108062112704</ele></trkpt><trkpt lat="37.605075" lon="-107.96398699999997"><ele>2821.8437431549805</ele></trkpt><trkpt lat="37.6048" lon="-107.96364800000003"><ele>2824.825988976285</ele></trkpt><trkpt lat="37.604579" lon="-107.96333900000002"><ele>2822.14993394226</ele></trkpt><trkpt lat="37.604368" lon="-107.96309400000001"><ele>2818.8944107140414</ele></trkpt><trkpt lat="37.604261" lon="-107.96299399999998"><ele>2817.3045980450697</ele></trkpt><trkpt lat="37.603664" lon="-107.96256"><ele>2813.5304640000686</ele></trkpt><trkpt lat="37.602323" lon="-107.961813"><ele>2799.970782035566</ele></trkpt><trkpt lat="37.601669" lon="-107.96123599999999"><ele>2789.7187959216535</ele></trkpt><trkpt lat="37.601425" lon="-107.96091200000001"><ele>2783.465634413995</ele></trkpt><trkpt lat="37.601023" lon="-107.96031199999999"><ele>2773.781174916774</ele></trkpt><trkpt lat="37.600696" lon="-107.95996300000002"><ele>2768.8110197028145</ele></trkpt><trkpt lat="37.600484" lon="-107.95977700000003"><ele>2767.8311702435767</ele></trkpt><trkpt lat="37.600275" lon="-107.95954599999999"><ele>2764.4807678968646</ele></trkpt><trkpt lat="37.600171" lon="-107.959405"><ele>2763.095836504565</ele></trkpt><trkpt lat="37.599754" lon="-107.95869099999999"><ele>2754.841904843226</ele></trkpt><trkpt lat="37.599627" lon="-107.958393"><ele>2751.0</ele></trkpt><trkpt lat="37.599394" lon="-107.95825100000002"><ele>2748.010835555382</ele></trkpt><trkpt lat="37.599342" lon="-107.95819"><ele>2747.7949684523046</ele></trkpt><trkpt lat="37.599161" lon="-107.95774599999999"><ele>2745.961224846542</ele></trkpt><trkpt lat="37.599052" lon="-107.95740799999999"><ele>2744.5497978925705</ele></trkpt><trkpt lat="37.598795" lon="-107.95643899999999"><ele>2739.3137633097404</ele></trkpt><trkpt lat="37.598702" lon="-107.95617199999998"><ele>2738.1868693699016</ele></trkpt><trkpt lat="37.59868" lon="-107.95606499999997"><ele>2737.6686683781445</ele></trkpt><trkpt lat="37.598679" lon="-107.955917"><ele>2734.8832974219695</ele></trkpt><trkpt lat="37.598659" lon="-107.95583599999998"><ele>2732.4948744724197</ele></trkpt><trkpt lat="37.598609" lon="-107.95578599999999"><ele>2733.221745067276</ele></trkpt><trkpt lat="37.598431" lon="-107.95572500000003"><ele>2732.150140075395</ele></trkpt><trkpt lat="37.598327" lon="-107.95566400000001"><ele>2730.8125817500986</ele></trkpt><trkpt lat="37.598113" lon="-107.955466"><ele>2728.4526283456944</ele></trkpt><trkpt lat="37.597931" lon="-107.95526699999999"><ele>2725.021538162604</ele></trkpt><trkpt lat="37.597734" lon="-107.95511399999998"><ele>2723.0</ele></trkpt><trkpt lat="37.597672" lon="-107.95505100000003"><ele>2722.4752277322114</ele></trkpt><trkpt lat="37.597644" lon="-107.95499699999999"><ele>2722.73147566244</ele></trkpt><trkpt lat="37.597589" lon="-107.95478700000001"><ele>2719.4964167550206</ele></trkpt><trkpt lat="37.597375" lon="-107.95422200000002"><ele>2718.0185473081656</ele></trkpt><trkpt lat="37.597143" lon="-107.95369499999998"><ele>2716.2631182987243</ele></trkpt><trkpt lat="37.596996" lon="-107.953194"><ele>2713.616751693189</ele></trkpt><trkpt lat="37.596846" lon="-107.952381"><ele>2707.7939462326467</ele></trkpt><trkpt lat="37.5967" lon="-107.95203500000002"><ele>2707.2064326666296</ele></trkpt><trkpt lat="37.596568" lon="-107.951529"><ele>2703.0</ele></trkpt><trkpt lat="37.596435" lon="-107.951189"><ele>2702.0</ele></trkpt><trkpt lat="37.596236" lon="-107.95077500000002"><ele>2700.914720594883</ele></trkpt><trkpt lat="37.596052" lon="-107.95024000000001"><ele>2699.7762704631314</ele></trkpt><trkpt lat="37.595672" lon="-107.949657"><ele>2697.5952506437898</ele></trkpt><trkpt lat="37.595454" lon="-107.94925799999999"><ele>2696.367755119223</ele></trkpt><trkpt lat="37.595381" lon="-107.94909100000001"><ele>2696.8568406403065</ele></trkpt><trkpt lat="37.595333" lon="-107.948935"><ele>2696.9014153838757</ele></trkpt><trkpt lat="37.595215" lon="-107.94826699999999"><ele>2697.545118618251</ele></trkpt><trkpt lat="37.595204" lon="-107.94809900000001"><ele>2697.214798754081</ele></trkpt><trkpt lat="37.595202" lon="-107.94768999999997"><ele>2697.0971640646458</ele></trkpt><trkpt lat="37.59521" lon="-107.94757800000002"><ele>2697.5677028428763</ele></trkpt><trkpt lat="37.595324" lon="-107.94727999999998"><ele>2697.0</ele></trkpt><trkpt lat="37.595257" lon="-107.94730300000003"><ele>2694.3321191947907</ele></trkpt><trkpt lat="37.59522" lon="-107.94723199999999"><ele>2695.002189420767</ele></trkpt><trkpt lat="37.595092" lon="-107.947093"><ele>2696.755821678909</ele></trkpt><trkpt lat="37.595044" lon="-107.947"><ele>2695.4830557564273</ele></trkpt><trkpt lat="37.594758" lon="-107.94596899999999"><ele>2689.982341112569</ele></trkpt><trkpt lat="37.594729" lon="-107.94574799999998"><ele>2688.27664863877</ele></trkpt><trkpt lat="37.594762" lon="-107.945378"><ele>2688.217609092593</ele></trkpt><trkpt lat="37.594763" lon="-107.94501500000001"><ele>2686.2764260899276</ele></trkpt><trkpt lat="37.594738" lon="-107.944815"><ele>2684.8060014043003</ele></trkpt><trkpt lat="37.594625" lon="-107.94442700000002"><ele>2680.8147510413773</ele></trkpt><trkpt lat="37.594419" lon="-107.94390399999997"><ele>2675.008108900096</ele></trkpt><trkpt lat="37.594397" lon="-107.94380699999999"><ele>2672.749458020553</ele></trkpt><trkpt lat="37.594428" lon="-107.94358899999997"><ele>2669.2043987780617</ele></trkpt><trkpt lat="37.594557" lon="-107.943487"><ele>2669.0966151832818</ele></trkpt><trkpt lat="37.594369" lon="-107.94342499999999"><ele>2670.2860977775417</ele></trkpt><trkpt lat="37.594274" lon="-107.94334400000002"><ele>2672.031400802703</ele></trkpt><trkpt lat="37.594214" lon="-107.943263"><ele>2671.8218586691655</ele></trkpt><trkpt lat="37.594184" lon="-107.943196"><ele>2670.221517143771</ele></trkpt><trkpt lat="37.594133" lon="-107.94298200000003"><ele>2669.1532687842846</ele></trkpt><trkpt lat="37.594086" lon="-107.94263899999999"><ele>2667.9150001071393</ele></trkpt><trkpt lat="37.594086" lon="-107.94187"><ele>2660.4575000535697</ele></trkpt><trkpt lat="37.594068" lon="-107.94178599999998"><ele>2661.801024492625</ele></trkpt><trkpt lat="37.593986" lon="-107.94158600000003"><ele>2661.5758577864617</ele></trkpt><trkpt lat="37.593839" lon="-107.94113299999998"><ele>2657.9298580028117</ele></trkpt><trkpt lat="37.593758" lon="-107.94096000000002"><ele>2656.329166968353</ele></trkpt><trkpt lat="37.593468" lon="-107.94054499999999"><ele>2653.612903125584</ele></trkpt><trkpt lat="37.593244" lon="-107.94016799999997"><ele>2650.9391334155016</ele></trkpt><trkpt lat="37.592974" lon="-107.93955499999998"><ele>2647.695252527483</ele></trkpt><trkpt lat="37.59283" lon="-107.93916100000001"><ele>2646.5846469439566</ele></trkpt><trkpt lat="37.592791" lon="-107.93900200000002"><ele>2647.1200714609768</ele></trkpt><trkpt lat="37.592809" lon="-107.93861300000003"><ele>2645.349522260949</ele></trkpt><trkpt lat="37.59271" lon="-107.93828000000002"><ele>2646.5267962925136</ele></trkpt><trkpt lat="37.592515" lon="-107.93739199999999"><ele>2635.057813256979</ele></trkpt><trkpt lat="37.592508" lon="-107.93730099999999"><ele>2635.0888082662354</ele></trkpt><trkpt lat="37.592526" lon="-107.93722200000002"><ele>2635.7047807294875</ele></trkpt><trkpt lat="37.592617" lon="-107.93715600000002"><ele>2634.197556897387</ele></trkpt><trkpt lat="37.592778" lon="-107.93715800000001"><ele>2630.958728190316</ele></trkpt><trkpt lat="37.593039" lon="-107.93714899999998"><ele>2631.4622065760195</ele></trkpt><trkpt lat="37.593371" lon="-107.93700899999999"><ele>2626.5317620546066</ele></trkpt><trkpt lat="37.593561" lon="-107.93690900000001"><ele>2622.0462926230393</ele></trkpt><trkpt lat="37.593782" lon="-107.93680899999998"><ele>2618.385954843834</ele></trkpt><trkpt lat="37.594067" lon="-107.936759"><ele>2615.0747524782096</ele></trkpt><trkpt lat="37.594075" lon="-107.93664899999999"><ele>2611.9294143998995</ele></trkpt><trkpt lat="37.594367" lon="-107.93653799999998"><ele>2613.0</ele></trkpt><trkpt lat="37.593807" lon="-107.93642999999997"><ele>2612.276725334581</ele></trkpt><trkpt lat="37.593077" lon="-107.93668500000001"><ele>2612.0</ele></trkpt><trkpt lat="37.592606" lon="-107.93669299999999"><ele>2611.98817821521</ele></trkpt><trkpt lat="37.592296" lon="-107.93653499999999"><ele>2610.0</ele></trkpt><trkpt lat="37.592177" lon="-107.93613199999999"><ele>2609.0293383181543</ele></trkpt><trkpt lat="37.59207" lon="-107.93575399999997"><ele>2607.0</ele></trkpt><trkpt lat="37.591873" lon="-107.93543899999997"><ele>2606.0</ele></trkpt><trkpt lat="37.591517" lon="-107.93544400000002"><ele>2605.0</ele></trkpt><trkpt lat="37.591281" lon="-107.935697"><ele>2605.5195672083646</ele></trkpt><trkpt lat="37.591066" lon="-107.936377"><ele>2603.0</ele></trkpt><trkpt lat="37.590921" lon="-107.93712900000003"><ele>2604.6007339961516</ele></trkpt><trkpt lat="37.590771" lon="-107.93793"><ele>2602.0</ele></trkpt><trkpt lat="37.590547" lon="-107.93820199999999"><ele>2600.0</ele></trkpt><trkpt lat="37.590182" lon="-107.93854499999998"><ele>2600.7105813347735</ele></trkpt><trkpt lat="37.589732" lon="-107.93890399999998"><ele>2598.992425873676</ele></trkpt><trkpt lat="37.589446" lon="-107.93904900000001"><ele>2597.6648559044115</ele></trkpt><trkpt lat="37.589222" lon="-107.93912399999999"><ele>2597.727225600276</ele></trkpt><trkpt lat="37.588687" lon="-107.93916899999999"><ele>2597.7111345850863</ele></trkpt><trkpt lat="37.588227" lon="-107.93906500000003"><ele>2599.0</ele></trkpt><trkpt lat="37.587671" lon="-107.93916300000001"><ele>2593.9096938665025</ele></trkpt><trkpt lat="37.587293" lon="-107.93953399999998"><ele>2594.0</ele></trkpt><trkpt lat="37.586975" lon="-107.93976700000002"><ele>2593.0</ele></trkpt><trkpt lat="37.586326" lon="-107.93956500000002"><ele>2590.0</ele></trkpt><trkpt lat="37.585623" lon="-107.93952200000001"><ele>2589.0</ele></trkpt><trkpt lat="37.585203" lon="-107.939887"><ele>2588.849474453526</ele></trkpt><trkpt lat="37.584715" lon="-107.94010000000003"><ele>2586.2423288873397</ele></trkpt><trkpt lat="37.584537" lon="-107.94014400000003"><ele>2587.0</ele></trkpt><trkpt lat="37.584296" lon="-107.94013799999999"><ele>2586.471400533803</ele></trkpt><trkpt lat="37.58372" lon="-107.94000499999999"><ele>2582.6696497788653</ele></trkpt><trkpt lat="37.583444" lon="-107.93983600000001"><ele>2584.808005303432</ele></trkpt><trkpt lat="37.583219" lon="-107.93962199999999"><ele>2584.685097150426</ele></trkpt><trkpt lat="37.582799" lon="-107.93926999999996"><ele>2585.0</ele></trkpt><trkpt lat="37.582437" lon="-107.93935299999998"><ele>2580.7166207163427</ele></trkpt><trkpt lat="37.582158" lon="-107.93976900000001"><ele>2579.049045998603</ele></trkpt><trkpt lat="37.581987" lon="-107.94036"><ele>2580.3223492866287</ele></trkpt><trkpt lat="37.581844" lon="-107.94091300000002"><ele>2579.828209038305</ele></trkpt><trkpt lat="37.58153" lon="-107.941259"><ele>2581.437737809494</ele></trkpt><trkpt lat="37.58115" lon="-107.94140299999998"><ele>2580.675284725371</ele></trkpt><trkpt lat="37.580869" lon="-107.941551"><ele>2579.943374791507</ele></trkpt><trkpt lat="37.580378" lon="-107.941825"><ele>2576.0</ele></trkpt><trkpt lat="37.579876" lon="-107.942207"><ele>2572.0</ele></trkpt><trkpt lat="37.57951" lon="-107.94235100000003"><ele>2574.443562795408</ele></trkpt><trkpt lat="37.579272" lon="-107.942587"><ele>2571.0</ele></trkpt><trkpt lat="37.579057" lon="-107.94273800000002"><ele>2571.0</ele></trkpt><trkpt lat="37.578726" lon="-107.942723"><ele>2570.0</ele></trkpt><trkpt lat="37.578525" lon="-107.94261699999998"><ele>2569.0</ele></trkpt><trkpt lat="37.578326" lon="-107.942542"><ele>2570.873760709539</ele></trkpt><trkpt lat="37.577543" lon="-107.942724"><ele>2571.3901780238375</ele></trkpt><trkpt lat="37.577131" lon="-107.943126"><ele>2567.366493348882</ele></trkpt><trkpt lat="37.576754" lon="-107.94336299999998"><ele>2566.0</ele></trkpt><trkpt lat="37.576246" lon="-107.94333599999999"><ele>2565.0</ele></trkpt><trkpt lat="37.575914" lon="-107.94318299999998"><ele>2564.0</ele></trkpt><trkpt lat="37.575673" lon="-107.94298400000002"><ele>2563.50620193739</ele></trkpt><trkpt lat="37.575288" lon="-107.94254000000001"><ele>2562.0</ele></trkpt><trkpt lat="37.575243" lon="-107.94200999999998"><ele>2561.4756803231767</ele></trkpt><trkpt lat="37.575088" lon="-107.94161099999997"><ele>2562.3379956773433</ele></trkpt><trkpt lat="37.574838" lon="-107.94139100000001"><ele>2561.0</ele></trkpt><trkpt lat="37.574772" lon="-107.94148799999999"><ele>2558.1667524669174</ele></trkpt><trkpt lat="37.574655" lon="-107.94163800000001"><ele>2561.0</ele></trkpt><trkpt lat="37.574549" lon="-107.941664"><ele>2561.0</ele></trkpt><trkpt lat="37.574602" lon="-107.94181600000002"><ele>2561.7290673786774</ele></trkpt><trkpt lat="37.574549" lon="-107.941664"><ele>2561.0</ele></trkpt><trkpt lat="37.574655" lon="-107.94163800000001"><ele>2561.0</ele></trkpt><trkpt lat="37.574772" lon="-107.94148799999999"><ele>2558.1667524669174</ele></trkpt><trkpt lat="37.574838" lon="-107.94139100000001"><ele>2561.0</ele></trkpt><trkpt lat="37.574813" lon="-107.94136900000001"><ele>2561.0035482566714</ele></trkpt><trkpt lat="37.574688" lon="-107.941306"><ele>2560.038655288983</ele></trkpt><trkpt lat="37.574158" lon="-107.94092"><ele>2561.027559110429</ele></trkpt><trkpt lat="37.57403" lon="-107.94047499999999"><ele>2568.0</ele></trkpt><trkpt lat="37.573943" lon="-107.94032600000003"><ele>2569.9645554884787</ele></trkpt><trkpt lat="37.573815" lon="-107.94019500000002"><ele>2572.8150079990737</ele></trkpt><trkpt lat="37.573791" lon="-107.94016999999997"><ele>2573.9202101035044</ele></trkpt><trkpt lat="37.573395" lon="-107.93981500000001"><ele>2583.3435207755138</ele></trkpt><trkpt lat="37.573185" lon="-107.93966599999999"><ele>2589.468194844667</ele></trkpt><trkpt lat="37.57312" lon="-107.93962899999997"><ele>2590.192519823555</ele></trkpt><trkpt lat="37.573047" lon="-107.93962899999997"><ele>2590.3479186389422</ele></trkpt><trkpt lat="37.572878" lon="-107.93971999999997"><ele>2595.951612445526</ele></trkpt><trkpt lat="37.5728" lon="-107.93973299999999"><ele>2598.11435270162</ele></trkpt><trkpt lat="37.572609" lon="-107.93969600000003"><ele>2601.070093509741</ele></trkpt><trkpt lat="37.572503" lon="-107.93969900000002"><ele>2601.7388131646667</ele></trkpt><trkpt lat="37.572107" lon="-107.93972500000001"><ele>2610.7751391635534</ele></trkpt><trkpt lat="37.571944" lon="-107.93976499999997"><ele>2615.517389539629</ele></trkpt><trkpt lat="37.571897" lon="-107.939754"><ele>2617.7935774726793</ele></trkpt><trkpt lat="37.571882" lon="-107.93969900000002"><ele>2620.930283376947</ele></trkpt><trkpt lat="37.57194" lon="-107.93953199999999"><ele>2625.713047467638</ele></trkpt><trkpt lat="37.572085" lon="-107.93934300000001"><ele>2630.893352150917</ele></trkpt><trkpt lat="37.572142" lon="-107.93923899999999"><ele>2634.3809338597653</ele></trkpt><trkpt lat="37.572167" lon="-107.939099"><ele>2638.8923100442626</ele></trkpt><trkpt lat="37.572189" lon="-107.93903999999998"><ele>2640.0</ele></trkpt><trkpt lat="37.572244" lon="-107.93896799999999"><ele>2640.997352533508</ele></trkpt><trkpt lat="37.572444" lon="-107.93882100000002"><ele>2642.8480490660295</ele></trkpt><trkpt lat="37.572776" lon="-107.93867699999998"><ele>2650.2317045363543</ele></trkpt><trkpt lat="37.572966" lon="-107.93863299999998"><ele>2655.8715817060875</ele></trkpt><trkpt lat="37.572811" lon="-107.93854899999997"><ele>2657.5241678236052</ele></trkpt><trkpt lat="37.572587" lon="-107.93834200000003"><ele>2665.17106702039</ele></trkpt><trkpt lat="37.572457" lon="-107.938039"><ele>2667.7929375744425</ele></trkpt><trkpt lat="37.572409" lon="-107.937858"><ele>2671.4057797980495</ele></trkpt><trkpt lat="37.572401" lon="-107.937771"><ele>2672.208283249289</ele></trkpt><trkpt lat="37.57243" lon="-107.937523"><ele>2673.8269284255803</ele></trkpt><trkpt lat="37.572401" lon="-107.937322"><ele>2674.208283249289</ele></trkpt><trkpt lat="37.572296" lon="-107.937075"><ele>2675.034357726574</ele></trkpt><trkpt lat="37.571988" lon="-107.93623600000001"><ele>2675.924226410687</ele></trkpt><trkpt lat="37.57196" lon="-107.93610699999999"><ele>2676.27785455063</ele></trkpt><trkpt lat="37.571956" lon="-107.93577800000003"><ele>2676.014413168349</ele></trkpt><trkpt lat="37.571925" lon="-107.93570499999998"><ele>2674.284064817708</ele></trkpt><trkpt lat="37.571773" lon="-107.935565"><ele>2675.7048371715136</ele></trkpt><trkpt lat="37.571743" lon="-107.93550900000002"><ele>2677.716929884162</ele></trkpt><trkpt lat="37.571518" lon="-107.93523500000003"><ele>2679.2794709811756</ele></trkpt><trkpt lat="37.571818" lon="-107.93543199999999"><ele>2683.786896355916</ele></trkpt><trkpt lat="37.57203" lon="-107.93543299999999"><ele>2690.740292978473</ele></trkpt><trkpt lat="37.572355" lon="-107.93553099999997"><ele>2697.6766767622903</ele></trkpt><trkpt lat="37.57256" lon="-107.93568800000003"><ele>2708.557387040928</ele></trkpt><trkpt lat="37.572427" lon="-107.93545899999998"><ele>2704.2656713076867</ele></trkpt><trkpt lat="37.572395" lon="-107.93538799999999"><ele>2705.6929322481155</ele></trkpt><trkpt lat="37.572196" lon="-107.935136"><ele>2711.2276247257328</ele></trkpt><trkpt lat="37.572144" lon="-107.935044"><ele>2713.8690069331788</ele></trkpt><trkpt lat="37.572118" lon="-107.93494800000002"><ele>2716.7162145277025</ele></trkpt><trkpt lat="37.572119" lon="-107.93489499999998"><ele>2717.930197362007</ele></trkpt><trkpt lat="37.572145" lon="-107.93481600000001"><ele>2720.1556800939143</ele></trkpt><trkpt lat="37.572187" lon="-107.93475899999999"><ele>2721.625244250521</ele></trkpt><trkpt lat="37.572346" lon="-107.93462199999999"><ele>2725.98624559167</ele></trkpt><trkpt lat="37.572933" lon="-107.934009"><ele>2739.4896396752447</ele></trkpt><trkpt lat="37.57298" lon="-107.93392799999998"><ele>2740.597282687976</ele></trkpt><trkpt lat="37.573022" lon="-107.933783"><ele>2742.722820745781</ele></trkpt><trkpt lat="37.573082" lon="-107.93335100000002"><ele>2749.2508115116507</ele></trkpt><trkpt lat="37.573124" lon="-107.93323599999997"><ele>2751.720406739041</ele></trkpt><trkpt lat="37.573187" lon="-107.93316299999998"><ele>2754.424802193418</ele></trkpt><trkpt lat="37.573207" lon="-107.93327999999997"><ele>2756.600801406428</ele></trkpt><trkpt lat="37.573345" lon="-107.933765"><ele>2763.7152045797557</ele></trkpt><trkpt lat="37.573363" lon="-107.933942"><ele>2764.7736061029136</ele></trkpt><trkpt lat="37.57336" lon="-107.934145"><ele>2767.8317622733302</ele></trkpt><trkpt lat="37.573321" lon="-107.93435099999999"><ele>2770.3040029462427</ele></trkpt><trkpt lat="37.573321" lon="-107.93444999999997"><ele>2771.3040029462427</ele></trkpt><trkpt lat="37.573374" lon="-107.934575"><ele>2772.4204071573913</ele></trkpt><trkpt lat="37.573816" lon="-107.93498399999999"><ele>2782.802516733102</ele></trkpt><trkpt lat="37.573883" lon="-107.935071"><ele>2784.349760523066</ele></trkpt><trkpt lat="37.574021" lon="-107.93540899999999"><ele>2790.464237354696</ele></trkpt><trkpt lat="37.574107" lon="-107.935878"><ele>2798.519302969333</ele></trkpt><trkpt lat="37.574185" lon="-107.93607500000002"><ele>2799.9284726544283</ele></trkpt><trkpt lat="37.574302" lon="-107.93607299999996"><ele>2801.9989043382543</ele></trkpt><trkpt lat="37.574361" lon="-107.936038"><ele>2804.545249422081</ele></trkpt><trkpt lat="37.574393" lon="-107.93598800000001"><ele>2806.2959958787687</ele></trkpt><trkpt lat="37.574485" lon="-107.93574000000001"><ele>2813.433055999223</ele></trkpt><trkpt lat="37.574682" lon="-107.93542400000001"><ele>2822.72135262154</ele></trkpt><trkpt lat="37.574791" lon="-107.935159"><ele>2831.872962780996</ele></trkpt><trkpt lat="37.574894" lon="-107.93480199999999"><ele>2842.1172477832843</ele></trkpt><trkpt lat="37.574927" lon="-107.93457599999999"><ele>2846.417302917689</ele></trkpt><trkpt lat="37.574968" lon="-107.93450100000001"><ele>2848.297429912237</ele></trkpt><trkpt lat="37.574999" lon="-107.934503"><ele>2849.971612745896</ele></trkpt><trkpt lat="37.575072" lon="-107.934574"><ele>2851.264115843922</ele></trkpt><trkpt lat="37.57513" lon="-107.93460199999998"><ele>2852.8267899534944</ele></trkpt><trkpt lat="37.575371" lon="-107.93451700000003"><ele>2857.0</ele></trkpt><trkpt lat="37.575713" lon="-107.93444499999998"><ele>2859.7844302230515</ele></trkpt><trkpt lat="37.575908" lon="-107.93435899999997"><ele>2863.0</ele></trkpt><trkpt lat="37.576235" lon="-107.934305"><ele>2867.2010112441562</ele></trkpt><trkpt lat="37.576678" lon="-107.93432899999999"><ele>2875.0</ele></trkpt><trkpt lat="37.576898" lon="-107.93436300000002"><ele>2875.6059071994387</ele></trkpt><trkpt lat="37.577421" lon="-107.934373"><ele>2885.476079337015</ele></trkpt><trkpt lat="37.577731" lon="-107.934056"><ele>2888.7067951220088</ele></trkpt><trkpt lat="37.578026" lon="-107.93363299999999"><ele>2890.979341103416</ele></trkpt><trkpt lat="37.578281" lon="-107.93341099999998"><ele>2891.0276771551</ele></trkpt><trkpt lat="37.578545" lon="-107.933064"><ele>2890.0</ele></trkpt><trkpt lat="37.578762" lon="-107.93273599999998"><ele>2890.0</ele></trkpt><trkpt lat="37.579068" lon="-107.93211200000002"><ele>2899.62816378862</ele></trkpt><trkpt lat="37.579083" lon="-107.93190300000003"><ele>2904.3732648743317</ele></trkpt><trkpt lat="37.579134" lon="-107.93171699999999"><ele>2911.9184448001906</ele></trkpt><trkpt lat="37.579154" lon="-107.93152900000001"><ele>2918.202724897903</ele></trkpt><trkpt lat="37.579179" lon="-107.93144799999999"><ele>2921.76829441078</ele></trkpt><trkpt lat="37.579424" lon="-107.93119999999999"><ele>2933.0</ele></trkpt><trkpt lat="37.57958" lon="-107.93092899999999"><ele>2939.0</ele></trkpt><trkpt lat="37.579876" lon="-107.93058000000002"><ele>2940.0</ele></trkpt><trkpt lat="37.580292" lon="-107.92965300000003"><ele>2942.8051494658034</ele></trkpt><trkpt lat="37.58032" lon="-107.92957100000001"><ele>2944.9292935100384</ele></trkpt><trkpt lat="37.580344" lon="-107.92935"><ele>2951.0631704319694</ele></trkpt><trkpt lat="37.580375" lon="-107.92924600000003"><ele>2954.1671696825847</ele></trkpt><trkpt lat="37.580452" lon="-107.92916400000001"><ele>2957.8968682656996</ele></trkpt><trkpt lat="37.580693" lon="-107.92897399999998"><ele>2962.7515100450255</ele></trkpt><trkpt lat="37.581078" lon="-107.928608"><ele>2967.452824062982</ele></trkpt><trkpt lat="37.581201" lon="-107.92854499999999"><ele>2966.744359111879</ele></trkpt><trkpt lat="37.581297" lon="-107.92851999999999"><ele>2966.9094435558654</ele></trkpt><trkpt lat="37.581782" lon="-107.92844200000002"><ele>2966.5445070210844</ele></trkpt><trkpt lat="37.582012" lon="-107.92829699999999"><ele>2964.301996800583</ele></trkpt><trkpt lat="37.582371" lon="-107.92800899999997"><ele>2963.7237696014345</ele></trkpt><trkpt lat="37.582803" lon="-107.92782899999997"><ele>2961.329798710868</ele></trkpt><trkpt lat="37.58316" lon="-107.92757899999998"><ele>2962.7925820344153</ele></trkpt><trkpt lat="37.583624" lon="-107.92731700000002"><ele>2965.973307021428</ele></trkpt><trkpt lat="37.584141" lon="-107.92714899999999"><ele>2967.802674489096</ele></trkpt><trkpt lat="37.584216" lon="-107.92708900000002"><ele>2968.0</ele></trkpt><trkpt lat="37.584286" lon="-107.92697599999997"><ele>2969.216358892329</ele></trkpt><trkpt lat="37.584329" lon="-107.92682000000002"><ele>2968.6228937730193</ele></trkpt><trkpt lat="37.584374" lon="-107.92639700000001"><ele>2969.6493420823545</ele></trkpt><trkpt lat="37.584472" lon="-107.92598299999997"><ele>2971.03255343996</ele></trkpt><trkpt lat="37.584519" lon="-107.92566699999998"><ele>2975.7965709846467</ele></trkpt><trkpt lat="37.584588" lon="-107.925475"><ele>2978.010971616634</ele></trkpt><trkpt lat="37.584645" lon="-107.92539"><ele>2978.4284829678945</ele></trkpt><trkpt lat="37.584695" lon="-107.925345"><ele>2978.253437985362</ele></trkpt><trkpt lat="37.584962" lon="-107.92520400000001"><ele>2980.4027480334044</ele></trkpt><trkpt lat="37.585082" lon="-107.92510900000002"><ele>2980.12643484585</ele></trkpt><trkpt lat="37.585559" lon="-107.92456700000002"><ele>2981.8256608913653</ele></trkpt><trkpt lat="37.585631" lon="-107.92444"><ele>2981.141334096901</ele></trkpt><trkpt lat="37.585812" lon="-107.924036"><ele>2981.837142283097</ele></trkpt><trkpt lat="37.585981" lon="-107.923633"><ele>2982.776030721143</ele></trkpt><trkpt lat="37.586038" lon="-107.92344600000001"><ele>2982.8012976051423</ele></trkpt><trkpt lat="37.586045" lon="-107.923337"><ele>2982.539876019582</ele></trkpt><trkpt lat="37.586023" lon="-107.922955"><ele>2984.246053831652</ele></trkpt><trkpt lat="37.586048" lon="-107.92278199999998"><ele>2986.7163063436747</ele></trkpt><trkpt lat="37.586311" lon="-107.92242299999998"><ele>2986.133154845331</ele></trkpt><trkpt lat="37.58642" lon="-107.92230899999998"><ele>2985.6369770658202</ele></trkpt><trkpt lat="37.586845" lon="-107.92207100000002"><ele>2984.358164773851</ele></trkpt><trkpt lat="37.586977" lon="-107.92196000000001"><ele>2984.7236380921677</ele></trkpt><trkpt lat="37.587467" lon="-107.9214"><ele>2987.443155151792</ele></trkpt><trkpt lat="37.587578" lon="-107.92124100000001"><ele>2986.696700057015</ele></trkpt><trkpt lat="37.587636" lon="-107.92108200000001"><ele>2986.1077579036355</ele></trkpt><trkpt lat="37.587659" lon="-107.920931"><ele>2985.4604195114225</ele></trkpt><trkpt lat="37.587659" lon="-107.920749"><ele>2985.9653091474306</ele></trkpt><trkpt lat="37.587715" lon="-107.92048299999999"><ele>2986.406487316662</ele></trkpt><trkpt lat="37.587767" lon="-107.92038000000002"><ele>2985.9509574944655</ele></trkpt><trkpt lat="37.587996" lon="-107.92007999999998"><ele>2985.279900541529</ele></trkpt><trkpt lat="37.588035" lon="-107.919914"><ele>2984.5735554713756</ele></trkpt><trkpt lat="37.588031" lon="-107.919621"><ele>2983.971211156808</ele></trkpt><trkpt lat="37.587928" lon="-107.91889900000001"><ele>2985.280710197985</ele></trkpt><trkpt lat="37.587897" lon="-107.91879900000004"><ele>2983.4575511068106</ele></trkpt><trkpt lat="37.587845" lon="-107.91871000000003"><ele>2984.03537428621</ele></trkpt><trkpt lat="37.587418" lon="-107.91820999999999"><ele>2989.390268445015</ele></trkpt><trkpt lat="37.587384" lon="-107.91814399999998"><ele>2990.1339169038406</ele></trkpt><trkpt lat="37.587377" lon="-107.918027"><ele>2990.885752913434</ele></trkpt><trkpt lat="37.587448" lon="-107.917892"><ele>2989.7898574220017</ele></trkpt><trkpt lat="37.587605" lon="-107.91770700000001"><ele>2989.0478799827097</ele></trkpt><trkpt lat="37.587753" lon="-107.917482"><ele>2989.6747558361885</ele></trkpt><trkpt lat="37.588013" lon="-107.91714300000001"><ele>2989.1636261632666</ele></trkpt><trkpt lat="37.588079" lon="-107.91697399999998"><ele>2989.3292138020847</ele></trkpt><trkpt lat="37.588099" lon="-107.91684199999997"><ele>2989.3375046346337</ele></trkpt><trkpt lat="37.588106" lon="-107.91635600000001"><ele>2990.7491867709905</ele></trkpt><trkpt lat="37.588141" lon="-107.91610300000002"><ele>2993.0</ele></trkpt><trkpt lat="37.588164" lon="-107.916019"><ele>2993.581587852009</ele></trkpt><trkpt lat="37.58821" lon="-107.91593799999998"><ele>2993.865611637011</ele></trkpt><trkpt lat="37.588308" lon="-107.91584499999999"><ele>2994.3927431106567</ele></trkpt><trkpt lat="37.588414" lon="-107.91578900000002"><ele>2993.6461930344813</ele></trkpt><trkpt lat="37.588535" lon="-107.91576099999997"><ele>2993.47805937659</ele></trkpt><trkpt lat="37.588876" lon="-107.91575799999998"><ele>2992.338249243796</ele></trkpt><trkpt lat="37.58907" lon="-107.91568999999998"><ele>2992.1692195548676</ele></trkpt><trkpt lat="37.589317" lon="-107.91551400000003"><ele>2990.9378040796146</ele></trkpt><trkpt lat="37.589447" lon="-107.91539499999999"><ele>2991.0376589344814</ele></trkpt><trkpt lat="37.589723" lon="-107.915055"><ele>2993.4889708160863</ele></trkpt><trkpt lat="37.58982" lon="-107.91497900000002"><ele>2992.034217956476</ele></trkpt><trkpt lat="37.589936" lon="-107.91492499999998"><ele>2990.8936231369153</ele></trkpt><trkpt lat="37.590075" lon="-107.91488900000002"><ele>2991.4628157541347</ele></trkpt><trkpt lat="37.590178" lon="-107.914828"><ele>2991.0</ele></trkpt><trkpt lat="37.590288" lon="-107.91469799999999"><ele>2989.9217232298106</ele></trkpt><trkpt lat="37.590728" lon="-107.91409199999998"><ele>2995.2897307012386</ele></trkpt><trkpt lat="37.590787" lon="-107.913994"><ele>2996.9254805850114</ele></trkpt><trkpt lat="37.590822" lon="-107.91385700000001"><ele>2999.6160416605126</ele></trkpt><trkpt lat="37.590826" lon="-107.91375600000003"><ele>3001.6924651013974</ele></trkpt><trkpt lat="37.590803" lon="-107.913591"><ele>3003.2392206007735</ele></trkpt><trkpt lat="37.590686" lon="-107.913276"><ele>3007.6563705357685</ele></trkpt><trkpt lat="37.590654" lon="-107.91310199999998"><ele>3011.0</ele></trkpt><trkpt lat="37.59066" lon="-107.91292099999998"><ele>3014.8378319909993</ele></trkpt><trkpt lat="37.590687" lon="-107.91284000000002"><ele>3016.5449104662985</ele></trkpt><trkpt lat="37.590765" lon="-107.912754"><ele>3018.42885270441</ele></trkpt><trkpt lat="37.590821" lon="-107.91271999999998"><ele>3019.322534290927</ele></trkpt><trkpt lat="37.591127" lon="-107.912574"><ele>3019.9530944</ele></trkpt><trkpt lat="37.591171" lon="-107.91256199999998"><ele>3019.4004430276436</ele></trkpt><trkpt lat="37.591639" lon="-107.91243199999997"><ele>3023.6916213264512</ele></trkpt><trkpt lat="37.59178" lon="-107.91236900000001"><ele>3025.0</ele></trkpt><trkpt lat="37.592075" lon="-107.91218800000001"><ele>3026.0</ele></trkpt><trkpt lat="37.592137" lon="-107.912125"><ele>3026.971822222229</ele></trkpt><trkpt lat="37.592538" lon="-107.911518"><ele>3036.0</ele></trkpt><trkpt lat="37.592834" lon="-107.91096900000002"><ele>3041.0</ele></trkpt><trkpt lat="37.592913" lon="-107.91086200000001"><ele>3040.4439508311934</ele></trkpt><trkpt lat="37.593039" lon="-107.910755"><ele>3039.0</ele></trkpt><trkpt lat="37.593595" lon="-107.91039999999998"><ele>3036.368842982566</ele></trkpt><trkpt lat="37.593722" lon="-107.91027600000001"><ele>3036.0</ele></trkpt><trkpt lat="37.594081" lon="-107.90970299999998"><ele>3037.0</ele></trkpt><trkpt lat="37.594494" lon="-107.909289"><ele>3034.0</ele></trkpt><trkpt lat="37.5949" lon="-107.90879999999999"><ele>3031.6656378656626</ele></trkpt><trkpt lat="37.595489" lon="-107.90823"><ele>3027.503269733254</ele></trkpt><trkpt lat="37.595842" lon="-107.90776900000003"><ele>3039.9761358210817</ele></trkpt><trkpt lat="37.596053" lon="-107.90763200000004"><ele>3041.848989740014</ele></trkpt><trkpt lat="37.596574" lon="-107.90718500000003"><ele>3040.0</ele></trkpt><trkpt lat="37.596897" lon="-107.90697599999999"><ele>3044.0</ele></trkpt><trkpt lat="37.597203" lon="-107.90673300000003"><ele>3053.0</ele></trkpt><trkpt lat="37.597278" lon="-107.906655"><ele>3055.8922986662947</ele></trkpt><trkpt lat="37.597369" lon="-107.90653299999997"><ele>3059.577910757158</ele></trkpt><trkpt lat="37.597457" lon="-107.90635399999996"><ele>3065.919915379025</ele></trkpt><trkpt lat="37.597484" lon="-107.90626099999997"><ele>3068.2540295124054</ele></trkpt><trkpt lat="37.597545" lon="-107.905776"><ele>3080.8566677332856</ele></trkpt><trkpt lat="37.597707" lon="-107.90524499999998"><ele>3078.0</ele></trkpt><trkpt lat="37.597784" lon="-107.90491600000001"><ele>3074.0</ele></trkpt><trkpt lat="37.597852" lon="-107.904157"><ele>3073.30753635522</ele></trkpt><trkpt lat="37.597966" lon="-107.90367100000003"><ele>3078.0</ele></trkpt><trkpt lat="37.598192" lon="-107.90318000000002"><ele>3083.8390364437364</ele></trkpt><trkpt lat="37.598281" lon="-107.90304200000003"><ele>3085.21637343787</ele></trkpt><trkpt lat="37.598493" lon="-107.90280200000001"><ele>3087.6352938357836</ele></trkpt><trkpt lat="37.598654" lon="-107.90266099999997"><ele>3088.0</ele></trkpt><trkpt lat="37.59883" lon="-107.90255200000001"><ele>3088.0</ele></trkpt><trkpt lat="37.599375" lon="-107.90235899999999"><ele>3089.0</ele></trkpt><trkpt lat="37.599523" lon="-107.90225499999997"><ele>3089.0</ele></trkpt><trkpt lat="37.599623" lon="-107.90215999999998"><ele>3088.6765856041357</ele></trkpt><trkpt lat="37.599963" lon="-107.90179999999998"><ele>3089.0</ele></trkpt><trkpt lat="37.600037" lon="-107.90167600000001"><ele>3089.0</ele></trkpt><trkpt lat="37.600068" lon="-107.90157199999999"><ele>3088.0</ele></trkpt><trkpt lat="37.600116" lon="-107.901299"><ele>3087.0</ele></trkpt><trkpt lat="37.600129" lon="-107.90102999999999"><ele>3085.0</ele></trkpt><trkpt lat="37.600108" lon="-107.90073999999998"><ele>3085.3663619129634</ele></trkpt><trkpt lat="37.600037" lon="-107.900416"><ele>3088.821287525806</ele></trkpt><trkpt lat="37.600025" lon="-107.900056"><ele>3091.0</ele></trkpt><trkpt lat="37.600053" lon="-107.899743"><ele>3092.0</ele></trkpt><trkpt lat="37.600114" lon="-107.89955600000002"><ele>3092.0</ele></trkpt><trkpt lat="37.600174" lon="-107.89943099999999"><ele>3091.0</ele></trkpt><trkpt lat="37.600376" lon="-107.89910199999997"><ele>3089.0</ele></trkpt><trkpt lat="37.60082" lon="-107.89856800000001"><ele>3090.0</ele></trkpt><trkpt lat="37.600905" lon="-107.898437"><ele>3091.0</ele></trkpt><trkpt lat="37.601057" lon="-107.89808"><ele>3092.0</ele></trkpt><trkpt lat="37.601276" lon="-107.897697"><ele>3096.0</ele></trkpt><trkpt lat="37.601432" lon="-107.89743699999997"><ele>3099.0</ele></trkpt><trkpt lat="37.60172" lon="-107.89705400000003"><ele>3106.1704997451943</ele></trkpt><trkpt lat="37.601852" lon="-107.89691900000003"><ele>3108.622784709558</ele></trkpt><trkpt lat="37.602228" lon="-107.89661899999999"><ele>3114.6037980448455</ele></trkpt><trkpt lat="37.602588" lon="-107.89646900000002"><ele>3119.5436313673854</ele></trkpt><trkpt lat="37.602773" lon="-107.89642900000001"><ele>3124.19526502573</ele></trkpt><trkpt lat="37.603185" lon="-107.89615000000003"><ele>3127.0</ele></trkpt><trkpt lat="37.603272" lon="-107.89605699999998"><ele>3126.0</ele></trkpt><trkpt lat="37.603343" lon="-107.895916"><ele>3125.0</ele></trkpt><trkpt lat="37.603478" lon="-107.89549299999999"><ele>3129.0</ele></trkpt><trkpt lat="37.603659" lon="-107.895108"><ele>3134.0</ele></trkpt><trkpt lat="37.60384" lon="-107.894564"><ele>3137.1908766813576</ele></trkpt><trkpt lat="37.603978" lon="-107.89421199999998"><ele>3138.068474056376</ele></trkpt><trkpt lat="37.604114" lon="-107.893978"><ele>3139.625411115121</ele></trkpt><trkpt lat="37.604355" lon="-107.89367900000002"><ele>3138.682135852384</ele></trkpt><trkpt lat="37.60444" lon="-107.893485"><ele>3136.165668230201</ele></trkpt><trkpt lat="37.604573" lon="-107.893235"><ele>3135.0</ele></trkpt><trkpt lat="37.60462" lon="-107.89298600000001"><ele>3132.0</ele></trkpt><trkpt lat="37.604603" lon="-107.89284499999997"><ele>3130.0</ele></trkpt><trkpt lat="37.604502" lon="-107.89248700000002"><ele>3129.0</ele></trkpt><trkpt lat="37.604491" lon="-107.89225699999997"><ele>3129.0</ele></trkpt><trkpt lat="37.604401" lon="-107.89174400000002"><ele>3129.0</ele></trkpt><trkpt lat="37.60426" lon="-107.89123899999998"><ele>3128.0</ele></trkpt><trkpt lat="37.604159" lon="-107.89074700000003"><ele>3129.0</ele></trkpt><trkpt lat="37.60393" lon="-107.890334"><ele>3138.506027377676</ele></trkpt><trkpt lat="37.603893" lon="-107.89021200000002"><ele>3141.1916394657455</ele></trkpt><trkpt lat="37.603898" lon="-107.88996600000002"><ele>3144.0</ele></trkpt><trkpt lat="37.60397" lon="-107.88966900000003"><ele>3145.0</ele></trkpt><trkpt lat="37.604106" lon="-107.88938000000002"><ele>3146.0</ele></trkpt><trkpt lat="37.604158" lon="-107.88930299999998"><ele>3146.0</ele></trkpt><trkpt lat="37.604763" lon="-107.888553"><ele>3151.5066431998275</ele></trkpt><trkpt lat="37.604942" lon="-107.88839100000001"><ele>3155.0</ele></trkpt><trkpt lat="37.605116" lon="-107.888262"><ele>3158.0</ele></trkpt><trkpt lat="37.60532" lon="-107.888011"><ele>3161.0</ele></trkpt><trkpt lat="37.605377" lon="-107.88788699999998"><ele>3163.819876603391</ele></trkpt><trkpt lat="37.605408" lon="-107.88751300000001"><ele>3165.0</ele></trkpt><trkpt lat="37.605381" lon="-107.88732800000002"><ele>3166.0</ele></trkpt><trkpt lat="37.60533" lon="-107.886706"><ele>3164.510343631782</ele></trkpt><trkpt lat="37.605279" lon="-107.886485"><ele>3164.0</ele></trkpt><trkpt lat="37.605236" lon="-107.88554299999998"><ele>3165.0</ele></trkpt><trkpt lat="37.60526" lon="-107.88533799999999"><ele>3167.0</ele></trkpt><trkpt lat="37.60529" lon="-107.88512800000001"><ele>3171.0</ele></trkpt><trkpt lat="37.605628" lon="-107.884301"><ele>3180.6302372962236</ele></trkpt><trkpt lat="37.605608" lon="-107.88325199999997"><ele>3188.913259004896</ele></trkpt><trkpt lat="37.605667" lon="-107.883104"><ele>3189.0</ele></trkpt><trkpt lat="37.605679" lon="-107.88304900000003"><ele>3190.0</ele></trkpt><trkpt lat="37.605708" lon="-107.88292100000001"><ele>3191.0</ele></trkpt><trkpt lat="37.605809" lon="-107.88246500000002"><ele>3191.0</ele></trkpt><trkpt lat="37.605862" lon="-107.882338"><ele>3191.0</ele></trkpt><trkpt lat="37.606043" lon="-107.88205900000003"><ele>3190.0</ele></trkpt><trkpt lat="37.606196" lon="-107.88186999999999"><ele>3190.0</ele></trkpt><trkpt lat="37.606296" lon="-107.881799"><ele>3189.734143288806</ele></trkpt><trkpt lat="37.60652" lon="-107.88170200000002"><ele>3189.0</ele></trkpt><trkpt lat="37.606615" lon="-107.881619"><ele>3189.0</ele></trkpt><trkpt lat="37.60665" lon="-107.88154500000002"><ele>3188.4899259395897</ele></trkpt><trkpt lat="37.606662" lon="-107.88145800000001"><ele>3188.0</ele></trkpt><trkpt lat="37.606649" lon="-107.88129300000003"><ele>3187.0</ele></trkpt><trkpt lat="37.606553" lon="-107.880878"><ele>3184.7837692908943</ele></trkpt><trkpt lat="37.606528" lon="-107.88058999999998"><ele>3183.31311156787</ele></trkpt><trkpt lat="37.606529" lon="-107.88042200000001"><ele>3182.371937867254</ele></trkpt><trkpt lat="37.606641" lon="-107.88006999999999"><ele>3182.1507036191797</ele></trkpt><trkpt lat="37.606678" lon="-107.87999500000001"><ele>3182.1370653249323</ele></trkpt><trkpt lat="37.606864" lon="-107.87968000000001"><ele>3185.0</ele></trkpt><trkpt lat="37.606958" lon="-107.87955999999997"><ele>3186.0</ele></trkpt><trkpt lat="37.607126" lon="-107.879393"><ele>3186.799815414037</ele></trkpt><trkpt lat="37.607172" lon="-107.87931200000003"><ele>3186.8647982659295</ele></trkpt><trkpt lat="37.607211" lon="-107.879143"><ele>3187.491658296436</ele></trkpt><trkpt lat="37.6072" lon="-107.87900300000001"><ele>3187.0</ele></trkpt><trkpt lat="37.60691" lon="-107.87816900000001"><ele>3184.78481551446</ele></trkpt><trkpt lat="37.606907" lon="-107.87807199999997"><ele>3184.0263739754237</ele></trkpt><trkpt lat="37.606951" lon="-107.877903"><ele>3184.032925470778</ele></trkpt><trkpt lat="37.606965" lon="-107.87776100000002"><ele>3182.5588357282963</ele></trkpt><trkpt lat="37.606945" lon="-107.87764099999998"><ele>3181.0</ele></trkpt><trkpt lat="37.606824" lon="-107.87735499999997"><ele>3178.8275580155246</ele></trkpt><trkpt lat="37.606804" lon="-107.87727000000001"><ele>3179.5492002312094</ele></trkpt><trkpt lat="37.606797" lon="-107.87706800000001"><ele>3180.0</ele></trkpt><trkpt lat="37.606866" lon="-107.87635699999998"><ele>3180.1964458283037</ele></trkpt><trkpt lat="37.606867" lon="-107.87599499999999"><ele>3180.1919294440822</ele></trkpt><trkpt lat="37.60689" lon="-107.87564700000001"><ele>3180.0183477819146</ele></trkpt><trkpt lat="37.606919" lon="-107.87548500000003"><ele>3180.0</ele></trkpt><trkpt lat="37.606992" lon="-107.875295"><ele>3177.853527831271</ele></trkpt><trkpt lat="37.607005" lon="-107.87510700000001"><ele>3175.914987643637</ele></trkpt><trkpt lat="37.60696" lon="-107.874639"><ele>3174.0</ele></trkpt><trkpt lat="37.606921" lon="-107.87439899999998"><ele>3173.4319081753492</ele></trkpt><trkpt lat="37.606933" lon="-107.874142"><ele>3171.1378275509924</ele></trkpt><trkpt lat="37.606899" lon="-107.87382100000002"><ele>3167.9417060863902</ele></trkpt><trkpt lat="37.606917" lon="-107.87363099999999"><ele>3165.259068847671</ele></trkpt><trkpt lat="37.606962" lon="-107.87348800000001"><ele>3163.9083840130697</ele></trkpt><trkpt lat="37.607014" lon="-107.87341200000003"><ele>3162.7868810703867</ele></trkpt><trkpt lat="37.607272" lon="-107.87317300000001"><ele>3156.7547599008517</ele></trkpt><trkpt lat="37.607413" lon="-107.87311699999998"><ele>3155.0</ele></trkpt><trkpt lat="37.607695" lon="-107.87307099999998"><ele>3152.9798620440997</ele></trkpt><trkpt lat="37.607791" lon="-107.87306899999999"><ele>3151.344591417048</ele></trkpt><trkpt lat="37.608173" lon="-107.87315999999998"><ele>3147.127562665846</ele></trkpt><trkpt lat="37.608385" lon="-107.87327199999999"><ele>3145.6377203056736</ele></trkpt><trkpt lat="37.608837" lon="-107.87346300000002"><ele>3139.0</ele></trkpt><trkpt lat="37.609062" lon="-107.87336800000003"><ele>3136.821065245662</ele></trkpt><trkpt lat="37.609219" lon="-107.873336"><ele>3135.0</ele></trkpt><trkpt lat="37.609178" lon="-107.87316399999997"><ele>3135.0</ele></trkpt><trkpt lat="37.609063" lon="-107.873153"><ele>3133.087474585762</ele></trkpt><trkpt lat="37.609178" lon="-107.87316399999997"><ele>3135.0</ele></trkpt><trkpt lat="37.609095" lon="-107.87303300000002"><ele>3135.0</ele></trkpt><trkpt lat="37.608932" lon="-107.87287000000003"><ele>3134.0</ele></trkpt><trkpt lat="37.60875" lon="-107.87268799999998"><ele>3133.0</ele></trkpt><trkpt lat="37.608662" lon="-107.87260000000003"><ele>3132.0</ele></trkpt><trkpt lat="37.60822" lon="-107.87225899999999"><ele>3130.73133899832</ele></trkpt><trkpt lat="37.607805" lon="-107.87179800000001"><ele>3130.150592809887</ele></trkpt><trkpt lat="37.607715" lon="-107.87165800000002"><ele>3130.011196471285</ele></trkpt><trkpt lat="37.607229" lon="-107.87070900000003"><ele>3130.053576645249</ele></trkpt><trkpt lat="37.607177" lon="-107.87055599999997"><ele>3131.0</ele></trkpt><trkpt lat="37.607091" lon="-107.87016800000004"><ele>3132.0</ele></trkpt><trkpt lat="37.606992" lon="-107.86985500000003"><ele>3131.608599467203</ele></trkpt><trkpt lat="37.606959" lon="-107.86968100000001"><ele>3131.667319919914</ele></trkpt><trkpt lat="37.606947" lon="-107.86953599999998"><ele>3130.9614002984017</ele></trkpt><trkpt lat="37.606954" lon="-107.86942399999998"><ele>3131.3731867298484</ele></trkpt><trkpt lat="37.606985" lon="-107.86926"><ele>3132.0</ele></trkpt><trkpt lat="37.607052" lon="-107.869076"><ele>3132.110473316528</ele></trkpt><trkpt lat="37.607129" lon="-107.86893700000002"><ele>3132.0</ele></trkpt><trkpt lat="37.60719" lon="-107.86887300000001"><ele>3132.0</ele></trkpt><trkpt lat="37.607364" lon="-107.86877700000002"><ele>3131.425709732887</ele></trkpt><trkpt lat="37.607431" lon="-107.86868700000002"><ele>3129.1427985764203</ele></trkpt><trkpt lat="37.607417" lon="-107.868605"><ele>3130.092002694706</ele></trkpt><trkpt lat="37.607234" lon="-107.86843599999997"><ele>3129.0226322066605</ele></trkpt><trkpt lat="37.607181" lon="-107.86836199999999"><ele>3128.8567193263334</ele></trkpt><trkpt lat="37.60709" lon="-107.86811899999998"><ele>3128.373616537079</ele></trkpt><trkpt lat="37.607081" lon="-107.86806100000001"><ele>3128.0</ele></trkpt><trkpt lat="37.607062" lon="-107.86794399999997"><ele>3128.0</ele></trkpt><trkpt lat="37.607061" lon="-107.86781100000002"><ele>3127.948848313686</ele></trkpt><trkpt lat="37.607168" lon="-107.86682100000002"><ele>3123.9621049389243</ele></trkpt><trkpt lat="37.607227" lon="-107.86655300000001"><ele>3121.0948222114575</ele></trkpt><trkpt lat="37.607279" lon="-107.86638600000003"><ele>3119.214600459005</ele></trkpt><trkpt lat="37.607374" lon="-107.86619999999999"><ele>3117.061784970977</ele></trkpt><trkpt lat="37.607355" lon="-107.86612500000001"><ele>3115.9627313446254</ele></trkpt><trkpt lat="37.607174" lon="-107.86591499999997"><ele>3116.66705987118</ele></trkpt><trkpt lat="37.607109" lon="-107.86579499999999"><ele>3116.545404440166</ele></trkpt><trkpt lat="37.607039" lon="-107.86560199999997"><ele>3115.0376316462834</ele></trkpt><trkpt lat="37.607019" lon="-107.86543799999998"><ele>3114.196919741109</ele></trkpt><trkpt lat="37.607036" lon="-107.86514599999998"><ele>3115.196973539889</ele></trkpt><trkpt lat="37.607058" lon="-107.86503800000003"><ele>3115.491161148995</ele></trkpt><trkpt lat="37.607247" lon="-107.864529"><ele>3113.958524478445</ele></trkpt><trkpt lat="37.607466" lon="-107.86357800000002"><ele>3109.5739968009293</ele></trkpt><trkpt lat="37.607381" lon="-107.86341700000003"><ele>3109.457356260033</ele></trkpt><trkpt lat="37.607343" lon="-107.86328000000003"><ele>3108.490028890703</ele></trkpt><trkpt lat="37.607304" lon="-107.86295999999999"><ele>3109.0</ele></trkpt><trkpt lat="37.607319" lon="-107.86269199999998"><ele>3110.0</ele></trkpt><trkpt lat="37.607422" lon="-107.86226899999997"><ele>3108.958796564051</ele></trkpt><trkpt lat="37.607401" lon="-107.86221599999999"><ele>3107.7019598313473</ele></trkpt><trkpt lat="37.607282" lon="-107.86222900000001"><ele>3104.471893162133</ele></trkpt><trkpt lat="37.60723" lon="-107.86218600000001"><ele>3103.0</ele></trkpt><trkpt lat="37.607229" lon="-107.86210499999999"><ele>3101.9672890113593</ele></trkpt><trkpt lat="37.607261" lon="-107.861962"><ele>3100.113852616014</ele></trkpt><trkpt lat="37.607251" lon="-107.86188800000002"><ele>3098.687855836832</ele></trkpt><trkpt lat="37.60716" lon="-107.86175600000001"><ele>3095.325682502398</ele></trkpt><trkpt lat="37.607099" lon="-107.861492"><ele>3093.6406492441893</ele></trkpt><trkpt lat="37.607082" lon="-107.86134800000002"><ele>3094.0</ele></trkpt><trkpt lat="37.607099" lon="-107.86117000000002"><ele>3094.681163792545</ele></trkpt><trkpt lat="37.607242" lon="-107.860725"><ele>3096.2639143565602</ele></trkpt><trkpt lat="37.607288" lon="-107.86044099999998"><ele>3096.0</ele></trkpt><trkpt lat="37.607288" lon="-107.86021399999998"><ele>3095.0</ele></trkpt><trkpt lat="37.607253" lon="-107.85960899999998"><ele>3094.0</ele></trkpt><trkpt lat="37.607257" lon="-107.85940600000004"><ele>3093.802306264639</ele></trkpt><trkpt lat="37.607321" lon="-107.859106"><ele>3092.006119537504</ele></trkpt><trkpt lat="37.607339" lon="-107.858768"><ele>3089.0</ele></trkpt><trkpt lat="37.607332" lon="-107.85862299999997"><ele>3088.39028836973</ele></trkpt><trkpt lat="37.607271" lon="-107.85826400000002"><ele>3087.0</ele></trkpt><trkpt lat="37.607195" lon="-107.85795200000001"><ele>3086.4495710339397</ele></trkpt><trkpt lat="37.607323" lon="-107.85791799999998"><ele>3086.016143865608</ele></trkpt><trkpt lat="37.607323" lon="-107.85791699999999"><ele>3086.0198846836856</ele></trkpt><trkpt lat="37.607339" lon="-107.857821"><ele>3087.0</ele></trkpt><trkpt lat="37.607272" lon="-107.857551"><ele>3087.024394415577</ele></trkpt><trkpt lat="37.606934" lon="-107.856787"><ele>3090.0</ele></trkpt><trkpt lat="37.606885" lon="-107.85654899999997"><ele>3090.314936441805</ele></trkpt><trkpt lat="37.606879" lon="-107.856427"><ele>3090.9878434597954</ele></trkpt><trkpt lat="37.606909" lon="-107.85595699999999"><ele>3091.725988911465</ele></trkpt><trkpt lat="37.606892" lon="-107.85568899999998"><ele>3091.0</ele></trkpt><trkpt lat="37.606898" lon="-107.85539499999999"><ele>3092.0788963567466</ele></trkpt><trkpt lat="37.606917" lon="-107.85531200000003"><ele>3093.0689042095437</ele></trkpt><trkpt lat="37.606975" lon="-107.85523999999998"><ele>3093.6055235453896</ele></trkpt><trkpt lat="37.60704" lon="-107.85522900000001"><ele>3093.4823957337067</ele></trkpt><trkpt lat="37.607109" lon="-107.855253"><ele>3093.1095519936644</ele></trkpt><trkpt lat="37.607619" lon="-107.85558100000003"><ele>3094.449533758316</ele></trkpt><trkpt lat="37.607864" lon="-107.855684"><ele>3095.686932622455</ele></trkpt><trkpt lat="37.608214" lon="-107.85574200000002"><ele>3097.779857069254</ele></trkpt><trkpt lat="37.608685" lon="-107.85569800000002"><ele>3100.6787598244846</ele></trkpt><trkpt lat="37.608826" lon="-107.85571400000003"><ele>3101.1277180209986</ele></trkpt><trkpt lat="37.609035" lon="-107.85580400000003"><ele>3102.2793379575014</ele></trkpt><trkpt lat="37.609563" lon="-107.85620599999999"><ele>3102.0138958217576</ele></trkpt><trkpt lat="37.609786" lon="-107.85635200000002"><ele>3103.021765486144</ele></trkpt><trkpt lat="37.610269" lon="-107.85664300000002"><ele>3103.0</ele></trkpt><trkpt lat="37.610638" lon="-107.85683799999998"><ele>3103.0</ele></trkpt><trkpt lat="37.610749" lon="-107.856829"><ele>3103.0</ele></trkpt><trkpt lat="37.610813" lon="-107.85677299999998"><ele>3102.6577847700237</ele></trkpt><trkpt lat="37.610849" lon="-107.85666700000002"><ele>3102.0</ele></trkpt><trkpt lat="37.610844" lon="-107.85658999999998"><ele>3102.0</ele></trkpt><trkpt lat="37.610788" lon="-107.85643800000003"><ele>3102.0</ele></trkpt><trkpt lat="37.610724" lon="-107.85634299999998"><ele>3103.0</ele></trkpt><trkpt lat="37.610599" lon="-107.85621700000002"><ele>3103.0939694795456</ele></trkpt><trkpt lat="37.610277" lon="-107.85599300000001"><ele>3105.924990466932</ele></trkpt><trkpt lat="37.610061" lon="-107.855775"><ele>3107.0</ele></trkpt><trkpt lat="37.609873" lon="-107.855505"><ele>3109.0</ele></trkpt><trkpt lat="37.609647" lon="-107.85505899999998"><ele>3111.0897148207123</ele></trkpt><trkpt lat="37.609571" lon="-107.85494900000003"><ele>3112.0</ele></trkpt><trkpt lat="37.609486" lon="-107.85486900000001"><ele>3113.0</ele></trkpt><trkpt lat="37.609214" lon="-107.85470599999996"><ele>3114.0</ele></trkpt><trkpt lat="37.609046" lon="-107.85463600000003"><ele>3114.5261111554487</ele></trkpt><trkpt lat="37.608332" lon="-107.85453100000001"><ele>3117.026325015878</ele></trkpt><trkpt lat="37.608182" lon="-107.85446300000001"><ele>3118.0</ele></trkpt><trkpt lat="37.608044" lon="-107.85436700000002"><ele>3119.0</ele></trkpt><trkpt lat="37.607955" lon="-107.85427900000002"><ele>3120.0</ele></trkpt><trkpt lat="37.607884" lon="-107.85417899999999"><ele>3121.0</ele></trkpt><trkpt lat="37.607784" lon="-107.853993"><ele>3122.494689074341</ele></trkpt><trkpt lat="37.607558" lon="-107.85344499999997"><ele>3124.6580302231014</ele></trkpt><trkpt lat="37.607419" lon="-107.85322500000001"><ele>3125.9107733326964</ele></trkpt><trkpt lat="37.607051" lon="-107.85273899999999"><ele>3128.0444507037937</ele></trkpt><trkpt lat="37.606918" lon="-107.852486"><ele>3130.0895709338292</ele></trkpt><trkpt lat="37.606871" lon="-107.85233"><ele>3130.490578668192</ele></trkpt><trkpt lat="37.606871" lon="-107.85214300000001"><ele>3131.829023892369</ele></trkpt><trkpt lat="37.606903" lon="-107.85202600000002"><ele>3132.0</ele></trkpt><trkpt lat="37.607107" lon="-107.85151200000001"><ele>3133.0962728710856</ele></trkpt><trkpt lat="37.607151" lon="-107.85124000000002"><ele>3134.0</ele></trkpt><trkpt lat="37.607147" lon="-107.85109299999999"><ele>3134.800296303283</ele></trkpt><trkpt lat="37.607116" lon="-107.85091899999998"><ele>3135.0</ele></trkpt><trkpt lat="37.606975" lon="-107.85038600000001"><ele>3137.0</ele></trkpt><trkpt lat="37.606817" lon="-107.849896"><ele>3139.0</ele></trkpt><trkpt lat="37.606788" lon="-107.84972399999998"><ele>3140.0</ele></trkpt><trkpt lat="37.606805" lon="-107.84961499999997"><ele>3140.0</ele></trkpt><trkpt lat="37.606871" lon="-107.84951999999998"><ele>3140.4237119993195</ele></trkpt><trkpt lat="37.606947" lon="-107.849489"><ele>3140.0</ele></trkpt><trkpt lat="37.607262" lon="-107.849491"><ele>3140.072214044165</ele></trkpt><trkpt lat="37.607932" lon="-107.84959400000002"><ele>3142.0</ele></trkpt><trkpt lat="37.608299" lon="-107.849764"><ele>3145.0</ele></trkpt><trkpt lat="37.608853" lon="-107.85012499999999"><ele>3148.0</ele></trkpt><trkpt lat="37.60904" lon="-107.85019199999999"><ele>3149.0</ele></trkpt><trkpt lat="37.609946" lon="-107.85039999999998"><ele>3152.0</ele></trkpt><trkpt lat="37.610605" lon="-107.85051799999997"><ele>3155.0</ele></trkpt><trkpt lat="37.611034" lon="-107.85049400000003"><ele>3157.0</ele></trkpt><trkpt lat="37.611281" lon="-107.85045000000002"><ele>3158.0</ele></trkpt><trkpt lat="37.611993" lon="-107.85017600000003"><ele>3158.0</ele></trkpt><trkpt lat="37.61208" lon="-107.85012"><ele>3158.0</ele></trkpt><trkpt lat="37.612131" lon="-107.85005899999999"><ele>3158.0</ele></trkpt><trkpt lat="37.61216" lon="-107.84998300000001"><ele>3158.0</ele></trkpt><trkpt lat="37.612155" lon="-107.849899"><ele>3158.0</ele></trkpt><trkpt lat="37.612037" lon="-107.84965399999999"><ele>3159.7306305384263</ele></trkpt><trkpt lat="37.612022" lon="-107.84935200000001"><ele>3158.0</ele></trkpt><trkpt lat="37.611983" lon="-107.84925699999997"><ele>3158.0</ele></trkpt><trkpt lat="37.611902" lon="-107.84919300000001"><ele>3158.0</ele></trkpt><trkpt lat="37.611796" lon="-107.84916800000002"><ele>3159.0</ele></trkpt><trkpt lat="37.611311" lon="-107.84916399999997"><ele>3160.0</ele></trkpt><trkpt lat="37.611018" lon="-107.84913799999998"><ele>3161.0</ele></trkpt><trkpt lat="37.610807" lon="-107.84910500000001"><ele>3161.0</ele></trkpt><trkpt lat="37.610479" lon="-107.84901500000001"><ele>3162.0</ele></trkpt><trkpt lat="37.610334" lon="-107.84893199999999"><ele>3162.9955692777885</ele></trkpt><trkpt lat="37.610043" lon="-107.84869000000003"><ele>3164.023765208024</ele></trkpt><trkpt lat="37.609814" lon="-107.848456"><ele>3165.0</ele></trkpt><trkpt lat="37.609488" lon="-107.84804300000002"><ele>3167.0</ele></trkpt><trkpt lat="37.609332" lon="-107.84774299999998"><ele>3168.0</ele></trkpt><trkpt lat="37.609216" lon="-107.847441"><ele>3169.0</ele></trkpt><trkpt lat="37.609086" lon="-107.84697699999998"><ele>3170.8116954121037</ele></trkpt><trkpt lat="37.609072" lon="-107.846788"><ele>3171.0</ele></trkpt><trkpt lat="37.609088" lon="-107.846679"><ele>3171.911028774455</ele></trkpt><trkpt lat="37.609136" lon="-107.84654699999999"><ele>3172.640640587978</ele></trkpt><trkpt lat="37.609204" lon="-107.84644300000002"><ele>3173.0</ele></trkpt><trkpt lat="37.609558" lon="-107.84606400000001"><ele>3174.0</ele></trkpt><trkpt lat="37.609617" lon="-107.84601399999997"><ele>3175.0</ele></trkpt><trkpt lat="37.60969" lon="-107.84599100000003"><ele>3175.0</ele></trkpt><trkpt lat="37.609755" lon="-107.84602799999999"><ele>3176.0</ele></trkpt><trkpt lat="37.609782" lon="-107.84610299999997"><ele>3177.0</ele></trkpt><trkpt lat="37.609776" lon="-107.84619299999997"><ele>3177.1441339970033</ele></trkpt><trkpt lat="37.609704" lon="-107.84650799999997"><ele>3179.0</ele></trkpt><trkpt lat="37.609683" lon="-107.846901"><ele>3181.0</ele></trkpt><trkpt lat="37.60972" lon="-107.84714400000001"><ele>3182.0</ele></trkpt><trkpt lat="37.609778" lon="-107.84729400000003"><ele>3182.3441863429875</ele></trkpt><trkpt lat="37.609854" lon="-107.84738600000003"><ele>3183.0</ele></trkpt><trkpt lat="37.610099" lon="-107.84754800000002"><ele>3184.0</ele></trkpt><trkpt lat="37.610477" lon="-107.84767299999999"><ele>3185.869541095566</ele></trkpt><trkpt lat="37.61069" lon="-107.847689"><ele>3187.0</ele></trkpt><trkpt lat="37.610776" lon="-107.847666"><ele>3187.0</ele></trkpt><trkpt lat="37.610985" lon="-107.84751499999999"><ele>3189.0</ele></trkpt><trkpt lat="37.611429" lon="-107.84700800000002"><ele>3193.0</ele></trkpt><trkpt lat="37.611731" lon="-107.84659599999998"><ele>3195.0</ele></trkpt><trkpt lat="37.611949" lon="-107.846404"><ele>3196.0</ele></trkpt><trkpt lat="37.612048" lon="-107.84635400000002"><ele>3196.0</ele></trkpt><trkpt lat="37.612204" lon="-107.84631200000001"><ele>3197.0</ele></trkpt><trkpt lat="37.612394" lon="-107.84628900000001"><ele>3198.0</ele></trkpt><trkpt lat="37.612356" lon="-107.84630700000002"><ele>3198.0</ele></trkpt><trkpt lat="37.612604" lon="-107.84633200000002"><ele>3199.0</ele></trkpt><trkpt lat="37.612766" lon="-107.84632899999997"><ele>3200.204406926615</ele></trkpt><trkpt lat="37.612888" lon="-107.84630500000003"><ele>3201.464370308444</ele></trkpt><trkpt lat="37.613065" lon="-107.84622999999999"><ele>3203.0</ele></trkpt><trkpt lat="37.613403" lon="-107.84603199999998"><ele>3206.0</ele></trkpt><trkpt lat="37.613761" lon="-107.84590400000002"><ele>3210.0</ele></trkpt><trkpt lat="37.614056" lon="-107.84571900000003"><ele>3211.0</ele></trkpt><trkpt lat="37.61414" lon="-107.84568100000001"><ele>3211.0</ele></trkpt><trkpt lat="37.614254" lon="-107.845662"><ele>3212.0</ele></trkpt><trkpt lat="37.61437" lon="-107.845666"><ele>3212.0</ele></trkpt><trkpt lat="37.614589" lon="-107.845709"><ele>3214.0</ele></trkpt><trkpt lat="37.615589" lon="-107.84599200000002"><ele>3221.0</ele></trkpt><trkpt lat="37.61579" lon="-107.84607499999998"><ele>3222.0</ele></trkpt><trkpt lat="37.616002" lon="-107.84619499999997"><ele>3223.0</ele></trkpt><trkpt lat="37.616514" lon="-107.84662300000002"><ele>3226.0</ele></trkpt><trkpt lat="37.616778" lon="-107.84679"><ele>3227.0</ele></trkpt><trkpt lat="37.61776" lon="-107.84779100000003"><ele>3229.0</ele></trkpt><trkpt lat="37.617081" lon="-107.84703200000001"><ele>3228.0</ele></trkpt><trkpt lat="37.617808" lon="-107.847845"><ele>3229.0</ele></trkpt><trkpt lat="37.617901" lon="-107.84790800000002"><ele>3229.0</ele></trkpt><trkpt lat="37.618038" lon="-107.84794799999997"><ele>3229.0</ele></trkpt><trkpt lat="37.618115" lon="-107.84793300000001"><ele>3229.0</ele></trkpt><trkpt lat="37.618219" lon="-107.84786700000001"><ele>3229.0</ele></trkpt><trkpt lat="37.618272" lon="-107.84770300000002"><ele>3228.0</ele></trkpt><trkpt lat="37.618507" lon="-107.84736299999997"><ele>3227.045103294967</ele></trkpt><trkpt lat="37.618859" lon="-107.84703999999999"><ele>3227.0</ele></trkpt><trkpt lat="37.618988" lon="-107.84688399999999"><ele>3227.0</ele></trkpt><trkpt lat="37.619169" lon="-107.84655499999997"><ele>3227.0</ele></trkpt><trkpt lat="37.619462" lon="-107.84589599999998"><ele>3227.0</ele></trkpt><trkpt lat="37.61955" lon="-107.84578799999997"><ele>3227.0</ele></trkpt><trkpt lat="37.619659" lon="-107.84569199999999"><ele>3226.0</ele></trkpt><trkpt lat="37.620001" lon="-107.84545000000003"><ele>3222.0</ele></trkpt><trkpt lat="37.620243" lon="-107.84524199999998"><ele>3220.0</ele></trkpt><trkpt lat="37.620234" lon="-107.84523000000002"><ele>3220.0</ele></trkpt><trkpt lat="37.620356" lon="-107.84497399999998"><ele>3218.0</ele></trkpt><trkpt lat="37.620469" lon="-107.844563"><ele>3216.0</ele></trkpt><trkpt lat="37.620633" lon="-107.84391900000003"><ele>3213.0</ele></trkpt><trkpt lat="37.620681" lon="-107.843662"><ele>3212.0</ele></trkpt><trkpt lat="37.620721" lon="-107.84335299999998"><ele>3211.0</ele></trkpt><trkpt lat="37.620747" lon="-107.84297400000003"><ele>3211.0</ele></trkpt><trkpt lat="37.620746" lon="-107.84194200000002"><ele>3208.0</ele></trkpt><trkpt lat="37.620764" lon="-107.84154999999998"><ele>3207.0</ele></trkpt><trkpt lat="37.621167" lon="-107.83964400000002"><ele>3197.074915395326</ele></trkpt><trkpt lat="37.621191" lon="-107.83940899999999"><ele>3196.0</ele></trkpt><trkpt lat="37.621186" lon="-107.83917500000001"><ele>3194.0</ele></trkpt><trkpt lat="37.621156" lon="-107.83891699999998"><ele>3192.0</ele></trkpt><trkpt lat="37.620994" lon="-107.83826399999998"><ele>3188.0</ele></trkpt><trkpt lat="37.620903" lon="-107.83781599999998"><ele>3185.9553951156136</ele></trkpt><trkpt lat="37.620872" lon="-107.83666199999999"><ele>3180.0</ele></trkpt><trkpt lat="37.620756" lon="-107.83601499999997"><ele>3176.045095110312</ele></trkpt><trkpt lat="37.620729" lon="-107.835714"><ele>3174.214850835502</ele></trkpt><trkpt lat="37.620728" lon="-107.83450199999999"><ele>3168.0</ele></trkpt><trkpt lat="37.620653" lon="-107.83407199999999"><ele>3166.0</ele></trkpt><trkpt lat="37.620592" lon="-107.83372700000001"><ele>3164.275585571304</ele></trkpt><trkpt lat="37.620719" lon="-107.83349599999997"><ele>3161.280176129329</ele></trkpt><trkpt lat="37.620845" lon="-107.83350200000001"><ele>3160.0</ele></trkpt><trkpt lat="37.620904" lon="-107.833553"><ele>3160.0</ele></trkpt><trkpt lat="37.621024" lon="-107.833798"><ele>3158.857743855566</ele></trkpt><trkpt lat="37.621487" lon="-107.83516500000002"><ele>3157.0</ele></trkpt><trkpt lat="37.621613" lon="-107.83545100000003"><ele>3156.0</ele></trkpt><trkpt lat="37.621835" lon="-107.83588900000001"><ele>3152.0</ele></trkpt><trkpt lat="37.621925" lon="-107.83614499999999"><ele>3150.0</ele></trkpt><trkpt lat="37.621971" lon="-107.83632599999999"><ele>3149.0</ele></trkpt><trkpt lat="37.622013" lon="-107.836633"><ele>3147.0</ele></trkpt><trkpt lat="37.622066" lon="-107.83677"><ele>3146.0</ele></trkpt><trkpt lat="37.622114" lon="-107.83681200000001"><ele>3145.7241071127355</ele></trkpt><trkpt lat="37.622199" lon="-107.83680300000003"><ele>3144.7685568016022</ele></trkpt><trkpt lat="37.622244" lon="-107.836704"><ele>3143.2182770682352</ele></trkpt><trkpt lat="37.622279" lon="-107.83612"><ele>3139.0</ele></trkpt><trkpt lat="37.622267" lon="-107.83570299999997"><ele>3139.0</ele></trkpt><trkpt lat="37.622179" lon="-107.83524899999998"><ele>3137.934425930127</ele></trkpt><trkpt lat="37.62204" lon="-107.83473100000003"><ele>3135.0</ele></trkpt><trkpt lat="37.621718" lon="-107.83389299999999"><ele>3134.0</ele></trkpt><trkpt lat="37.62165" lon="-107.83365100000003"><ele>3133.0</ele></trkpt><trkpt lat="37.621573" lon="-107.83323000000001"><ele>3131.0</ele></trkpt><trkpt lat="37.621488" lon="-107.83261600000003"><ele>3130.5569345355034</ele></trkpt><trkpt lat="37.621463" lon="-107.83223599999997"><ele>3128.0</ele></trkpt><trkpt lat="37.621353" lon="-107.83133499999997"><ele>3123.0</ele></trkpt><trkpt lat="37.621345" lon="-107.83120200000002"><ele>3121.0</ele></trkpt><trkpt lat="37.621356" lon="-107.83113800000001"><ele>3120.2460431262894</ele></trkpt><trkpt lat="37.621399" lon="-107.83106199999997"><ele>3119.6200885316903</ele></trkpt><trkpt lat="37.621529" lon="-107.83103699999998"><ele>3118.0</ele></trkpt><trkpt lat="37.621593" lon="-107.83115099999998"><ele>3117.0</ele></trkpt><trkpt lat="37.621825" lon="-107.83155899999997"><ele>3114.0</ele></trkpt><trkpt lat="37.62209" lon="-107.83205399999997"><ele>3111.0</ele></trkpt><trkpt lat="37.622168" lon="-107.83225500000003"><ele>3110.0</ele></trkpt><trkpt lat="37.622266" lon="-107.83279900000002"><ele>3107.648987486329</ele></trkpt><trkpt lat="37.622375" lon="-107.83312899999999"><ele>3106.0</ele></trkpt><trkpt lat="37.622534" lon="-107.83352200000002"><ele>3104.0</ele></trkpt><trkpt lat="37.622636" lon="-107.833796"><ele>3102.0</ele></trkpt><trkpt lat="37.622723" lon="-107.83411799999999"><ele>3100.0</ele></trkpt><trkpt lat="37.622754" lon="-107.83419700000002"><ele>3100.0</ele></trkpt><trkpt lat="37.622899" lon="-107.834449"><ele>3099.034384526676</ele></trkpt><trkpt lat="37.623059" lon="-107.83466599999997"><ele>3098.0</ele></trkpt><trkpt lat="37.623176" lon="-107.834902"><ele>3096.0</ele></trkpt><trkpt lat="37.623262" lon="-107.83512400000001"><ele>3095.0</ele></trkpt><trkpt lat="37.623394" lon="-107.83564999999999"><ele>3092.410012079403</ele></trkpt><trkpt lat="37.623463" lon="-107.835847"><ele>3091.0</ele></trkpt><trkpt lat="37.623581" lon="-107.836072"><ele>3089.0</ele></trkpt><trkpt lat="37.62368" lon="-107.83620000000002"><ele>3088.581841720268</ele></trkpt><trkpt lat="37.62379" lon="-107.83625999999998"><ele>3088.0</ele></trkpt><trkpt lat="37.624098" lon="-107.83622500000001"><ele>3085.0</ele></trkpt><trkpt lat="37.62429" lon="-107.83625699999999"><ele>3084.0</ele></trkpt><trkpt lat="37.62446" lon="-107.83639700000003"><ele>3082.7342841544755</ele></trkpt><trkpt lat="37.624618" lon="-107.83661000000001"><ele>3081.0</ele></trkpt><trkpt lat="37.624786" lon="-107.83670999999998"><ele>3079.0</ele></trkpt><trkpt lat="37.624927" lon="-107.83662800000002"><ele>3078.0</ele></trkpt><trkpt lat="37.624958" lon="-107.83652699999999"><ele>3077.5582544001445</ele></trkpt><trkpt lat="37.624944" lon="-107.83639700000003"><ele>3076.9683565835862</ele></trkpt><trkpt lat="37.624845" lon="-107.83618899999999"><ele>3075.0</ele></trkpt><trkpt lat="37.624559" lon="-107.83575000000002"><ele>3072.0</ele></trkpt><trkpt lat="37.62448" lon="-107.835575"><ele>3071.0</ele></trkpt><trkpt lat="37.624448" lon="-107.83535999999998"><ele>3069.0</ele></trkpt><trkpt lat="37.624477" lon="-107.83493900000002"><ele>3067.0</ele></trkpt><trkpt lat="37.624465" lon="-107.83421099999998"><ele>3063.0</ele></trkpt><trkpt lat="37.624504" lon="-107.83408500000002"><ele>3062.0</ele></trkpt><trkpt lat="37.624555" lon="-107.834026"><ele>3062.0</ele></trkpt><trkpt lat="37.624629" lon="-107.83399500000002"><ele>3061.7665886998843</ele></trkpt><trkpt lat="37.624905" lon="-107.83397300000001"><ele>3060.4426197995276</ele></trkpt><trkpt lat="37.625012" lon="-107.83392400000002"><ele>3060.0</ele></trkpt><trkpt lat="37.625087" lon="-107.83386300000001"><ele>3059.0</ele></trkpt><trkpt lat="37.625415" lon="-107.833418"><ele>3056.0</ele></trkpt><trkpt lat="37.625515" lon="-107.83326199999999"><ele>3056.0</ele></trkpt><trkpt lat="37.625564" lon="-107.833147"><ele>3055.0</ele></trkpt><trkpt lat="37.625572" lon="-107.833031"><ele>3054.0</ele></trkpt><trkpt lat="37.625551" lon="-107.83294899999999"><ele>3053.159138843883</ele></trkpt><trkpt lat="37.625351" lon="-107.832447"><ele>3050.0</ele></trkpt><trkpt lat="37.625295" lon="-107.832178"><ele>3048.1263714666266</ele></trkpt><trkpt lat="37.625356" lon="-107.831435"><ele>3046.0</ele></trkpt><trkpt lat="37.625313" lon="-107.831163"><ele>3046.0</ele></trkpt><trkpt lat="37.625337" lon="-107.83090099999998"><ele>3046.0</ele></trkpt><trkpt lat="37.625864" lon="-107.83118999999999"><ele>3042.0</ele></trkpt><trkpt lat="37.626391" lon="-107.83161999999999"><ele>3037.0</ele></trkpt><trkpt lat="37.627232" lon="-107.83223099999998"><ele>3027.4031365500186</ele></trkpt><trkpt lat="37.627402" lon="-107.832404"><ele>3029.0</ele></trkpt><trkpt lat="37.627615" lon="-107.83233000000001"><ele>3029.311648000963</ele></trkpt><trkpt lat="37.627904" lon="-107.83215799999999"><ele>3028.0</ele></trkpt><trkpt lat="37.628306" lon="-107.83210200000002"><ele>3025.0</ele></trkpt><trkpt lat="37.628576" lon="-107.83195899999998"><ele>3022.0</ele></trkpt><trkpt lat="37.628705" lon="-107.83181400000001"><ele>3021.0</ele></trkpt><trkpt lat="37.628875" lon="-107.83162199999998"><ele>3022.0</ele></trkpt><trkpt lat="37.629002" lon="-107.83153099999998"><ele>3023.0</ele></trkpt><trkpt lat="37.629268" lon="-107.831342"><ele>3022.0</ele></trkpt><trkpt lat="37.629755" lon="-107.831052"><ele>3020.02846531827</ele></trkpt><trkpt lat="37.629837" lon="-107.83083599999998"><ele>3019.0</ele></trkpt><trkpt lat="37.629886" lon="-107.830197"><ele>3014.0</ele></trkpt><trkpt lat="37.630008" lon="-107.83000900000002"><ele>3013.0</ele></trkpt><trkpt lat="37.630121" lon="-107.829906"><ele>3012.0</ele></trkpt><trkpt lat="37.63034591596598" lon="-107.82991197122033"><ele>3011.0</ele></trkpt><trkpt lat="37.630357310134016" lon="-107.82991522150242"><ele>3011.0</ele></trkpt><trkpt lat="37.63098" lon="-107.83036"><ele>3006.0</ele></trkpt><trkpt lat="37.631354836225924" lon="-107.83050279475273"><ele>3003.0</ele></trkpt><trkpt lat="37.63136650543526" lon="-107.83050724013265"><ele>3003.0</ele></trkpt><trkpt lat="37.6314" lon="-107.83052"><ele>3003.0</ele></trkpt><trkpt lat="37.63163" lon="-107.83068"><ele>3000.0</ele></trkpt><trkpt lat="37.6319" lon="-107.83088"><ele>2997.0</ele></trkpt><trkpt lat="37.63210548065088" lon="-107.83099007892011"><ele>2996.0</ele></trkpt><trkpt lat="37.6321135" lon="-107.8309632"><ele>2996.0</ele></trkpt><trkpt lat="37.6321179" lon="-107.8309411"><ele>2996.0</ele></trkpt><trkpt lat="37.6321224" lon="-107.830919"><ele>2996.0</ele></trkpt><trkpt lat="37.6321269" lon="-107.830897"><ele>2995.7460858968698</ele></trkpt><trkpt lat="37.6321212" lon="-107.8308656"><ele>2995.00823856681</ele></trkpt><trkpt lat="37.6321156" lon="-107.8308342"><ele>2995.0</ele></trkpt><trkpt lat="37.6321043" lon="-107.8308101"><ele>2995.0</ele></trkpt><trkpt lat="37.632093" lon="-107.830786"><ele>2995.0</ele></trkpt><trkpt lat="37.6320777" lon="-107.8307686"><ele>2995.0</ele></trkpt><trkpt lat="37.6320624" lon="-107.8307513"><ele>2995.0873931890605</ele></trkpt><trkpt lat="37.632047" lon="-107.8307357"><ele>2995.9881171905436</ele></trkpt><trkpt lat="37.6320316" lon="-107.8307201"><ele>2996.0</ele></trkpt><trkpt lat="37.6320163" lon="-107.8307044"><ele>2996.0</ele></trkpt><trkpt lat="37.6320011" lon="-107.8306887"><ele>2996.0</ele></trkpt><trkpt lat="37.6319805" lon="-107.8306705"><ele>2996.1501205570694</ele></trkpt><trkpt lat="37.63196" lon="-107.8306524"><ele>2996.443593788096</ele></trkpt><trkpt lat="37.6319369" lon="-107.8306367"><ele>2996.8314430763808</ele></trkpt><trkpt lat="37.6319139" lon="-107.8306211"><ele>2997.0</ele></trkpt><trkpt lat="37.631891" lon="-107.8306072"><ele>2997.0</ele></trkpt><trkpt lat="37.6318682" lon="-107.8305934"><ele>2997.0</ele></trkpt><trkpt lat="37.6318459" lon="-107.8305815"><ele>2997.0</ele></trkpt><trkpt lat="37.6318236" lon="-107.8305696"><ele>2997.0</ele></trkpt><trkpt lat="37.6318024" lon="-107.8305592"><ele>2997.712788481239</ele></trkpt><trkpt lat="37.6317812" lon="-107.8305488"><ele>2998.0</ele></trkpt><trkpt lat="37.6317639" lon="-107.8305365"><ele>2998.0</ele></trkpt><trkpt lat="37.6317467" lon="-107.8305243"><ele>2998.0</ele></trkpt><trkpt lat="37.6317341" lon="-107.8305072"><ele>2998.0</ele></trkpt><trkpt lat="37.6317215" lon="-107.8304902"><ele>2997.570753565058</ele></trkpt><trkpt lat="37.6317107" lon="-107.8304669"><ele>2997.0</ele></trkpt><trkpt lat="37.6317" lon="-107.8304437"><ele>2996.4036964979023</ele></trkpt><trkpt lat="37.6316873" lon="-107.8304191"><ele>2996.407974496484</ele></trkpt><trkpt lat="37.6316747" lon="-107.8303945"><ele>2997.0</ele></trkpt><trkpt lat="37.6316604" lon="-107.8303726"><ele>2996.0901963380165</ele></trkpt><trkpt lat="37.6316462" lon="-107.8303507"><ele>2996.8265530187637</ele></trkpt><trkpt lat="37.6316174" lon="-107.8303105"><ele>2997.0</ele></trkpt><trkpt lat="37.6316041" lon="-107.830291"><ele>2997.0</ele></trkpt><trkpt lat="37.6315909" lon="-107.8302715"><ele>2997.0</ele></trkpt><trkpt lat="37.6315783" lon="-107.830252"><ele>2997.0</ele></trkpt><trkpt lat="37.6315657" lon="-107.8302325"><ele>2997.0</ele></trkpt><trkpt lat="37.6315535" lon="-107.8302119"><ele>2997.0</ele></trkpt><trkpt lat="37.6315413" lon="-107.8301914"><ele>2997.0</ele></trkpt><trkpt lat="37.631531" lon="-107.8301703"><ele>2997.0</ele></trkpt><trkpt lat="37.6315208" lon="-107.8301492"><ele>2997.0</ele></trkpt><trkpt lat="37.6315128" lon="-107.8301272"><ele>2996.8880244237575</ele></trkpt><trkpt lat="37.6315049" lon="-107.8301052"><ele>2996.68103066153</ele></trkpt><trkpt lat="37.631501" lon="-107.8300838"><ele>2996.2341592404014</ele></trkpt><trkpt lat="37.6314972" lon="-107.8300624"><ele>2996.0</ele></trkpt><trkpt lat="37.6315082" lon="-107.83003"><ele>2996.0</ele></trkpt><trkpt lat="37.6315226" lon="-107.8300261"><ele>2996.0</ele></trkpt><trkpt lat="37.6315371" lon="-107.8300222"><ele>2995.819480693443</ele></trkpt><trkpt lat="37.6315569" lon="-107.8300288"><ele>2995.0815134178847</ele></trkpt><trkpt lat="37.6315767" lon="-107.8300354"><ele>2995.0</ele></trkpt><trkpt lat="37.6315989" lon="-107.830044"><ele>2995.087238009758</ele></trkpt><trkpt lat="37.6316212" lon="-107.8300526"><ele>2995.0</ele></trkpt><trkpt lat="37.6316666" lon="-107.8300604"><ele>2995.4593782043085</ele></trkpt><trkpt lat="37.6316883" lon="-107.830059"><ele>2995.5246229334734</ele></trkpt><trkpt lat="37.6317101" lon="-107.8300576"><ele>2995.039096858194</ele></trkpt><trkpt lat="37.6317299" lon="-107.8300517"><ele>2995.0</ele></trkpt><trkpt lat="37.6317497" lon="-107.8300459"><ele>2995.0</ele></trkpt><trkpt lat="37.6317634" lon="-107.8300339"><ele>2995.0</ele></trkpt><trkpt lat="37.6317772" lon="-107.830022"><ele>2994.7510520890355</ele></trkpt><trkpt lat="37.6317846" lon="-107.8300051"><ele>2994.0</ele></trkpt><trkpt lat="37.6317921" lon="-107.8299882"><ele>2994.0</ele></trkpt><trkpt lat="37.6317964" lon="-107.8299701"><ele>2993.9918868131617</ele></trkpt><trkpt lat="37.6318007" lon="-107.829952"><ele>2993.35918628445</ele></trkpt><trkpt lat="37.631801" lon="-107.8299334"><ele>2993.0</ele></trkpt><trkpt lat="37.6318013" lon="-107.8299149"><ele>2992.927829381195</ele></trkpt><trkpt lat="37.631796" lon="-107.8298974"><ele>2992.944271217566</ele></trkpt><trkpt lat="37.6317907" lon="-107.8298799"><ele>2992.1287121060304</ele></trkpt><trkpt lat="37.6317824" lon="-107.8298621"><ele>2992.0</ele></trkpt><trkpt lat="37.6317741" lon="-107.8298443"><ele>2991.628806249057</ele></trkpt><trkpt lat="37.631765" lon="-107.8298255"><ele>2991.4959317311823</ele></trkpt><trkpt lat="37.631756" lon="-107.8298067"><ele>2991.0</ele></trkpt><trkpt lat="37.6317462" lon="-107.8297864"><ele>2990.771296284627</ele></trkpt><trkpt lat="37.6317365" lon="-107.8297661"><ele>2990.0</ele></trkpt><trkpt lat="37.6317254" lon="-107.829744"><ele>2989.8292774580264</ele></trkpt><trkpt lat="37.6317144" lon="-107.8297219"><ele>2989.622437831884</ele></trkpt><trkpt lat="37.6317014" lon="-107.8297008"><ele>2989.0</ele></trkpt><trkpt lat="37.6316885" lon="-107.8296797"><ele>2989.0</ele></trkpt><trkpt lat="37.6316749" lon="-107.8296602"><ele>2989.0</ele></trkpt><trkpt lat="37.6316614" lon="-107.8296408"><ele>2989.0</ele></trkpt><trkpt lat="37.6316491" lon="-107.8296191"><ele>2989.0</ele></trkpt><trkpt lat="37.6316369" lon="-107.8295975"><ele>2989.0</ele></trkpt><trkpt lat="37.6316259" lon="-107.829575"><ele>2989.0</ele></trkpt><trkpt lat="37.631615" lon="-107.8295526"><ele>2989.0</ele></trkpt><trkpt lat="37.6316078" lon="-107.8295315"><ele>2989.0</ele></trkpt><trkpt lat="37.6316007" lon="-107.8295104"><ele>2989.0</ele></trkpt><trkpt lat="37.6316022" lon="-107.8294922"><ele>2989.0</ele></trkpt><trkpt lat="37.6316038" lon="-107.8294741"><ele>2989.2518166884156</ele></trkpt><trkpt lat="37.631615" lon="-107.8294613"><ele>2989.3794618309475</ele></trkpt><trkpt lat="37.6316262" lon="-107.8294485"><ele>2989.9759850664996</ele></trkpt><trkpt lat="37.6316447" lon="-107.8294421"><ele>2989.250886977614</ele></trkpt><trkpt lat="37.6316632" lon="-107.8294358"><ele>2989.0</ele></trkpt><trkpt lat="37.6316843" lon="-107.8294367"><ele>2989.0</ele></trkpt><trkpt lat="37.6317054" lon="-107.8294376"><ele>2989.0</ele></trkpt><trkpt lat="37.6317268" lon="-107.8294407"><ele>2989.0</ele></trkpt><trkpt lat="37.6317483" lon="-107.8294438"><ele>2989.0</ele></trkpt><trkpt lat="37.6317691" lon="-107.8294464"><ele>2989.0</ele></trkpt><trkpt lat="37.63179" lon="-107.8294491"><ele>2988.3455208924074</ele></trkpt><trkpt lat="37.6318102" lon="-107.8294501"><ele>2988.0</ele></trkpt><trkpt lat="37.6318305" lon="-107.8294511"><ele>2988.0</ele></trkpt><trkpt lat="37.6318498" lon="-107.8294459"><ele>2988.0</ele></trkpt><trkpt lat="37.6318692" lon="-107.8294408"><ele>2988.0</ele></trkpt><trkpt lat="37.6318856" lon="-107.8294284"><ele>2988.0</ele></trkpt><trkpt lat="37.631902" lon="-107.8294161"><ele>2987.8900209589156</ele></trkpt><trkpt lat="37.6319164" lon="-107.8294017"><ele>2987.1454485364025</ele></trkpt><trkpt lat="37.6319308" lon="-107.8293873"><ele>2987.0653373027976</ele></trkpt><trkpt lat="37.6319438" lon="-107.8293751"><ele>2987.1245140040273</ele></trkpt><trkpt lat="37.6319569" lon="-107.829363"><ele>2987.0</ele></trkpt><trkpt lat="37.6319693" lon="-107.8293538"><ele>2987.0</ele></trkpt><trkpt lat="37.6319818" lon="-107.8293447"><ele>2987.0</ele></trkpt><trkpt lat="37.6319949" lon="-107.8293371"><ele>2986.2554158239473</ele></trkpt><trkpt lat="37.6320081" lon="-107.8293296"><ele>2986.0</ele></trkpt><trkpt lat="37.6320224" lon="-107.8293228"><ele>2986.0</ele></trkpt><trkpt lat="37.6320367" lon="-107.829316"><ele>2985.719211643369</ele></trkpt><trkpt lat="37.6320514" lon="-107.8293092"><ele>2985.0</ele></trkpt><trkpt lat="37.6320661" lon="-107.8293024"><ele>2985.0</ele></trkpt><trkpt lat="37.6320735" lon="-107.8292923"><ele>2984.744567324873</ele></trkpt><trkpt lat="37.632081" lon="-107.8292822"><ele>2984.2738732085563</ele></trkpt><trkpt lat="37.6320799" lon="-107.8292723"><ele>2983.86966705554</ele></trkpt><trkpt lat="37.6320789" lon="-107.8292624"><ele>2983.5871465605933</ele></trkpt><trkpt lat="37.6320767" lon="-107.8292583"><ele>2983.57431516832</ele></trkpt><trkpt lat="37.6320746" lon="-107.8292542"><ele>2983.5976450550756</ele></trkpt><trkpt lat="37.6320717" lon="-107.8292465"><ele>2983.480438718362</ele></trkpt><trkpt lat="37.6320689" lon="-107.8292389"><ele>2983.2437135799437</ele></trkpt><trkpt lat="37.632068" lon="-107.8292269"><ele>2983.0</ele></trkpt><trkpt lat="37.6320671" lon="-107.8292149"><ele>2983.0</ele></trkpt><trkpt lat="37.6320676" lon="-107.829198"><ele>2982.349868800491</ele></trkpt><trkpt lat="37.6320682" lon="-107.8291812"><ele>2982.0</ele></trkpt><trkpt lat="37.6320688" lon="-107.8291611"><ele>2982.0</ele></trkpt><trkpt lat="37.6320695" lon="-107.8291411"><ele>2981.6981366048567</ele></trkpt><trkpt lat="37.6320677" lon="-107.8291195"><ele>2981.0157796324706</ele></trkpt><trkpt lat="37.6320659" lon="-107.8290979"><ele>2981.0</ele></trkpt><trkpt lat="37.6320609" lon="-107.8290748"><ele>2980.608332657721</ele></trkpt><trkpt lat="37.6320559" lon="-107.8290518"><ele>2980.0</ele></trkpt><trkpt lat="37.6320479" lon="-107.829027"><ele>2979.4971089005035</ele></trkpt><trkpt lat="37.63204" lon="-107.8290023"><ele>2979.1498903544425</ele></trkpt><trkpt lat="37.6320224" lon="-107.8289521"><ele>2979.0</ele></trkpt><trkpt lat="37.6320135" lon="-107.828927"><ele>2979.0</ele></trkpt><trkpt lat="37.6320047" lon="-107.8289019"><ele>2979.0</ele></trkpt><trkpt lat="37.6319936" lon="-107.8288781"><ele>2978.6555654532003</ele></trkpt><trkpt lat="37.6319826" lon="-107.8288543"><ele>2978.3322878582403</ele></trkpt><trkpt lat="37.6319546" lon="-107.8288127"><ele>2978.0</ele></trkpt><trkpt lat="37.631939" lon="-107.8287947"><ele>2978.330815950233</ele></trkpt><trkpt lat="37.6319234" lon="-107.8287768"><ele>2978.0</ele></trkpt><trkpt lat="37.6319074" lon="-107.8287592"><ele>2978.0</ele></trkpt><trkpt lat="37.6318915" lon="-107.8287416"><ele>2978.031359106478</ele></trkpt><trkpt lat="37.631876" lon="-107.8287221"><ele>2978.0520269879844</ele></trkpt><trkpt lat="37.6318606" lon="-107.8287027"><ele>2978.0</ele></trkpt><trkpt lat="37.6318467" lon="-107.8286812"><ele>2978.0</ele></trkpt><trkpt lat="37.6318329" lon="-107.8286597"><ele>2978.0</ele></trkpt><trkpt lat="37.631824" lon="-107.8286354"><ele>2978.0</ele></trkpt><trkpt lat="37.6318151" lon="-107.8286111"><ele>2977.8859550653406</ele></trkpt><trkpt lat="37.6318155" lon="-107.8285863"><ele>2977.0</ele></trkpt><trkpt lat="37.6318159" lon="-107.8285615"><ele>2977.0</ele></trkpt><trkpt lat="37.6318393" lon="-107.8285323"><ele>2977.0</ele></trkpt><trkpt lat="37.6318731" lon="-107.8285323"><ele>2977.0</ele></trkpt><trkpt lat="37.6318824" lon="-107.8285371"><ele>2976.967156683648</ele></trkpt><trkpt lat="37.6318918" lon="-107.8285419"><ele>2976.8581229899755</ele></trkpt><trkpt lat="37.6319079" lon="-107.828554"><ele>2976.6199255860947</ele></trkpt><trkpt lat="37.6319241" lon="-107.8285661"><ele>2976.4264181517187</ele></trkpt><trkpt lat="37.6319407" lon="-107.8285805"><ele>2976.28403534769</ele></trkpt><trkpt lat="37.6319574" lon="-107.828595"><ele>2976.12738540619</ele></trkpt><trkpt lat="37.631994" lon="-107.8286258"><ele>2976.0</ele></trkpt><trkpt lat="37.6320129" lon="-107.8286394"><ele>2976.0</ele></trkpt><trkpt lat="37.6320319" lon="-107.8286531"><ele>2976.0</ele></trkpt><trkpt lat="37.6320497" lon="-107.8286575"><ele>2976.0</ele></trkpt><trkpt lat="37.6320676" lon="-107.8286619"><ele>2976.0</ele></trkpt><trkpt lat="37.6320806" lon="-107.8286547"><ele>2976.0</ele></trkpt><trkpt lat="37.6320937" lon="-107.8286476"><ele>2976.0</ele></trkpt><trkpt lat="37.6320984" lon="-107.828632"><ele>2976.0</ele></trkpt><trkpt lat="37.6321032" lon="-107.8286165"><ele>2976.0</ele></trkpt><trkpt lat="37.6320984" lon="-107.8285971"><ele>2976.0</ele></trkpt><trkpt lat="37.6320936" lon="-107.8285778"><ele>2976.0</ele></trkpt><trkpt lat="37.632082" lon="-107.8285602"><ele>2976.0</ele></trkpt><trkpt lat="37.6320705" lon="-107.8285427"><ele>2976.0</ele></trkpt><trkpt lat="37.6320591" lon="-107.8285273"><ele>2976.0</ele></trkpt><trkpt lat="37.6320477" lon="-107.828512"><ele>2975.8761457437186</ele></trkpt><trkpt lat="37.6320365" lon="-107.828478"><ele>2975.0</ele></trkpt><trkpt lat="37.6320363" lon="-107.8284589"><ele>2975.0</ele></trkpt><trkpt lat="37.6320361" lon="-107.8284398"><ele>2975.0</ele></trkpt><trkpt lat="37.632039" lon="-107.8284208"><ele>2975.0</ele></trkpt><trkpt lat="37.632042" lon="-107.8284018"><ele>2975.0</ele></trkpt><trkpt lat="37.6320458" lon="-107.8283828"><ele>2975.0</ele></trkpt><trkpt lat="37.6320497" lon="-107.8283638"><ele>2974.4733310579322</ele></trkpt><trkpt lat="37.6320529" lon="-107.8283456"><ele>2974.0</ele></trkpt><trkpt lat="37.6320561" lon="-107.8283275"><ele>2973.781628444325</ele></trkpt><trkpt lat="37.6320588" lon="-107.8283086"><ele>2972.955029235601</ele></trkpt><trkpt lat="37.6320615" lon="-107.8282898"><ele>2972.402780691181</ele></trkpt><trkpt lat="37.6320639" lon="-107.8282691"><ele>2972.0147839893384</ele></trkpt><trkpt lat="37.6320664" lon="-107.8282484"><ele>2971.1851557305627</ele></trkpt><trkpt lat="37.6320692" lon="-107.8282267"><ele>2971.0</ele></trkpt><trkpt lat="37.6320721" lon="-107.8282051"><ele>2971.0</ele></trkpt><trkpt lat="37.6320746" lon="-107.8281831"><ele>2970.052100693807</ele></trkpt><trkpt lat="37.6320771" lon="-107.8281611"><ele>2970.0</ele></trkpt><trkpt lat="37.6320763" lon="-107.8281388"><ele>2969.9939935808034</ele></trkpt><trkpt lat="37.6320755" lon="-107.8281165"><ele>2969.5346760583234</ele></trkpt><trkpt lat="37.6320725" lon="-107.828094"><ele>2969.0</ele></trkpt><trkpt lat="37.6320696" lon="-107.8280716"><ele>2968.9871699187843</ele></trkpt><trkpt lat="37.6320636" lon="-107.8280242"><ele>2968.0</ele></trkpt><trkpt lat="37.6320599" lon="-107.8279987"><ele>2968.0</ele></trkpt><trkpt lat="37.6320562" lon="-107.8279732"><ele>2968.0</ele></trkpt><trkpt lat="37.6320543" lon="-107.8279465"><ele>2968.0</ele></trkpt><trkpt lat="37.6320524" lon="-107.8279198"><ele>2968.0</ele></trkpt><trkpt lat="37.6320519" lon="-107.8278939"><ele>2968.0</ele></trkpt><trkpt lat="37.6320515" lon="-107.827868"><ele>2968.0</ele></trkpt><trkpt lat="37.6320476" lon="-107.8278467"><ele>2967.8714220780134</ele></trkpt><trkpt lat="37.6320438" lon="-107.8278254"><ele>2967.218067600181</ele></trkpt><trkpt lat="37.6320359" lon="-107.8278107"><ele>2967.0</ele></trkpt><trkpt lat="37.6320273" lon="-107.8278027"><ele>2967.0</ele></trkpt><trkpt lat="37.6320187" lon="-107.8277947"><ele>2967.0</ele></trkpt><trkpt lat="37.6320059" lon="-107.8277864"><ele>2967.0</ele></trkpt><trkpt lat="37.6319932" lon="-107.8277782"><ele>2967.3326696555137</ele></trkpt><trkpt lat="37.6319746" lon="-107.8277703"><ele>2968.0</ele></trkpt><trkpt lat="37.6319561" lon="-107.8277625"><ele>2968.0</ele></trkpt><trkpt lat="37.6319379" lon="-107.8277583"><ele>2968.0</ele></trkpt><trkpt lat="37.6319197" lon="-107.8277541"><ele>2968.0</ele></trkpt><trkpt lat="37.6319067" lon="-107.8277524"><ele>2968.0</ele></trkpt><trkpt lat="37.6318937" lon="-107.8277508"><ele>2968.0</ele></trkpt><trkpt lat="37.6318812" lon="-107.8277537"><ele>2968.0</ele></trkpt><trkpt lat="37.6318688" lon="-107.8277566"><ele>2968.0</ele></trkpt><trkpt lat="37.6318535" lon="-107.8277647"><ele>2968.0</ele></trkpt><trkpt lat="37.6318383" lon="-107.8277729"><ele>2968.0</ele></trkpt><trkpt lat="37.631821" lon="-107.8277837"><ele>2968.0</ele></trkpt><trkpt lat="37.6318038" lon="-107.8277946"><ele>2968.0</ele></trkpt><trkpt lat="37.6317855" lon="-107.8278036"><ele>2968.0</ele></trkpt><trkpt lat="37.6317672" lon="-107.8278127"><ele>2968.0</ele></trkpt><trkpt lat="37.6317409" lon="-107.827821"><ele>2968.0</ele></trkpt><trkpt lat="37.6317361" lon="-107.8278216"><ele>2968.0</ele></trkpt><trkpt lat="37.6317314" lon="-107.8278222"><ele>2968.0</ele></trkpt><trkpt lat="37.6317258" lon="-107.827822"><ele>2968.0</ele></trkpt><trkpt lat="37.6317203" lon="-107.8278219"><ele>2968.0</ele></trkpt><trkpt lat="37.6317107" lon="-107.827814"><ele>2968.0</ele></trkpt><trkpt lat="37.6317045" lon="-107.8278079"><ele>2968.0</ele></trkpt><trkpt lat="37.6316983" lon="-107.8278018"><ele>2968.0</ele></trkpt><trkpt lat="37.631692" lon="-107.8277966"><ele>2968.0</ele></trkpt><trkpt lat="37.6316858" lon="-107.8277914"><ele>2968.0</ele></trkpt><trkpt lat="37.6316744" lon="-107.8277858"><ele>2968.0</ele></trkpt><trkpt lat="37.631663" lon="-107.8277803"><ele>2968.0</ele></trkpt><trkpt lat="37.6316457" lon="-107.827774"><ele>2968.0</ele></trkpt><trkpt lat="37.6316285" lon="-107.8277678"><ele>2968.0</ele></trkpt><trkpt lat="37.6316083" lon="-107.8277603"><ele>2968.3481925684027</ele></trkpt><trkpt lat="37.6315881" lon="-107.8277528"><ele>2968.245187321469</ele></trkpt><trkpt lat="37.6315684" lon="-107.8277414"><ele>2968.6829807961644</ele></trkpt><trkpt lat="37.6315487" lon="-107.82773"><ele>2969.0</ele></trkpt><trkpt lat="37.63153" lon="-107.8277156"><ele>2969.0</ele></trkpt><trkpt lat="37.6315113" lon="-107.8277013"><ele>2969.0</ele></trkpt><trkpt lat="37.6314937" lon="-107.8276876"><ele>2969.0</ele></trkpt><trkpt lat="37.6314761" lon="-107.8276739"><ele>2969.0</ele></trkpt><trkpt lat="37.6314595" lon="-107.8276615"><ele>2969.0478825169625</ele></trkpt><trkpt lat="37.631443" lon="-107.8276492"><ele>2969.0</ele></trkpt><trkpt lat="37.6314269" lon="-107.8276395"><ele>2969.8070818712667</ele></trkpt><trkpt lat="37.6314108" lon="-107.8276298"><ele>2970.0</ele></trkpt><trkpt lat="37.6313945" lon="-107.8276218"><ele>2970.0</ele></trkpt><trkpt lat="37.6313782" lon="-107.8276138"><ele>2970.0</ele></trkpt><trkpt lat="37.6313609" lon="-107.8276069"><ele>2970.0</ele></trkpt><trkpt lat="37.6313437" lon="-107.8276001"><ele>2970.0</ele></trkpt><trkpt lat="37.631325" lon="-107.827594"><ele>2970.727904047817</ele></trkpt><trkpt lat="37.6313063" lon="-107.8275879"><ele>2971.0</ele></trkpt><trkpt lat="37.6312869" lon="-107.827582"><ele>2971.0</ele></trkpt><trkpt lat="37.6312675" lon="-107.8275762"><ele>2971.0</ele></trkpt><trkpt lat="37.6312475" lon="-107.8275709"><ele>2971.0</ele></trkpt><trkpt lat="37.6312275" lon="-107.8275657"><ele>2971.0</ele></trkpt><trkpt lat="37.6311883" lon="-107.8275545"><ele>2971.0</ele></trkpt><trkpt lat="37.6311693" lon="-107.8275482"><ele>2971.412713185613</ele></trkpt><trkpt lat="37.6311504" lon="-107.827542"><ele>2971.1766477072215</ele></trkpt><trkpt lat="37.6311317" lon="-107.827535"><ele>2972.0</ele></trkpt><trkpt lat="37.631113" lon="-107.8275281"><ele>2972.0</ele></trkpt><trkpt lat="37.6310946" lon="-107.8275214"><ele>2972.0613851016096</ele></trkpt><trkpt lat="37.6310763" lon="-107.8275148"><ele>2972.329137349124</ele></trkpt><trkpt lat="37.6310589" lon="-107.8275061"><ele>2972.6943776488865</ele></trkpt><trkpt lat="37.6310416" lon="-107.8274975"><ele>2973.0</ele></trkpt><trkpt lat="37.6310249" lon="-107.8274872"><ele>2973.0</ele></trkpt><trkpt lat="37.6310083" lon="-107.827477"><ele>2973.052999363613</ele></trkpt><trkpt lat="37.6309941" lon="-107.8274677"><ele>2973.4303477544504</ele></trkpt><trkpt lat="37.6309799" lon="-107.8274584"><ele>2974.0</ele></trkpt><trkpt lat="37.6309697" lon="-107.8274528"><ele>2974.0</ele></trkpt><trkpt lat="37.6309595" lon="-107.8274473"><ele>2974.0</ele></trkpt><trkpt lat="37.630954" lon="-107.8274446"><ele>2974.0</ele></trkpt><trkpt lat="37.6309486" lon="-107.8274419"><ele>2974.0</ele></trkpt><trkpt lat="37.6309432" lon="-107.8274393"><ele>2974.0</ele></trkpt><trkpt lat="37.630937" lon="-107.8274333"><ele>2974.0</ele></trkpt><trkpt lat="37.6309308" lon="-107.8274273"><ele>2974.0</ele></trkpt><trkpt lat="37.6309244" lon="-107.8274221"><ele>2974.0</ele></trkpt><trkpt lat="37.6309181" lon="-107.8274169"><ele>2974.0</ele></trkpt><trkpt lat="37.6309091" lon="-107.8274131"><ele>2974.0</ele></trkpt><trkpt lat="37.6309001" lon="-107.8274093"><ele>2974.0</ele></trkpt><trkpt lat="37.6308866" lon="-107.8274048"><ele>2974.115329857792</ele></trkpt><trkpt lat="37.6308731" lon="-107.8274003"><ele>2974.4290234311484</ele></trkpt><trkpt lat="37.6308558" lon="-107.8273961"><ele>2974.7517109492155</ele></trkpt><trkpt lat="37.6308386" lon="-107.8273919"><ele>2975.0</ele></trkpt><trkpt lat="37.6308195" lon="-107.8273888"><ele>2975.0</ele></trkpt><trkpt lat="37.6308004" lon="-107.8273857"><ele>2975.0</ele></trkpt><trkpt lat="37.6307803" lon="-107.8273841"><ele>2975.0</ele></trkpt><trkpt lat="37.6307602" lon="-107.8273825"><ele>2975.0</ele></trkpt><trkpt lat="37.6307396" lon="-107.8273819"><ele>2975.1761711724102</ele></trkpt><trkpt lat="37.6307191" lon="-107.8273814"><ele>2976.0</ele></trkpt><trkpt lat="37.6306982" lon="-107.8273818"><ele>2976.0</ele></trkpt><trkpt lat="37.6306774" lon="-107.8273822"><ele>2976.0</ele></trkpt><trkpt lat="37.6306348" lon="-107.8273812"><ele>2976.0</ele></trkpt><trkpt lat="37.6306129" lon="-107.8273789"><ele>2976.0</ele></trkpt><trkpt lat="37.6305911" lon="-107.8273766"><ele>2976.0</ele></trkpt><trkpt lat="37.6305704" lon="-107.8273723"><ele>2976.0</ele></trkpt><trkpt lat="37.6305498" lon="-107.8273681"><ele>2976.0242717478422</ele></trkpt><trkpt lat="37.6305418" lon="-107.8273648"><ele>2976.0834433422424</ele></trkpt><trkpt lat="37.6305339" lon="-107.8273615"><ele>2976.237234489061</ele></trkpt><trkpt lat="37.6305259" lon="-107.8273582"><ele>2976.391025635414</ele></trkpt><trkpt lat="37.630518" lon="-107.827355"><ele>2976.639623065787</ele></trkpt><trkpt lat="37.6305098" lon="-107.8273501"><ele>2976.9302845979582</ele></trkpt><trkpt lat="37.6305016" lon="-107.8273452"><ele>2977.0</ele></trkpt><trkpt lat="37.6304947" lon="-107.8273421"><ele>2977.0</ele></trkpt><trkpt lat="37.6304878" lon="-107.8273391"><ele>2977.0</ele></trkpt><trkpt lat="37.6304797" lon="-107.8273368"><ele>2977.0</ele></trkpt><trkpt lat="37.6304717" lon="-107.8273346"><ele>2977.0</ele></trkpt><trkpt lat="37.6304688" lon="-107.8273343"><ele>2977.0</ele></trkpt><trkpt lat="37.630466" lon="-107.827334"><ele>2977.0</ele></trkpt><trkpt lat="37.6304632" lon="-107.8273338"><ele>2977.0</ele></trkpt><trkpt lat="37.6304559" lon="-107.827332"><ele>2977.0</ele></trkpt><trkpt lat="37.6304487" lon="-107.8273302"><ele>2977.0</ele></trkpt><trkpt lat="37.6304386" lon="-107.8273255"><ele>2977.0</ele></trkpt><trkpt lat="37.6304286" lon="-107.8273208"><ele>2977.0</ele></trkpt><trkpt lat="37.6304148" lon="-107.8273138"><ele>2977.0</ele></trkpt><trkpt lat="37.6304011" lon="-107.8273069"><ele>2977.0</ele></trkpt><trkpt lat="37.6303741" lon="-107.8272867"><ele>2977.0</ele></trkpt><trkpt lat="37.6303625" lon="-107.8272756"><ele>2977.0</ele></trkpt><trkpt lat="37.630351" lon="-107.8272645"><ele>2977.0</ele></trkpt><trkpt lat="37.6303412" lon="-107.8272586"><ele>2977.0</ele></trkpt><trkpt lat="37.6303315" lon="-107.8272528"><ele>2977.0</ele></trkpt><trkpt lat="37.6303236" lon="-107.8272541"><ele>2977.0</ele></trkpt><trkpt lat="37.6303158" lon="-107.8272554"><ele>2977.0</ele></trkpt><trkpt lat="37.6303058" lon="-107.8272604"><ele>2977.0</ele></trkpt><trkpt lat="37.6302959" lon="-107.8272654"><ele>2977.0</ele></trkpt><trkpt lat="37.6302797" lon="-107.8272682"><ele>2977.0</ele></trkpt><trkpt lat="37.6302636" lon="-107.8272711"><ele>2977.0</ele></trkpt><trkpt lat="37.6302434" lon="-107.827272"><ele>2977.0</ele></trkpt><trkpt lat="37.6302232" lon="-107.827273"><ele>2977.0</ele></trkpt><trkpt lat="37.6302022" lon="-107.8272739"><ele>2977.0</ele></trkpt><trkpt lat="37.6301813" lon="-107.8272748"><ele>2977.730437120682</ele></trkpt><trkpt lat="37.630161" lon="-107.8272757"><ele>2978.0</ele></trkpt><trkpt lat="37.6301408" lon="-107.8272767"><ele>2978.0</ele></trkpt><trkpt lat="37.6301229" lon="-107.8272785"><ele>2978.0</ele></trkpt><trkpt lat="37.630105" lon="-107.8272804"><ele>2978.0087085102477</ele></trkpt><trkpt lat="37.6300887" lon="-107.8272839"><ele>2978.5548286903945</ele></trkpt><trkpt lat="37.6300725" lon="-107.8272875"><ele>2979.0</ele></trkpt><trkpt lat="37.6300547" lon="-107.8272925"><ele>2979.0</ele></trkpt><trkpt lat="37.630037" lon="-107.8272976"><ele>2979.0</ele></trkpt><trkpt lat="37.6300184" lon="-107.8273044"><ele>2979.0</ele></trkpt><trkpt lat="37.6299998" lon="-107.8273113"><ele>2979.0</ele></trkpt><trkpt lat="37.6299804" lon="-107.8273186"><ele>2979.0</ele></trkpt><trkpt lat="37.6299611" lon="-107.8273259"><ele>2979.0</ele></trkpt><trkpt lat="37.6299414" lon="-107.8273342"><ele>2979.0</ele></trkpt><trkpt lat="37.6299217" lon="-107.8273426"><ele>2979.0360733278717</ele></trkpt><trkpt lat="37.6299016" lon="-107.8273523"><ele>2979.3340144352987</ele></trkpt><trkpt lat="37.6298815" lon="-107.827362"><ele>2979.929651976693</ele></trkpt><trkpt lat="37.6298612" lon="-107.827372"><ele>2980.0</ele></trkpt><trkpt lat="37.629841" lon="-107.827382"><ele>2980.0</ele></trkpt><trkpt lat="37.6298206" lon="-107.8273907"><ele>2980.0</ele></trkpt><trkpt lat="37.6298002" lon="-107.8273995"><ele>2980.0</ele></trkpt><trkpt lat="37.6297799" lon="-107.827408"><ele>2980.0</ele></trkpt><trkpt lat="37.6297597" lon="-107.8274166"><ele>2980.0</ele></trkpt><trkpt lat="37.6297398" lon="-107.8274266"><ele>2980.0</ele></trkpt><trkpt lat="37.6297199" lon="-107.8274367"><ele>2980.0</ele></trkpt><trkpt lat="37.6297007" lon="-107.8274491"><ele>2980.0</ele></trkpt><trkpt lat="37.6296815" lon="-107.8274615"><ele>2980.0</ele></trkpt><trkpt lat="37.6296627" lon="-107.8274759"><ele>2980.09419192886</ele></trkpt><trkpt lat="37.629644" lon="-107.8274904"><ele>2980.76994090667</ele></trkpt><trkpt lat="37.6296247" lon="-107.8275054"><ele>2980.5844960818786</ele></trkpt><trkpt lat="37.6296054" lon="-107.8275205"><ele>2980.2403912243326</ele></trkpt><trkpt lat="37.6295858" lon="-107.8275355"><ele>2980.8185670749235</ele></trkpt><trkpt lat="37.6295663" lon="-107.8275505"><ele>2980.570803911425</ele></trkpt><trkpt lat="37.6295479" lon="-107.8275643"><ele>2981.0</ele></trkpt><trkpt lat="37.6295296" lon="-107.8275782"><ele>2981.0</ele></trkpt><trkpt lat="37.6295135" lon="-107.8275895"><ele>2981.0</ele></trkpt><trkpt lat="37.6294974" lon="-107.8276009"><ele>2981.0</ele></trkpt><trkpt lat="37.629483" lon="-107.8276085"><ele>2981.0</ele></trkpt><trkpt lat="37.6294687" lon="-107.8276161"><ele>2981.0</ele></trkpt><trkpt lat="37.6294558" lon="-107.8276143"><ele>2981.3288494806784</ele></trkpt><trkpt lat="37.6294429" lon="-107.8276125"><ele>2981.280466872185</ele></trkpt><trkpt lat="37.6293895" lon="-107.8274861"><ele>2981.0</ele></trkpt><trkpt lat="37.6293906" lon="-107.8274954"><ele>2981.0</ele></trkpt><trkpt lat="37.6293918" lon="-107.8275047"><ele>2981.0</ele></trkpt><trkpt lat="37.6293934" lon="-107.8275172"><ele>2981.0</ele></trkpt><trkpt lat="37.6293951" lon="-107.8275298"><ele>2981.0</ele></trkpt><trkpt lat="37.6293984" lon="-107.8275367"><ele>2981.0</ele></trkpt><trkpt lat="37.6294017" lon="-107.8275436"><ele>2981.0</ele></trkpt><trkpt lat="37.6294059" lon="-107.8275344"><ele>2981.0</ele></trkpt><trkpt lat="37.6294101" lon="-107.8275252"><ele>2981.0</ele></trkpt><trkpt lat="37.6294133" lon="-107.8275039"><ele>2981.0</ele></trkpt><trkpt lat="37.6294165" lon="-107.8274827"><ele>2981.0</ele></trkpt><trkpt lat="37.6294181" lon="-107.8274575"><ele>2981.0</ele></trkpt><trkpt lat="37.6294197" lon="-107.8274324"><ele>2981.0</ele></trkpt><trkpt lat="37.6294204" lon="-107.8274075"><ele>2981.0</ele></trkpt><trkpt lat="37.6294211" lon="-107.8273827"><ele>2980.750757120084</ele></trkpt><trkpt lat="37.629421" lon="-107.8273592"><ele>2980.0</ele></trkpt><trkpt lat="37.629421" lon="-107.8273358"><ele>2979.5650587021373</ele></trkpt><trkpt lat="37.6294207" lon="-107.8273145"><ele>2979.0</ele></trkpt><trkpt lat="37.6294204" lon="-107.8272933"><ele>2978.5844151466154</ele></trkpt><trkpt lat="37.6294204" lon="-107.8272742"><ele>2977.754083975122</ele></trkpt><trkpt lat="37.6294205" lon="-107.8272551"><ele>2977.162017993142</ele></trkpt><trkpt lat="37.6294216" lon="-107.8272366"><ele>2976.942003626842</ele></trkpt><trkpt lat="37.6294227" lon="-107.8272182"><ele>2976.084501476027</ele></trkpt><trkpt lat="37.6294255" lon="-107.8271987"><ele>2975.1757356091402</ele></trkpt><trkpt lat="37.6294283" lon="-107.8271792"><ele>2975.0</ele></trkpt><trkpt lat="37.6294333" lon="-107.8271574"><ele>2974.251016107388</ele></trkpt><trkpt lat="37.6294383" lon="-107.8271357"><ele>2974.059667962667</ele></trkpt><trkpt lat="37.6294462" lon="-107.8271124"><ele>2973.153864106629</ele></trkpt><trkpt lat="37.6294542" lon="-107.8270891"><ele>2973.012549070925</ele></trkpt><trkpt lat="37.6294641" lon="-107.8270663"><ele>2972.0054483911954</ele></trkpt><trkpt lat="37.6294741" lon="-107.8270435"><ele>2972.0</ele></trkpt><trkpt lat="37.6294851" lon="-107.8270215"><ele>2971.9176170667633</ele></trkpt><trkpt lat="37.6294962" lon="-107.8269996"><ele>2971.0</ele></trkpt><trkpt lat="37.6295067" lon="-107.8269774"><ele>2971.0</ele></trkpt><trkpt lat="37.6295173" lon="-107.8269552"><ele>2970.827813120093</ele></trkpt><trkpt lat="37.6295271" lon="-107.8269337"><ele>2970.0</ele></trkpt><trkpt lat="37.629537" lon="-107.8269122"><ele>2970.0</ele></trkpt><trkpt lat="37.6295564" lon="-107.826871"><ele>2969.9038087115623</ele></trkpt><trkpt lat="37.6295666" lon="-107.8268507"><ele>2969.0</ele></trkpt><trkpt lat="37.6295769" lon="-107.8268304"><ele>2969.0047402515934</ele></trkpt><trkpt lat="37.6295871" lon="-107.8268107"><ele>2969.0</ele></trkpt><trkpt lat="37.6295973" lon="-107.8267911"><ele>2968.180198826827</ele></trkpt><trkpt lat="37.6296071" lon="-107.8267725"><ele>2968.0</ele></trkpt><trkpt lat="37.6296169" lon="-107.8267539"><ele>2968.0</ele></trkpt><trkpt lat="37.6296271" lon="-107.8267345"><ele>2967.8358548562883</ele></trkpt><trkpt lat="37.6296374" lon="-107.8267151"><ele>2967.0224406995903</ele></trkpt><trkpt lat="37.6296479" lon="-107.8266942"><ele>2967.0</ele></trkpt><trkpt lat="37.6296584" lon="-107.8266734"><ele>2967.0</ele></trkpt><trkpt lat="37.6296676" lon="-107.826651"><ele>2967.0</ele></trkpt><trkpt lat="37.6296768" lon="-107.8266287"><ele>2967.0</ele></trkpt><trkpt lat="37.6296848" lon="-107.826605"><ele>2967.0</ele></trkpt><trkpt lat="37.6296929" lon="-107.8265814"><ele>2966.863290958265</ele></trkpt><trkpt lat="37.6297011" lon="-107.8265574"><ele>2966.082868570269</ele></trkpt><trkpt lat="37.6297093" lon="-107.8265334"><ele>2966.0</ele></trkpt><trkpt lat="37.6297203" lon="-107.8265131"><ele>2966.0</ele></trkpt><trkpt lat="37.6297313" lon="-107.8264929"><ele>2966.4903554432094</ele></trkpt><trkpt lat="37.6297461" lon="-107.826476"><ele>2967.0</ele></trkpt><trkpt lat="37.629761" lon="-107.8264592"><ele>2967.0</ele></trkpt><trkpt lat="37.629777" lon="-107.8264423"><ele>2967.0</ele></trkpt><trkpt lat="37.629793" lon="-107.8264254"><ele>2967.0</ele></trkpt><trkpt lat="37.62981" lon="-107.8264092"><ele>2967.0</ele></trkpt><trkpt lat="37.6298271" lon="-107.8263931"><ele>2967.0</ele></trkpt><trkpt lat="37.6298451" lon="-107.826379"><ele>2967.0</ele></trkpt><trkpt lat="37.6298631" lon="-107.826365"><ele>2967.0</ele></trkpt><trkpt lat="37.6298816" lon="-107.8263525"><ele>2966.492281171252</ele></trkpt><trkpt lat="37.6299001" lon="-107.8263401"><ele>2966.0</ele></trkpt><trkpt lat="37.6299187" lon="-107.8263274"><ele>2966.0</ele></trkpt><trkpt lat="37.6299374" lon="-107.8263148"><ele>2965.9830099917017</ele></trkpt><trkpt lat="37.6299564" lon="-107.8263023"><ele>2965.841908456803</ele></trkpt><trkpt lat="37.6299754" lon="-107.8262898"><ele>2965.8179255463183</ele></trkpt><trkpt lat="37.629995" lon="-107.8262778"><ele>2965.2586850132793</ele></trkpt><trkpt lat="37.6300146" lon="-107.8262659"><ele>2965.0</ele></trkpt><trkpt lat="37.6300345" lon="-107.8262558"><ele>2965.0</ele></trkpt><trkpt lat="37.6300544" lon="-107.8262458"><ele>2965.0</ele></trkpt><trkpt lat="37.6300742" lon="-107.8262381"><ele>2965.0</ele></trkpt><trkpt lat="37.6300941" lon="-107.8262305"><ele>2965.0</ele></trkpt><trkpt lat="37.6301142" lon="-107.8262253"><ele>2964.8120076805353</ele></trkpt><trkpt lat="37.6301343" lon="-107.8262202"><ele>2964.5743304532953</ele></trkpt><trkpt lat="37.630154" lon="-107.8262185"><ele>2964.495104711503</ele></trkpt><trkpt lat="37.6301738" lon="-107.8262169"><ele>2964.197991964975</ele></trkpt><trkpt lat="37.6301904" lon="-107.826214"><ele>2964.0</ele></trkpt><trkpt lat="37.630207" lon="-107.8262112"><ele>2964.0</ele></trkpt><trkpt lat="37.6302149" lon="-107.8262072"><ele>2963.968486542348</ele></trkpt><trkpt lat="37.6302229" lon="-107.8262032"><ele>2963.782073030714</ele></trkpt><trkpt lat="37.6302309" lon="-107.8261992"><ele>2963.595659520477</ele></trkpt><trkpt lat="37.6302404" lon="-107.8261949"><ele>2963.2180777523736</ele></trkpt><trkpt lat="37.63025" lon="-107.8261907"><ele>2963.0</ele></trkpt><trkpt lat="37.6302643" lon="-107.8261862"><ele>2962.9898156085983</ele></trkpt><trkpt lat="37.6302786" lon="-107.8261818"><ele>2962.784760747105</ele></trkpt><trkpt lat="37.6302982" lon="-107.8261767"><ele>2962.082324828782</ele></trkpt><trkpt lat="37.6303178" lon="-107.8261717"><ele>2962.0</ele></trkpt><trkpt lat="37.63034" lon="-107.8261674"><ele>2962.0</ele></trkpt><trkpt lat="37.6303622" lon="-107.8261632"><ele>2961.352846937132</ele></trkpt><trkpt lat="37.6303838" lon="-107.8261621"><ele>2961.0</ele></trkpt><trkpt lat="37.6304054" lon="-107.8261611"><ele>2961.0</ele></trkpt><trkpt lat="37.6304264" lon="-107.8261628"><ele>2961.0</ele></trkpt><trkpt lat="37.6304474" lon="-107.8261646"><ele>2961.0</ele></trkpt><trkpt lat="37.6304679" lon="-107.8261665"><ele>2961.0</ele></trkpt><trkpt lat="37.6304885" lon="-107.8261685"><ele>2961.0</ele></trkpt><trkpt lat="37.6305086" lon="-107.8261694"><ele>2960.817146696838</ele></trkpt><trkpt lat="37.6305288" lon="-107.8261704"><ele>2960.253482240252</ele></trkpt><trkpt lat="37.6305483" lon="-107.8261698"><ele>2960.0977163092975</ele></trkpt><trkpt lat="37.6305678" lon="-107.8261693"><ele>2960.0</ele></trkpt><trkpt lat="37.6305867" lon="-107.8261694"><ele>2960.0</ele></trkpt><trkpt lat="37.6306056" lon="-107.8261696"><ele>2960.0</ele></trkpt><trkpt lat="37.6306228" lon="-107.8261714"><ele>2959.334602129229</ele></trkpt><trkpt lat="37.6306401" lon="-107.8261732"><ele>2959.0120146218683</ele></trkpt><trkpt lat="37.6306571" lon="-107.8261764"><ele>2959.0</ele></trkpt><trkpt lat="37.6306742" lon="-107.8261797"><ele>2959.0</ele></trkpt><trkpt lat="37.6306915" lon="-107.826179"><ele>2959.0</ele></trkpt><trkpt lat="37.6307089" lon="-107.8261783"><ele>2959.0</ele></trkpt><trkpt lat="37.6307269" lon="-107.8261737"><ele>2959.0</ele></trkpt><trkpt lat="37.6307449" lon="-107.8261691"><ele>2958.8904683542396</ele></trkpt><trkpt lat="37.6307628" lon="-107.8261626"><ele>2958.0</ele></trkpt><trkpt lat="37.6307808" lon="-107.8261562"><ele>2958.0</ele></trkpt><trkpt lat="37.6308162" lon="-107.82614"><ele>2957.836739555467</ele></trkpt><trkpt lat="37.6308343" lon="-107.8261315"><ele>2957.4406108451076</ele></trkpt><trkpt lat="37.6308525" lon="-107.826123"><ele>2957.0236873524755</ele></trkpt><trkpt lat="37.630871" lon="-107.8261149"><ele>2956.814806162343</ele></trkpt><trkpt lat="37.6308896" lon="-107.8261068"><ele>2956.2895074137487</ele></trkpt><trkpt lat="37.6309084" lon="-107.8260998"><ele>2956.0</ele></trkpt><trkpt lat="37.6309273" lon="-107.8260929"><ele>2956.0</ele></trkpt><trkpt lat="37.6309468" lon="-107.8260898"><ele>2955.9916418606263</ele></trkpt><trkpt lat="37.6309663" lon="-107.8260868"><ele>2955.3574398579076</ele></trkpt><trkpt lat="37.6309866" lon="-107.8260886"><ele>2955.283030599773</ele></trkpt><trkpt lat="37.6310069" lon="-107.8260905"><ele>2955.0</ele></trkpt><trkpt lat="37.6310272" lon="-107.8260983"><ele>2954.920266945138</ele></trkpt><trkpt lat="37.6310476" lon="-107.8261061"><ele>2954.2953281483865</ele></trkpt><trkpt lat="37.6310679" lon="-107.8261182"><ele>2954.703548512922</ele></trkpt><trkpt lat="37.6310882" lon="-107.8261304"><ele>2954.3893471290357</ele></trkpt><trkpt lat="37.6311069" lon="-107.8261442"><ele>2954.5763984517407</ele></trkpt><trkpt lat="37.6311256" lon="-107.8261581"><ele>2954.6802606936544</ele></trkpt><trkpt lat="37.6311436" lon="-107.8261719"><ele>2954.5957518527343</ele></trkpt><trkpt lat="37.6311617" lon="-107.8261858"><ele>2954.971174258273</ele></trkpt><trkpt lat="37.6311969" lon="-107.8262094"><ele>2955.0710139730945</ele></trkpt><trkpt lat="37.6312119" lon="-107.8262186"><ele>2955.4997650492005</ele></trkpt><trkpt lat="37.631227" lon="-107.8262279"><ele>2955.933176463004</ele></trkpt><trkpt lat="37.6312314" lon="-107.8262302"><ele>2956.00952106994</ele></trkpt><trkpt lat="37.6312404" lon="-107.826235"><ele>2956.0</ele></trkpt><trkpt lat="37.6312482" lon="-107.8262387"><ele>2956.0</ele></trkpt><trkpt lat="37.6312561" lon="-107.8262425"><ele>2956.0</ele></trkpt><trkpt lat="37.6312636" lon="-107.8262464"><ele>2956.0</ele></trkpt><trkpt lat="37.6312711" lon="-107.8262503"><ele>2956.0</ele></trkpt><trkpt lat="37.6312818" lon="-107.8262574"><ele>2956.307976107113</ele></trkpt><trkpt lat="37.6312925" lon="-107.8262646"><ele>2956.6435204269364</ele></trkpt><trkpt lat="37.6313066" lon="-107.8262751"><ele>2957.0</ele></trkpt><trkpt lat="37.6313208" lon="-107.8262857"><ele>2957.0</ele></trkpt><trkpt lat="37.6313376" lon="-107.8262974"><ele>2957.0</ele></trkpt><trkpt lat="37.6313544" lon="-107.8263091"><ele>2957.0</ele></trkpt><trkpt lat="37.6313729" lon="-107.8263194"><ele>2957.0</ele></trkpt><trkpt lat="37.6313915" lon="-107.8263297"><ele>2957.0</ele></trkpt><trkpt lat="37.6314106" lon="-107.8263375"><ele>2957.0</ele></trkpt><trkpt lat="37.6314298" lon="-107.8263453"><ele>2957.0</ele></trkpt><trkpt lat="37.6314502" lon="-107.8263507"><ele>2956.780019181967</ele></trkpt><trkpt lat="37.6314706" lon="-107.8263561"><ele>2956.9077294929884</ele></trkpt><trkpt lat="37.6314911" lon="-107.8263586"><ele>2956.0242379377596</ele></trkpt><trkpt lat="37.6315116" lon="-107.8263612"><ele>2956.1454067202285</ele></trkpt><trkpt lat="37.6315305" lon="-107.8263587"><ele>2956.028898275923</ele></trkpt><trkpt lat="37.6315494" lon="-107.8263562"><ele>2956.0</ele></trkpt><trkpt lat="37.6315627" lon="-107.826346"><ele>2956.0</ele></trkpt><trkpt lat="37.6315761" lon="-107.8263359"><ele>2956.0</ele></trkpt><trkpt lat="37.6315791" lon="-107.8263187"><ele>2956.0</ele></trkpt><trkpt lat="37.6315821" lon="-107.8263015"><ele>2955.744376946508</ele></trkpt><trkpt lat="37.6315748" lon="-107.826282"><ele>2955.4544192003086</ele></trkpt><trkpt lat="37.6315676" lon="-107.8262626"><ele>2955.0</ele></trkpt><trkpt lat="37.6315563" lon="-107.8262439"><ele>2955.0</ele></trkpt><trkpt lat="37.6315451" lon="-107.8262253"><ele>2954.8120076805353</ele></trkpt><trkpt lat="37.631533" lon="-107.8262079"><ele>2954.001108907163</ele></trkpt><trkpt lat="37.631521" lon="-107.8261905"><ele>2954.03691752426</ele></trkpt><trkpt lat="37.6315091" lon="-107.8261747"><ele>2953.4538767645136</ele></trkpt><trkpt lat="37.6314972" lon="-107.8261589"><ele>2953.426668898117</ele></trkpt><trkpt lat="37.6314852" lon="-107.8261445"><ele>2953.0464547551237</ele></trkpt><trkpt lat="37.6314732" lon="-107.8261302"><ele>2952.3800264536403</ele></trkpt><trkpt lat="37.6314606" lon="-107.8261159"><ele>2952.0</ele></trkpt><trkpt lat="37.631448" lon="-107.8261016"><ele>2952.0231061336017</ele></trkpt><trkpt lat="37.6314355" lon="-107.8260873"><ele>2951.380741546862</ele></trkpt><trkpt lat="37.631423" lon="-107.8260731"><ele>2951.0</ele></trkpt><trkpt lat="37.6314101" lon="-107.8260594"><ele>2951.0</ele></trkpt><trkpt lat="37.6313973" lon="-107.8260457"><ele>2950.735894691759</ele></trkpt><trkpt lat="37.6313827" lon="-107.8260313"><ele>2950.0</ele></trkpt><trkpt lat="37.6313682" lon="-107.8260169"><ele>2950.0185506377907</ele></trkpt><trkpt lat="37.6313526" lon="-107.8260015"><ele>2950.0396527233474</ele></trkpt><trkpt lat="37.631337" lon="-107.8259861"><ele>2950.0</ele></trkpt><trkpt lat="37.6313212" lon="-107.8259697"><ele>2949.9050235292343</ele></trkpt><trkpt lat="37.6313054" lon="-107.8259534"><ele>2949.14054926252</ele></trkpt><trkpt lat="37.6312895" lon="-107.8259354"><ele>2949.0</ele></trkpt><trkpt lat="37.6312736" lon="-107.8259175"><ele>2948.5992403102805</ele></trkpt><trkpt lat="37.6312574" lon="-107.8258986"><ele>2948.0</ele></trkpt><trkpt lat="37.6312413" lon="-107.8258798"><ele>2947.710540657863</ele></trkpt><trkpt lat="37.6312253" lon="-107.8258622"><ele>2947.0</ele></trkpt><trkpt lat="37.6312093" lon="-107.8258447"><ele>2947.0401002911944</ele></trkpt><trkpt lat="37.6311946" lon="-107.8258304"><ele>2947.0</ele></trkpt><trkpt lat="37.6311799" lon="-107.8258162"><ele>2947.0</ele></trkpt><trkpt lat="37.6311646" lon="-107.8258037"><ele>2947.0</ele></trkpt><trkpt lat="37.6311494" lon="-107.8257913"><ele>2946.586141725071</ele></trkpt><trkpt lat="37.6311325" lon="-107.8257798"><ele>2946.0502028805204</ele></trkpt><trkpt lat="37.6311156" lon="-107.8257684"><ele>2946.0</ele></trkpt><trkpt lat="37.6310971" lon="-107.8257583"><ele>2946.0</ele></trkpt><trkpt lat="37.6310786" lon="-107.8257482"><ele>2946.0</ele></trkpt><trkpt lat="37.6310595" lon="-107.8257378"><ele>2946.0</ele></trkpt><trkpt lat="37.6310404" lon="-107.8257274"><ele>2945.6081858850084</ele></trkpt><trkpt lat="37.6310198" lon="-107.8257184"><ele>2945.188755484298</ele></trkpt><trkpt lat="37.6309992" lon="-107.8257095"><ele>2945.0</ele></trkpt><trkpt lat="37.6309772" lon="-107.8257027"><ele>2945.0888878486776</ele></trkpt><trkpt lat="37.6309552" lon="-107.825696"><ele>2945.144839821849</ele></trkpt><trkpt lat="37.6309362" lon="-107.8256905"><ele>2945.5394556451747</ele></trkpt><trkpt lat="37.6309172" lon="-107.8256851"><ele>2945.636863004882</ele></trkpt><trkpt lat="37.6309031" lon="-107.8256823"><ele>2945.7803007427797</ele></trkpt><trkpt lat="37.6308891" lon="-107.8256796"><ele>2946.0</ele></trkpt><trkpt lat="37.6308675" lon="-107.8256792"><ele>2946.0</ele></trkpt><trkpt lat="37.6308453" lon="-107.8256782"><ele>2946.0</ele></trkpt><trkpt lat="37.6308331" lon="-107.8256782"><ele>2946.0</ele></trkpt><trkpt lat="37.630821" lon="-107.8256783"><ele>2946.1235519988873</ele></trkpt><trkpt lat="37.6308092" lon="-107.8256756"><ele>2946.2590237966047</ele></trkpt><trkpt lat="37.6308016" lon="-107.8256725"><ele>2946.5512033030363</ele></trkpt><trkpt lat="37.6307941" lon="-107.8256695"><ele>2946.8817291163177</ele></trkpt><trkpt lat="37.6307843" lon="-107.8256662"><ele>2946.8891967992085</ele></trkpt><trkpt lat="37.6307746" lon="-107.825663"><ele>2947.0</ele></trkpt><trkpt lat="37.6307594" lon="-107.8256592"><ele>2947.0</ele></trkpt><trkpt lat="37.6307443" lon="-107.8256554"><ele>2947.0</ele></trkpt><trkpt lat="37.6307249" lon="-107.8256508"><ele>2947.0</ele></trkpt><trkpt lat="37.6307056" lon="-107.8256462"><ele>2947.0</ele></trkpt><trkpt lat="37.6306854" lon="-107.8256398"><ele>2947.0</ele></trkpt><trkpt lat="37.6306652" lon="-107.8256335"><ele>2947.0</ele></trkpt><trkpt lat="37.6306455" lon="-107.8256252"><ele>2947.0</ele></trkpt><trkpt lat="37.6306259" lon="-107.825617"><ele>2947.0</ele></trkpt><trkpt lat="37.6305895" lon="-107.825594"><ele>2948.0</ele></trkpt><trkpt lat="37.6305723" lon="-107.8255794"><ele>2948.0</ele></trkpt><trkpt lat="37.6305551" lon="-107.8255648"><ele>2947.9678653409246</ele></trkpt><trkpt lat="37.6305383" lon="-107.8255474"><ele>2947.0</ele></trkpt><trkpt lat="37.6305215" lon="-107.82553"><ele>2947.0</ele></trkpt><trkpt lat="37.6305055" lon="-107.8255089"><ele>2947.0</ele></trkpt><trkpt lat="37.6304896" lon="-107.8254879"><ele>2947.0</ele></trkpt><trkpt lat="37.6304746" lon="-107.8254659"><ele>2946.4214025959373</ele></trkpt><trkpt lat="37.6304596" lon="-107.825444"><ele>2946.0</ele></trkpt><trkpt lat="37.6304472" lon="-107.8254232"><ele>2946.0</ele></trkpt><trkpt lat="37.6304349" lon="-107.8254025"><ele>2945.466748443898</ele></trkpt><trkpt lat="37.6304236" lon="-107.8253837"><ele>2945.0</ele></trkpt><trkpt lat="37.6304123" lon="-107.825365"><ele>2944.719121778384</ele></trkpt><trkpt lat="37.6304003" lon="-107.8253493"><ele>2943.9874487463385</ele></trkpt><trkpt lat="37.6303884" lon="-107.8253337"><ele>2943.260436053388</ele></trkpt><trkpt lat="37.630376" lon="-107.8253184"><ele>2942.806437329068</ele></trkpt><trkpt lat="37.6303637" lon="-107.8253031"><ele>2942.834372693207</ele></trkpt><trkpt lat="37.6303502" lon="-107.8252866"><ele>2942.0654169600457</ele></trkpt><trkpt lat="37.6303367" lon="-107.8252701"><ele>2941.2964612268843</ele></trkpt><trkpt lat="37.6303227" lon="-107.8252518"><ele>2940.8379675326278</ele></trkpt><trkpt lat="37.6303087" lon="-107.8252336"><ele>2940.595437937882</ele></trkpt><trkpt lat="37.6302958" lon="-107.825212"><ele>2940.0</ele></trkpt><trkpt lat="37.6302829" lon="-107.8251905"><ele>2939.586832355708</ele></trkpt><trkpt lat="37.6302732" lon="-107.825166"><ele>2939.0</ele></trkpt><trkpt lat="37.6302635" lon="-107.8251416"><ele>2939.0</ele></trkpt><trkpt lat="37.6302589" lon="-107.8250964"><ele>2939.0</ele></trkpt><trkpt lat="37.6302669" lon="-107.82508"><ele>2938.433806528282</ele></trkpt><trkpt lat="37.6302749" lon="-107.8250637"><ele>2938.0</ele></trkpt><trkpt lat="37.6302914" lon="-107.8250535"><ele>2938.0</ele></trkpt><trkpt lat="37.6303079" lon="-107.8250433"><ele>2937.4213215539758</ele></trkpt><trkpt lat="37.6303277" lon="-107.8250365"><ele>2937.0</ele></trkpt><trkpt lat="37.6303476" lon="-107.8250298"><ele>2936.317414170578</ele></trkpt><trkpt lat="37.630368" lon="-107.8250236"><ele>2936.0</ele></trkpt><trkpt lat="37.6303885" lon="-107.8250175"><ele>2936.0</ele></trkpt><trkpt lat="37.630409" lon="-107.8250107"><ele>2935.707137571733</ele></trkpt><trkpt lat="37.6304295" lon="-107.8250039"><ele>2935.0</ele></trkpt><trkpt lat="37.6304491" lon="-107.8249957"><ele>2935.0</ele></trkpt><trkpt lat="37.6304688" lon="-107.8249875"><ele>2934.223752305018</ele></trkpt><trkpt lat="37.630488" lon="-107.824978"><ele>2934.0</ele></trkpt><trkpt lat="37.6305073" lon="-107.8249685"><ele>2933.8830578229768</ele></trkpt><trkpt lat="37.6305262" lon="-107.8249577"><ele>2933.0</ele></trkpt><trkpt lat="37.6305452" lon="-107.8249469"><ele>2933.0</ele></trkpt><trkpt lat="37.6305641" lon="-107.8249349"><ele>2932.8386539775743</ele></trkpt><trkpt lat="37.6305831" lon="-107.824923"><ele>2932.0464223812714</ele></trkpt><trkpt lat="37.6306205" lon="-107.8248986"><ele>2932.0</ele></trkpt><trkpt lat="37.6306386" lon="-107.8248863"><ele>2932.0</ele></trkpt><trkpt lat="37.6306567" lon="-107.824874"><ele>2932.0</ele></trkpt><trkpt lat="37.6306736" lon="-107.8248626"><ele>2931.3472286633564</ele></trkpt><trkpt lat="37.6306905" lon="-107.8248513"><ele>2931.0</ele></trkpt><trkpt lat="37.6307072" lon="-107.8248401"><ele>2931.0</ele></trkpt><trkpt lat="37.630724" lon="-107.824829"><ele>2930.764220133048</ele></trkpt><trkpt lat="37.6307416" lon="-107.8248167"><ele>2930.0097363626314</ele></trkpt><trkpt lat="37.6307593" lon="-107.8248044"><ele>2929.6001482614756</ele></trkpt><trkpt lat="37.6307778" lon="-107.8247913"><ele>2929.0</ele></trkpt><trkpt lat="37.6307963" lon="-107.8247783"><ele>2929.0</ele></trkpt><trkpt lat="37.6308351" lon="-107.8247531"><ele>2928.202514915727</ele></trkpt><trkpt lat="37.6308548" lon="-107.8247407"><ele>2928.0</ele></trkpt><trkpt lat="37.6308745" lon="-107.8247284"><ele>2928.0</ele></trkpt><trkpt lat="37.6309137" lon="-107.8247034"><ele>2927.0</ele></trkpt><trkpt lat="37.6309335" lon="-107.8246916"><ele>2927.0</ele></trkpt><trkpt lat="37.6309533" lon="-107.8246798"><ele>2926.914782520902</ele></trkpt><trkpt lat="37.6309731" lon="-107.8246694"><ele>2926.3018121956848</ele></trkpt><trkpt lat="37.6309929" lon="-107.824659"><ele>2926.0</ele></trkpt><trkpt lat="37.6310117" lon="-107.8246509"><ele>2926.0</ele></trkpt><trkpt lat="37.6310306" lon="-107.8246429"><ele>2926.0</ele></trkpt><trkpt lat="37.6310482" lon="-107.8246363"><ele>2925.012470487031</ele></trkpt><trkpt lat="37.6310658" lon="-107.8246297"><ele>2925.0</ele></trkpt><trkpt lat="37.6310837" lon="-107.8246233"><ele>2924.9385382752257</ele></trkpt><trkpt lat="37.6311017" lon="-107.824617"><ele>2924.0</ele></trkpt><trkpt lat="37.6311202" lon="-107.8246102"><ele>2923.899222496477</ele></trkpt><trkpt lat="37.6311387" lon="-107.8246034"><ele>2923.2259892621078</ele></trkpt><trkpt lat="37.631158" lon="-107.8245965"><ele>2922.904425955843</ele></trkpt><trkpt lat="37.6311774" lon="-107.8245896"><ele>2922.582862649113</ele></trkpt><trkpt lat="37.631197" lon="-107.8245861"><ele>2922.1092089188196</ele></trkpt><trkpt lat="37.6312166" lon="-107.8245827"><ele>2922.0</ele></trkpt><trkpt lat="37.6312358" lon="-107.8245863"><ele>2921.4191844723982</ele></trkpt><trkpt lat="37.631255" lon="-107.82459"><ele>2921.0</ele></trkpt><trkpt lat="37.6312744" lon="-107.8245989"><ele>2921.0</ele></trkpt><trkpt lat="37.6312938" lon="-107.8246079"><ele>2921.0</ele></trkpt><trkpt lat="37.6313118" lon="-107.8246181"><ele>2921.0</ele></trkpt><trkpt lat="37.6313299" lon="-107.8246284"><ele>2921.0</ele></trkpt><trkpt lat="37.6313464" lon="-107.8246358"><ele>2920.8596781252404</ele></trkpt><trkpt lat="37.6313629" lon="-107.8246433"><ele>2921.0</ele></trkpt><trkpt lat="37.6313761" lon="-107.8246441"><ele>2920.7551379060337</ele></trkpt><trkpt lat="37.6313894" lon="-107.8246449"><ele>2920.160029440187</ele></trkpt><trkpt lat="37.6314011" lon="-107.8246455"><ele>2920.187991466839</ele></trkpt><trkpt lat="37.6314036" lon="-107.8246466"><ele>2920.239255182445</ele></trkpt><trkpt lat="37.6314061" lon="-107.8246478"><ele>2920.282042921168</ele></trkpt><trkpt lat="37.6314121" lon="-107.8246471"><ele>2920.1581698331274</ele></trkpt><trkpt lat="37.6314181" lon="-107.8246465"><ele>2920.058495114566</ele></trkpt><trkpt lat="37.6314279" lon="-107.8246398"><ele>2920.0</ele></trkpt><trkpt lat="37.6314378" lon="-107.8246332"><ele>2920.0</ele></trkpt><trkpt lat="37.6314475" lon="-107.824619"><ele>2919.953001955524</ele></trkpt><trkpt lat="37.6314573" lon="-107.8246049"><ele>2919.2958943289705</ele></trkpt><trkpt lat="37.6314641" lon="-107.8245856"><ele>2919.0</ele></trkpt><trkpt lat="37.631471" lon="-107.8245664"><ele>2918.5696327804444</ele></trkpt><trkpt lat="37.6314752" lon="-107.8245445"><ele>2918.0</ele></trkpt><trkpt lat="37.6314794" lon="-107.8245227"><ele>2918.0</ele></trkpt><trkpt lat="37.6314805" lon="-107.8244975"><ele>2918.0</ele></trkpt><trkpt lat="37.6314817" lon="-107.8244723"><ele>2917.5640979724703</ele></trkpt><trkpt lat="37.6314776" lon="-107.8244463"><ele>2917.0</ele></trkpt><trkpt lat="37.6314735" lon="-107.8244203"><ele>2917.0</ele></trkpt><trkpt lat="37.6314642" lon="-107.8243964"><ele>2916.579090062063</ele></trkpt><trkpt lat="37.631455" lon="-107.8243725"><ele>2916.036257268205</ele></trkpt><trkpt lat="37.6314453" lon="-107.8243496"><ele>2916.0</ele></trkpt><trkpt lat="37.6314357" lon="-107.8243267"><ele>2916.0</ele></trkpt><trkpt lat="37.6314328" lon="-107.8243038"><ele>2915.2636172799394</ele></trkpt><trkpt lat="37.6314299" lon="-107.824281"><ele>2915.0</ele></trkpt><trkpt lat="37.6314367" lon="-107.8242613"><ele>2915.0</ele></trkpt><trkpt lat="37.6314436" lon="-107.8242417"><ele>2914.3695475202985</ele></trkpt><trkpt lat="37.6314571" lon="-107.824226"><ele>2914.0</ele></trkpt><trkpt lat="37.6314706" lon="-107.8242104"><ele>2914.0</ele></trkpt><trkpt lat="37.6314849" lon="-107.8241938"><ele>2914.0</ele></trkpt><trkpt lat="37.6314993" lon="-107.8241772"><ele>2914.0</ele></trkpt><trkpt lat="37.631511" lon="-107.8241557"><ele>2913.361657031346</ele></trkpt><trkpt lat="37.6315227" lon="-107.8241342"><ele>2913.0</ele></trkpt><trkpt lat="37.6315279" lon="-107.8241086"><ele>2913.0</ele></trkpt><trkpt lat="37.6315331" lon="-107.8240831"><ele>2912.978251804132</ele></trkpt><trkpt lat="37.6315309" lon="-107.8240571"><ele>2912.0</ele></trkpt><trkpt lat="37.6315288" lon="-107.8240311"><ele>2912.0</ele></trkpt><trkpt lat="37.6315191" lon="-107.8240083"><ele>2912.0</ele></trkpt><trkpt lat="37.6315094" lon="-107.8239856"><ele>2912.0</ele></trkpt><trkpt lat="37.6314942" lon="-107.8239692"><ele>2911.670127075631</ele></trkpt><trkpt lat="37.6314791" lon="-107.8239529"><ele>2911.0</ele></trkpt><trkpt lat="37.6314609" lon="-107.8239456"><ele>2911.0</ele></trkpt><trkpt lat="37.6314428" lon="-107.8239384"><ele>2911.0</ele></trkpt><trkpt lat="37.6314024" lon="-107.823938"><ele>2911.0</ele></trkpt><trkpt lat="37.631381" lon="-107.8239407"><ele>2910.7153645659764</ele></trkpt><trkpt lat="37.6313596" lon="-107.8239435"><ele>2910.145583548514</ele></trkpt><trkpt lat="37.6313378" lon="-107.8239446"><ele>2910.0</ele></trkpt><trkpt lat="37.631316" lon="-107.8239458"><ele>2909.5796080357395</ele></trkpt><trkpt lat="37.631295" lon="-107.8239433"><ele>2909.234661197176</ele></trkpt><trkpt lat="37.631274" lon="-107.8239408"><ele>2909.0</ele></trkpt><trkpt lat="37.6312537" lon="-107.8239332"><ele>2908.0758036212</ele></trkpt><trkpt lat="37.6312335" lon="-107.8239257"><ele>2907.9598945096495</ele></trkpt><trkpt lat="37.6312134" lon="-107.8239153"><ele>2907.1582050132565</ele></trkpt><trkpt lat="37.6311934" lon="-107.823905"><ele>2907.0</ele></trkpt><trkpt lat="37.631173" lon="-107.8238966"><ele>2907.0</ele></trkpt><trkpt lat="37.6311526" lon="-107.8238883"><ele>2907.0</ele></trkpt><trkpt lat="37.6311314" lon="-107.8238877"><ele>2906.9845753471304</ele></trkpt><trkpt lat="37.6311103" lon="-107.8238871"><ele>2906.8439897596836</ele></trkpt><trkpt lat="37.6310892" lon="-107.8238924"><ele>2906.4511833766246</ele></trkpt><trkpt lat="37.6310681" lon="-107.8238977"><ele>2906.337985564489</ele></trkpt><trkpt lat="37.6310509" lon="-107.8239001"><ele>2906.064082606793</ele></trkpt><trkpt lat="37.6310338" lon="-107.8239026"><ele>2906.0</ele></trkpt><trkpt lat="37.6310272" lon="-107.823895"><ele>2905.8013180367607</ele></trkpt><trkpt lat="37.6310206" lon="-107.8238874"><ele>2905.308383824913</ele></trkpt><trkpt lat="37.6310267" lon="-107.8238737"><ele>2905.1576904106073</ele></trkpt><trkpt lat="37.6310329" lon="-107.8238601"><ele>2905.0</ele></trkpt><trkpt lat="37.6310476" lon="-107.8238454"><ele>2904.994859297561</ele></trkpt><trkpt lat="37.6310623" lon="-107.8238307"><ele>2905.0</ele></trkpt><trkpt lat="37.6310803" lon="-107.8238149"><ele>2905.0</ele></trkpt><trkpt lat="37.6310983" lon="-107.8237992"><ele>2904.982769411444</ele></trkpt><trkpt lat="37.6311339" lon="-107.8237652"><ele>2905.0</ele></trkpt><trkpt lat="37.6311501" lon="-107.8237476"><ele>2904.986827644424</ele></trkpt><trkpt lat="37.6311664" lon="-107.82373"><ele>2904.970946654109</ele></trkpt><trkpt lat="37.6311809" lon="-107.8237115"><ele>2904.9295089522125</ele></trkpt><trkpt lat="37.6311954" lon="-107.8236931"><ele>2904.9301739879515</ele></trkpt><trkpt lat="37.6312097" lon="-107.8236744"><ele>2904.964845926642</ele></trkpt><trkpt lat="37.631224" lon="-107.8236558"><ele>2905.0</ele></trkpt><trkpt lat="37.6312384" lon="-107.823638"><ele>2904.2350883558393</ele></trkpt><trkpt lat="37.6312529" lon="-107.8236202"><ele>2904.0</ele></trkpt><trkpt lat="37.6312663" lon="-107.8236017"><ele>2904.0</ele></trkpt><trkpt lat="37.6312798" lon="-107.8235833"><ele>2904.0</ele></trkpt><trkpt lat="37.6312928" lon="-107.8235626"><ele>2903.826375498347</ele></trkpt><trkpt lat="37.6313058" lon="-107.823542"><ele>2903.7951395472924</ele></trkpt><trkpt lat="37.6313129" lon="-107.823518"><ele>2903.359941281146</ele></trkpt><trkpt lat="37.6313201" lon="-107.8234941"><ele>2903.0</ele></trkpt><trkpt lat="37.6313151" lon="-107.8234735"><ele>2902.5688327117823</ele></trkpt><trkpt lat="37.6313101" lon="-107.823453"><ele>2902.0</ele></trkpt><trkpt lat="37.6312941" lon="-107.8234448"><ele>2902.0</ele></trkpt><trkpt lat="37.6312782" lon="-107.8234367"><ele>2902.0</ele></trkpt><trkpt lat="37.6312564" lon="-107.8234411"><ele>2902.0</ele></trkpt><trkpt lat="37.6312347" lon="-107.8234456"><ele>2902.0</ele></trkpt><trkpt lat="37.6312122" lon="-107.8234572"><ele>2901.9302199518916</ele></trkpt><trkpt lat="37.6311898" lon="-107.8234689"><ele>2902.0</ele></trkpt><trkpt lat="37.6311682" lon="-107.8234823"><ele>2901.979891396928</ele></trkpt><trkpt lat="37.6311466" lon="-107.8234957"><ele>2901.9103730929774</ele></trkpt><trkpt lat="37.6311255" lon="-107.8235065"><ele>2901.5822691376197</ele></trkpt><trkpt lat="37.6311045" lon="-107.8235174"><ele>2901.6147209960036</ele></trkpt><trkpt lat="37.6310837" lon="-107.823524"><ele>2901.066957376817</ele></trkpt><trkpt lat="37.631063" lon="-107.8235307"><ele>2901.2004175046527</ele></trkpt><trkpt lat="37.6310427" lon="-107.8235329"><ele>2901.0</ele></trkpt><trkpt lat="37.6310225" lon="-107.8235352"><ele>2901.0</ele></trkpt><trkpt lat="37.6310017" lon="-107.8235357"><ele>2901.0</ele></trkpt><trkpt lat="37.6309809" lon="-107.8235362"><ele>2901.0</ele></trkpt><trkpt lat="37.6309594" lon="-107.8235375"><ele>2900.5514488890767</ele></trkpt><trkpt lat="37.6309379" lon="-107.8235388"><ele>2900.3016704870024</ele></trkpt><trkpt lat="37.6309158" lon="-107.8235413"><ele>2900.0</ele></trkpt><trkpt lat="37.6308937" lon="-107.8235438"><ele>2900.0</ele></trkpt><trkpt lat="37.6308711" lon="-107.823544"><ele>2899.93621639257</ele></trkpt><trkpt lat="37.6308485" lon="-107.8235443"><ele>2899.201547905235</ele></trkpt><trkpt lat="37.6308271" lon="-107.823537"><ele>2899.0</ele></trkpt><trkpt lat="37.6308058" lon="-107.8235297"><ele>2899.0</ele></trkpt><trkpt lat="37.6307867" lon="-107.8235168"><ele>2899.0</ele></trkpt><trkpt lat="37.6307676" lon="-107.8235039"><ele>2899.0</ele></trkpt><trkpt lat="37.6307494" lon="-107.8234898"><ele>2899.0</ele></trkpt><trkpt lat="37.6307312" lon="-107.8234758"><ele>2899.0</ele></trkpt><trkpt lat="37.6307134" lon="-107.8234623"><ele>2899.0</ele></trkpt><trkpt lat="37.6306956" lon="-107.8234489"><ele>2899.0</ele></trkpt><trkpt lat="37.6306781" lon="-107.8234358"><ele>2899.0</ele></trkpt><trkpt lat="37.6306606" lon="-107.8234228"><ele>2898.1750400699675</ele></trkpt><trkpt lat="37.6306427" lon="-107.8234099"><ele>2898.0</ele></trkpt><trkpt lat="37.6306249" lon="-107.823397"><ele>2898.0</ele></trkpt><trkpt lat="37.6306055" lon="-107.8233855"><ele>2897.9326599538326</ele></trkpt><trkpt lat="37.6305861" lon="-107.8233741"><ele>2897.0</ele></trkpt><trkpt lat="37.6305654" lon="-107.8233634"><ele>2897.0</ele></trkpt><trkpt lat="37.6305447" lon="-107.8233527"><ele>2897.0</ele></trkpt><trkpt lat="37.6305242" lon="-107.8233426"><ele>2897.0</ele></trkpt><trkpt lat="37.6305038" lon="-107.8233325"><ele>2896.0</ele></trkpt><trkpt lat="37.6304839" lon="-107.8233223"><ele>2896.0</ele></trkpt><trkpt lat="37.630464" lon="-107.8233122"><ele>2896.0</ele></trkpt><trkpt lat="37.6304447" lon="-107.8232999"><ele>2896.0</ele></trkpt><trkpt lat="37.6304254" lon="-107.8232877"><ele>2896.0</ele></trkpt><trkpt lat="37.6304075" lon="-107.8232737"><ele>2896.0</ele></trkpt><trkpt lat="37.6303897" lon="-107.8232598"><ele>2896.0</ele></trkpt><trkpt lat="37.6303726" lon="-107.8232446"><ele>2896.0</ele></trkpt><trkpt lat="37.6303555" lon="-107.8232294"><ele>2896.0</ele></trkpt><trkpt lat="37.6303375" lon="-107.8232136"><ele>2896.0</ele></trkpt><trkpt lat="37.6303196" lon="-107.8231978"><ele>2896.0</ele></trkpt><trkpt lat="37.6303013" lon="-107.8231817"><ele>2896.0</ele></trkpt><trkpt lat="37.6302831" lon="-107.8231657"><ele>2895.9609594903886</ele></trkpt><trkpt lat="37.6302689" lon="-107.8231482"><ele>2895.1253591924906</ele></trkpt><trkpt lat="37.6302547" lon="-107.8231308"><ele>2895.1165251111343</ele></trkpt><trkpt lat="37.6302492" lon="-107.8231107"><ele>2895.3273887402083</ele></trkpt><trkpt lat="37.6302437" lon="-107.8230907"><ele>2895.642463279888</ele></trkpt><trkpt lat="37.6302472" lon="-107.8230692"><ele>2895.6168759533957</ele></trkpt><trkpt lat="37.6302507" lon="-107.8230477"><ele>2895.0394308241775</ele></trkpt><trkpt lat="37.6302607" lon="-107.8230283"><ele>2894.9360696707226</ele></trkpt><trkpt lat="37.6302707" lon="-107.823009"><ele>2894.939704500359</ele></trkpt><trkpt lat="37.6302852" lon="-107.8229943"><ele>2895.0</ele></trkpt><trkpt lat="37.6302998" lon="-107.8229796"><ele>2894.974732959059</ele></trkpt><trkpt lat="37.6303173" lon="-107.8229703"><ele>2895.0</ele></trkpt><trkpt lat="37.6303348" lon="-107.8229611"><ele>2894.687020410455</ele></trkpt><trkpt lat="37.6303543" lon="-107.8229551"><ele>2894.0</ele></trkpt><trkpt lat="37.6303738" lon="-107.8229492"><ele>2893.7419507968652</ele></trkpt><trkpt lat="37.6303924" lon="-107.8229394"><ele>2893.0</ele></trkpt><trkpt lat="37.630411" lon="-107.8229297"><ele>2893.0</ele></trkpt><trkpt lat="37.6304217" lon="-107.8229109"><ele>2893.0</ele></trkpt><trkpt lat="37.6304324" lon="-107.8228921"><ele>2892.6070422052694</ele></trkpt><trkpt lat="37.6304324" lon="-107.8228676"><ele>2892.0841092798646</ele></trkpt><trkpt lat="37.6304325" lon="-107.8228431"><ele>2892.0</ele></trkpt><trkpt lat="37.6304257" lon="-107.8228167"><ele>2892.0</ele></trkpt><trkpt lat="37.630419" lon="-107.8227903"><ele>2892.0</ele></trkpt><trkpt lat="37.6304089" lon="-107.8227641"><ele>2891.6871823660267</ele></trkpt><trkpt lat="37.6303988" lon="-107.822738"><ele>2891.0</ele></trkpt><trkpt lat="37.6303861" lon="-107.8227135"><ele>2891.0</ele></trkpt><trkpt lat="37.6303734" lon="-107.822689"><ele>2891.0</ele></trkpt><trkpt lat="37.6303575" lon="-107.8226671"><ele>2890.987868871074</ele></trkpt><trkpt lat="37.6303417" lon="-107.8226452"><ele>2890.0</ele></trkpt><trkpt lat="37.6303051" lon="-107.822604"><ele>2890.0</ele></trkpt><trkpt lat="37.6302866" lon="-107.8225829"><ele>2890.0</ele></trkpt><trkpt lat="37.6302681" lon="-107.8225618"><ele>2890.0</ele></trkpt><trkpt lat="37.6302505" lon="-107.8225401"><ele>2890.0</ele></trkpt><trkpt lat="37.6302329" lon="-107.8225185"><ele>2890.0</ele></trkpt><trkpt lat="37.6302174" lon="-107.8224966"><ele>2890.0</ele></trkpt><trkpt lat="37.630202" lon="-107.8224747"><ele>2889.021378987003</ele></trkpt><trkpt lat="37.6301889" lon="-107.8224519"><ele>2889.0</ele></trkpt><trkpt lat="37.6301759" lon="-107.8224291"><ele>2889.0</ele></trkpt><trkpt lat="37.6301642" lon="-107.8224064"><ele>2889.0</ele></trkpt><trkpt lat="37.6301526" lon="-107.8223837"><ele>2888.780471608974</ele></trkpt><trkpt lat="37.6301414" lon="-107.8223624"><ele>2888.0</ele></trkpt><trkpt lat="37.6301302" lon="-107.8223412"><ele>2887.9927044125293</ele></trkpt><trkpt lat="37.6301188" lon="-107.8223214"><ele>2887.2567398328843</ele></trkpt><trkpt lat="37.6301074" lon="-107.8223017"><ele>2887.0</ele></trkpt><trkpt lat="37.6300947" lon="-107.8222816"><ele>2886.8745572473854</ele></trkpt><trkpt lat="37.6300821" lon="-107.8222615"><ele>2886.0113861579594</ele></trkpt><trkpt lat="37.6300541" lon="-107.8222221"><ele>2885.0</ele></trkpt><trkpt lat="37.6300396" lon="-107.8222028"><ele>2884.632201815024</ele></trkpt><trkpt lat="37.6300251" lon="-107.8221835"><ele>2884.0</ele></trkpt><trkpt lat="37.6300107" lon="-107.8221642"><ele>2883.513331131359</ele></trkpt><trkpt lat="37.6299963" lon="-107.822145"><ele>2883.0</ele></trkpt><trkpt lat="37.6299809" lon="-107.8221262"><ele>2882.8192453093757</ele></trkpt><trkpt lat="37.6299656" lon="-107.8221074"><ele>2882.0</ele></trkpt><trkpt lat="37.6299481" lon="-107.8220897"><ele>2882.0</ele></trkpt><trkpt lat="37.6299307" lon="-107.8220721"><ele>2881.4248720109995</ele></trkpt><trkpt lat="37.6299111" lon="-107.8220565"><ele>2881.0</ele></trkpt><trkpt lat="37.6298916" lon="-107.8220409"><ele>2880.742994026083</ele></trkpt><trkpt lat="37.6298717" lon="-107.8220257"><ele>2880.0</ele></trkpt><trkpt lat="37.6298519" lon="-107.8220106"><ele>2880.0</ele></trkpt><trkpt lat="37.6298326" lon="-107.8219937"><ele>2879.273120397418</ele></trkpt><trkpt lat="37.6298133" lon="-107.8219769"><ele>2879.0</ele></trkpt><trkpt lat="37.6297935" lon="-107.8219601"><ele>2879.0</ele></trkpt><trkpt lat="37.6297738" lon="-107.8219433"><ele>2879.0</ele></trkpt><trkpt lat="37.6297522" lon="-107.8219294"><ele>2879.0</ele></trkpt><trkpt lat="37.6297306" lon="-107.8219155"><ele>2878.9607701338828</ele></trkpt><trkpt lat="37.6297083" lon="-107.8219035"><ele>2878.401529600378</ele></trkpt><trkpt lat="37.6296861" lon="-107.8218916"><ele>2879.0</ele></trkpt><trkpt lat="37.6296643" lon="-107.8218797"><ele>2879.0</ele></trkpt><trkpt lat="37.6296426" lon="-107.8218679"><ele>2879.0</ele></trkpt><trkpt lat="37.6296225" lon="-107.8218545"><ele>2879.0</ele></trkpt><trkpt lat="37.6296024" lon="-107.8218411"><ele>2879.0</ele></trkpt><trkpt lat="37.6295856" lon="-107.8218246"><ele>2879.0</ele></trkpt><trkpt lat="37.6295688" lon="-107.8218082"><ele>2879.0</ele></trkpt><trkpt lat="37.6295533" lon="-107.8217916"><ele>2879.0</ele></trkpt><trkpt lat="37.6295378" lon="-107.8217751"><ele>2879.0</ele></trkpt><trkpt lat="37.6295208" lon="-107.8217614"><ele>2879.0</ele></trkpt><trkpt lat="37.6295039" lon="-107.8217478"><ele>2879.0</ele></trkpt><trkpt lat="37.6294854" lon="-107.8217351"><ele>2878.5535207819194</ele></trkpt><trkpt lat="37.629467" lon="-107.8217224"><ele>2877.9640450870584</ele></trkpt><trkpt lat="37.6294487" lon="-107.8217096"><ele>2878.0</ele></trkpt><trkpt lat="37.6294304" lon="-107.8216968"><ele>2877.818583705299</ele></trkpt><trkpt lat="37.6294136" lon="-107.8216843"><ele>2878.0</ele></trkpt><trkpt lat="37.6293969" lon="-107.8216718"><ele>2878.0</ele></trkpt><trkpt lat="37.6293818" lon="-107.8216589"><ele>2878.0</ele></trkpt><trkpt lat="37.6293667" lon="-107.821646"><ele>2877.9786543682444</ele></trkpt><trkpt lat="37.6293519" lon="-107.8216323"><ele>2877.762693547178</ele></trkpt><trkpt lat="37.6293372" lon="-107.8216186"><ele>2877.1242272714153</ele></trkpt><trkpt lat="37.6293202" lon="-107.8216046"><ele>2877.0</ele></trkpt><trkpt lat="37.6293032" lon="-107.8215906"><ele>2876.245004202297</ele></trkpt><trkpt lat="37.6292832" lon="-107.8215796"><ele>2876.0</ele></trkpt><trkpt lat="37.6292633" lon="-107.8215687"><ele>2875.798718719743</ele></trkpt><trkpt lat="37.629243" lon="-107.821564"><ele>2875.5796828442253</ele></trkpt><trkpt lat="37.6292228" lon="-107.8215593"><ele>2875.6368806673618</ele></trkpt><trkpt lat="37.6292054" lon="-107.8215608"><ele>2876.0</ele></trkpt><trkpt lat="37.6291881" lon="-107.8215623"><ele>2876.0</ele></trkpt><trkpt lat="37.6291727" lon="-107.8215684"><ele>2876.2983166460835</ele></trkpt><trkpt lat="37.6291573" lon="-107.8215745"><ele>2877.019763330112</ele></trkpt><trkpt lat="37.6291416" lon="-107.821582"><ele>2877.4185436451808</ele></trkpt><trkpt lat="37.629126" lon="-107.8215896"><ele>2877.772729315795</ele></trkpt><trkpt lat="37.6291093" lon="-107.8215944"><ele>2877.8859517819646</ele></trkpt><trkpt lat="37.6290926" lon="-107.8215993"><ele>2877.2247820803896</ele></trkpt><trkpt lat="37.6290742" lon="-107.821601"><ele>2877.3040078226477</ele></trkpt><trkpt lat="37.6290559" lon="-107.8216027"><ele>2877.383233564906</ele></trkpt><trkpt lat="37.6290357" lon="-107.8216035"><ele>2877.2347327469815</ele></trkpt><trkpt lat="37.6290156" lon="-107.8216044"><ele>2877.0</ele></trkpt><trkpt lat="37.6289951" lon="-107.8216043"><ele>2877.0</ele></trkpt><trkpt lat="37.6289747" lon="-107.8216042"><ele>2877.0</ele></trkpt><trkpt lat="37.628953" lon="-107.8216027"><ele>2877.0</ele></trkpt><trkpt lat="37.6289313" lon="-107.8216013"><ele>2877.0</ele></trkpt><trkpt lat="37.6289099" lon="-107.8215963"><ele>2877.0</ele></trkpt><trkpt lat="37.6288885" lon="-107.8215914"><ele>2877.0</ele></trkpt><trkpt lat="37.6288737" lon="-107.8215802"><ele>2877.0</ele></trkpt><trkpt lat="37.628859" lon="-107.821569"><ele>2877.0</ele></trkpt><trkpt lat="37.6288559" lon="-107.8215526"><ele>2876.979106065056</ele></trkpt><trkpt lat="37.6288528" lon="-107.8215362"><ele>2876.2260447366034</ele></trkpt><trkpt lat="37.6288576" lon="-107.8215156"><ele>2875.3768538982604</ele></trkpt><trkpt lat="37.6288625" lon="-107.8214951"><ele>2875.1351003511054</ele></trkpt><trkpt lat="37.6288679" lon="-107.821471"><ele>2874.7617286660943</ele></trkpt><trkpt lat="37.6288733" lon="-107.8214469"><ele>2874.1224273066036</ele></trkpt><trkpt lat="37.6288732" lon="-107.8214215"><ele>2873.0</ele></trkpt><trkpt lat="37.6288731" lon="-107.8213962"><ele>2872.9976347268826</ele></trkpt><trkpt lat="37.6288625" lon="-107.821375"><ele>2872.2827409147126</ele></trkpt><trkpt lat="37.6288519" lon="-107.8213538"><ele>2872.0</ele></trkpt><trkpt lat="37.6288321" lon="-107.8213412"><ele>2872.0</ele></trkpt><trkpt lat="37.6288123" lon="-107.8213287"><ele>2871.253204565717</ele></trkpt><trkpt lat="37.628788" lon="-107.8213274"><ele>2871.0</ele></trkpt><trkpt lat="37.6287638" lon="-107.8213261"><ele>2871.0</ele></trkpt><trkpt lat="37.628739" lon="-107.8213326"><ele>2871.0</ele></trkpt><trkpt lat="37.6287143" lon="-107.8213391"><ele>2871.0</ele></trkpt><trkpt lat="37.6286905" lon="-107.8213488"><ele>2871.0</ele></trkpt><trkpt lat="37.6286667" lon="-107.8213586"><ele>2871.00620832099</ele></trkpt><trkpt lat="37.6286439" lon="-107.8213688"><ele>2871.0</ele></trkpt><trkpt lat="37.6286211" lon="-107.8213791"><ele>2871.0</ele></trkpt><trkpt lat="37.6285987" lon="-107.8213893"><ele>2871.0</ele></trkpt><trkpt lat="37.6285764" lon="-107.8213995"><ele>2870.959413405841</ele></trkpt><trkpt lat="37.6285541" lon="-107.821409"><ele>2871.0</ele></trkpt><trkpt lat="37.6285319" lon="-107.8214185"><ele>2871.0</ele></trkpt><trkpt lat="37.6285091" lon="-107.8214256"><ele>2871.0</ele></trkpt><trkpt lat="37.6284864" lon="-107.8214327"><ele>2871.0</ele></trkpt><trkpt lat="37.6284639" lon="-107.8214366"><ele>2871.0</ele></trkpt><trkpt lat="37.6284414" lon="-107.8214406"><ele>2871.0</ele></trkpt><trkpt lat="37.6284203" lon="-107.8214392"><ele>2870.8453080062327</ele></trkpt><trkpt lat="37.6283993" lon="-107.8214378"><ele>2870.698336568661</ele></trkpt><trkpt lat="37.6283796" lon="-107.8214331"><ele>2870.4793006926775</ele></trkpt><trkpt lat="37.62836" lon="-107.8214285"><ele>2870.211255908921</ele></trkpt><trkpt lat="37.6283433" lon="-107.8214225"><ele>2869.9853048888035</ele></trkpt><trkpt lat="37.6283267" lon="-107.8214166"><ele>2869.7103449604474</ele></trkpt><trkpt lat="37.6283186" lon="-107.8214032"><ele>2869.085859697778</ele></trkpt><trkpt lat="37.6283106" lon="-107.8213899"><ele>2869.0</ele></trkpt><trkpt lat="37.6283141" lon="-107.8213693"><ele>2868.506005191244</ele></trkpt><trkpt lat="37.6283176" lon="-107.8213488"><ele>2868.0</ele></trkpt><trkpt lat="37.6283306" lon="-107.8213248"><ele>2867.432154880371</ele></trkpt><trkpt lat="37.6283437" lon="-107.8213008"><ele>2867.0</ele></trkpt><trkpt lat="37.6283618" lon="-107.8212762"><ele>2866.167230720166</ele></trkpt><trkpt lat="37.62838" lon="-107.8212516"><ele>2866.0202531557134</ele></trkpt><trkpt lat="37.6283997" lon="-107.8212287"><ele>2865.953570276033</ele></trkpt><trkpt lat="37.6284194" lon="-107.8212059"><ele>2865.260823681497</ele></trkpt><trkpt lat="37.6284388" lon="-107.8211859"><ele>2865.0</ele></trkpt><trkpt lat="37.6284582" lon="-107.8211659"><ele>2865.0</ele></trkpt><trkpt lat="37.6284776" lon="-107.8211482"><ele>2864.201998364646</ele></trkpt><trkpt lat="37.628497" lon="-107.8211306"><ele>2864.3279459742935</ele></trkpt><trkpt lat="37.6285162" lon="-107.821114"><ele>2864.0</ele></trkpt><trkpt lat="37.6285355" lon="-107.8210974"><ele>2863.834546773229</ele></trkpt><trkpt lat="37.6285544" lon="-107.8210817"><ele>2863.3151545973174</ele></trkpt><trkpt lat="37.6285734" lon="-107.8210661"><ele>2863.3758610486984</ele></trkpt><trkpt lat="37.6285922" lon="-107.8210515"><ele>2862.6954517336562</ele></trkpt><trkpt lat="37.6286111" lon="-107.821037"><ele>2862.592766595073</ele></trkpt><trkpt lat="37.628631" lon="-107.8210246"><ele>2862.4418208715506</ele></trkpt><trkpt lat="37.6286509" lon="-107.8210123"><ele>2862.0</ele></trkpt><trkpt lat="37.6286725" lon="-107.8210024"><ele>2862.4072258840315</ele></trkpt><trkpt lat="37.6286941" lon="-107.8209926"><ele>2861.950512782205</ele></trkpt><trkpt lat="37.6287169" lon="-107.8209857"><ele>2861.6289494754747</ele></trkpt><trkpt lat="37.6287397" lon="-107.8209788"><ele>2861.2642354121</ele></trkpt><trkpt lat="37.6287632" lon="-107.820975"><ele>2861.0</ele></trkpt><trkpt lat="37.6287867" lon="-107.8209713"><ele>2861.0</ele></trkpt><trkpt lat="37.6288103" lon="-107.8209712"><ele>2860.986205416887</ele></trkpt><trkpt lat="37.628834" lon="-107.8209711"><ele>2860.294653969025</ele></trkpt><trkpt lat="37.628858" lon="-107.820973"><ele>2860.0370865776204</ele></trkpt><trkpt lat="37.628882" lon="-107.820975"><ele>2860.0633393577996</ele></trkpt><trkpt lat="37.6289063" lon="-107.8209777"><ele>2860.0</ele></trkpt><trkpt lat="37.6289307" lon="-107.8209805"><ele>2859.386611911934</ele></trkpt><trkpt lat="37.6289536" lon="-107.8209838"><ele>2859.5404030573554</ele></trkpt><trkpt lat="37.6289765" lon="-107.8209872"><ele>2859.0</ele></trkpt><trkpt lat="37.6289983" lon="-107.8209892"><ele>2858.9256760103053</ele></trkpt><trkpt lat="37.6290202" lon="-107.8209913"><ele>2858.8899283912033</ele></trkpt><trkpt lat="37.6290416" lon="-107.8209902"><ele>2858.8386646760628</ele></trkpt><trkpt lat="37.629063" lon="-107.8209891"><ele>2858.6577586727126</ele></trkpt><trkpt lat="37.6291056" lon="-107.8209815"><ele>2857.6194570411044</ele></trkpt><trkpt lat="37.6291271" lon="-107.8209755"><ele>2857.153595022857</ele></trkpt><trkpt lat="37.6291486" lon="-107.8209696"><ele>2857.177226280847</ele></trkpt><trkpt lat="37.6291698" lon="-107.8209623"><ele>2857.538430435583</ele></trkpt><trkpt lat="37.629191" lon="-107.820955"><ele>2857.1982257775962</ele></trkpt><trkpt lat="37.6292114" lon="-107.8209478"><ele>2856.862681457773</ele></trkpt><trkpt lat="37.6292319" lon="-107.8209406"><ele>2856.5271371379495</ele></trkpt><trkpt lat="37.6292526" lon="-107.8209332"><ele>2856.1822721427307</ele></trkpt><trkpt lat="37.6292734" lon="-107.8209258"><ele>2855.8374071465805</ele></trkpt><trkpt lat="37.6292946" lon="-107.8209191"><ele>2855.5251645152457</ele></trkpt><trkpt lat="37.6293158" lon="-107.8209125"><ele>2855.2175822220743</ele></trkpt><trkpt lat="37.6293375" lon="-107.8209069"><ele>2854.9862263389014</ele></trkpt><trkpt lat="37.6293593" lon="-107.8209014"><ele>2854.7002847287804</ele></trkpt><trkpt lat="37.6293813" lon="-107.8208957"><ele>2854.434645475354</ele></trkpt><trkpt lat="37.6294033" lon="-107.82089"><ele>2854.1370049811267</ele></trkpt><trkpt lat="37.6294249" lon="-107.8208837"><ele>2853.942637840655</ele></trkpt><trkpt lat="37.6294466" lon="-107.8208775"><ele>2853.5864639999345</ele></trkpt><trkpt lat="37.6294686" lon="-107.8208701"><ele>2853.9758141944253</ele></trkpt><trkpt lat="37.6294906" lon="-107.8208627"><ele>2853.0</ele></trkpt><trkpt lat="37.6295127" lon="-107.820853"><ele>2853.0</ele></trkpt><trkpt lat="37.6295349" lon="-107.8208433"><ele>2852.066228719056</ele></trkpt><trkpt lat="37.6295566" lon="-107.820833"><ele>2852.0</ele></trkpt><trkpt lat="37.6295784" lon="-107.8208228"><ele>2852.0</ele></trkpt><trkpt lat="37.6295996" lon="-107.8208119"><ele>2851.529282417614</ele></trkpt><trkpt lat="37.6296209" lon="-107.820801"><ele>2851.0213055997156</ele></trkpt><trkpt lat="37.6296411" lon="-107.8207892"><ele>2850.9034907299965</ele></trkpt><trkpt lat="37.6296613" lon="-107.8207775"><ele>2850.0</ele></trkpt><trkpt lat="37.6296999" lon="-107.8207517"><ele>2849.8224783278283</ele></trkpt><trkpt lat="37.6297185" lon="-107.8207365"><ele>2849.741188617667</ele></trkpt><trkpt lat="37.6297371" lon="-107.8207213"><ele>2849.307016391773</ele></trkpt><trkpt lat="37.6297545" lon="-107.8207032"><ele>2848.4634952535853</ele></trkpt><trkpt lat="37.629772" lon="-107.8206851"><ele>2848.0</ele></trkpt><trkpt lat="37.6297875" lon="-107.8206657"><ele>2847.773426054546</ele></trkpt><trkpt lat="37.6298031" lon="-107.8206464"><ele>2847.0</ele></trkpt><trkpt lat="37.6298173" lon="-107.8206266"><ele>2847.0</ele></trkpt><trkpt lat="37.6298316" lon="-107.8206068"><ele>2847.0</ele></trkpt><trkpt lat="37.6298448" lon="-107.8205878"><ele>2846.8452337972076</ele></trkpt><trkpt lat="37.629858" lon="-107.8205689"><ele>2846.0110557700295</ele></trkpt><trkpt lat="37.6298715" lon="-107.8205531"><ele>2846.0</ele></trkpt><trkpt lat="37.6298851" lon="-107.8205373"><ele>2845.3362246121687</ele></trkpt><trkpt lat="37.6298936" lon="-107.8205305"><ele>2845.0169582583144</ele></trkpt><trkpt lat="37.6299106" lon="-107.8205171"><ele>2845.0</ele></trkpt><trkpt lat="37.6299188" lon="-107.8205102"><ele>2845.0</ele></trkpt><trkpt lat="37.629927" lon="-107.8205034"><ele>2845.0009540126352</ele></trkpt><trkpt lat="37.6299352" lon="-107.8204915"><ele>2844.5975601784885</ele></trkpt><trkpt lat="37.6299434" lon="-107.8204797"><ele>2844.047640320845</ele></trkpt><trkpt lat="37.6299541" lon="-107.8204617"><ele>2844.1254692655907</ele></trkpt><trkpt lat="37.6299648" lon="-107.8204437"><ele>2844.0</ele></trkpt><trkpt lat="37.6299777" lon="-107.8204226"><ele>2843.3865874493495</ele></trkpt><trkpt lat="37.6299907" lon="-107.8204015"><ele>2843.0</ele></trkpt><trkpt lat="37.6300047" lon="-107.8203806"><ele>2843.0</ele></trkpt><trkpt lat="37.6300187" lon="-107.8203598"><ele>2843.0</ele></trkpt><trkpt lat="37.6300346" lon="-107.8203422"><ele>2842.63967587566</ele></trkpt><trkpt lat="37.6300506" lon="-107.8203247"><ele>2842.0</ele></trkpt><trkpt lat="37.6300693" lon="-107.8203118"><ele>2842.0</ele></trkpt><trkpt lat="37.630088" lon="-107.8202989"><ele>2842.0</ele></trkpt><trkpt lat="37.6301084" lon="-107.8202914"><ele>2842.0</ele></trkpt><trkpt lat="37.6301289" lon="-107.820284"><ele>2841.927359289024</ele></trkpt><trkpt lat="37.6301508" lon="-107.8202827"><ele>2841.0</ele></trkpt><trkpt lat="37.6301727" lon="-107.8202815"><ele>2840.9121467248206</ele></trkpt><trkpt lat="37.6301958" lon="-107.820285"><ele>2840.1716263165745</ele></trkpt><trkpt lat="37.6302189" lon="-107.8202886"><ele>2840.0</ele></trkpt><trkpt lat="37.6302422" lon="-107.820295"><ele>2840.0</ele></trkpt><trkpt lat="37.6302655" lon="-107.8203014"><ele>2840.0</ele></trkpt><trkpt lat="37.6302887" lon="-107.820307"><ele>2839.999778348214</ele></trkpt><trkpt lat="37.630312" lon="-107.8203127"><ele>2839.5136545178957</ele></trkpt><trkpt lat="37.630334" lon="-107.8203152"><ele>2839.016713817751</ele></trkpt><trkpt lat="37.630356" lon="-107.8203177"><ele>2839.0</ele></trkpt><trkpt lat="37.6303762" lon="-107.820315"><ele>2838.724058885501</ele></trkpt><trkpt lat="37.6303965" lon="-107.8203123"><ele>2838.246234879829</ele></trkpt><trkpt lat="37.6304142" lon="-107.820304"><ele>2838.0</ele></trkpt><trkpt lat="37.6304319" lon="-107.8202958"><ele>2838.0</ele></trkpt><trkpt lat="37.6304472" lon="-107.8202824"><ele>2837.3262357997046</ele></trkpt><trkpt lat="37.6304625" lon="-107.8202691"><ele>2837.0</ele></trkpt><trkpt lat="37.6304751" lon="-107.8202513"><ele>2836.4034288353287</ele></trkpt><trkpt lat="37.6304878" lon="-107.8202336"><ele>2836.0</ele></trkpt><trkpt lat="37.6304975" lon="-107.8202124"><ele>2835.5905574406497</ele></trkpt><trkpt lat="37.6305073" lon="-107.8201913"><ele>2834.667733042616</ele></trkpt><trkpt lat="37.6305136" lon="-107.8201684"><ele>2834.2833833500526</ele></trkpt><trkpt lat="37.6305199" lon="-107.8201456"><ele>2833.4774518050253</ele></trkpt><trkpt lat="37.6305228" lon="-107.8201223"><ele>2833.0259046730253</ele></trkpt><trkpt lat="37.6305258" lon="-107.8200991"><ele>2833.0</ele></trkpt><trkpt lat="37.630526" lon="-107.8200762"><ele>2832.435756152552</ele></trkpt><trkpt lat="37.6305262" lon="-107.8200534"><ele>2832.048085838793</ele></trkpt><trkpt lat="37.6305239" lon="-107.820031"><ele>2832.0</ele></trkpt><trkpt lat="37.6305216" lon="-107.8200087"><ele>2831.097014535385</ele></trkpt><trkpt lat="37.6305177" lon="-107.8199862"><ele>2830.777475428409</ele></trkpt><trkpt lat="37.6305138" lon="-107.8199637"><ele>2830.0001595614194</ele></trkpt><trkpt lat="37.6305026" lon="-107.8199177"><ele>2829.0</ele></trkpt><trkpt lat="37.6304935" lon="-107.8198966"><ele>2828.916570821226</ele></trkpt><trkpt lat="37.6304844" lon="-107.8198756"><ele>2828.0</ele></trkpt><trkpt lat="37.6304719" lon="-107.8198586"><ele>2828.0</ele></trkpt><trkpt lat="37.6304594" lon="-107.8198416"><ele>2827.541416657801</ele></trkpt><trkpt lat="37.6304439" lon="-107.8198291"><ele>2827.0</ele></trkpt><trkpt lat="37.6304285" lon="-107.8198167"><ele>2826.589295464931</ele></trkpt><trkpt lat="37.6304095" lon="-107.8198094"><ele>2826.0</ele></trkpt><trkpt lat="37.6303906" lon="-107.8198021"><ele>2825.6214337776782</ele></trkpt><trkpt lat="37.6303689" lon="-107.8197978"><ele>2825.0026534937006</ele></trkpt><trkpt lat="37.6303473" lon="-107.8197936"><ele>2825.0</ele></trkpt><trkpt lat="37.6303248" lon="-107.8197882"><ele>2824.8954860946233</ele></trkpt><trkpt lat="37.6303023" lon="-107.8197828"><ele>2824.0517247078674</ele></trkpt><trkpt lat="37.6302808" lon="-107.8197733"><ele>2824.0</ele></trkpt><trkpt lat="37.6302594" lon="-107.8197638"><ele>2823.684282168746</ele></trkpt><trkpt lat="37.6302394" lon="-107.8197505"><ele>2823.025101552537</ele></trkpt><trkpt lat="37.6302195" lon="-107.8197372"><ele>2823.0</ele></trkpt><trkpt lat="37.6302004" lon="-107.8197212"><ele>2822.727416601145</ele></trkpt><trkpt lat="37.6301813" lon="-107.8197053"><ele>2822.0</ele></trkpt><trkpt lat="37.6301628" lon="-107.8196879"><ele>2822.0173708273956</ele></trkpt><trkpt lat="37.6301444" lon="-107.8196705"><ele>2822.0</ele></trkpt><trkpt lat="37.6301264" lon="-107.8196523"><ele>2822.0</ele></trkpt><trkpt lat="37.6301085" lon="-107.8196341"><ele>2822.0</ele></trkpt><trkpt lat="37.6300907" lon="-107.8196175"><ele>2822.0</ele></trkpt><trkpt lat="37.6300729" lon="-107.819601"><ele>2821.631442015363</ele></trkpt><trkpt lat="37.6300535" lon="-107.8195891"><ele>2821.0</ele></trkpt><trkpt lat="37.6300341" lon="-107.8195773"><ele>2821.0</ele></trkpt><trkpt lat="37.6300126" lon="-107.81957"><ele>2821.0</ele></trkpt><trkpt lat="37.6299912" lon="-107.8195627"><ele>2821.0</ele></trkpt><trkpt lat="37.6299686" lon="-107.8195592"><ele>2821.0</ele></trkpt><trkpt lat="37.6299461" lon="-107.8195558"><ele>2820.1382265704574</ele></trkpt><trkpt lat="37.6299229" lon="-107.8195552"><ele>2820.0</ele></trkpt><trkpt lat="37.6298997" lon="-107.8195547"><ele>2820.0</ele></trkpt><trkpt lat="37.6298765" lon="-107.819558"><ele>2820.0</ele></trkpt><trkpt lat="37.6298534" lon="-107.8195614"><ele>2819.5052832605734</ele></trkpt><trkpt lat="37.6298314" lon="-107.8195702"><ele>2819.0</ele></trkpt><trkpt lat="37.6298094" lon="-107.8195791"><ele>2819.0</ele></trkpt><trkpt lat="37.6297881" lon="-107.8195922"><ele>2818.832733420655</ele></trkpt><trkpt lat="37.6297668" lon="-107.8196054"><ele>2818.0</ele></trkpt><trkpt lat="37.6297459" lon="-107.8196193"><ele>2818.0</ele></trkpt><trkpt lat="37.6297251" lon="-107.8196333"><ele>2818.0</ele></trkpt><trkpt lat="37.629705" lon="-107.8196476"><ele>2818.0</ele></trkpt><trkpt lat="37.629685" lon="-107.819662"><ele>2818.0</ele></trkpt><trkpt lat="37.6296647" lon="-107.8196742"><ele>2818.0</ele></trkpt><trkpt lat="37.6296444" lon="-107.8196865"><ele>2818.0</ele></trkpt><trkpt lat="37.6296231" lon="-107.8196944"><ele>2817.5178591091617</ele></trkpt><trkpt lat="37.6296019" lon="-107.8197024"><ele>2817.0</ele></trkpt><trkpt lat="37.62958" lon="-107.8197057"><ele>2817.0</ele></trkpt><trkpt lat="37.6295582" lon="-107.819709"><ele>2817.0</ele></trkpt><trkpt lat="37.6295363" lon="-107.8197086"><ele>2817.0</ele></trkpt><trkpt lat="37.6295144" lon="-107.8197083"><ele>2816.0</ele></trkpt><trkpt lat="37.6294722" lon="-107.8197017"><ele>2815.192598912947</ele></trkpt><trkpt lat="37.6294521" lon="-107.8196961"><ele>2815.0</ele></trkpt><trkpt lat="37.6294321" lon="-107.8196905"><ele>2815.0</ele></trkpt><trkpt lat="37.6294124" lon="-107.8196826"><ele>2815.0</ele></trkpt><trkpt lat="37.6293928" lon="-107.8196748"><ele>2814.801417463759</ele></trkpt><trkpt lat="37.6293724" lon="-107.8196648"><ele>2814.070547768846</ele></trkpt><trkpt lat="37.629352" lon="-107.8196549"><ele>2814.0</ele></trkpt><trkpt lat="37.629331" lon="-107.8196432"><ele>2814.0</ele></trkpt><trkpt lat="37.6293101" lon="-107.8196316"><ele>2813.523315626662</ele></trkpt><trkpt lat="37.6292898" lon="-107.8196188"><ele>2813.0</ele></trkpt><trkpt lat="37.6292696" lon="-107.819606"><ele>2813.0</ele></trkpt><trkpt lat="37.6292499" lon="-107.8195924"><ele>2812.745826725387</ele></trkpt><trkpt lat="37.6292303" lon="-107.8195789"><ele>2812.067317618057</ele></trkpt><trkpt lat="37.6292116" lon="-107.8195638"><ele>2812.0</ele></trkpt><trkpt lat="37.6291929" lon="-107.8195488"><ele>2811.5372968989927</ele></trkpt><trkpt lat="37.6291747" lon="-107.8195327"><ele>2811.0</ele></trkpt><trkpt lat="37.6291565" lon="-107.8195167"><ele>2811.0</ele></trkpt><trkpt lat="37.6291383" lon="-107.8195012"><ele>2810.776063673865</ele></trkpt><trkpt lat="37.6291201" lon="-107.8194857"><ele>2810.0</ele></trkpt><trkpt lat="37.6291018" lon="-107.8194713"><ele>2810.0</ele></trkpt><trkpt lat="37.6290835" lon="-107.819457"><ele>2809.386365866754</ele></trkpt><trkpt lat="37.6290658" lon="-107.8194432"><ele>2809.0</ele></trkpt><trkpt lat="37.6290482" lon="-107.8194294"><ele>2809.0</ele></trkpt><trkpt lat="37.6290315" lon="-107.8194155"><ele>2808.140698663178</ele></trkpt><trkpt lat="37.6290148" lon="-107.8194017"><ele>2808.0</ele></trkpt><trkpt lat="37.6289989" lon="-107.8193895"><ele>2808.0</ele></trkpt><trkpt lat="37.6289831" lon="-107.8193773"><ele>2808.0</ele></trkpt><trkpt lat="37.628971" lon="-107.8193636"><ele>2807.7593584749825</ele></trkpt><trkpt lat="37.628959" lon="-107.81935"><ele>2807.0179354209386</ele></trkpt><trkpt lat="37.6289561" lon="-107.8193318"><ele>2807.0</ele></trkpt><trkpt lat="37.6289533" lon="-107.8193136"><ele>2806.7034414941445</ele></trkpt><trkpt lat="37.6289606" lon="-107.8192937"><ele>2805.7760342755355</ele></trkpt><trkpt lat="37.628968" lon="-107.8192739"><ele>2805.0</ele></trkpt><trkpt lat="37.6289829" lon="-107.8192563"><ele>2805.0</ele></trkpt><trkpt lat="37.6289978" lon="-107.8192388"><ele>2804.1461637252705</ele></trkpt><trkpt lat="37.6290167" lon="-107.8192253"><ele>2804.0</ele></trkpt><trkpt lat="37.6290357" lon="-107.8192119"><ele>2803.441798651591</ele></trkpt><trkpt lat="37.6290569" lon="-107.8192021"><ele>2803.0</ele></trkpt><trkpt lat="37.6290782" lon="-107.8191923"><ele>2802.943903807736</ele></trkpt><trkpt lat="37.6290994" lon="-107.8191847"><ele>2802.0</ele></trkpt><trkpt lat="37.6291206" lon="-107.8191772"><ele>2801.638049246082</ele></trkpt><trkpt lat="37.6291415" lon="-107.8191707"><ele>2801.0094686942</ele></trkpt><trkpt lat="37.6291624" lon="-107.8191643"><ele>2801.0</ele></trkpt><trkpt lat="37.6291829" lon="-107.8191592"><ele>2800.891702667017</ele></trkpt><trkpt lat="37.6292035" lon="-107.8191541"><ele>2800.270202738233</ele></trkpt><trkpt lat="37.6292244" lon="-107.8191491"><ele>2800.0371858491562</ele></trkpt><trkpt lat="37.6292454" lon="-107.8191441"><ele>2800.0</ele></trkpt><trkpt lat="37.6292664" lon="-107.8191385"><ele>2799.543190044351</ele></trkpt><trkpt lat="37.6292874" lon="-107.819133"><ele>2799.2868714667857</ele></trkpt><trkpt lat="37.6293288" lon="-107.8191196"><ele>2799.0</ele></trkpt><trkpt lat="37.629349" lon="-107.8191114"><ele>2799.0</ele></trkpt><trkpt lat="37.6293693" lon="-107.8191032"><ele>2798.0</ele></trkpt><trkpt lat="37.6293892" lon="-107.8190944"><ele>2798.0</ele></trkpt><trkpt lat="37.6294092" lon="-107.8190856"><ele>2798.0</ele></trkpt><trkpt lat="37.6294282" lon="-107.8190758"><ele>2797.2145634029566</ele></trkpt><trkpt lat="37.6294473" lon="-107.8190661"><ele>2797.0</ele></trkpt><trkpt lat="37.629465" lon="-107.8190553"><ele>2797.0</ele></trkpt><trkpt lat="37.6294827" lon="-107.8190446"><ele>2796.2824038630847</ele></trkpt><trkpt lat="37.6294989" lon="-107.8190323"><ele>2796.0</ele></trkpt><trkpt lat="37.6295152" lon="-107.8190201"><ele>2795.245579216758</ele></trkpt><trkpt lat="37.62953" lon="-107.8190065"><ele>2795.0</ele></trkpt><trkpt lat="37.6295448" lon="-107.818993"><ele>2794.762398577761</ele></trkpt><trkpt lat="37.6295557" lon="-107.8189767"><ele>2794.002328969416</ele></trkpt><trkpt lat="37.6295667" lon="-107.8189605"><ele>2794.0</ele></trkpt><trkpt lat="37.6295715" lon="-107.8189421"><ele>2793.356336062505</ele></trkpt><trkpt lat="37.6295763" lon="-107.8189238"><ele>2793.0</ele></trkpt><trkpt lat="37.6295755" lon="-107.8189038"><ele>2793.0</ele></trkpt><trkpt lat="37.6295748" lon="-107.8188838"><ele>2792.6733097243123</ele></trkpt><trkpt lat="37.6295714" lon="-107.8188634"><ele>2791.722600818146</ele></trkpt><trkpt lat="37.629568" lon="-107.8188431"><ele>2790.7765522482805</ele></trkpt><trkpt lat="37.6295596" lon="-107.8188029"><ele>2789.9030964616686</ele></trkpt><trkpt lat="37.6295554" lon="-107.8187829"><ele>2789.0</ele></trkpt><trkpt lat="37.6295512" lon="-107.818763"><ele>2788.897136711117</ele></trkpt><trkpt lat="37.6295472" lon="-107.8187431"><ele>2788.0763606845308</ele></trkpt><trkpt lat="37.6295432" lon="-107.8187232"><ele>2787.188807253726</ele></trkpt><trkpt lat="37.6295392" lon="-107.8187032"><ele>2786.2567396978848</ele></trkpt><trkpt lat="37.6295352" lon="-107.8186832"><ele>2786.0</ele></trkpt><trkpt lat="37.6295312" lon="-107.8186625"><ele>2785.3599822227843</ele></trkpt><trkpt lat="37.6295272" lon="-107.8186419"><ele>2784.6880814517826</ele></trkpt><trkpt lat="37.6295238" lon="-107.8186201"><ele>2784.107560230835</ele></trkpt><trkpt lat="37.6295205" lon="-107.8185983"><ele>2783.422342065414</ele></trkpt><trkpt lat="37.629519" lon="-107.8185756"><ele>2783.0</ele></trkpt><trkpt lat="37.6295176" lon="-107.8185529"><ele>2782.2522520176135</ele></trkpt><trkpt lat="37.6295178" lon="-107.8185294"><ele>2782.0</ele></trkpt><trkpt lat="37.6295181" lon="-107.8185059"><ele>2781.0618932629004</ele></trkpt><trkpt lat="37.6295195" lon="-107.8184821"><ele>2780.9527328712866</ele></trkpt><trkpt lat="37.629521" lon="-107.8184583"><ele>2780.0</ele></trkpt><trkpt lat="37.6295237" lon="-107.8184343"><ele>2779.725091413595</ele></trkpt><trkpt lat="37.6295264" lon="-107.8184104"><ele>2779.0</ele></trkpt><trkpt lat="37.6295304" lon="-107.8183862"><ele>2779.0</ele></trkpt><trkpt lat="37.6295344" lon="-107.8183621"><ele>2778.360327537637</ele></trkpt><trkpt lat="37.6295391" lon="-107.8183372"><ele>2778.036067851572</ele></trkpt><trkpt lat="37.6295439" lon="-107.8183123"><ele>2777.484085156999</ele></trkpt><trkpt lat="37.6295484" lon="-107.818287"><ele>2777.0</ele></trkpt><trkpt lat="37.6295529" lon="-107.8182617"><ele>2776.681348409038</ele></trkpt><trkpt lat="37.6295569" lon="-107.8182361"><ele>2776.1112638646196</ele></trkpt><trkpt lat="37.6295609" lon="-107.8182105"><ele>2776.0</ele></trkpt><trkpt lat="37.6295639" lon="-107.8181854"><ele>2776.0</ele></trkpt><trkpt lat="37.629567" lon="-107.8181604"><ele>2775.0</ele></trkpt><trkpt lat="37.6295695" lon="-107.818135"><ele>2775.0</ele></trkpt><trkpt lat="37.6295721" lon="-107.8181097"><ele>2774.5976349865086</ele></trkpt><trkpt lat="37.6295738" lon="-107.8180842"><ele>2774.0</ele></trkpt><trkpt lat="37.6295755" lon="-107.8180587"><ele>2774.0</ele></trkpt><trkpt lat="37.6295755" lon="-107.8180338"><ele>2773.0604386129417</ele></trkpt><trkpt lat="37.6295756" lon="-107.818009"><ele>2772.935965464501</ele></trkpt><trkpt lat="37.6295748" lon="-107.8179852"><ele>2772.2236794258624</ele></trkpt><trkpt lat="37.629574" lon="-107.8179614"><ele>2772.0</ele></trkpt><trkpt lat="37.629576" lon="-107.8179381"><ele>2772.0</ele></trkpt><trkpt lat="37.6295781" lon="-107.8179148"><ele>2771.5146366576664</ele></trkpt><trkpt lat="37.6295837" lon="-107.8178919"><ele>2771.0</ele></trkpt><trkpt lat="37.6295894" lon="-107.817869"><ele>2771.0</ele></trkpt><trkpt lat="37.629597" lon="-107.8178463"><ele>2770.3223052802496</ele></trkpt><trkpt lat="37.6296046" lon="-107.8178237"><ele>2770.0</ele></trkpt><trkpt lat="37.6296126" lon="-107.8178007"><ele>2770.0</ele></trkpt><trkpt lat="37.6296206" lon="-107.8177778"><ele>2769.129973902367</ele></trkpt><trkpt lat="37.6296281" lon="-107.8177546"><ele>2769.0</ele></trkpt><trkpt lat="37.6296357" lon="-107.8177315"><ele>2768.0</ele></trkpt><trkpt lat="37.6296413" lon="-107.8177084"><ele>2768.0</ele></trkpt><trkpt lat="37.629647" lon="-107.8176854"><ele>2768.0</ele></trkpt><trkpt lat="37.6296504" lon="-107.8176627"><ele>2767.765925119631</ele></trkpt><trkpt lat="37.6296538" lon="-107.8176401"><ele>2767.0</ele></trkpt><trkpt lat="37.6296553" lon="-107.8176176"><ele>2766.664112783037</ele></trkpt><trkpt lat="37.6296568" lon="-107.8175952"><ele>2766.0</ele></trkpt><trkpt lat="37.6296582" lon="-107.817552"><ele>2765.0</ele></trkpt><trkpt lat="37.6296596" lon="-107.8175306"><ele>2765.0</ele></trkpt><trkpt lat="37.6296611" lon="-107.8175092"><ele>2764.612306631636</ele></trkpt><trkpt lat="37.6296634" lon="-107.8174873"><ele>2764.0</ele></trkpt><trkpt lat="37.6296658" lon="-107.8174655"><ele>2763.5757390218787</ele></trkpt><trkpt lat="37.6296694" lon="-107.8174432"><ele>2763.0</ele></trkpt><trkpt lat="37.6296731" lon="-107.8174209"><ele>2762.4972283737734</ele></trkpt><trkpt lat="37.6296774" lon="-107.8173981"><ele>2762.0</ele></trkpt><trkpt lat="37.6296817" lon="-107.8173753"><ele>2761.3721143468283</ele></trkpt><trkpt lat="37.6296848" lon="-107.8173517"><ele>2761.0</ele></trkpt><trkpt lat="37.6296879" lon="-107.8173281"><ele>2761.0</ele></trkpt><trkpt lat="37.6296898" lon="-107.8173037"><ele>2760.0353124975227</ele></trkpt><trkpt lat="37.6296918" lon="-107.8172794"><ele>2759.9028504183516</ele></trkpt><trkpt lat="37.6296932" lon="-107.8172553"><ele>2759.0</ele></trkpt><trkpt lat="37.6296946" lon="-107.8172313"><ele>2758.661227947101</ele></trkpt><trkpt lat="37.6296955" lon="-107.8172075"><ele>2758.0</ele></trkpt><trkpt lat="37.6296964" lon="-107.8171838"><ele>2758.0</ele></trkpt><trkpt lat="37.6296962" lon="-107.8171368"><ele>2757.0</ele></trkpt><trkpt lat="37.6296951" lon="-107.8171132"><ele>2756.1573690306395</ele></trkpt><trkpt lat="37.6296941" lon="-107.8170896"><ele>2756.0</ele></trkpt><trkpt lat="37.6296922" lon="-107.8170652"><ele>2755.0</ele></trkpt><trkpt lat="37.6296904" lon="-107.8170408"><ele>2755.0</ele></trkpt><trkpt lat="37.6296873" lon="-107.8170162"><ele>2754.6368413870223</ele></trkpt><trkpt lat="37.6296842" lon="-107.8169917"><ele>2754.0</ele></trkpt><trkpt lat="37.6296795" lon="-107.8169655"><ele>2754.0</ele></trkpt><trkpt lat="37.6296749" lon="-107.8169393"><ele>2753.053041635547</ele></trkpt><trkpt lat="37.6296672" lon="-107.8169134"><ele>2753.0</ele></trkpt><trkpt lat="37.6296596" lon="-107.8168876"><ele>2753.0</ele></trkpt><trkpt lat="37.6296488" lon="-107.816864"><ele>2753.0</ele></trkpt><trkpt lat="37.6296381" lon="-107.8168404"><ele>2752.4439675733447</ele></trkpt><trkpt lat="37.6296248" lon="-107.8168191"><ele>2752.0</ele></trkpt><trkpt lat="37.6296115" lon="-107.8167979"><ele>2752.0</ele></trkpt><trkpt lat="37.6295971" lon="-107.8167779"><ele>2752.0</ele></trkpt><trkpt lat="37.6295827" lon="-107.816758"><ele>2751.603849244304</ele></trkpt><trkpt lat="37.6295721" lon="-107.8167362"><ele>2751.0</ele></trkpt><trkpt lat="37.6295615" lon="-107.8167145"><ele>2750.5766023113392</ele></trkpt><trkpt lat="37.6295577" lon="-107.8166891"><ele>2750.0</ele></trkpt><trkpt lat="37.629554" lon="-107.8166638"><ele>2750.0</ele></trkpt><trkpt lat="37.6295568" lon="-107.8166372"><ele>2749.7579224654596</ele></trkpt><trkpt lat="37.6295597" lon="-107.8166106"><ele>2749.0</ele></trkpt><trkpt lat="37.6295668" lon="-107.8165844"><ele>2749.0</ele></trkpt><trkpt lat="37.6295739" lon="-107.8165582"><ele>2748.225742548586</ele></trkpt><trkpt lat="37.629582" lon="-107.816533"><ele>2748.0</ele></trkpt><trkpt lat="37.6295902" lon="-107.8165079"><ele>2748.0</ele></trkpt><trkpt lat="37.6295974" lon="-107.8164836"><ele>2747.815882381983</ele></trkpt><trkpt lat="37.6296047" lon="-107.8164594"><ele>2747.0</ele></trkpt><trkpt lat="37.629612" lon="-107.8164364"><ele>2747.0</ele></trkpt><trkpt lat="37.6296193" lon="-107.8164135"><ele>2746.54898559954</ele></trkpt><trkpt lat="37.6296283" lon="-107.8163922"><ele>2746.0</ele></trkpt><trkpt lat="37.6296374" lon="-107.8163709"><ele>2745.563681706786</ele></trkpt><trkpt lat="37.629648" lon="-107.81635"><ele>2745.0</ele></trkpt><trkpt lat="37.6296587" lon="-107.8163292"><ele>2744.6203208537772</ele></trkpt><trkpt lat="37.6296833" lon="-107.8162876"><ele>2744.0</ele></trkpt><trkpt lat="37.6296966" lon="-107.8162664"><ele>2744.0</ele></trkpt><trkpt lat="37.62971" lon="-107.8162452"><ele>2743.705637120176</ele></trkpt><trkpt lat="37.6297242" lon="-107.8162242"><ele>2743.0</ele></trkpt><trkpt lat="37.6297384" lon="-107.8162033"><ele>2742.752955591306</ele></trkpt><trkpt lat="37.6297521" lon="-107.8161823"><ele>2742.0</ele></trkpt><trkpt lat="37.6297658" lon="-107.8161614"><ele>2742.0</ele></trkpt><trkpt lat="37.6297785" lon="-107.81614"><ele>2741.8029617783614</ele></trkpt><trkpt lat="37.6297913" lon="-107.8161187"><ele>2741.0</ele></trkpt><trkpt lat="37.6298026" lon="-107.816097"><ele>2741.0</ele></trkpt><trkpt lat="37.629814" lon="-107.8160754"><ele>2740.7923835739493</ele></trkpt><trkpt lat="37.6298244" lon="-107.8160545"><ele>2740.0</ele></trkpt><trkpt lat="37.6298348" lon="-107.8160336"><ele>2740.0</ele></trkpt><trkpt lat="37.6298442" lon="-107.8160127"><ele>2740.0</ele></trkpt><trkpt lat="37.6298536" lon="-107.8159918"><ele>2739.8963411916047</ele></trkpt><trkpt lat="37.6298625" lon="-107.8159701"><ele>2739.18655187885</ele></trkpt><trkpt lat="37.6298715" lon="-107.8159485"><ele>2739.0</ele></trkpt><trkpt lat="37.62988" lon="-107.8159258"><ele>2738.8636953140795</ele></trkpt><trkpt lat="37.6298885" lon="-107.8159032"><ele>2738.5683608691565</ele></trkpt><trkpt lat="37.6298966" lon="-107.8158797"><ele>2738.0</ele></trkpt><trkpt lat="37.6299047" lon="-107.8158563"><ele>2738.0</ele></trkpt><trkpt lat="37.6299139" lon="-107.8158335"><ele>2738.0</ele></trkpt><trkpt lat="37.6299232" lon="-107.8158107"><ele>2737.881869247984</ele></trkpt><trkpt lat="37.6299344" lon="-107.8157888"><ele>2737.685050686525</ele></trkpt><trkpt lat="37.6299457" lon="-107.8157669"><ele>2737.415241528768</ele></trkpt><trkpt lat="37.6299583" lon="-107.815746"><ele>2737.0</ele></trkpt><trkpt lat="37.6299709" lon="-107.8157251"><ele>2737.0</ele></trkpt><trkpt lat="37.6299834" lon="-107.8157045"><ele>2737.0</ele></trkpt><trkpt lat="37.629996" lon="-107.815684"><ele>2736.515089656941</ele></trkpt><trkpt lat="37.6300064" lon="-107.8156635"><ele>2736.0</ele></trkpt><trkpt lat="37.6300169" lon="-107.815643"><ele>2736.0</ele></trkpt><trkpt lat="37.6300248" lon="-107.8156205"><ele>2736.0</ele></trkpt><trkpt lat="37.6300328" lon="-107.815598"><ele>2735.5439310218208</ele></trkpt><trkpt lat="37.6300359" lon="-107.8155716"><ele>2735.0</ele></trkpt><trkpt lat="37.6300391" lon="-107.8155453"><ele>2735.0</ele></trkpt><trkpt lat="37.6300362" lon="-107.8155159"><ele>2734.0</ele></trkpt><trkpt lat="37.6300333" lon="-107.8154865"><ele>2734.0</ele></trkpt><trkpt lat="37.6300177" lon="-107.8154263"><ele>2733.0</ele></trkpt><trkpt lat="37.6300057" lon="-107.8153971"><ele>2733.0</ele></trkpt><trkpt lat="37.6299938" lon="-107.8153679"><ele>2733.0</ele></trkpt><trkpt lat="37.6299796" lon="-107.8153411"><ele>2733.0</ele></trkpt><trkpt lat="37.6299655" lon="-107.8153143"><ele>2733.0</ele></trkpt><trkpt lat="37.6299501" lon="-107.8152895"><ele>2733.0</ele></trkpt><trkpt lat="37.6299348" lon="-107.8152648"><ele>2733.0</ele></trkpt><trkpt lat="37.6299192" lon="-107.8152419"><ele>2733.0</ele></trkpt><trkpt lat="37.6299037" lon="-107.815219"><ele>2733.0</ele></trkpt><trkpt lat="37.6298887" lon="-107.8151974"><ele>2733.0</ele></trkpt><trkpt lat="37.6298737" lon="-107.8151759"><ele>2733.0</ele></trkpt><trkpt lat="37.6298598" lon="-107.8151546"><ele>2733.0</ele></trkpt><trkpt lat="37.6298459" lon="-107.8151334"><ele>2733.0</ele></trkpt><trkpt lat="37.6298193" lon="-107.8150898"><ele>2732.0</ele></trkpt><trkpt lat="37.6298061" lon="-107.8150672"><ele>2732.0</ele></trkpt><trkpt lat="37.6297929" lon="-107.8150447"><ele>2731.758282097988</ele></trkpt><trkpt lat="37.6297788" lon="-107.815021"><ele>2731.0</ele></trkpt><trkpt lat="37.6297647" lon="-107.8149973"><ele>2731.0</ele></trkpt><trkpt lat="37.6297493" lon="-107.8149735"><ele>2730.241872986757</ele></trkpt><trkpt lat="37.6297339" lon="-107.8149498"><ele>2730.0</ele></trkpt><trkpt lat="37.6297176" lon="-107.814928"><ele>2730.0</ele></trkpt><trkpt lat="37.6297014" lon="-107.8149062"><ele>2730.0</ele></trkpt><trkpt lat="37.629684" lon="-107.8148865"><ele>2730.0</ele></trkpt><trkpt lat="37.6296666" lon="-107.8148668"><ele>2730.0</ele></trkpt><trkpt lat="37.6296488" lon="-107.8148481"><ele>2730.0</ele></trkpt><trkpt lat="37.629631" lon="-107.8148295"><ele>2730.0</ele></trkpt><trkpt lat="37.629613" lon="-107.814811"><ele>2730.0</ele></trkpt><trkpt lat="37.629595" lon="-107.8147925"><ele>2730.0</ele></trkpt><trkpt lat="37.629577" lon="-107.8147732"><ele>2730.0</ele></trkpt><trkpt lat="37.6295591" lon="-107.8147539"><ele>2730.0</ele></trkpt><trkpt lat="37.6295416" lon="-107.814734"><ele>2730.0</ele></trkpt><trkpt lat="37.6295241" lon="-107.8147142"><ele>2729.1059621713675</ele></trkpt><trkpt lat="37.6295068" lon="-107.8146952"><ele>2729.0</ele></trkpt><trkpt lat="37.6294896" lon="-107.8146762"><ele>2729.0</ele></trkpt><trkpt lat="37.6294721" lon="-107.814659"><ele>2729.0</ele></trkpt><trkpt lat="37.6294546" lon="-107.8146419"><ele>2729.0</ele></trkpt><trkpt lat="37.629437" lon="-107.8146257"><ele>2729.0</ele></trkpt><trkpt lat="37.6294194" lon="-107.8146096"><ele>2729.0</ele></trkpt><trkpt lat="37.6294017" lon="-107.8145938"><ele>2729.0</ele></trkpt><trkpt lat="37.6293841" lon="-107.814578"><ele>2729.0</ele></trkpt><trkpt lat="37.629367" lon="-107.8145616"><ele>2729.0</ele></trkpt><trkpt lat="37.6293499" lon="-107.8145453"><ele>2729.0</ele></trkpt><trkpt lat="37.6293331" lon="-107.8145284"><ele>2729.0</ele></trkpt><trkpt lat="37.6293164" lon="-107.8145116"><ele>2729.0</ele></trkpt><trkpt lat="37.6292997" lon="-107.8144943"><ele>2728.1908250338115</ele></trkpt><trkpt lat="37.629283" lon="-107.814477"><ele>2728.0</ele></trkpt><trkpt lat="37.6292666" lon="-107.8144593"><ele>2728.0</ele></trkpt><trkpt lat="37.6292503" lon="-107.8144416"><ele>2728.0</ele></trkpt><trkpt lat="37.6292354" lon="-107.8144238"><ele>2728.0</ele></trkpt><trkpt lat="37.6292205" lon="-107.8144061"><ele>2727.9973650490865</ele></trkpt><trkpt lat="37.6292086" lon="-107.814387"><ele>2727.0785386458983</ele></trkpt><trkpt lat="37.6291968" lon="-107.8143679"><ele>2726.2468637766488</ele></trkpt><trkpt lat="37.6291808" lon="-107.8143247"><ele>2726.0</ele></trkpt><trkpt lat="37.6291748" lon="-107.8143017"><ele>2725.131972409319</ele></trkpt><trkpt lat="37.6291688" lon="-107.8142788"><ele>2725.0</ele></trkpt><trkpt lat="37.6291624" lon="-107.8142568"><ele>2724.0526940104965</ele></trkpt><trkpt lat="37.629156" lon="-107.8142348"><ele>2724.0</ele></trkpt><trkpt lat="37.6291497" lon="-107.8142129"><ele>2723.264727781149</ele></trkpt><trkpt lat="37.6291434" lon="-107.8141911"><ele>2722.997668099331</ele></trkpt><trkpt lat="37.6291367" lon="-107.8141687"><ele>2722.468225232691</ele></trkpt><trkpt lat="37.6291301" lon="-107.8141463"><ele>2722.0</ele></trkpt><trkpt lat="37.6291232" lon="-107.8141238"><ele>2722.0</ele></trkpt><trkpt lat="37.6291163" lon="-107.8141013"><ele>2721.792655502446</ele></trkpt><trkpt lat="37.6291095" lon="-107.8140783"><ele>2721.0</ele></trkpt><trkpt lat="37.6291027" lon="-107.8140554"><ele>2720.6535604628734</ele></trkpt><trkpt lat="37.6290957" lon="-107.8140319"><ele>2720.0</ele></trkpt><trkpt lat="37.6290887" lon="-107.8140085"><ele>2719.4678620449267</ele></trkpt><trkpt lat="37.6290757" lon="-107.8139597"><ele>2719.0</ele></trkpt><trkpt lat="37.6290689" lon="-107.8139335"><ele>2718.0</ele></trkpt><trkpt lat="37.6290621" lon="-107.8139073"><ele>2717.751600213349</ele></trkpt><trkpt lat="37.6290559" lon="-107.8138795"><ele>2717.0</ele></trkpt><trkpt lat="37.6290497" lon="-107.8138517"><ele>2717.0</ele></trkpt><trkpt lat="37.6290442" lon="-107.8138238"><ele>2717.139781831298</ele></trkpt><trkpt lat="37.6290388" lon="-107.813796"><ele>2719.4525257074692</ele></trkpt><trkpt lat="37.6290337" lon="-107.8137688"><ele>2721.7029676083475</ele></trkpt><trkpt lat="37.6290286" lon="-107.8137416"><ele>2720.058841031976</ele></trkpt><trkpt lat="37.6290244" lon="-107.8137126"><ele>2717.072359444906</ele></trkpt><trkpt lat="37.6290203" lon="-107.8136837"><ele>2717.0</ele></trkpt><trkpt lat="37.6290161" lon="-107.8136545"><ele>2717.0</ele></trkpt><trkpt lat="37.629012" lon="-107.8136253"><ele>2717.0</ele></trkpt><trkpt lat="37.6290062" lon="-107.813597"><ele>2717.0</ele></trkpt><trkpt lat="37.6290004" lon="-107.8135688"><ele>2717.0</ele></trkpt><trkpt lat="37.628995" lon="-107.8135408"><ele>2716.7250949767886</ele></trkpt><trkpt lat="37.6289896" lon="-107.8135128"><ele>2716.0</ele></trkpt><trkpt lat="37.6289851" lon="-107.8134844"><ele>2716.0</ele></trkpt><trkpt lat="37.6289807" lon="-107.813456"><ele>2716.0</ele></trkpt><trkpt lat="37.6289723" lon="-107.813398"><ele>2716.0</ele></trkpt><trkpt lat="37.6289701" lon="-107.8133692"><ele>2715.6980294715613</ele></trkpt><trkpt lat="37.628968" lon="-107.8133405"><ele>2715.193480370137</ele></trkpt><trkpt lat="37.6289688" lon="-107.8133121"><ele>2715.0</ele></trkpt><trkpt lat="37.6289696" lon="-107.8132837"><ele>2715.0</ele></trkpt><trkpt lat="37.6289734" lon="-107.8132581"><ele>2714.496687360108</ele></trkpt><trkpt lat="37.6289772" lon="-107.8132326"><ele>2714.0357081572665</ele></trkpt><trkpt lat="37.6289849" lon="-107.8132113"><ele>2713.6106580865344</ele></trkpt><trkpt lat="37.6289926" lon="-107.8131901"><ele>2713.0</ele></trkpt><trkpt lat="37.6290044" lon="-107.8131718"><ele>2712.623768000334</ele></trkpt><trkpt lat="37.6290163" lon="-107.8131536"><ele>2712.0</ele></trkpt><trkpt lat="37.6290335" lon="-107.8131375"><ele>2712.0</ele></trkpt><trkpt lat="37.6290508" lon="-107.8131215"><ele>2712.0</ele></trkpt><trkpt lat="37.6290723" lon="-107.8131087"><ele>2711.5341427200474</ele></trkpt><trkpt lat="37.6290939" lon="-107.8130959"><ele>2711.0</ele></trkpt><trkpt lat="37.6291164" lon="-107.813085"><ele>2710.8249438953853</ele></trkpt><trkpt lat="37.6291389" lon="-107.8130741"><ele>2710.0</ele></trkpt><trkpt lat="37.6291612" lon="-107.8130639"><ele>2710.0</ele></trkpt><trkpt lat="37.6291835" lon="-107.8130537"><ele>2709.0</ele></trkpt><trkpt lat="37.6292259" lon="-107.8130331"><ele>2708.010927360039</ele></trkpt><trkpt lat="37.629246" lon="-107.8130224"><ele>2708.0</ele></trkpt><trkpt lat="37.6292662" lon="-107.8130117"><ele>2708.0</ele></trkpt><trkpt lat="37.6292848" lon="-107.8129995"><ele>2707.348791571301</ele></trkpt><trkpt lat="37.6293035" lon="-107.8129874"><ele>2706.9623632627417</ele></trkpt><trkpt lat="37.6293192" lon="-107.8129723"><ele>2706.1774419914</ele></trkpt><trkpt lat="37.629335" lon="-107.8129573"><ele>2706.0</ele></trkpt><trkpt lat="37.6293452" lon="-107.8129373"><ele>2705.54632376926</ele></trkpt><trkpt lat="37.6293555" lon="-107.8129173"><ele>2705.0</ele></trkpt><trkpt lat="37.6293546" lon="-107.8128934"><ele>2704.5004354841076</ele></trkpt><trkpt lat="37.6293538" lon="-107.8128695"><ele>2704.0</ele></trkpt><trkpt lat="37.6293404" lon="-107.8128493"><ele>2704.0</ele></trkpt><trkpt lat="37.629327" lon="-107.8128292"><ele>2704.0</ele></trkpt><trkpt lat="37.6293062" lon="-107.8128152"><ele>2704.0</ele></trkpt><trkpt lat="37.6292855" lon="-107.8128012"><ele>2703.2574845980853</ele></trkpt><trkpt lat="37.629262" lon="-107.8127918"><ele>2703.0</ele></trkpt><trkpt lat="37.6292385" lon="-107.8127825"><ele>2703.0</ele></trkpt><trkpt lat="37.6292151" lon="-107.8127748"><ele>2702.138503139799</ele></trkpt><trkpt lat="37.6291917" lon="-107.8127672"><ele>2702.0</ele></trkpt><trkpt lat="37.6291698" lon="-107.8127578"><ele>2702.0</ele></trkpt><trkpt lat="37.629148" lon="-107.8127485"><ele>2701.7896043570813</ele></trkpt><trkpt lat="37.6291279" lon="-107.8127353"><ele>2701.1302736047196</ele></trkpt><trkpt lat="37.6291079" lon="-107.8127221"><ele>2701.0</ele></trkpt><trkpt lat="37.6290892" lon="-107.8127055"><ele>2701.0</ele></trkpt><trkpt lat="37.6290705" lon="-107.8126889"><ele>2700.970044728834</ele></trkpt><trkpt lat="37.6290538" lon="-107.812669"><ele>2700.042637511622</ele></trkpt><trkpt lat="37.6290372" lon="-107.8126492"><ele>2700.0</ele></trkpt><trkpt lat="37.6290231" lon="-107.8126273"><ele>2700.0</ele></trkpt><trkpt lat="37.629009" lon="-107.8126055"><ele>2699.0833230223507</ele></trkpt><trkpt lat="37.6289972" lon="-107.8125816"><ele>2699.0</ele></trkpt><trkpt lat="37.6289854" lon="-107.8125578"><ele>2698.8603419023566</ele></trkpt><trkpt lat="37.6289757" lon="-107.8125324"><ele>2698.0</ele></trkpt><trkpt lat="37.6289661" lon="-107.8125071"><ele>2698.0</ele></trkpt><trkpt lat="37.6289597" lon="-107.8124836"><ele>2698.0</ele></trkpt><trkpt lat="37.6289534" lon="-107.8124602"><ele>2698.0</ele></trkpt><trkpt lat="37.628949" lon="-107.812437"><ele>2697.23065386666</ele></trkpt><trkpt lat="37.6289447" lon="-107.8124138"><ele>2697.0</ele></trkpt><trkpt lat="37.6289375" lon="-107.8123644"><ele>2696.8472486399114</ele></trkpt><trkpt lat="37.6289336" lon="-107.8123378"><ele>2696.0</ele></trkpt><trkpt lat="37.6289297" lon="-107.8123112"><ele>2695.367948942352</ele></trkpt><trkpt lat="37.6289255" lon="-107.8122844"><ele>2695.0</ele></trkpt><trkpt lat="37.6289213" lon="-107.8122577"><ele>2695.0</ele></trkpt><trkpt lat="37.6289178" lon="-107.8122313"><ele>2694.6443390571512</ele></trkpt><trkpt lat="37.6289143" lon="-107.812205"><ele>2694.0</ele></trkpt><trkpt lat="37.6289113" lon="-107.8121795"><ele>2694.0</ele></trkpt><trkpt lat="37.6289083" lon="-107.812154"><ele>2693.0418979558162</ele></trkpt><trkpt lat="37.6289056" lon="-107.8121294"><ele>2693.0</ele></trkpt><trkpt lat="37.6289029" lon="-107.8121048"><ele>2692.7490117689595</ele></trkpt><trkpt lat="37.6288983" lon="-107.8120556"><ele>2691.456125581637</ele></trkpt><trkpt lat="37.6288962" lon="-107.8120309"><ele>2691.0</ele></trkpt><trkpt lat="37.6288942" lon="-107.8120063"><ele>2691.0</ele></trkpt><trkpt lat="37.6288924" lon="-107.8119806"><ele>2690.0</ele></trkpt><trkpt lat="37.6288907" lon="-107.8119549"><ele>2690.0</ele></trkpt><trkpt lat="37.6288886" lon="-107.8119276"><ele>2690.0</ele></trkpt><trkpt lat="37.6288866" lon="-107.8119004"><ele>2689.223281351384</ele></trkpt><trkpt lat="37.6288841" lon="-107.8118723"><ele>2689.0</ele></trkpt><trkpt lat="37.6288816" lon="-107.8118442"><ele>2689.0</ele></trkpt><trkpt lat="37.6288797" lon="-107.8118153"><ele>2688.257333902642</ele></trkpt><trkpt lat="37.6288778" lon="-107.8117864"><ele>2688.0</ele></trkpt><trkpt lat="37.6288778" lon="-107.8117578"><ele>2687.57763967989</ele></trkpt><trkpt lat="37.6288779" lon="-107.8117292"><ele>2687.0</ele></trkpt><trkpt lat="37.6288799" lon="-107.8117003"><ele>2687.0</ele></trkpt><trkpt lat="37.628882" lon="-107.8116715"><ele>2687.0</ele></trkpt><trkpt lat="37.6288846" lon="-107.8116421"><ele>2686.185628870968</ele></trkpt><trkpt lat="37.6288873" lon="-107.8116127"><ele>2686.0</ele></trkpt><trkpt lat="37.6288887" lon="-107.8115832"><ele>2686.0</ele></trkpt><trkpt lat="37.6288902" lon="-107.8115537"><ele>2686.0</ele></trkpt><trkpt lat="37.6288892" lon="-107.8115261"><ele>2686.0</ele></trkpt><trkpt lat="37.6288882" lon="-107.8114985"><ele>2686.0</ele></trkpt><trkpt lat="37.6288847" lon="-107.8114605"><ele>2685.0</ele></trkpt><trkpt lat="37.6288843" lon="-107.8114512"><ele>2685.0</ele></trkpt><trkpt lat="37.6288839" lon="-107.811442"><ele>2685.0</ele></trkpt><trkpt lat="37.6288818" lon="-107.8114251"><ele>2685.0</ele></trkpt><trkpt lat="37.6288797" lon="-107.8114082"><ele>2684.5557102910416</ele></trkpt><trkpt lat="37.6288762" lon="-107.8113819"><ele>2684.010256184813</ele></trkpt><trkpt lat="37.6288728" lon="-107.8113557"><ele>2683.8384214751422</ele></trkpt><trkpt lat="37.6288626" lon="-107.8112939"><ele>2683.0</ele></trkpt><trkpt lat="37.6288562" lon="-107.8112624"><ele>2682.9978065965447</ele></trkpt><trkpt lat="37.6288499" lon="-107.811231"><ele>2682.0168621133516</ele></trkpt><trkpt lat="37.6288437" lon="-107.811201"><ele>2682.0</ele></trkpt><trkpt lat="37.6288375" lon="-107.8111711"><ele>2682.0</ele></trkpt><trkpt lat="37.6288311" lon="-107.8111425"><ele>2682.0</ele></trkpt><trkpt lat="37.6288248" lon="-107.8111139"><ele>2682.0</ele></trkpt><trkpt lat="37.6288174" lon="-107.8110865"><ele>2682.0</ele></trkpt><trkpt lat="37.6288101" lon="-107.8110591"><ele>2682.0</ele></trkpt><trkpt lat="37.6288012" lon="-107.8110331"><ele>2682.0</ele></trkpt><trkpt lat="37.6287924" lon="-107.8110071"><ele>2681.592483982444</ele></trkpt><trkpt lat="37.6287801" lon="-107.8109842"><ele>2681.0</ele></trkpt><trkpt lat="37.6287679" lon="-107.8109614"><ele>2681.0</ele></trkpt><trkpt lat="37.6287507" lon="-107.8109435"><ele>2681.0</ele></trkpt><trkpt lat="37.6287335" lon="-107.8109256"><ele>2681.0</ele></trkpt><trkpt lat="37.628713" lon="-107.8109127"><ele>2681.0</ele></trkpt><trkpt lat="37.6286925" lon="-107.8108998"><ele>2681.0</ele></trkpt><trkpt lat="37.628671" lon="-107.8108902"><ele>2681.0</ele></trkpt><trkpt lat="37.6286496" lon="-107.8108806"><ele>2681.0</ele></trkpt><trkpt lat="37.6286271" lon="-107.8108741"><ele>2681.0</ele></trkpt><trkpt lat="37.6286046" lon="-107.8108677"><ele>2681.0</ele></trkpt><trkpt lat="37.6285828" lon="-107.8108614"><ele>2681.0</ele></trkpt><trkpt lat="37.6285611" lon="-107.8108551"><ele>2681.0</ele></trkpt><trkpt lat="37.6285417" lon="-107.8108447"><ele>2681.0</ele></trkpt><trkpt lat="37.6285224" lon="-107.8108343"><ele>2681.0</ele></trkpt><trkpt lat="37.6285062" lon="-107.8108187"><ele>2681.0</ele></trkpt><trkpt lat="37.6284901" lon="-107.8108031"><ele>2681.0</ele></trkpt><trkpt lat="37.62848147015112" lon="-107.81078523410253"><ele>2680.2389213508327</ele></trkpt><trkpt lat="37.62845066819136" lon="-107.81073695434026"><ele>2680.0</ele></trkpt><trkpt lat="37.6284336740012" lon="-107.8106739224284"><ele>2680.0</ele></trkpt><trkpt lat="37.62843154972715" lon="-107.8105813862174"><ele>2679.0076610501856</ele></trkpt><trkpt lat="37.62843898468605" lon="-107.81044593466214"><ele>2679.0</ele></trkpt><trkpt lat="37.628447481780995" lon="-107.81034669292859"><ele>2678.0</ele></trkpt><trkpt lat="37.62844429537051" lon="-107.8102943898528"><ele>2678.0</ele></trkpt><trkpt lat="37.62844321194485" lon="-107.81029161552283"><ele>2678.0</ele></trkpt><trkpt lat="37.628437" lon="-107.810292"><ele>2678.0</ele></trkpt><trkpt lat="37.628286" lon="-107.81026099999997"><ele>2678.0</ele></trkpt><trkpt lat="37.628164" lon="-107.81017500000002"><ele>2677.0</ele></trkpt><trkpt lat="37.62810744079627" lon="-107.81001869092788"><ele>2676.0</ele></trkpt><trkpt lat="37.62810930856594" lon="-107.81002695875048"><ele>2676.0</ele></trkpt><trkpt lat="37.6281074670716" lon="-107.8100220966478"><ele>2676.0</ele></trkpt><trkpt lat="37.628049041476004" lon="-107.8096486993891"><ele>2676.0</ele></trkpt><trkpt lat="37.628012153206335" lon="-107.80933034186828"><ele>2677.0</ele></trkpt><trkpt lat="37.628012" lon="-107.809328"><ele>2677.0</ele></trkpt><trkpt lat="37.62802" lon="-107.809212"><ele>2678.0</ele></trkpt><trkpt lat="37.628049" lon="-107.809077"><ele>2679.0</ele></trkpt><trkpt lat="37.628138" lon="-107.80894"><ele>2679.7413582215086</ele></trkpt><trkpt lat="37.628241" lon="-107.80883900000003"><ele>2680.0</ele></trkpt><trkpt lat="37.628385" lon="-107.80869999999999"><ele>2680.0</ele></trkpt><trkpt lat="37.6285" lon="-107.808605"><ele>2680.0</ele></trkpt><trkpt lat="37.628606" lon="-107.80848900000001"><ele>2679.0</ele></trkpt><trkpt lat="37.628724" lon="-107.80822"><ele>2679.0</ele></trkpt><trkpt lat="37.628842" lon="-107.80789900000002"><ele>2678.0</ele></trkpt><trkpt lat="37.62894" lon="-107.807726"><ele>2676.0499165659394</ele></trkpt><trkpt lat="37.629044" lon="-107.80759"><ele>2675.9533925168216</ele></trkpt><trkpt lat="37.629118" lon="-107.80751800000002"><ele>2675.0</ele></trkpt><trkpt lat="37.629168" lon="-107.80744300000003"><ele>2674.0</ele></trkpt><trkpt lat="37.629208" lon="-107.80737799999997"><ele>2674.0</ele></trkpt><trkpt lat="37.629244" lon="-107.80730800000003"><ele>2673.0</ele></trkpt><trkpt lat="37.629297" lon="-107.807189"><ele>2672.0</ele></trkpt><trkpt lat="37.629327" lon="-107.80705699999999"><ele>2672.0</ele></trkpt><trkpt lat="37.629396" lon="-107.80686500000002"><ele>2670.5566328894347</ele></trkpt><trkpt lat="37.62949004947845" lon="-107.80674351942366"><ele>2669.6319649388834</ele></trkpt><trkpt lat="37.629612" lon="-107.806625"><ele>2669.0</ele></trkpt><trkpt lat="37.629685" lon="-107.80656399999998"><ele>2668.1238699182527</ele></trkpt><trkpt lat="37.629685" lon="-107.80656499999998"><ele>2668.134782167718</ele></trkpt><trkpt lat="37.62978291914213" lon="-107.80648256044483"><ele>2668.0</ele></trkpt><trkpt lat="37.629784" lon="-107.80648200000002"><ele>2668.0</ele></trkpt><trkpt lat="37.62988175237399" lon="-107.80635952827448"><ele>2668.0</ele></trkpt><trkpt lat="37.629952914234124" lon="-107.80624820781091"><ele>2669.0</ele></trkpt><trkpt lat="37.630032041659874" lon="-107.80609330804293"><ele>2669.0</ele></trkpt><trkpt lat="37.630139316065346" lon="-107.80589952527787"><ele>2669.0</ele></trkpt><trkpt lat="37.630234903466054" lon="-107.80580566895944"><ele>2669.0</ele></trkpt><trkpt lat="37.63030182013335" lon="-107.80575603539671"><ele>2669.0</ele></trkpt><trkpt lat="37.63041121627993" lon="-107.80572247946236"><ele>2669.0</ele></trkpt><trkpt lat="37.63059814714345" lon="-107.8056809096174"><ele>2669.312975832681</ele></trkpt><trkpt lat="37.630684177726145" lon="-107.80567289131203"><ele>2670.0</ele></trkpt><trkpt lat="37.630718696368696" lon="-107.8056829444686"><ele>2670.0</ele></trkpt><trkpt lat="37.63075055967474" lon="-107.80572048758194"><ele>2669.88392939379</ele></trkpt><trkpt lat="37.630826503245615" lon="-107.80591955199736"><ele>2669.0</ele></trkpt><trkpt lat="37.630961397109694" lon="-107.80638604102359"><ele>2670.0</ele></trkpt><trkpt lat="37.63104848924996" lon="-107.80674540234146"><ele>2671.0</ele></trkpt><trkpt lat="37.63110689502187" lon="-107.80696837971063"><ele>2670.6255234023556</ele></trkpt><trkpt lat="37.631189737912344" lon="-107.80712792475806"><ele>2670.8692439888446</ele></trkpt><trkpt lat="37.631314010199965" lon="-107.8071932042877"><ele>2671.0</ele></trkpt><trkpt lat="37.63140640595655" lon="-107.80721514782304"><ele>2671.0</ele></trkpt><trkpt lat="37.631506242531415" lon="-107.80720307202282"><ele>2671.0</ele></trkpt><trkpt lat="37.631692103039" lon="-107.80714676711891"><ele>2671.0</ele></trkpt><trkpt lat="37.63179406847352" lon="-107.80713268332421"><ele>2670.125050077215</ele></trkpt><trkpt lat="37.63190983652816" lon="-107.80700595309885"><ele>2670.0</ele></trkpt><trkpt lat="37.63202559208332" lon="-107.8069214962313"><ele>2670.0</ele></trkpt><trkpt lat="37.632093565616366" lon="-107.8068906571756"><ele>2670.0</ele></trkpt><trkpt lat="37.63222315248028" lon="-107.80685842281355"><ele>2670.0</ele></trkpt><trkpt lat="37.63234314845631" lon="-107.80698456183617"><ele>2670.0</ele></trkpt><trkpt lat="37.632384568433835" lon="-107.80720177437742"><ele>2670.0</ele></trkpt><trkpt lat="37.63241114033955" lon="-107.80736134286352"><ele>2670.0</ele></trkpt></trkseg></trk><trk><name>Walk from Parking to Start</name><desc></desc><extensions><line xmlns="http://www.topografix.com/GPX/gpx_style/0/2"><color>FF0000</color></line></extensions><trkseg><trkpt lat="37.632505" lon="-107.807314"><ele>2673.0</ele><time>2026-08-12T21:21:46Z</time></trkpt><trkpt lat="37.632505" lon="-107.807314"><ele>2673.0</ele><time>2026-08-12T21:21:47Z</time></trkpt><trkpt lat="37.632505" lon="-107.807314"><ele>2673.0</ele><time>2026-08-12T21:21:48Z</time></trkpt><trkpt lat="37.632505" lon="-107.807314"><ele>2673.0</ele><time>2026-08-12T21:21:49Z</time></trkpt><trkpt lat="37.632505" lon="-107.807314"><ele>2673.0</ele><time>2026-08-12T21:21:50Z</time></trkpt><trkpt lat="37.632505" lon="-107.807314"><ele>2673.0</ele><time>2026-08-12T21:21:51Z</time></trkpt><trkpt lat="37.632505" lon="-107.807314"><ele>2673.0</ele><time>2026-08-12T21:21:52Z</time></trkpt><trkpt lat="37.632505" lon="-107.807314"><ele>2673.0</ele><time>2026-08-12T21:21:53Z</time></trkpt><trkpt lat="37.632505" lon="-107.807314"><ele>2673.0</ele><time>2026-08-12T21:21:54Z</time></trkpt><trkpt lat="37.632505" lon="-107.807314"><ele>2673.0</ele><time>2026-08-12T21:21:55Z</time></trkpt><trkpt lat="37.632505" lon="-107.807314"><ele>2673.0</ele><time>2026-08-12T21:21:56Z</time></trkpt><trkpt lat="37.632505" lon="-107.807314"><ele>2674.0</ele><time>2026-08-12T21:21:57Z</time></trkpt><trkpt lat="37.632491" lon="-107.807324"><ele>2674.0</ele><time>2026-08-12T21:21:58Z</time></trkpt><trkpt lat="37.632491" lon="-107.807324"><ele>2673.0</ele><time>2026-08-12T21:21:59Z</time></trkpt><trkpt lat="37.632483" lon="-107.807324"><ele>2673.0</ele><time>2026-08-12T21:22:00Z</time></trkpt><trkpt lat="37.632485" lon="-107.807324"><ele>2673.0</ele><time>2026-08-12T21:22:01Z</time></trkpt><trkpt lat="37.632468" lon="-107.807331"><ele>2673.0</ele><time>2026-08-12T21:22:02Z</time></trkpt><trkpt lat="37.632462" lon="-107.807343"><ele>2673.0</ele><time>2026-08-12T21:22:03Z</time></trkpt><trkpt lat="37.632448" lon="-107.807335"><ele>2673.0</ele><time>2026-08-12T21:22:04Z</time></trkpt><trkpt lat="37.632442" lon="-107.807336"><ele>2673.0</ele><time>2026-08-12T21:22:05Z</time></trkpt><trkpt lat="37.632437" lon="-107.807338"><ele>2673.0</ele><time>2026-08-12T21:22:06Z</time></trkpt><trkpt lat="37.632427" lon="-107.807344"><ele>2672.0</ele><time>2026-08-12T21:22:07Z</time></trkpt><trkpt lat="37.632418" lon="-107.807355"><ele>2672.0</ele><time>2026-08-12T21:22:08Z</time></trkpt><trkpt lat="37.632408" lon="-107.807368"><ele>2672.0</ele><time>2026-08-12T21:22:09Z</time></trkpt><trkpt lat="37.632398" lon="-107.80738"><ele>2672.0</ele><time>2026-08-12T21:22:10Z</time></trkpt><trkpt lat="37.632386" lon="-107.807392"><ele>2672.0</ele><time>2026-08-12T21:22:11Z</time></trkpt><trkpt lat="37.632376" lon="-107.807404"><ele>2672.0</ele><time>2026-08-12T21:22:12Z</time></trkpt><trkpt lat="37.632368" lon="-107.807416"><ele>2672.0</ele><time>2026-08-12T21:22:13Z</time></trkpt><trkpt lat="37.63236" lon="-107.807429"><ele>2672.0</ele><time>2026-08-12T21:22:14Z</time></trkpt><trkpt lat="37.632354" lon="-107.807444"><ele>2672.0</ele><time>2026-08-12T21:22:15Z</time></trkpt><trkpt lat="37.632349" lon="-107.807459"><ele>2672.0</ele><time>2026-08-12T21:22:16Z</time></trkpt><trkpt lat="37.632343" lon="-107.807476"><ele>2672.0</ele><time>2026-08-12T21:22:17Z</time></trkpt><trkpt lat="37.632338" lon="-107.807495"><ele>2672.0</ele><time>2026-08-12T21:22:18Z</time></trkpt><trkpt lat="37.632334" lon="-107.807512"><ele>2672.0</ele><time>2026-08-12T21:22:19Z</time></trkpt><trkpt lat="37.632333" lon="-107.807527"><ele>2672.0</ele><time>2026-08-12T21:22:20Z</time></trkpt><trkpt lat="37.63234" lon="-107.80754"><ele>2672.0</ele><time>2026-08-12T21:22:21Z</time></trkpt><trkpt lat="37.632347" lon="-107.807546"><ele>2671.0</ele><time>2026-08-12T21:22:22Z</time></trkpt><trkpt lat="37.632351" lon="-107.807552"><ele>2672.0</ele><time>2026-08-12T21:22:23Z</time></trkpt><trkpt lat="37.632357" lon="-107.807564"><ele>2672.0</ele><time>2026-08-12T21:22:24Z</time></trkpt><trkpt lat="37.632361" lon="-107.807574"><ele>2672.0</ele><time>2026-08-12T21:22:25Z</time></trkpt><trkpt lat="37.63236" lon="-107.807581"><ele>2672.0</ele><time>2026-08-12T21:22:26Z</time></trkpt><trkpt lat="37.632362" lon="-107.807589"><ele>2672.0</ele><time>2026-08-12T21:22:27Z</time></trkpt><trkpt lat="37.632365" lon="-107.807597"><ele>2672.0</ele><time>2026-08-12T21:22:28Z</time></trkpt><trkpt lat="37.632367" lon="-107.807604"><ele>2673.0</ele><time>2026-08-12T21:22:29Z</time></trkpt><trkpt lat="37.632371" lon="-107.807606"><ele>2673.0</ele><time>2026-08-12T21:22:30Z</time></trkpt><trkpt lat="37.632374" lon="-107.807612"><ele>2673.0</ele><time>2026-08-12T21:22:31Z</time></trkpt><trkpt lat="37.632377" lon="-107.807621"><ele>2673.0</ele><time>2026-08-12T21:22:32Z</time></trkpt><trkpt lat="37.632381" lon="-107.807632"><ele>2674.0</ele><time>2026-08-12T21:22:33Z</time></trkpt><trkpt lat="37.632388" lon="-107.807646"><ele>2674.0</ele><time>2026-08-12T21:22:34Z</time></trkpt><trkpt lat="37.632391" lon="-107.807659"><ele>2674.0</ele><time>2026-08-12T21:22:35Z</time></trkpt><trkpt lat="37.632392" lon="-107.807677"><ele>2675.0</ele><time>2026-08-12T21:22:36Z</time></trkpt><trkpt lat="37.632389" lon="-107.807688"><ele>2675.0</ele><time>2026-08-12T21:22:37Z</time></trkpt><trkpt lat="37.632384" lon="-107.807701"><ele>2675.0</ele><time>2026-08-12T21:22:38Z</time></trkpt><trkpt lat="37.63238" lon="-107.807715"><ele>2675.0</ele><time>2026-08-12T21:22:39Z</time></trkpt><trkpt lat="37.632371" lon="-107.807722"><ele>2675.0</ele><time>2026-08-12T21:22:40Z</time></trkpt><trkpt lat="37.63236" lon="-107.807733"><ele>2675.0</ele><time>2026-08-12T21:22:41Z</time></trkpt><trkpt lat="37.632349" lon="-107.807741"><ele>2675.0</ele><time>2026-08-12T21:22:42Z</time></trkpt><trkpt lat="37.632336" lon="-107.80775"><ele>2675.0</ele><time>2026-08-12T21:22:43Z</time></trkpt><trkpt lat="37.632324" lon="-107.807756"><ele>2675.0</ele><time>2026-08-12T21:22:44Z</time></trkpt><trkpt lat="37.632311" lon="-107.807764"><ele>2675.0</ele><time>2026-08-12T21:22:45Z</time></trkpt><trkpt lat="37.6323" lon="-107.80777"><ele>2675.0</ele><time>2026-08-12T21:22:46Z</time></trkpt><trkpt lat="37.632289" lon="-107.807778"><ele>2675.0</ele><time>2026-08-12T21:22:47Z</time></trkpt><trkpt lat="37.632278" lon="-107.807787"><ele>2675.0</ele><time>2026-08-12T21:22:48Z</time></trkpt><trkpt lat="37.632267" lon="-107.807795"><ele>2675.0</ele><time>2026-08-12T21:22:49Z</time></trkpt><trkpt lat="37.632258" lon="-107.807801"><ele>2675.0</ele><time>2026-08-12T21:22:50Z</time></trkpt><trkpt lat="37.632246" lon="-107.807809"><ele>2675.0</ele><time>2026-08-12T21:22:51Z</time></trkpt><trkpt lat="37.632231" lon="-107.807817"><ele>2674.0</ele><time>2026-08-12T21:22:52Z</time></trkpt><trkpt lat="37.632214" lon="-107.807824"><ele>2674.0</ele><time>2026-08-12T21:22:53Z</time></trkpt><trkpt lat="37.632198" lon="-107.807831"><ele>2674.0</ele><time>2026-08-12T21:22:54Z</time></trkpt><trkpt lat="37.632186" lon="-107.807836"><ele>2674.0</ele><time>2026-08-12T21:22:55Z</time></trkpt><trkpt lat="37.63217" lon="-107.807842"><ele>2674.0</ele><time>2026-08-12T21:22:56Z</time></trkpt><trkpt lat="37.632154" lon="-107.80785"><ele>2674.0</ele><time>2026-08-12T21:22:57Z</time></trkpt><trkpt lat="37.632136" lon="-107.807858"><ele>2674.0</ele><time>2026-08-12T21:22:58Z</time></trkpt><trkpt lat="37.632119" lon="-107.807864"><ele>2674.0</ele><time>2026-08-12T21:22:59Z</time></trkpt><trkpt lat="37.632104" lon="-107.807868"><ele>2674.0</ele><time>2026-08-12T21:23:00Z</time></trkpt><trkpt lat="37.63209" lon="-107.807874"><ele>2674.0</ele><time>2026-08-12T21:23:01Z</time></trkpt><trkpt lat="37.632075" lon="-107.807877"><ele>2674.0</ele><time>2026-08-12T21:23:02Z</time></trkpt><trkpt lat="37.632062" lon="-107.807879"><ele>2674.0</ele><time>2026-08-12T21:23:03Z</time></trkpt><trkpt lat="37.632047" lon="-107.807881"><ele>2674.0</ele><time>2026-08-12T21:23:04Z</time></trkpt><trkpt lat="37.632034" lon="-107.807883"><ele>2674.0</ele><time>2026-08-12T21:23:05Z</time></trkpt><trkpt lat="37.632018" lon="-107.807887"><ele>2675.0</ele><time>2026-08-12T21:23:06Z</time></trkpt><trkpt lat="37.632001" lon="-107.807892"><ele>2675.0</ele><time>2026-08-12T21:23:07Z</time></trkpt><trkpt lat="37.631986" lon="-107.807894"><ele>2674.0</ele><time>2026-08-12T21:23:08Z</time></trkpt><trkpt lat="37.631975" lon="-107.807896"><ele>2674.0</ele><time>2026-08-12T21:23:09Z</time></trkpt><trkpt lat="37.631962" lon="-107.807898"><ele>2674.0</ele><time>2026-08-12T21:23:10Z</time></trkpt><trkpt lat="37.631952" lon="-107.807899"><ele>2674.0</ele><time>2026-08-12T21:23:11Z</time></trkpt><trkpt lat="37.631933" lon="-107.8079"><ele>2674.0</ele><time>2026-08-12T21:23:12Z</time></trkpt><trkpt lat="37.631921" lon="-107.807902"><ele>2674.0</ele><time>2026-08-12T21:23:13Z</time></trkpt><trkpt lat="37.6319" lon="-107.80791"><ele>2673.0</ele><time>2026-08-12T21:23:14Z</time></trkpt><trkpt lat="37.631886" lon="-107.807908"><ele>2673.0</ele><time>2026-08-12T21:23:15Z</time></trkpt><trkpt lat="37.63187" lon="-107.807911"><ele>2673.0</ele><time>2026-08-12T21:23:16Z</time></trkpt><trkpt lat="37.631858" lon="-107.807916"><ele>2673.0</ele><time>2026-08-12T21:23:17Z</time></trkpt><trkpt lat="37.631845" lon="-107.807949"><ele>2673.0</ele><time>2026-08-12T21:23:18Z</time></trkpt><trkpt lat="37.631835" lon="-107.807973"><ele>2673.0</ele><time>2026-08-12T21:23:19Z</time></trkpt><trkpt lat="37.631827" lon="-107.80799"><ele>2673.0</ele><time>2026-08-12T21:23:20Z</time></trkpt><trkpt lat="37.631819" lon="-107.808001"><ele>2673.0</ele><time>2026-08-12T21:23:21Z</time></trkpt><trkpt lat="37.63181" lon="-107.808017"><ele>2673.0</ele><time>2026-08-12T21:23:22Z</time></trkpt><trkpt lat="37.631804" lon="-107.808034"><ele>2673.0</ele><time>2026-08-12T21:23:23Z</time></trkpt><trkpt lat="37.631798" lon="-107.808049"><ele>2673.0</ele><time>2026-08-12T21:23:24Z</time></trkpt><trkpt lat="37.631794" lon="-107.808069"><ele>2673.0</ele><time>2026-08-12T21:23:25Z</time></trkpt><trkpt lat="37.63179" lon="-107.808084"><ele>2674.0</ele><time>2026-08-12T21:23:26Z</time></trkpt><trkpt lat="37.631788" lon="-107.8081"><ele>2674.0</ele><time>2026-08-12T21:23:27Z</time></trkpt><trkpt lat="37.631782" lon="-107.808112"><ele>2674.0</ele><time>2026-08-12T21:23:28Z</time></trkpt><trkpt lat="37.631778" lon="-107.808119"><ele>2674.0</ele><time>2026-08-12T21:23:29Z</time></trkpt><trkpt lat="37.631776" lon="-107.808125"><ele>2674.0</ele><time>2026-08-12T21:23:30Z</time></trkpt><trkpt lat="37.63177" lon="-107.808143"><ele>2674.0</ele><time>2026-08-12T21:23:31Z</time></trkpt><trkpt lat="37.631763" lon="-107.808159"><ele>2675.0</ele><time>2026-08-12T21:23:32Z</time></trkpt><trkpt lat="37.631757" lon="-107.808167"><ele>2675.0</ele><time>2026-08-12T21:23:33Z</time></trkpt><trkpt lat="37.631749" lon="-107.808177"><ele>2675.0</ele><time>2026-08-12T21:23:34Z</time></trkpt><trkpt lat="37.631738" lon="-107.808189"><ele>2676.0</ele><time>2026-08-12T21:23:35Z</time></trkpt><trkpt lat="37.631729" lon="-107.8082"><ele>2676.0</ele><time>2026-08-12T21:23:36Z</time></trkpt><trkpt lat="37.631722" lon="-107.808213"><ele>2676.0</ele><time>2026-08-12T21:23:37Z</time></trkpt><trkpt lat="37.631716" lon="-107.808225"><ele>2676.0</ele><time>2026-08-12T21:23:38Z</time></trkpt><trkpt lat="37.631709" lon="-107.808241"><ele>2676.0</ele><time>2026-08-12T21:23:39Z</time></trkpt><trkpt lat="37.631703" lon="-107.808252"><ele>2676.0</ele><time>2026-08-12T21:23:40Z</time></trkpt><trkpt lat="37.631696" lon="-107.808262"><ele>2676.0</ele><time>2026-08-12T21:23:41Z</time></trkpt><trkpt lat="37.631684" lon="-107.808269"><ele>2676.0</ele><time>2026-08-12T21:23:42Z</time></trkpt><trkpt lat="37.631674" lon="-107.808273"><ele>2676.0</ele><time>2026-08-12T21:23:43Z</time></trkpt><trkpt lat="37.631663" lon="-107.808276"><ele>2676.0</ele><time>2026-08-12T21:23:44Z</time></trkpt><trkpt lat="37.631651" lon="-107.808279"><ele>2676.0</ele><time>2026-08-12T21:23:45Z</time></trkpt><trkpt lat="37.631638" lon="-107.808286"><ele>2676.0</ele><time>2026-08-12T21:23:46Z</time></trkpt><trkpt lat="37.631624" lon="-107.808289"><ele>2676.0</ele><time>2026-08-12T21:23:47Z</time></trkpt><trkpt lat="37.631611" lon="-107.808293"><ele>2676.0</ele><time>2026-08-12T21:23:48Z</time></trkpt><trkpt lat="37.631596" lon="-107.808297"><ele>2676.0</ele><time>2026-08-12T21:23:49Z</time></trkpt><trkpt lat="37.631583" lon="-107.8083"><ele>2676.0</ele><time>2026-08-12T21:23:50Z</time></trkpt><trkpt lat="37.631568" lon="-107.808303"><ele>2676.0</ele><time>2026-08-12T21:23:51Z</time></trkpt><trkpt lat="37.631556" lon="-107.808306"><ele>2676.0</ele><time>2026-08-12T21:23:52Z</time></trkpt><trkpt lat="37.631544" lon="-107.80831"><ele>2676.0</ele><time>2026-08-12T21:23:53Z</time></trkpt><trkpt lat="37.631531" lon="-107.808313"><ele>2676.0</ele><time>2026-08-12T21:23:54Z</time></trkpt><trkpt lat="37.631519" lon="-107.808316"><ele>2676.0</ele><time>2026-08-12T21:23:55Z</time></trkpt><trkpt lat="37.631507" lon="-107.808319"><ele>2676.0</ele><time>2026-08-12T21:23:56Z</time></trkpt><trkpt lat="37.631493" lon="-107.808322"><ele>2676.0</ele><time>2026-08-12T21:23:57Z</time></trkpt><trkpt lat="37.63148" lon="-107.808324"><ele>2676.0</ele><time>2026-08-12T21:23:58Z</time></trkpt><trkpt lat="37.631467" lon="-107.808328"><ele>2676.0</ele><time>2026-08-12T21:23:59Z</time></trkpt><trkpt lat="37.631455" lon="-107.808332"><ele>2676.0</ele><time>2026-08-12T21:24:00Z</time></trkpt><trkpt lat="37.631443" lon="-107.808342"><ele>2676.0</ele><time>2026-08-12T21:24:01Z</time></trkpt><trkpt lat="37.631431" lon="-107.808351"><ele>2676.0</ele><time>2026-08-12T21:24:02Z</time></trkpt><trkpt lat="37.631417" lon="-107.80836"><ele>2676.0</ele><time>2026-08-12T21:24:03Z</time></trkpt><trkpt lat="37.631404" lon="-107.808369"><ele>2676.0</ele><time>2026-08-12T21:24:04Z</time></trkpt><trkpt lat="37.631395" lon="-107.808383"><ele>2676.0</ele><time>2026-08-12T21:24:05Z</time></trkpt><trkpt lat="37.631382" lon="-107.808394"><ele>2676.0</ele><time>2026-08-12T21:24:06Z</time></trkpt><trkpt lat="37.631368" lon="-107.808399"><ele>2676.0</ele><time>2026-08-12T21:24:07Z</time></trkpt><trkpt lat="37.631355" lon="-107.808405"><ele>2676.0</ele><time>2026-08-12T21:24:08Z</time></trkpt><trkpt lat="37.631342" lon="-107.808408"><ele>2677.0</ele><time>2026-08-12T21:24:09Z</time></trkpt><trkpt lat="37.63133" lon="-107.808411"><ele>2677.0</ele><time>2026-08-12T21:24:10Z</time></trkpt><trkpt lat="37.631321" lon="-107.808414"><ele>2677.0</ele><time>2026-08-12T21:24:11Z</time></trkpt><trkpt lat="37.631311" lon="-107.808417"><ele>2677.0</ele><time>2026-08-12T21:24:12Z</time></trkpt><trkpt lat="37.631301" lon="-107.80842"><ele>2677.0</ele><time>2026-08-12T21:24:13Z</time></trkpt><trkpt lat="37.631286" lon="-107.808422"><ele>2677.0</ele><time>2026-08-12T21:24:14Z</time></trkpt><trkpt lat="37.63127" lon="-107.808427"><ele>2677.0</ele><time>2026-08-12T21:24:15Z</time></trkpt><trkpt lat="37.631254" lon="-107.808433"><ele>2677.0</ele><time>2026-08-12T21:24:16Z</time></trkpt><trkpt lat="37.631238" lon="-107.80844"><ele>2677.0</ele><time>2026-08-12T21:24:17Z</time></trkpt><trkpt lat="37.631223" lon="-107.808452"><ele>2677.0</ele><time>2026-08-12T21:24:18Z</time></trkpt><trkpt lat="37.631214" lon="-107.808472"><ele>2677.0</ele><time>2026-08-12T21:24:19Z</time></trkpt><trkpt lat="37.631205" lon="-107.808497"><ele>2677.0</ele><time>2026-08-12T21:24:20Z</time></trkpt><trkpt lat="37.631199" lon="-107.808522"><ele>2676.0</ele><time>2026-08-12T21:24:21Z</time></trkpt><trkpt lat="37.631194" lon="-107.808554"><ele>2676.0</ele><time>2026-08-12T21:24:22Z</time></trkpt><trkpt lat="37.631185" lon="-107.808585"><ele>2675.0</ele><time>2026-08-12T21:24:23Z</time></trkpt><trkpt lat="37.631176" lon="-107.80862"><ele>2675.0</ele><time>2026-08-12T21:24:24Z</time></trkpt><trkpt lat="37.631164" lon="-107.808652"><ele>2675.0</ele><time>2026-08-12T21:24:25Z</time></trkpt><trkpt lat="37.631154" lon="-107.808686"><ele>2676.0</ele><time>2026-08-12T21:24:26Z</time></trkpt><trkpt lat="37.631144" lon="-107.808715"><ele>2676.0</ele><time>2026-08-12T21:24:27Z</time></trkpt><trkpt lat="37.63113" lon="-107.808718"><ele>2676.0</ele><time>2026-08-12T21:24:28Z</time></trkpt><trkpt lat="37.631113" lon="-107.808727"><ele>2676.0</ele><time>2026-08-12T21:24:29Z</time></trkpt><trkpt lat="37.631096" lon="-107.808738"><ele>2676.0</ele><time>2026-08-12T21:24:30Z</time></trkpt><trkpt lat="37.63108" lon="-107.808749"><ele>2676.0</ele><time>2026-08-12T21:24:31Z</time></trkpt><trkpt lat="37.631067" lon="-107.808755"><ele>2676.0</ele><time>2026-08-12T21:24:32Z</time></trkpt><trkpt lat="37.631053" lon="-107.808759"><ele>2676.0</ele><time>2026-08-12T21:24:33Z</time></trkpt><trkpt lat="37.631043" lon="-107.808765"><ele>2676.0</ele><time>2026-08-12T21:24:34Z</time></trkpt><trkpt lat="37.631037" lon="-107.808771"><ele>2676.0</ele><time>2026-08-12T21:24:35Z</time></trkpt><trkpt lat="37.631029" lon="-107.808778"><ele>2676.0</ele><time>2026-08-12T21:24:36Z</time></trkpt><trkpt lat="37.631015" lon="-107.80878"><ele>2676.0</ele><time>2026-08-12T21:24:37Z</time></trkpt><trkpt lat="37.630997" lon="-107.808788"><ele>2676.0</ele><time>2026-08-12T21:24:38Z</time></trkpt><trkpt lat="37.630981" lon="-107.8088"><ele>2676.0</ele><time>2026-08-12T21:24:39Z</time></trkpt><trkpt lat="37.630966" lon="-107.808813"><ele>2676.0</ele><time>2026-08-12T21:24:40Z</time></trkpt><trkpt lat="37.630952" lon="-107.808829"><ele>2676.0</ele><time>2026-08-12T21:24:41Z</time></trkpt><trkpt lat="37.630945" lon="-107.808854"><ele>2676.0</ele><time>2026-08-12T21:24:42Z</time></trkpt><trkpt lat="37.63094" lon="-107.808874"><ele>2676.0</ele><time>2026-08-12T21:24:43Z</time></trkpt><trkpt lat="37.630939" lon="-107.808893"><ele>2676.0</ele><time>2026-08-12T21:24:44Z</time></trkpt><trkpt lat="37.630937" lon="-107.808911"><ele>2676.0</ele><time>2026-08-12T21:24:45Z</time></trkpt><trkpt lat="37.630935" lon="-107.808933"><ele>2676.0</ele><time>2026-08-12T21:24:46Z</time></trkpt><trkpt lat="37.630932" lon="-107.808952"><ele>2676.0</ele><time>2026-08-12T21:24:47Z</time></trkpt><trkpt lat="37.630927" lon="-107.808969"><ele>2676.0</ele><time>2026-08-12T21:24:48Z</time></trkpt><trkpt lat="37.630921" lon="-107.808986"><ele>2676.0</ele><time>2026-08-12T21:24:49Z</time></trkpt><trkpt lat="37.630915" lon="-107.809003"><ele>2676.0</ele><time>2026-08-12T21:24:50Z</time></trkpt><trkpt lat="37.630908" lon="-107.80902"><ele>2676.0</ele><time>2026-08-12T21:24:51Z</time></trkpt><trkpt lat="37.630902" lon="-107.809039"><ele>2676.0</ele><time>2026-08-12T21:24:52Z</time></trkpt><trkpt lat="37.630895" lon="-107.809061"><ele>2676.0</ele><time>2026-08-12T21:24:53Z</time></trkpt><trkpt lat="37.63089" lon="-107.809079"><ele>2676.0</ele><time>2026-08-12T21:24:54Z</time></trkpt><trkpt lat="37.630887" lon="-107.809095"><ele>2676.0</ele><time>2026-08-12T21:24:55Z</time></trkpt><trkpt lat="37.630885" lon="-107.809113"><ele>2676.0</ele><time>2026-08-12T21:24:56Z</time></trkpt><trkpt lat="37.630883" lon="-107.809129"><ele>2676.0</ele><time>2026-08-12T21:24:57Z</time></trkpt><trkpt lat="37.630883" lon="-107.809148"><ele>2676.0</ele><time>2026-08-12T21:24:58Z</time></trkpt><trkpt lat="37.630886" lon="-107.809165"><ele>2676.0</ele><time>2026-08-12T21:24:59Z</time></trkpt><trkpt lat="37.630893" lon="-107.809183"><ele>2676.0</ele><time>2026-08-12T21:25:00Z</time></trkpt><trkpt lat="37.630899" lon="-107.809193"><ele>2676.0</ele><time>2026-08-12T21:25:01Z</time></trkpt><trkpt lat="37.630908" lon="-107.809203"><ele>2676.0</ele><time>2026-08-12T21:25:02Z</time></trkpt><trkpt lat="37.63092" lon="-107.809212"><ele>2677.0</ele><time>2026-08-12T21:25:03Z</time></trkpt><trkpt lat="37.630934" lon="-107.80922"><ele>2677.0</ele><time>2026-08-12T21:25:04Z</time></trkpt><trkpt lat="37.630946" lon="-107.809223"><ele>2677.0</ele><time>2026-08-12T21:25:05Z</time></trkpt><trkpt lat="37.63096" lon="-107.809225"><ele>2678.0</ele><time>2026-08-12T21:25:06Z</time></trkpt><trkpt lat="37.630974" lon="-107.809229"><ele>2678.0</ele><time>2026-08-12T21:25:07Z</time></trkpt><trkpt lat="37.630989" lon="-107.809234"><ele>2678.0</ele><time>2026-08-12T21:25:08Z</time></trkpt><trkpt lat="37.631002" lon="-107.809238"><ele>2678.0</ele><time>2026-08-12T21:25:09Z</time></trkpt><trkpt lat="37.631016" lon="-107.809243"><ele>2678.0</ele><time>2026-08-12T21:25:10Z</time></trkpt><trkpt lat="37.63103" lon="-107.809247"><ele>2678.0</ele><time>2026-08-12T21:25:11Z</time></trkpt><trkpt lat="37.631044" lon="-107.809251"><ele>2678.0</ele><time>2026-08-12T21:25:12Z</time></trkpt><trkpt lat="37.631061" lon="-107.809254"><ele>2678.0</ele><time>2026-08-12T21:25:13Z</time></trkpt><trkpt lat="37.631077" lon="-107.809255"><ele>2679.0</ele><time>2026-08-12T21:25:14Z</time></trkpt><trkpt lat="37.631091" lon="-107.809256"><ele>2679.0</ele><time>2026-08-12T21:25:15Z</time></trkpt><trkpt lat="37.631106" lon="-107.809256"><ele>2679.0</ele><time>2026-08-12T21:25:16Z</time></trkpt><trkpt lat="37.631119" lon="-107.809258"><ele>2679.0</ele><time>2026-08-12T21:25:17Z</time></trkpt><trkpt lat="37.631132" lon="-107.809259"><ele>2679.0</ele><time>2026-08-12T21:25:18Z</time></trkpt><trkpt lat="37.631147" lon="-107.809261"><ele>2679.0</ele><time>2026-08-12T21:25:19Z</time></trkpt><trkpt lat="37.631162" lon="-107.809263"><ele>2679.0</ele><time>2026-08-12T21:25:20Z</time></trkpt><trkpt lat="37.631177" lon="-107.809264"><ele>2679.0</ele><time>2026-08-12T21:25:21Z</time></trkpt><trkpt lat="37.631192" lon="-107.809263"><ele>2679.0</ele><time>2026-08-12T21:25:22Z</time></trkpt><trkpt lat="37.631205" lon="-107.809262"><ele>2679.0</ele><time>2026-08-12T21:25:23Z</time></trkpt><trkpt lat="37.631216" lon="-107.809262"><ele>2679.0</ele><time>2026-08-12T21:25:24Z</time></trkpt><trkpt lat="37.631228" lon="-107.809268"><ele>2679.0</ele><time>2026-08-12T21:25:25Z</time></trkpt><trkpt lat="37.631235" lon="-107.809277"><ele>2679.0</ele><time>2026-08-12T21:25:26Z</time></trkpt><trkpt lat="37.631241" lon="-107.809292"><ele>2679.0</ele><time>2026-08-12T21:25:27Z</time></trkpt><trkpt lat="37.631248" lon="-107.809305"><ele>2679.0</ele><time>2026-08-12T21:25:28Z</time></trkpt><trkpt lat="37.631255" lon="-107.809316"><ele>2679.0</ele><time>2026-08-12T21:25:29Z</time></trkpt><trkpt lat="37.631262" lon="-107.809328"><ele>2679.0</ele><time>2026-08-12T21:25:30Z</time></trkpt><trkpt lat="37.63127" lon="-107.80934"><ele>2679.0</ele><time>2026-08-12T21:25:31Z</time></trkpt><trkpt lat="37.631276" lon="-107.809352"><ele>2679.0</ele><time>2026-08-12T21:25:32Z</time></trkpt><trkpt lat="37.631283" lon="-107.809365"><ele>2679.0</ele><time>2026-08-12T21:25:33Z</time></trkpt><trkpt lat="37.631291" lon="-107.809381"><ele>2679.0</ele><time>2026-08-12T21:25:34Z</time></trkpt><trkpt lat="37.631298" lon="-107.809394"><ele>2679.0</ele><time>2026-08-12T21:25:35Z</time></trkpt><trkpt lat="37.631304" lon="-107.809408"><ele>2679.0</ele><time>2026-08-12T21:25:36Z</time></trkpt><trkpt lat="37.631312" lon="-107.809424"><ele>2679.0</ele><time>2026-08-12T21:25:37Z</time></trkpt><trkpt lat="37.631318" lon="-107.809443"><ele>2679.0</ele><time>2026-08-12T21:25:38Z</time></trkpt><trkpt lat="37.631324" lon="-107.809461"><ele>2679.0</ele><time>2026-08-12T21:25:39Z</time></trkpt><trkpt lat="37.631328" lon="-107.80948"><ele>2679.0</ele><time>2026-08-12T21:25:40Z</time></trkpt><trkpt lat="37.631332" lon="-107.809497"><ele>2679.0</ele><time>2026-08-12T21:25:41Z</time></trkpt><trkpt lat="37.631335" lon="-107.809517"><ele>2679.0</ele><time>2026-08-12T21:25:42Z</time></trkpt><trkpt lat="37.631335" lon="-107.809543"><ele>2679.0</ele><time>2026-08-12T21:25:43Z</time></trkpt><trkpt lat="37.631329" lon="-107.809565"><ele>2679.0</ele><time>2026-08-12T21:25:44Z</time></trkpt><trkpt lat="37.631321" lon="-107.809582"><ele>2679.0</ele><time>2026-08-12T21:25:45Z</time></trkpt><trkpt lat="37.631311" lon="-107.809599"><ele>2679.0</ele><time>2026-08-12T21:25:46Z</time></trkpt><trkpt lat="37.631298" lon="-107.809608"><ele>2679.0</ele><time>2026-08-12T21:25:47Z</time></trkpt><trkpt lat="37.631285" lon="-107.809613"><ele>2679.0</ele><time>2026-08-12T21:25:48Z</time></trkpt><trkpt lat="37.631273" lon="-107.809618"><ele>2679.0</ele><time>2026-08-12T21:25:49Z</time></trkpt><trkpt lat="37.631257" lon="-107.809621"><ele>2679.0</ele><time>2026-08-12T21:25:50Z</time></trkpt><trkpt lat="37.631242" lon="-107.809624"><ele>2679.0</ele><time>2026-08-12T21:25:51Z</time></trkpt><trkpt lat="37.631227" lon="-107.809627"><ele>2679.0</ele><time>2026-08-12T21:25:52Z</time></trkpt><trkpt lat="37.631213" lon="-107.809631"><ele>2679.0</ele><time>2026-08-12T21:25:53Z</time></trkpt><trkpt lat="37.631199" lon="-107.809634"><ele>2679.0</ele><time>2026-08-12T21:25:54Z</time></trkpt><trkpt lat="37.631184" lon="-107.80964"><ele>2679.0</ele><time>2026-08-12T21:25:55Z</time></trkpt><trkpt lat="37.631167" lon="-107.809647"><ele>2679.0</ele><time>2026-08-12T21:25:56Z</time></trkpt><trkpt lat="37.631152" lon="-107.809652"><ele>2679.0</ele><time>2026-08-12T21:25:57Z</time></trkpt><trkpt lat="37.631137" lon="-107.809657"><ele>2679.0</ele><time>2026-08-12T21:25:58Z</time></trkpt><trkpt lat="37.631123" lon="-107.80966"><ele>2679.0</ele><time>2026-08-12T21:25:59Z</time></trkpt><trkpt lat="37.631111" lon="-107.809663"><ele>2679.0</ele><time>2026-08-12T21:26:00Z</time></trkpt><trkpt lat="37.631099" lon="-107.809664"><ele>2679.0</ele><time>2026-08-12T21:26:01Z</time></trkpt><trkpt lat="37.631087" lon="-107.809668"><ele>2679.0</ele><time>2026-08-12T21:26:02Z</time></trkpt><trkpt lat="37.631073" lon="-107.809669"><ele>2679.0</ele><time>2026-08-12T21:26:03Z</time></trkpt><trkpt lat="37.631061" lon="-107.809675"><ele>2679.0</ele><time>2026-08-12T21:26:04Z</time></trkpt><trkpt lat="37.631049" lon="-107.809682"><ele>2679.0</ele><time>2026-08-12T21:26:05Z</time></trkpt><trkpt lat="37.631038" lon="-107.809687"><ele>2679.0</ele><time>2026-08-12T21:26:06Z</time></trkpt><trkpt lat="37.631027" lon="-107.80969"><ele>2679.0</ele><time>2026-08-12T21:26:07Z</time></trkpt><trkpt lat="37.631016" lon="-107.809696"><ele>2679.0</ele><time>2026-08-12T21:26:08Z</time></trkpt><trkpt lat="37.631006" lon="-107.809702"><ele>2679.0</ele><time>2026-08-12T21:26:09Z</time></trkpt><trkpt lat="37.630994" lon="-107.809709"><ele>2679.0</ele><time>2026-08-12T21:26:10Z</time></trkpt><trkpt lat="37.630982" lon="-107.809717"><ele>2679.0</ele><time>2026-08-12T21:26:11Z</time></trkpt><trkpt lat="37.630971" lon="-107.809727"><ele>2680.0</ele><time>2026-08-12T21:26:12Z</time></trkpt><trkpt lat="37.630962" lon="-107.809741"><ele>2680.0</ele><time>2026-08-12T21:26:13Z</time></trkpt><trkpt lat="37.630954" lon="-107.80976"><ele>2680.0</ele><time>2026-08-12T21:26:14Z</time></trkpt><trkpt lat="37.630949" lon="-107.809783"><ele>2679.0</ele><time>2026-08-12T21:26:15Z</time></trkpt><trkpt lat="37.630945" lon="-107.809803"><ele>2679.0</ele><time>2026-08-12T21:26:16Z</time></trkpt><trkpt lat="37.630943" lon="-107.809816"><ele>2680.0</ele><time>2026-08-12T21:26:17Z</time></trkpt><trkpt lat="37.630942" lon="-107.809826"><ele>2680.0</ele><time>2026-08-12T21:26:18Z</time></trkpt><trkpt lat="37.630941" lon="-107.809838"><ele>2680.0</ele><time>2026-08-12T21:26:19Z</time></trkpt><trkpt lat="37.630942" lon="-107.80985"><ele>2680.0</ele><time>2026-08-12T21:26:20Z</time></trkpt><trkpt lat="37.630944" lon="-107.809865"><ele>2680.0</ele><time>2026-08-12T21:26:21Z</time></trkpt><trkpt lat="37.630946" lon="-107.809877"><ele>2680.0</ele><time>2026-08-12T21:26:22Z</time></trkpt><trkpt lat="37.630947" lon="-107.809889"><ele>2681.0</ele><time>2026-08-12T21:26:23Z</time></trkpt><trkpt lat="37.630948" lon="-107.809898"><ele>2681.0</ele><time>2026-08-12T21:26:24Z</time></trkpt><trkpt lat="37.630949" lon="-107.809904"><ele>2681.0</ele><time>2026-08-12T21:26:25Z</time></trkpt><trkpt lat="37.630949" lon="-107.809913"><ele>2681.0</ele><time>2026-08-12T21:26:26Z</time></trkpt><trkpt lat="37.630941" lon="-107.80992"><ele>2681.0</ele><time>2026-08-12T21:26:27Z</time></trkpt><trkpt lat="37.630936" lon="-107.809931"><ele>2681.0</ele><time>2026-08-12T21:26:28Z</time></trkpt><trkpt lat="37.630936" lon="-107.809944"><ele>2681.0</ele><time>2026-08-12T21:26:29Z</time></trkpt><trkpt lat="37.630934" lon="-107.809953"><ele>2681.0</ele><time>2026-08-12T21:26:30Z</time></trkpt><trkpt lat="37.630932" lon="-107.809965"><ele>2682.0</ele><time>2026-08-12T21:26:31Z</time></trkpt><trkpt lat="37.63093" lon="-107.809977"><ele>2682.0</ele><time>2026-08-12T21:26:32Z</time></trkpt><trkpt lat="37.630928" lon="-107.809991"><ele>2682.0</ele><time>2026-08-12T21:26:33Z</time></trkpt><trkpt lat="37.630929" lon="-107.810003"><ele>2682.0</ele><time>2026-08-12T21:26:34Z</time></trkpt><trkpt lat="37.63093" lon="-107.810015"><ele>2682.0</ele><time>2026-08-12T21:26:35Z</time></trkpt><trkpt lat="37.630932" lon="-107.810025"><ele>2682.0</ele><time>2026-08-12T21:26:36Z</time></trkpt><trkpt lat="37.630936" lon="-107.810035"><ele>2682.0</ele><time>2026-08-12T21:26:37Z</time></trkpt><trkpt lat="37.630937" lon="-107.810046"><ele>2683.0</ele><time>2026-08-12T21:26:38Z</time></trkpt><trkpt lat="37.630937" lon="-107.810054"><ele>2683.0</ele><time>2026-08-12T21:26:39Z</time></trkpt><trkpt lat="37.630935" lon="-107.810062"><ele>2683.0</ele><time>2026-08-12T21:26:40Z</time></trkpt><trkpt lat="37.630933" lon="-107.810073"><ele>2683.0</ele><time>2026-08-12T21:26:41Z</time></trkpt><trkpt lat="37.630932" lon="-107.810083"><ele>2683.0</ele><time>2026-08-12T21:26:42Z</time></trkpt><trkpt lat="37.63093" lon="-107.810093"><ele>2683.0</ele><time>2026-08-12T21:26:43Z</time></trkpt><trkpt lat="37.63093" lon="-107.810102"><ele>2683.0</ele><time>2026-08-12T21:26:44Z</time></trkpt><trkpt lat="37.630929" lon="-107.810112"><ele>2683.0</ele><time>2026-08-12T21:26:45Z</time></trkpt><trkpt lat="37.630931" lon="-107.810121"><ele>2683.0</ele><time>2026-08-12T21:26:46Z</time></trkpt><trkpt lat="37.630935" lon="-107.810129"><ele>2683.0</ele><time>2026-08-12T21:26:47Z</time></trkpt><trkpt lat="37.630936" lon="-107.81014"><ele>2684.0</ele><time>2026-08-12T21:26:48Z</time></trkpt><trkpt lat="37.630937" lon="-107.810149"><ele>2684.0</ele><time>2026-08-12T21:26:49Z</time></trkpt><trkpt lat="37.630941" lon="-107.810158"><ele>2684.0</ele><time>2026-08-12T21:26:50Z</time></trkpt><trkpt lat="37.630941" lon="-107.810169"><ele>2684.0</ele><time>2026-08-12T21:26:51Z</time></trkpt><trkpt lat="37.630942" lon="-107.81018"><ele>2684.0</ele><time>2026-08-12T21:26:52Z</time></trkpt><trkpt lat="37.630936" lon="-107.810179"><ele>2684.0</ele><time>2026-08-12T21:26:53Z</time></trkpt><trkpt lat="37.630935" lon="-107.810189"><ele>2684.0</ele><time>2026-08-12T21:26:54Z</time></trkpt><trkpt lat="37.630933" lon="-107.810207"><ele>2685.0</ele><time>2026-08-12T21:26:55Z</time></trkpt><trkpt lat="37.630935" lon="-107.810219"><ele>2685.0</ele><time>2026-08-12T21:26:56Z</time></trkpt><trkpt lat="37.63094" lon="-107.810227"><ele>2685.0</ele><time>2026-08-12T21:26:57Z</time></trkpt><trkpt lat="37.630948" lon="-107.810235"><ele>2686.0</ele><time>2026-08-12T21:26:58Z</time></trkpt><trkpt lat="37.630956" lon="-107.810236"><ele>2686.0</ele><time>2026-08-12T21:26:59Z</time></trkpt><trkpt lat="37.630967" lon="-107.810239"><ele>2686.0</ele><time>2026-08-12T21:27:00Z</time></trkpt><trkpt lat="37.630976" lon="-107.81024"><ele>2687.0</ele><time>2026-08-12T21:27:01Z</time></trkpt><trkpt lat="37.630986" lon="-107.810247"><ele>2687.0</ele><time>2026-08-12T21:27:02Z</time></trkpt><trkpt lat="37.630992" lon="-107.810253"><ele>2687.0</ele><time>2026-08-12T21:27:03Z</time></trkpt><trkpt lat="37.631002" lon="-107.810259"><ele>2687.0</ele><time>2026-08-12T21:27:04Z</time></trkpt><trkpt lat="37.631014" lon="-107.810265"><ele>2687.0</ele><time>2026-08-12T21:27:05Z</time></trkpt><trkpt lat="37.631024" lon="-107.810272"><ele>2687.0</ele><time>2026-08-12T21:27:06Z</time></trkpt><trkpt lat="37.631034" lon="-107.810278"><ele>2687.0</ele><time>2026-08-12T21:27:07Z</time></trkpt><trkpt lat="37.631044" lon="-107.810285"><ele>2687.0</ele><time>2026-08-12T21:27:08Z</time></trkpt><trkpt lat="37.631053" lon="-107.810291"><ele>2687.0</ele><time>2026-08-12T21:27:09Z</time></trkpt><trkpt lat="37.631062" lon="-107.810297"><ele>2687.0</ele><time>2026-08-12T21:27:10Z</time></trkpt><trkpt lat="37.631072" lon="-107.810303"><ele>2687.0</ele><time>2026-08-12T21:27:11Z</time></trkpt></trkseg></trk></gpx>